[REVISION] SKIP complete matching run: /home/louis/projects/MultimodalEmotionRecognition/outputs/speaker_independent_tracked_v1/fold_01/audio
[REVISION] SKIP complete matching run: /home/louis/projects/MultimodalEmotionRecognition/outputs/speaker_independent_tracked_v1/fold_01/video
[REVISION] SKIP complete matching run: /home/louis/projects/MultimodalEmotionRecognition/outputs/speaker_independent_tracked_v1/fold_01/gated
[REVISION] fold=2 model=audio smoke=False
[REVISION] profile=spmb2026-audio-v1 resolved={"audio_backbone_lr": 1e-05, "audio_n_mels": 64, "backbone_lr": 3e-05, "batch_size": 16, "cosine_stage2_only": false, "early_stopping_patience": 10, "epochs": 20, "frames": 8, "fusion": "audio", "fusion_align_dim": 256, "fusion_align_mode": "none", "fusion_align_temperature": 0.07, "fusion_align_weight": 0.1, "fusion_unfreeze_audio": true, "fusion_unfreeze_video_blocks": 1, "fusion_unfreeze_wavlm_layers": 2, "label_smoothing": 0.0, "lr": 0.001, "no_pretrained_video": false, "num_classes": 8, "num_workers": -1, "seed": 42, "smoke": false, "split_mode": "actor", "stage1_epochs": 5, "temporal_dropout": 0.1, "temporal_num_heads": 4, "temporal_num_layers": 1, "temporal_pooling": "mean", "train_ratio": 0.7, "two_stage_training": false, "use_cosine_annealing": true, "use_face_crop": true, "use_resnet_audio": false, "use_wavlm": true, "val_ratio": 0.15, "video_backbone_lr": 1e-05, "wandb": false, "wavlm_stage": 2, "weight_decay": 0.0001, "xattn_attn_dropout": 0.1, "xattn_d_model": 128, "xattn_emotion_prior_dim": 8, "xattn_emotion_prior_dropout": 0.1, "xattn_emotion_prior_hidden_dim": 64, "xattn_head": "concat", "xattn_heads": 4, "xattn_stochastic_depth": 0.1, "xattn_use_emotion_prior": false}
[REVISION] disjoint split={'fold': 2, 'train_actors': [1, 2, 3, 4, 13, 14, 15, 16, 17, 18, 19, 20, 21, 22, 23, 24], 'val_actors': [9, 10, 11, 12], 'test_actors': [5, 6, 7, 8]}
[REVISION] audio_ckpt=none video_ckpt=none
wandb: WARNING `resume` will be ignored since W&B syncing is set to `offline`. Starting a new run with run id 563735f7a65d4149abb0024d1ccc8a90.
wandb: Tracking run with wandb version 0.24.1
wandb: W&B syncing is set to `offline` in this directory. Run `wandb online` or set WANDB_MODE=online to enable cloud syncing.
wandb: Run data is saved locally in /home/louis/projects/MultimodalEmotionRecognition/outputs/speaker_independent_tracked_v1/fold_02/audio/wandb/offline-run-20261009_032901-563735f7a65d4149abb0024d1ccc8a90
Total pairs: 1440
Sample pair: actor=1 emotion=1 intensity=1 statement=1 repetition=1
Sample pair: actor=2 emotion=1 intensity=1 statement=1 repetition=1
Sample pair: actor=3 emotion=1 intensity=1 statement=1 repetition=1
Using actor-based split
Train pairs: 960 | Val pairs: 240 | Test pairs: 240
Train class distribution: {0: 64, 1: 128, 2: 128, 3: 128, 4: 128, 5: 128, 6: 128, 7: 128}
Val class distribution: {0: 16, 1: 32, 2: 32, 3: 32, 4: 32, 5: 32, 6: 32, 7: 32}
Test class distribution: {0: 16, 1: 32, 2: 32, 3: 32, 4: 32, 5: 32, 6: 32, 7: 32}
DataLoader config: num_workers=2, pin_memory=True, persistent_workers=True

============================================================
CUDA available: True
GPU device: NVIDIA GeForce RTX 5080 Laptop GPU
GPU memory: 17.07 GB
Device: cuda
============================================================

Warning: You are sending unauthenticated requests to the HF Hub. Please set a HF_TOKEN to enable higher rate limits and faster downloads.

Loading weights:   0%|          | 0/248 [00:00<?, ?it/s]
Loading weights:   0%|          | 1/248 [00:00<00:00, 21076.90it/s, Materializing param=encoder.layer_norm.bias]
Loading weights:   0%|          | 1/248 [00:00<00:00, 7810.62it/s, Materializing param=encoder.layer_norm.bias] 
Loading weights:   1%|          | 2/248 [00:00<00:00, 2431.48it/s, Materializing param=encoder.layer_norm.weight]
Loading weights:   1%|          | 2/248 [00:00<00:00, 2125.31it/s, Materializing param=encoder.layer_norm.weight]
Loading weights:   1%|          | 3/248 [00:00<00:00, 2701.36it/s, Materializing param=encoder.layers.0.attention.gru_rel_pos_const]
Loading weights:   1%|          | 3/248 [00:00<00:00, 2463.86it/s, Materializing param=encoder.layers.0.attention.gru_rel_pos_const]
Loading weights:   2%|▏         | 4/248 [00:00<00:00, 2914.23it/s, Materializing param=encoder.layers.0.attention.gru_rel_pos_linear.bias]
Loading weights:   2%|▏         | 4/248 [00:00<00:00, 2118.07it/s, Materializing param=encoder.layers.0.attention.gru_rel_pos_linear.bias]
Loading weights:   2%|▏         | 5/248 [00:00<00:00, 2488.02it/s, Materializing param=encoder.layers.0.attention.gru_rel_pos_linear.weight]
Loading weights:   2%|▏         | 5/248 [00:00<00:00, 2409.13it/s, Materializing param=encoder.layers.0.attention.gru_rel_pos_linear.weight]
Loading weights:   2%|▏         | 6/248 [00:00<00:00, 2762.44it/s, Materializing param=encoder.layers.0.attention.k_proj.bias]              
Loading weights:   2%|▏         | 6/248 [00:00<00:00, 2686.65it/s, Materializing param=encoder.layers.0.attention.k_proj.bias]
Loading weights:   3%|▎         | 7/248 [00:00<00:00, 2970.17it/s, Materializing param=encoder.layers.0.attention.k_proj.weight]
Loading weights:   3%|▎         | 7/248 [00:00<00:00, 2876.19it/s, Materializing param=encoder.layers.0.attention.k_proj.weight]
Loading weights:   3%|▎         | 8/248 [00:00<00:00, 3075.00it/s, Materializing param=encoder.layers.0.attention.out_proj.bias]
Loading weights:   3%|▎         | 8/248 [00:00<00:00, 2979.17it/s, Materializing param=encoder.layers.0.attention.out_proj.bias]
Loading weights:   4%|▎         | 9/248 [00:00<00:00, 3230.81it/s, Materializing param=encoder.layers.0.attention.out_proj.weight]
Loading weights:   4%|▎         | 9/248 [00:00<00:00, 3167.64it/s, Materializing param=encoder.layers.0.attention.out_proj.weight]
Loading weights:   4%|▍         | 10/248 [00:00<00:00, 3415.84it/s, Materializing param=encoder.layers.0.attention.q_proj.bias]   
Loading weights:   4%|▍         | 10/248 [00:00<00:00, 3355.71it/s, Materializing param=encoder.layers.0.attention.q_proj.bias]
Loading weights:   4%|▍         | 11/248 [00:00<00:00, 3453.65it/s, Materializing param=encoder.layers.0.attention.q_proj.weight]
Loading weights:   4%|▍         | 11/248 [00:00<00:00, 3377.80it/s, Materializing param=encoder.layers.0.attention.q_proj.weight]
Loading weights:   5%|▍         | 12/248 [00:00<00:00, 3532.54it/s, Materializing param=encoder.layers.0.attention.rel_attn_embed.weight]
Loading weights:   5%|▍         | 12/248 [00:00<00:00, 3469.23it/s, Materializing param=encoder.layers.0.attention.rel_attn_embed.weight]
Loading weights:   5%|▌         | 13/248 [00:00<00:00, 3656.76it/s, Materializing param=encoder.layers.0.attention.v_proj.bias]          
Loading weights:   5%|▌         | 13/248 [00:00<00:00, 3602.40it/s, Materializing param=encoder.layers.0.attention.v_proj.bias]
Loading weights:   6%|▌         | 14/248 [00:00<00:00, 3793.54it/s, Materializing param=encoder.layers.0.attention.v_proj.weight]
Loading weights:   6%|▌         | 14/248 [00:00<00:00, 3715.77it/s, Materializing param=encoder.layers.0.attention.v_proj.weight]
Loading weights:   6%|▌         | 15/248 [00:00<00:00, 3855.30it/s, Materializing param=encoder.layers.0.feed_forward.intermediate_dense.bias]
Loading weights:   6%|▌         | 15/248 [00:00<00:00, 3797.35it/s, Materializing param=encoder.layers.0.feed_forward.intermediate_dense.bias]
Loading weights:   6%|▋         | 16/248 [00:00<00:00, 3933.93it/s, Materializing param=encoder.layers.0.feed_forward.intermediate_dense.weight]
Loading weights:   6%|▋         | 16/248 [00:00<00:00, 3873.75it/s, Materializing param=encoder.layers.0.feed_forward.intermediate_dense.weight]
Loading weights:   7%|▋         | 17/248 [00:00<00:00, 3753.19it/s, Materializing param=encoder.layers.0.feed_forward.output_dense.bias]        
Loading weights:   7%|▋         | 17/248 [00:00<00:00, 2820.98it/s, Materializing param=encoder.layers.0.feed_forward.output_dense.bias]
Loading weights:   7%|▋         | 18/248 [00:00<00:00, 2910.91it/s, Materializing param=encoder.layers.0.feed_forward.output_dense.weight]
Loading weights:   7%|▋         | 18/248 [00:00<00:00, 2877.74it/s, Materializing param=encoder.layers.0.feed_forward.output_dense.weight]
Loading weights:   8%|▊         | 19/248 [00:00<00:00, 2714.39it/s, Materializing param=encoder.layers.0.final_layer_norm.bias]           
Loading weights:   8%|▊         | 19/248 [00:00<00:00, 2663.58it/s, Materializing param=encoder.layers.0.final_layer_norm.bias]
Loading weights:   8%|▊         | 20/248 [00:00<00:00, 2751.81it/s, Materializing param=encoder.layers.0.final_layer_norm.weight]
Loading weights:   8%|▊         | 20/248 [00:00<00:00, 2729.87it/s, Materializing param=encoder.layers.0.final_layer_norm.weight]
Loading weights:   8%|▊         | 21/248 [00:00<00:00, 2822.28it/s, Materializing param=encoder.layers.0.layer_norm.bias]        
Loading weights:   8%|▊         | 21/248 [00:00<00:00, 2799.85it/s, Materializing param=encoder.layers.0.layer_norm.bias]
Loading weights:   9%|▉         | 22/248 [00:00<00:00, 2898.98it/s, Materializing param=encoder.layers.0.layer_norm.weight]
Loading weights:   9%|▉         | 22/248 [00:00<00:00, 2794.09it/s, Materializing param=encoder.layers.0.layer_norm.weight]
Loading weights:   9%|▉         | 23/248 [00:00<00:00, 2862.41it/s, Materializing param=encoder.layers.1.attention.gru_rel_pos_const]
Loading weights:   9%|▉         | 23/248 [00:00<00:00, 2833.32it/s, Materializing param=encoder.layers.1.attention.gru_rel_pos_const]
Loading weights:  10%|▉         | 24/248 [00:00<00:00, 2888.47it/s, Materializing param=encoder.layers.1.attention.gru_rel_pos_linear.bias]
Loading weights:  10%|▉         | 24/248 [00:00<00:00, 2850.36it/s, Materializing param=encoder.layers.1.attention.gru_rel_pos_linear.bias]
Loading weights:  10%|█         | 25/248 [00:00<00:00, 2863.48it/s, Materializing param=encoder.layers.1.attention.gru_rel_pos_linear.weight]
Loading weights:  10%|█         | 25/248 [00:00<00:00, 2834.07it/s, Materializing param=encoder.layers.1.attention.gru_rel_pos_linear.weight]
Loading weights:  10%|█         | 26/248 [00:00<00:00, 2868.43it/s, Materializing param=encoder.layers.1.attention.k_proj.bias]              
Loading weights:  10%|█         | 26/248 [00:00<00:00, 2840.71it/s, Materializing param=encoder.layers.1.attention.k_proj.bias]
Loading weights:  11%|█         | 27/248 [00:00<00:00, 2916.61it/s, Materializing param=encoder.layers.1.attention.k_proj.weight]
Loading weights:  11%|█         | 27/248 [00:00<00:00, 2893.88it/s, Materializing param=encoder.layers.1.attention.k_proj.weight]
Loading weights:  11%|█▏        | 28/248 [00:00<00:00, 2946.32it/s, Materializing param=encoder.layers.1.attention.out_proj.bias]
Loading weights:  11%|█▏        | 28/248 [00:00<00:00, 2921.33it/s, Materializing param=encoder.layers.1.attention.out_proj.bias]
Loading weights:  12%|█▏        | 29/248 [00:00<00:00, 2997.63it/s, Materializing param=encoder.layers.1.attention.out_proj.weight]
Loading weights:  12%|█▏        | 29/248 [00:00<00:00, 2981.32it/s, Materializing param=encoder.layers.1.attention.out_proj.weight]
Loading weights:  12%|█▏        | 30/248 [00:00<00:00, 3057.82it/s, Materializing param=encoder.layers.1.attention.q_proj.bias]    
Loading weights:  12%|█▏        | 30/248 [00:00<00:00, 3037.22it/s, Materializing param=encoder.layers.1.attention.q_proj.bias]
Loading weights:  12%|█▎        | 31/248 [00:00<00:00, 3112.10it/s, Materializing param=encoder.layers.1.attention.q_proj.weight]
Loading weights:  12%|█▎        | 31/248 [00:00<00:00, 3096.39it/s, Materializing param=encoder.layers.1.attention.q_proj.weight]
Loading weights:  13%|█▎        | 32/248 [00:00<00:00, 3159.63it/s, Materializing param=encoder.layers.1.attention.v_proj.bias]  
Loading weights:  13%|█▎        | 32/248 [00:00<00:00, 3141.43it/s, Materializing param=encoder.layers.1.attention.v_proj.bias]
Loading weights:  13%|█▎        | 33/248 [00:00<00:00, 3213.95it/s, Materializing param=encoder.layers.1.attention.v_proj.weight]
Loading weights:  13%|█▎        | 33/248 [00:00<00:00, 3198.36it/s, Materializing param=encoder.layers.1.attention.v_proj.weight]
Loading weights:  14%|█▎        | 34/248 [00:00<00:00, 3258.83it/s, Materializing param=encoder.layers.1.feed_forward.intermediate_dense.bias]
Loading weights:  14%|█▎        | 34/248 [00:00<00:00, 3088.79it/s, Materializing param=encoder.layers.1.feed_forward.intermediate_dense.bias]
Loading weights:  14%|█▍        | 35/248 [00:00<00:00, 3134.29it/s, Materializing param=encoder.layers.1.feed_forward.intermediate_dense.weight]
Loading weights:  14%|█▍        | 35/248 [00:00<00:00, 3100.00it/s, Materializing param=encoder.layers.1.feed_forward.intermediate_dense.weight]
Loading weights:  15%|█▍        | 36/248 [00:00<00:00, 3135.34it/s, Materializing param=encoder.layers.1.feed_forward.output_dense.bias]        
Loading weights:  15%|█▍        | 36/248 [00:00<00:00, 3115.93it/s, Materializing param=encoder.layers.1.feed_forward.output_dense.bias]
Loading weights:  15%|█▍        | 37/248 [00:00<00:00, 3178.35it/s, Materializing param=encoder.layers.1.feed_forward.output_dense.weight]
Loading weights:  15%|█▍        | 37/248 [00:00<00:00, 3163.83it/s, Materializing param=encoder.layers.1.feed_forward.output_dense.weight]
Loading weights:  15%|█▌        | 38/248 [00:00<00:00, 3220.72it/s, Materializing param=encoder.layers.1.final_layer_norm.bias]           
Loading weights:  15%|█▌        | 38/248 [00:00<00:00, 3205.82it/s, Materializing param=encoder.layers.1.final_layer_norm.bias]
Loading weights:  16%|█▌        | 39/248 [00:00<00:00, 3268.42it/s, Materializing param=encoder.layers.1.final_layer_norm.weight]
Loading weights:  16%|█▌        | 39/248 [00:00<00:00, 3254.76it/s, Materializing param=encoder.layers.1.final_layer_norm.weight]
Loading weights:  16%|█▌        | 40/248 [00:00<00:00, 3317.10it/s, Materializing param=encoder.layers.1.layer_norm.bias]        
Loading weights:  16%|█▌        | 40/248 [00:00<00:00, 3303.71it/s, Materializing param=encoder.layers.1.layer_norm.bias]
Loading weights:  17%|█▋        | 41/248 [00:00<00:00, 3365.89it/s, Materializing param=encoder.layers.1.layer_norm.weight]
Loading weights:  17%|█▋        | 41/248 [00:00<00:00, 3352.56it/s, Materializing param=encoder.layers.1.layer_norm.weight]
Loading weights:  17%|█▋        | 42/248 [00:00<00:00, 3413.97it/s, Materializing param=encoder.layers.2.attention.gru_rel_pos_const]
Loading weights:  17%|█▋        | 42/248 [00:00<00:00, 3400.66it/s, Materializing param=encoder.layers.2.attention.gru_rel_pos_const]
Loading weights:  17%|█▋        | 43/248 [00:00<00:00, 3461.11it/s, Materializing param=encoder.layers.2.attention.gru_rel_pos_linear.bias]
Loading weights:  17%|█▋        | 43/248 [00:00<00:00, 3447.55it/s, Materializing param=encoder.layers.2.attention.gru_rel_pos_linear.bias]
Loading weights:  18%|█▊        | 44/248 [00:00<00:00, 3507.41it/s, Materializing param=encoder.layers.2.attention.gru_rel_pos_linear.weight]
Loading weights:  18%|█▊        | 44/248 [00:00<00:00, 3493.73it/s, Materializing param=encoder.layers.2.attention.gru_rel_pos_linear.weight]
Loading weights:  18%|█▊        | 45/248 [00:00<00:00, 3552.96it/s, Materializing param=encoder.layers.2.attention.k_proj.bias]              
Loading weights:  18%|█▊        | 45/248 [00:00<00:00, 3535.52it/s, Materializing param=encoder.layers.2.attention.k_proj.bias]
Loading weights:  19%|█▊        | 46/248 [00:00<00:00, 3591.62it/s, Materializing param=encoder.layers.2.attention.k_proj.weight]
Loading weights:  19%|█▊        | 46/248 [00:00<00:00, 3578.03it/s, Materializing param=encoder.layers.2.attention.k_proj.weight]
Loading weights:  19%|█▉        | 47/248 [00:00<00:00, 3635.99it/s, Materializing param=encoder.layers.2.attention.out_proj.bias]
Loading weights:  19%|█▉        | 47/248 [00:00<00:00, 3622.36it/s, Materializing param=encoder.layers.2.attention.out_proj.bias]
Loading weights:  19%|█▉        | 48/248 [00:00<00:00, 3678.68it/s, Materializing param=encoder.layers.2.attention.out_proj.weight]
Loading weights:  19%|█▉        | 48/248 [00:00<00:00, 3665.42it/s, Materializing param=encoder.layers.2.attention.out_proj.weight]
Loading weights:  20%|█▉        | 49/248 [00:00<00:00, 3721.65it/s, Materializing param=encoder.layers.2.attention.q_proj.bias]    
Loading weights:  20%|█▉        | 49/248 [00:00<00:00, 3707.89it/s, Materializing param=encoder.layers.2.attention.q_proj.bias]
Loading weights:  20%|██        | 50/248 [00:00<00:00, 3762.45it/s, Materializing param=encoder.layers.2.attention.q_proj.weight]
Loading weights:  20%|██        | 50/248 [00:00<00:00, 3748.80it/s, Materializing param=encoder.layers.2.attention.q_proj.weight]
Loading weights:  21%|██        | 51/248 [00:00<00:00, 3762.50it/s, Materializing param=encoder.layers.2.attention.v_proj.bias]  
Loading weights:  21%|██        | 51/248 [00:00<00:00, 3720.23it/s, Materializing param=encoder.layers.2.attention.v_proj.bias]
Loading weights:  21%|██        | 52/248 [00:00<00:00, 3752.90it/s, Materializing param=encoder.layers.2.attention.v_proj.weight]
Loading weights:  21%|██        | 52/248 [00:00<00:00, 3735.55it/s, Materializing param=encoder.layers.2.attention.v_proj.weight]
Loading weights:  21%|██▏       | 53/248 [00:00<00:00, 3782.90it/s, Materializing param=encoder.layers.2.feed_forward.intermediate_dense.bias]
Loading weights:  21%|██▏       | 53/248 [00:00<00:00, 3750.22it/s, Materializing param=encoder.layers.2.feed_forward.intermediate_dense.bias]
Loading weights:  22%|██▏       | 54/248 [00:00<00:00, 3762.21it/s, Materializing param=encoder.layers.2.feed_forward.intermediate_dense.weight]
Loading weights:  22%|██▏       | 54/248 [00:00<00:00, 3743.80it/s, Materializing param=encoder.layers.2.feed_forward.intermediate_dense.weight]
Loading weights:  22%|██▏       | 55/248 [00:00<00:00, 3789.64it/s, Materializing param=encoder.layers.2.feed_forward.output_dense.bias]        
Loading weights:  22%|██▏       | 55/248 [00:00<00:00, 3747.41it/s, Materializing param=encoder.layers.2.feed_forward.output_dense.bias]
Loading weights:  23%|██▎       | 56/248 [00:00<00:00, 3766.65it/s, Materializing param=encoder.layers.2.feed_forward.output_dense.weight]
Loading weights:  23%|██▎       | 56/248 [00:00<00:00, 3739.01it/s, Materializing param=encoder.layers.2.feed_forward.output_dense.weight]
Loading weights:  23%|██▎       | 57/248 [00:00<00:00, 3751.20it/s, Materializing param=encoder.layers.2.final_layer_norm.bias]           
Loading weights:  23%|██▎       | 57/248 [00:00<00:00, 3734.68it/s, Materializing param=encoder.layers.2.final_layer_norm.bias]
Loading weights:  23%|██▎       | 58/248 [00:00<00:00, 3777.48it/s, Materializing param=encoder.layers.2.final_layer_norm.weight]
Loading weights:  23%|██▎       | 58/248 [00:00<00:00, 3763.05it/s, Materializing param=encoder.layers.2.final_layer_norm.weight]
Loading weights:  24%|██▍       | 59/248 [00:00<00:00, 3807.61it/s, Materializing param=encoder.layers.2.layer_norm.bias]        
Loading weights:  24%|██▍       | 59/248 [00:00<00:00, 3793.02it/s, Materializing param=encoder.layers.2.layer_norm.bias]
Loading weights:  24%|██▍       | 60/248 [00:00<00:00, 3837.72it/s, Materializing param=encoder.layers.2.layer_norm.weight]
Loading weights:  24%|██▍       | 60/248 [00:00<00:00, 3824.77it/s, Materializing param=encoder.layers.2.layer_norm.weight]
Loading weights:  25%|██▍       | 61/248 [00:00<00:00, 3867.06it/s, Materializing param=encoder.layers.3.attention.gru_rel_pos_const]
Loading weights:  25%|██▍       | 61/248 [00:00<00:00, 3853.20it/s, Materializing param=encoder.layers.3.attention.gru_rel_pos_const]
Loading weights:  25%|██▌       | 62/248 [00:00<00:00, 3896.94it/s, Materializing param=encoder.layers.3.attention.gru_rel_pos_linear.bias]
Loading weights:  25%|██▌       | 62/248 [00:00<00:00, 3884.31it/s, Materializing param=encoder.layers.3.attention.gru_rel_pos_linear.bias]
Loading weights:  25%|██▌       | 63/248 [00:00<00:00, 3928.01it/s, Materializing param=encoder.layers.3.attention.gru_rel_pos_linear.weight]
Loading weights:  25%|██▌       | 63/248 [00:00<00:00, 3915.32it/s, Materializing param=encoder.layers.3.attention.gru_rel_pos_linear.weight]
Loading weights:  26%|██▌       | 64/248 [00:00<00:00, 3958.64it/s, Materializing param=encoder.layers.3.attention.k_proj.bias]              
Loading weights:  26%|██▌       | 64/248 [00:00<00:00, 3946.71it/s, Materializing param=encoder.layers.3.attention.k_proj.bias]
Loading weights:  26%|██▌       | 65/248 [00:00<00:00, 3989.96it/s, Materializing param=encoder.layers.3.attention.k_proj.weight]
Loading weights:  26%|██▌       | 65/248 [00:00<00:00, 3977.85it/s, Materializing param=encoder.layers.3.attention.k_proj.weight]
Loading weights:  27%|██▋       | 66/248 [00:00<00:00, 4021.09it/s, Materializing param=encoder.layers.3.attention.out_proj.bias]
Loading weights:  27%|██▋       | 66/248 [00:00<00:00, 4009.04it/s, Materializing param=encoder.layers.3.attention.out_proj.bias]
Loading weights:  27%|██▋       | 67/248 [00:00<00:00, 4035.24it/s, Materializing param=encoder.layers.3.attention.out_proj.weight]
Loading weights:  27%|██▋       | 67/248 [00:00<00:00, 4020.23it/s, Materializing param=encoder.layers.3.attention.out_proj.weight]
Loading weights:  27%|██▋       | 68/248 [00:00<00:00, 3968.67it/s, Materializing param=encoder.layers.3.attention.q_proj.bias]    
Loading weights:  27%|██▋       | 68/248 [00:00<00:00, 3952.39it/s, Materializing param=encoder.layers.3.attention.q_proj.bias]
Loading weights:  28%|██▊       | 69/248 [00:00<00:00, 3991.49it/s, Materializing param=encoder.layers.3.attention.q_proj.weight]
Loading weights:  28%|██▊       | 69/248 [00:00<00:00, 3969.37it/s, Materializing param=encoder.layers.3.attention.q_proj.weight]
Loading weights:  28%|██▊       | 70/248 [00:00<00:00, 4005.20it/s, Materializing param=encoder.layers.3.attention.v_proj.bias]  
Loading weights:  28%|██▊       | 70/248 [00:00<00:00, 3980.28it/s, Materializing param=encoder.layers.3.attention.v_proj.bias]
Loading weights:  29%|██▊       | 71/248 [00:00<00:00, 4000.37it/s, Materializing param=encoder.layers.3.attention.v_proj.weight]
Loading weights:  29%|██▊       | 71/248 [00:00<00:00, 3985.97it/s, Materializing param=encoder.layers.3.attention.v_proj.weight]
Loading weights:  29%|██▉       | 72/248 [00:00<00:00, 4023.21it/s, Materializing param=encoder.layers.3.feed_forward.intermediate_dense.bias]
Loading weights:  29%|██▉       | 72/248 [00:00<00:00, 4011.72it/s, Materializing param=encoder.layers.3.feed_forward.intermediate_dense.bias]
Loading weights:  29%|██▉       | 73/248 [00:00<00:00, 4050.00it/s, Materializing param=encoder.layers.3.feed_forward.intermediate_dense.weight]
Loading weights:  29%|██▉       | 73/248 [00:00<00:00, 4038.84it/s, Materializing param=encoder.layers.3.feed_forward.intermediate_dense.weight]
Loading weights:  30%|██▉       | 74/248 [00:00<00:00, 4077.28it/s, Materializing param=encoder.layers.3.feed_forward.output_dense.bias]        
Loading weights:  30%|██▉       | 74/248 [00:00<00:00, 4066.06it/s, Materializing param=encoder.layers.3.feed_forward.output_dense.bias]
Loading weights:  30%|███       | 75/248 [00:00<00:00, 4104.18it/s, Materializing param=encoder.layers.3.feed_forward.output_dense.weight]
Loading weights:  30%|███       | 75/248 [00:00<00:00, 4093.23it/s, Materializing param=encoder.layers.3.feed_forward.output_dense.weight]
Loading weights:  31%|███       | 76/248 [00:00<00:00, 4131.14it/s, Materializing param=encoder.layers.3.final_layer_norm.bias]           
Loading weights:  31%|███       | 76/248 [00:00<00:00, 4119.40it/s, Materializing param=encoder.layers.3.final_layer_norm.bias]
Loading weights:  31%|███       | 77/248 [00:00<00:00, 4153.15it/s, Materializing param=encoder.layers.3.final_layer_norm.weight]
Loading weights:  31%|███       | 77/248 [00:00<00:00, 4141.11it/s, Materializing param=encoder.layers.3.final_layer_norm.weight]
Loading weights:  31%|███▏      | 78/248 [00:00<00:00, 4178.34it/s, Materializing param=encoder.layers.3.layer_norm.bias]        
Loading weights:  31%|███▏      | 78/248 [00:00<00:00, 4167.43it/s, Materializing param=encoder.layers.3.layer_norm.bias]
Loading weights:  32%|███▏      | 79/248 [00:00<00:00, 4203.72it/s, Materializing param=encoder.layers.3.layer_norm.weight]
Loading weights:  32%|███▏      | 79/248 [00:00<00:00, 4192.02it/s, Materializing param=encoder.layers.3.layer_norm.weight]
Loading weights:  32%|███▏      | 80/248 [00:00<00:00, 4227.86it/s, Materializing param=encoder.layers.4.attention.gru_rel_pos_const]
Loading weights:  32%|███▏      | 80/248 [00:00<00:00, 4216.39it/s, Materializing param=encoder.layers.4.attention.gru_rel_pos_const]
Loading weights:  33%|███▎      | 81/248 [00:00<00:00, 4251.94it/s, Materializing param=encoder.layers.4.attention.gru_rel_pos_linear.bias]
Loading weights:  33%|███▎      | 81/248 [00:00<00:00, 4240.53it/s, Materializing param=encoder.layers.4.attention.gru_rel_pos_linear.bias]
Loading weights:  33%|███▎      | 82/248 [00:00<00:00, 4276.02it/s, Materializing param=encoder.layers.4.attention.gru_rel_pos_linear.weight]
Loading weights:  33%|███▎      | 82/248 [00:00<00:00, 4265.31it/s, Materializing param=encoder.layers.4.attention.gru_rel_pos_linear.weight]
Loading weights:  33%|███▎      | 83/248 [00:00<00:00, 4276.43it/s, Materializing param=encoder.layers.4.attention.k_proj.bias]              
Loading weights:  33%|███▎      | 83/248 [00:00<00:00, 4264.85it/s, Materializing param=encoder.layers.4.attention.k_proj.bias]
Loading weights:  34%|███▍      | 84/248 [00:00<00:00, 4299.86it/s, Materializing param=encoder.layers.4.attention.k_proj.weight]
Loading weights:  34%|███▍      | 84/248 [00:00<00:00, 4288.13it/s, Materializing param=encoder.layers.4.attention.k_proj.weight]
Loading weights:  34%|███▍      | 85/248 [00:00<00:00, 4323.24it/s, Materializing param=encoder.layers.4.attention.out_proj.bias]
Loading weights:  34%|███▍      | 85/248 [00:00<00:00, 4302.37it/s, Materializing param=encoder.layers.4.attention.out_proj.bias]
Loading weights:  35%|███▍      | 86/248 [00:00<00:00, 4312.03it/s, Materializing param=encoder.layers.4.attention.out_proj.weight]
Loading weights:  35%|███▍      | 86/248 [00:00<00:00, 4270.43it/s, Materializing param=encoder.layers.4.attention.out_proj.weight]
Loading weights:  35%|███▌      | 87/248 [00:00<00:00, 4266.69it/s, Materializing param=encoder.layers.4.attention.q_proj.bias]    
Loading weights:  35%|███▌      | 87/248 [00:00<00:00, 4243.72it/s, Materializing param=encoder.layers.4.attention.q_proj.bias]
Loading weights:  35%|███▌      | 88/248 [00:00<00:00, 4270.20it/s, Materializing param=encoder.layers.4.attention.q_proj.weight]
Loading weights:  35%|███▌      | 88/248 [00:00<00:00, 4257.15it/s, Materializing param=encoder.layers.4.attention.q_proj.weight]
Loading weights:  36%|███▌      | 89/248 [00:00<00:00, 4287.13it/s, Materializing param=encoder.layers.4.attention.v_proj.bias]  
Loading weights:  36%|███▌      | 89/248 [00:00<00:00, 4275.00it/s, Materializing param=encoder.layers.4.attention.v_proj.bias]
Loading weights:  36%|███▋      | 90/248 [00:00<00:00, 4305.33it/s, Materializing param=encoder.layers.4.attention.v_proj.weight]
Loading weights:  36%|███▋      | 90/248 [00:00<00:00, 4276.02it/s, Materializing param=encoder.layers.4.attention.v_proj.weight]
Loading weights:  37%|███▋      | 91/248 [00:00<00:00, 4288.85it/s, Materializing param=encoder.layers.4.feed_forward.intermediate_dense.bias]
Loading weights:  37%|███▋      | 91/248 [00:00<00:00, 4276.45it/s, Materializing param=encoder.layers.4.feed_forward.intermediate_dense.bias]
Loading weights:  37%|███▋      | 92/248 [00:00<00:00, 4306.84it/s, Materializing param=encoder.layers.4.feed_forward.intermediate_dense.weight]
Loading weights:  37%|███▋      | 92/248 [00:00<00:00, 4295.91it/s, Materializing param=encoder.layers.4.feed_forward.intermediate_dense.weight]
Loading weights:  38%|███▊      | 93/248 [00:00<00:00, 4326.61it/s, Materializing param=encoder.layers.4.feed_forward.output_dense.bias]        
Loading weights:  38%|███▊      | 93/248 [00:00<00:00, 4316.27it/s, Materializing param=encoder.layers.4.feed_forward.output_dense.bias]
Loading weights:  38%|███▊      | 94/248 [00:00<00:00, 4347.96it/s, Materializing param=encoder.layers.4.feed_forward.output_dense.weight]
Loading weights:  38%|███▊      | 94/248 [00:00<00:00, 4338.20it/s, Materializing param=encoder.layers.4.feed_forward.output_dense.weight]
Loading weights:  38%|███▊      | 95/248 [00:00<00:00, 4370.03it/s, Materializing param=encoder.layers.4.final_layer_norm.bias]           
Loading weights:  38%|███▊      | 95/248 [00:00<00:00, 4359.70it/s, Materializing param=encoder.layers.4.final_layer_norm.bias]
Loading weights:  39%|███▊      | 96/248 [00:00<00:00, 4391.03it/s, Materializing param=encoder.layers.4.final_layer_norm.weight]
Loading weights:  39%|███▊      | 96/248 [00:00<00:00, 4380.90it/s, Materializing param=encoder.layers.4.final_layer_norm.weight]
Loading weights:  39%|███▉      | 97/248 [00:00<00:00, 4412.04it/s, Materializing param=encoder.layers.4.layer_norm.bias]        
Loading weights:  39%|███▉      | 97/248 [00:00<00:00, 4382.29it/s, Materializing param=encoder.layers.4.layer_norm.bias]
Loading weights:  40%|███▉      | 98/248 [00:00<00:00, 4388.89it/s, Materializing param=encoder.layers.4.layer_norm.weight]
Loading weights:  40%|███▉      | 98/248 [00:00<00:00, 4371.72it/s, Materializing param=encoder.layers.4.layer_norm.weight]
Loading weights:  40%|███▉      | 99/248 [00:00<00:00, 4394.87it/s, Materializing param=encoder.layers.5.attention.gru_rel_pos_const]
Loading weights:  40%|███▉      | 99/248 [00:00<00:00, 4383.55it/s, Materializing param=encoder.layers.5.attention.gru_rel_pos_const]
Loading weights:  40%|████      | 100/248 [00:00<00:00, 4411.43it/s, Materializing param=encoder.layers.5.attention.gru_rel_pos_linear.bias]
Loading weights:  40%|████      | 100/248 [00:00<00:00, 4399.59it/s, Materializing param=encoder.layers.5.attention.gru_rel_pos_linear.bias]
Loading weights:  41%|████      | 101/248 [00:00<00:00, 4425.85it/s, Materializing param=encoder.layers.5.attention.gru_rel_pos_linear.weight]
Loading weights:  41%|████      | 101/248 [00:00<00:00, 4392.49it/s, Materializing param=encoder.layers.5.attention.gru_rel_pos_linear.weight]
Loading weights:  41%|████      | 102/248 [00:00<00:00, 4396.32it/s, Materializing param=encoder.layers.5.attention.k_proj.bias]              
Loading weights:  41%|████      | 102/248 [00:00<00:00, 4377.56it/s, Materializing param=encoder.layers.5.attention.k_proj.bias]
Loading weights:  42%|████▏     | 103/248 [00:00<00:00, 4363.90it/s, Materializing param=encoder.layers.5.attention.k_proj.weight]
Loading weights:  42%|████▏     | 103/248 [00:00<00:00, 4340.84it/s, Materializing param=encoder.layers.5.attention.k_proj.weight]
Loading weights:  42%|████▏     | 104/248 [00:00<00:00, 4348.21it/s, Materializing param=encoder.layers.5.attention.out_proj.bias]
Loading weights:  42%|████▏     | 104/248 [00:00<00:00, 4336.23it/s, Materializing param=encoder.layers.5.attention.out_proj.bias]
Loading weights:  42%|████▏     | 105/248 [00:00<00:00, 4361.62it/s, Materializing param=encoder.layers.5.attention.out_proj.weight]
Loading weights:  42%|████▏     | 105/248 [00:00<00:00, 4352.18it/s, Materializing param=encoder.layers.5.attention.out_proj.weight]
Loading weights:  43%|████▎     | 106/248 [00:00<00:00, 4376.03it/s, Materializing param=encoder.layers.5.attention.q_proj.bias]    
Loading weights:  43%|████▎     | 106/248 [00:00<00:00, 4365.68it/s, Materializing param=encoder.layers.5.attention.q_proj.bias]
Loading weights:  43%|████▎     | 107/248 [00:00<00:00, 4392.89it/s, Materializing param=encoder.layers.5.attention.q_proj.weight]
Loading weights:  43%|████▎     | 107/248 [00:00<00:00, 4384.13it/s, Materializing param=encoder.layers.5.attention.q_proj.weight]
Loading weights:  44%|████▎     | 108/248 [00:00<00:00, 4410.71it/s, Materializing param=encoder.layers.5.attention.v_proj.bias]  
Loading weights:  44%|████▎     | 108/248 [00:00<00:00, 4401.84it/s, Materializing param=encoder.layers.5.attention.v_proj.bias]
Loading weights:  44%|████▍     | 109/248 [00:00<00:00, 4412.50it/s, Materializing param=encoder.layers.5.attention.v_proj.weight]
Loading weights:  44%|████▍     | 109/248 [00:00<00:00, 4403.07it/s, Materializing param=encoder.layers.5.attention.v_proj.weight]
Loading weights:  44%|████▍     | 110/248 [00:00<00:00, 4429.85it/s, Materializing param=encoder.layers.5.feed_forward.intermediate_dense.bias]
Loading weights:  44%|████▍     | 110/248 [00:00<00:00, 4420.77it/s, Materializing param=encoder.layers.5.feed_forward.intermediate_dense.bias]
Loading weights:  45%|████▍     | 111/248 [00:00<00:00, 4447.07it/s, Materializing param=encoder.layers.5.feed_forward.intermediate_dense.weight]
Loading weights:  45%|████▍     | 111/248 [00:00<00:00, 4438.25it/s, Materializing param=encoder.layers.5.feed_forward.intermediate_dense.weight]
Loading weights:  45%|████▌     | 112/248 [00:00<00:00, 4464.40it/s, Materializing param=encoder.layers.5.feed_forward.output_dense.bias]        
Loading weights:  45%|████▌     | 112/248 [00:00<00:00, 4455.34it/s, Materializing param=encoder.layers.5.feed_forward.output_dense.bias]
Loading weights:  46%|████▌     | 113/248 [00:00<00:00, 4374.23it/s, Materializing param=encoder.layers.5.feed_forward.output_dense.weight]
Loading weights:  46%|████▌     | 113/248 [00:00<00:00, 4354.90it/s, Materializing param=encoder.layers.5.feed_forward.output_dense.weight]
Loading weights:  46%|████▌     | 114/248 [00:00<00:00, 4374.74it/s, Materializing param=encoder.layers.5.final_layer_norm.bias]           
Loading weights:  46%|████▌     | 114/248 [00:00<00:00, 4364.44it/s, Materializing param=encoder.layers.5.final_layer_norm.bias]
Loading weights:  46%|████▋     | 115/248 [00:00<00:00, 4387.83it/s, Materializing param=encoder.layers.5.final_layer_norm.weight]
Loading weights:  46%|████▋     | 115/248 [00:00<00:00, 4378.47it/s, Materializing param=encoder.layers.5.final_layer_norm.weight]
Loading weights:  47%|████▋     | 116/248 [00:00<00:00, 4402.27it/s, Materializing param=encoder.layers.5.layer_norm.bias]        
Loading weights:  47%|████▋     | 116/248 [00:00<00:00, 4393.29it/s, Materializing param=encoder.layers.5.layer_norm.bias]
Loading weights:  47%|████▋     | 117/248 [00:00<00:00, 4404.08it/s, Materializing param=encoder.layers.5.layer_norm.weight]
Loading weights:  47%|████▋     | 117/248 [00:00<00:00, 4382.45it/s, Materializing param=encoder.layers.5.layer_norm.weight]
Loading weights:  48%|████▊     | 118/248 [00:00<00:00, 4395.53it/s, Materializing param=encoder.layers.6.attention.gru_rel_pos_const]
Loading weights:  48%|████▊     | 118/248 [00:00<00:00, 4385.33it/s, Materializing param=encoder.layers.6.attention.gru_rel_pos_const]
Loading weights:  48%|████▊     | 119/248 [00:00<00:00, 4408.97it/s, Materializing param=encoder.layers.6.attention.gru_rel_pos_linear.bias]
Loading weights:  48%|████▊     | 119/248 [00:00<00:00, 4382.99it/s, Materializing param=encoder.layers.6.attention.gru_rel_pos_linear.bias]
Loading weights:  48%|████▊     | 120/248 [00:00<00:00, 4378.49it/s, Materializing param=encoder.layers.6.attention.gru_rel_pos_linear.weight]
Loading weights:  48%|████▊     | 120/248 [00:00<00:00, 4364.10it/s, Materializing param=encoder.layers.6.attention.gru_rel_pos_linear.weight]
Loading weights:  49%|████▉     | 121/248 [00:00<00:00, 4385.00it/s, Materializing param=encoder.layers.6.attention.k_proj.bias]              
Loading weights:  49%|████▉     | 121/248 [00:00<00:00, 4376.26it/s, Materializing param=encoder.layers.6.attention.k_proj.bias]
Loading weights:  49%|████▉     | 122/248 [00:00<00:00, 4398.85it/s, Materializing param=encoder.layers.6.attention.k_proj.weight]
Loading weights:  49%|████▉     | 122/248 [00:00<00:00, 4389.23it/s, Materializing param=encoder.layers.6.attention.k_proj.weight]
Loading weights:  50%|████▉     | 123/248 [00:00<00:00, 4412.38it/s, Materializing param=encoder.layers.6.attention.out_proj.bias]
Loading weights:  50%|████▉     | 123/248 [00:00<00:00, 4404.09it/s, Materializing param=encoder.layers.6.attention.out_proj.bias]
Loading weights:  50%|█████     | 124/248 [00:00<00:00, 4427.54it/s, Materializing param=encoder.layers.6.attention.out_proj.weight]
Loading weights:  50%|█████     | 124/248 [00:00<00:00, 4419.18it/s, Materializing param=encoder.layers.6.attention.out_proj.weight]
Loading weights:  50%|█████     | 125/248 [00:00<00:00, 4442.18it/s, Materializing param=encoder.layers.6.attention.q_proj.bias]    
Loading weights:  50%|█████     | 125/248 [00:00<00:00, 4434.10it/s, Materializing param=encoder.layers.6.attention.q_proj.bias]
Loading weights:  51%|█████     | 126/248 [00:00<00:00, 4448.54it/s, Materializing param=encoder.layers.6.attention.q_proj.weight]
Loading weights:  51%|█████     | 126/248 [00:00<00:00, 4438.68it/s, Materializing param=encoder.layers.6.attention.q_proj.weight]
Loading weights:  51%|█████     | 127/248 [00:00<00:00, 4448.39it/s, Materializing param=encoder.layers.6.attention.v_proj.bias]  
Loading weights:  51%|█████     | 127/248 [00:00<00:00, 4438.34it/s, Materializing param=encoder.layers.6.attention.v_proj.bias]
Loading weights:  52%|█████▏    | 128/248 [00:00<00:00, 4443.45it/s, Materializing param=encoder.layers.6.attention.v_proj.weight]
Loading weights:  52%|█████▏    | 128/248 [00:00<00:00, 4431.86it/s, Materializing param=encoder.layers.6.attention.v_proj.weight]
Loading weights:  52%|█████▏    | 129/248 [00:00<00:00, 4453.10it/s, Materializing param=encoder.layers.6.feed_forward.intermediate_dense.bias]
Loading weights:  52%|█████▏    | 129/248 [00:00<00:00, 4444.91it/s, Materializing param=encoder.layers.6.feed_forward.intermediate_dense.bias]
Loading weights:  52%|█████▏    | 130/248 [00:00<00:00, 4467.11it/s, Materializing param=encoder.layers.6.feed_forward.intermediate_dense.weight]
Loading weights:  52%|█████▏    | 130/248 [00:00<00:00, 4459.14it/s, Materializing param=encoder.layers.6.feed_forward.intermediate_dense.weight]
Loading weights:  53%|█████▎    | 131/248 [00:00<00:00, 4481.35it/s, Materializing param=encoder.layers.6.feed_forward.output_dense.bias]        
Loading weights:  53%|█████▎    | 131/248 [00:00<00:00, 4473.61it/s, Materializing param=encoder.layers.6.feed_forward.output_dense.bias]
Loading weights:  53%|█████▎    | 132/248 [00:00<00:00, 4496.38it/s, Materializing param=encoder.layers.6.feed_forward.output_dense.weight]
Loading weights:  53%|█████▎    | 132/248 [00:00<00:00, 4488.76it/s, Materializing param=encoder.layers.6.feed_forward.output_dense.weight]
Loading weights:  54%|█████▎    | 133/248 [00:00<00:00, 4511.68it/s, Materializing param=encoder.layers.6.final_layer_norm.bias]           
Loading weights:  54%|█████▎    | 133/248 [00:00<00:00, 4504.11it/s, Materializing param=encoder.layers.6.final_layer_norm.bias]
Loading weights:  54%|█████▍    | 134/248 [00:00<00:00, 4526.93it/s, Materializing param=encoder.layers.6.final_layer_norm.weight]
Loading weights:  54%|█████▍    | 134/248 [00:00<00:00, 4519.54it/s, Materializing param=encoder.layers.6.final_layer_norm.weight]
Loading weights:  54%|█████▍    | 135/248 [00:00<00:00, 4542.24it/s, Materializing param=encoder.layers.6.layer_norm.bias]        
Loading weights:  54%|█████▍    | 135/248 [00:00<00:00, 4534.56it/s, Materializing param=encoder.layers.6.layer_norm.bias]
Loading weights:  55%|█████▍    | 136/248 [00:00<00:00, 4557.06it/s, Materializing param=encoder.layers.6.layer_norm.weight]
Loading weights:  55%|█████▍    | 136/248 [00:00<00:00, 4542.83it/s, Materializing param=encoder.layers.6.layer_norm.weight]
Loading weights:  55%|█████▌    | 137/248 [00:00<00:00, 4538.21it/s, Materializing param=encoder.layers.7.attention.gru_rel_pos_const]
Loading weights:  55%|█████▌    | 137/248 [00:00<00:00, 4529.31it/s, Materializing param=encoder.layers.7.attention.gru_rel_pos_const]
Loading weights:  56%|█████▌    | 138/248 [00:00<00:00, 4550.14it/s, Materializing param=encoder.layers.7.attention.gru_rel_pos_linear.bias]
Loading weights:  56%|█████▌    | 138/248 [00:00<00:00, 4542.25it/s, Materializing param=encoder.layers.7.attention.gru_rel_pos_linear.bias]
Loading weights:  56%|█████▌    | 139/248 [00:00<00:00, 4554.25it/s, Materializing param=encoder.layers.7.attention.gru_rel_pos_linear.weight]
Loading weights:  56%|█████▌    | 139/248 [00:00<00:00, 4545.09it/s, Materializing param=encoder.layers.7.attention.gru_rel_pos_linear.weight]
Loading weights:  56%|█████▋    | 140/248 [00:00<00:00, 4566.33it/s, Materializing param=encoder.layers.7.attention.k_proj.bias]              
Loading weights:  56%|█████▋    | 140/248 [00:00<00:00, 4559.06it/s, Materializing param=encoder.layers.7.attention.k_proj.bias]
Loading weights:  57%|█████▋    | 141/248 [00:00<00:00, 4580.78it/s, Materializing param=encoder.layers.7.attention.k_proj.weight]
Loading weights:  57%|█████▋    | 141/248 [00:00<00:00, 4573.59it/s, Materializing param=encoder.layers.7.attention.k_proj.weight]
Loading weights:  57%|█████▋    | 142/248 [00:00<00:00, 4595.29it/s, Materializing param=encoder.layers.7.attention.out_proj.bias]
Loading weights:  57%|█████▋    | 142/248 [00:00<00:00, 4587.93it/s, Materializing param=encoder.layers.7.attention.out_proj.bias]
Loading weights:  58%|█████▊    | 143/248 [00:00<00:00, 4609.48it/s, Materializing param=encoder.layers.7.attention.out_proj.weight]
Loading weights:  58%|█████▊    | 143/248 [00:00<00:00, 4601.52it/s, Materializing param=encoder.layers.7.attention.out_proj.weight]
Loading weights:  58%|█████▊    | 144/248 [00:00<00:00, 4623.06it/s, Materializing param=encoder.layers.7.attention.q_proj.bias]    
Loading weights:  58%|█████▊    | 144/248 [00:00<00:00, 4615.78it/s, Materializing param=encoder.layers.7.attention.q_proj.bias]
Loading weights:  58%|█████▊    | 145/248 [00:00<00:00, 4636.85it/s, Materializing param=encoder.layers.7.attention.q_proj.weight]
Loading weights:  58%|█████▊    | 145/248 [00:00<00:00, 4629.62it/s, Materializing param=encoder.layers.7.attention.q_proj.weight]
Loading weights:  59%|█████▉    | 146/248 [00:00<00:00, 4651.13it/s, Materializing param=encoder.layers.7.attention.v_proj.bias]  
Loading weights:  59%|█████▉    | 146/248 [00:00<00:00, 4643.94it/s, Materializing param=encoder.layers.7.attention.v_proj.bias]
Loading weights:  59%|█████▉    | 147/248 [00:00<00:00, 4664.99it/s, Materializing param=encoder.layers.7.attention.v_proj.weight]
Loading weights:  59%|█████▉    | 147/248 [00:00<00:00, 4655.24it/s, Materializing param=encoder.layers.7.attention.v_proj.weight]
Loading weights:  60%|█████▉    | 148/248 [00:00<00:00, 4659.57it/s, Materializing param=encoder.layers.7.feed_forward.intermediate_dense.bias]
Loading weights:  60%|█████▉    | 148/248 [00:00<00:00, 4649.27it/s, Materializing param=encoder.layers.7.feed_forward.intermediate_dense.bias]
Loading weights:  60%|██████    | 149/248 [00:00<00:00, 4667.33it/s, Materializing param=encoder.layers.7.feed_forward.intermediate_dense.weight]
Loading weights:  60%|██████    | 149/248 [00:00<00:00, 4659.43it/s, Materializing param=encoder.layers.7.feed_forward.intermediate_dense.weight]
Loading weights:  60%|██████    | 150/248 [00:00<00:00, 4679.12it/s, Materializing param=encoder.layers.7.feed_forward.output_dense.bias]        
Loading weights:  60%|██████    | 150/248 [00:00<00:00, 4671.51it/s, Materializing param=encoder.layers.7.feed_forward.output_dense.bias]
Loading weights:  61%|██████    | 151/248 [00:00<00:00, 4691.55it/s, Materializing param=encoder.layers.7.feed_forward.output_dense.weight]
Loading weights:  61%|██████    | 151/248 [00:00<00:00, 4684.12it/s, Materializing param=encoder.layers.7.feed_forward.output_dense.weight]
Loading weights:  61%|██████▏   | 152/248 [00:00<00:00, 4698.60it/s, Materializing param=encoder.layers.7.final_layer_norm.bias]           
Loading weights:  61%|██████▏   | 152/248 [00:00<00:00, 4690.79it/s, Materializing param=encoder.layers.7.final_layer_norm.bias]
Loading weights:  62%|██████▏   | 153/248 [00:00<00:00, 4676.16it/s, Materializing param=encoder.layers.7.final_layer_norm.weight]
Loading weights:  62%|██████▏   | 153/248 [00:00<00:00, 4666.40it/s, Materializing param=encoder.layers.7.final_layer_norm.weight]
Loading weights:  62%|██████▏   | 154/248 [00:00<00:00, 4685.01it/s, Materializing param=encoder.layers.7.layer_norm.bias]        
Loading weights:  62%|██████▏   | 154/248 [00:00<00:00, 4677.72it/s, Materializing param=encoder.layers.7.layer_norm.bias]
Loading weights:  62%|██████▎   | 155/248 [00:00<00:00, 4697.14it/s, Materializing param=encoder.layers.7.layer_norm.weight]
Loading weights:  62%|██████▎   | 155/248 [00:00<00:00, 4689.28it/s, Materializing param=encoder.layers.7.layer_norm.weight]
Loading weights:  63%|██████▎   | 156/248 [00:00<00:00, 4708.87it/s, Materializing param=encoder.layers.8.attention.gru_rel_pos_const]
Loading weights:  63%|██████▎   | 156/248 [00:00<00:00, 4701.80it/s, Materializing param=encoder.layers.8.attention.gru_rel_pos_const]
Loading weights:  63%|██████▎   | 157/248 [00:00<00:00, 4721.25it/s, Materializing param=encoder.layers.8.attention.gru_rel_pos_linear.bias]
Loading weights:  63%|██████▎   | 157/248 [00:00<00:00, 4714.19it/s, Materializing param=encoder.layers.8.attention.gru_rel_pos_linear.bias]
Loading weights:  64%|██████▎   | 158/248 [00:00<00:00, 4733.47it/s, Materializing param=encoder.layers.8.attention.gru_rel_pos_linear.weight]
Loading weights:  64%|██████▎   | 158/248 [00:00<00:00, 4726.41it/s, Materializing param=encoder.layers.8.attention.gru_rel_pos_linear.weight]
Loading weights:  64%|██████▍   | 159/248 [00:00<00:00, 4745.87it/s, Materializing param=encoder.layers.8.attention.k_proj.bias]              
Loading weights:  64%|██████▍   | 159/248 [00:00<00:00, 4739.09it/s, Materializing param=encoder.layers.8.attention.k_proj.bias]
Loading weights:  65%|██████▍   | 160/248 [00:00<00:00, 4758.48it/s, Materializing param=encoder.layers.8.attention.k_proj.weight]
Loading weights:  65%|██████▍   | 160/248 [00:00<00:00, 4751.41it/s, Materializing param=encoder.layers.8.attention.k_proj.weight]
Loading weights:  65%|██████▍   | 161/248 [00:00<00:00, 4770.77it/s, Materializing param=encoder.layers.8.attention.out_proj.bias]
Loading weights:  65%|██████▍   | 161/248 [00:00<00:00, 4763.60it/s, Materializing param=encoder.layers.8.attention.out_proj.bias]
Loading weights:  65%|██████▌   | 162/248 [00:00<00:00, 4782.83it/s, Materializing param=encoder.layers.8.attention.out_proj.weight]
Loading weights:  65%|██████▌   | 162/248 [00:00<00:00, 4776.00it/s, Materializing param=encoder.layers.8.attention.out_proj.weight]
Loading weights:  66%|██████▌   | 163/248 [00:00<00:00, 4795.00it/s, Materializing param=encoder.layers.8.attention.q_proj.bias]    
Loading weights:  66%|██████▌   | 163/248 [00:00<00:00, 4788.25it/s, Materializing param=encoder.layers.8.attention.q_proj.bias]
Loading weights:  66%|██████▌   | 164/248 [00:00<00:00, 4807.46it/s, Materializing param=encoder.layers.8.attention.q_proj.weight]
Loading weights:  66%|██████▌   | 164/248 [00:00<00:00, 4800.68it/s, Materializing param=encoder.layers.8.attention.q_proj.weight]
Loading weights:  67%|██████▋   | 165/248 [00:00<00:00, 4819.93it/s, Materializing param=encoder.layers.8.attention.v_proj.bias]  
Loading weights:  67%|██████▋   | 165/248 [00:00<00:00, 4813.03it/s, Materializing param=encoder.layers.8.attention.v_proj.bias]
Loading weights:  67%|██████▋   | 166/248 [00:00<00:00, 4831.81it/s, Materializing param=encoder.layers.8.attention.v_proj.weight]
Loading weights:  67%|██████▋   | 166/248 [00:00<00:00, 4806.83it/s, Materializing param=encoder.layers.8.attention.v_proj.weight]
Loading weights:  67%|██████▋   | 167/248 [00:00<00:00, 4812.33it/s, Materializing param=encoder.layers.8.feed_forward.intermediate_dense.bias]
Loading weights:  67%|██████▋   | 167/248 [00:00<00:00, 4799.63it/s, Materializing param=encoder.layers.8.feed_forward.intermediate_dense.bias]
Loading weights:  68%|██████▊   | 168/248 [00:00<00:00, 4810.28it/s, Materializing param=encoder.layers.8.feed_forward.intermediate_dense.weight]
Loading weights:  68%|██████▊   | 168/248 [00:00<00:00, 4787.60it/s, Materializing param=encoder.layers.8.feed_forward.intermediate_dense.weight]
Loading weights:  68%|██████▊   | 169/248 [00:00<00:00, 4801.90it/s, Materializing param=encoder.layers.8.feed_forward.output_dense.bias]        
Loading weights:  68%|██████▊   | 169/248 [00:00<00:00, 4794.46it/s, Materializing param=encoder.layers.8.feed_forward.output_dense.bias]
Loading weights:  69%|██████▊   | 170/248 [00:00<00:00, 4811.54it/s, Materializing param=encoder.layers.8.feed_forward.output_dense.weight]
Loading weights:  69%|██████▊   | 170/248 [00:00<00:00, 4796.10it/s, Materializing param=encoder.layers.8.feed_forward.output_dense.weight]
Loading weights:  69%|██████▉   | 171/248 [00:00<00:00, 4810.85it/s, Materializing param=encoder.layers.8.final_layer_norm.bias]           
Loading weights:  69%|██████▉   | 171/248 [00:00<00:00, 4803.60it/s, Materializing param=encoder.layers.8.final_layer_norm.bias]
Loading weights:  69%|██████▉   | 172/248 [00:00<00:00, 4800.09it/s, Materializing param=encoder.layers.8.final_layer_norm.weight]
Loading weights:  69%|██████▉   | 172/248 [00:00<00:00, 4784.30it/s, Materializing param=encoder.layers.8.final_layer_norm.weight]
Loading weights:  70%|██████▉   | 173/248 [00:00<00:00, 4782.05it/s, Materializing param=encoder.layers.8.layer_norm.bias]        
Loading weights:  70%|██████▉   | 173/248 [00:00<00:00, 4773.12it/s, Materializing param=encoder.layers.8.layer_norm.bias]
Loading weights:  70%|███████   | 174/248 [00:00<00:00, 4784.19it/s, Materializing param=encoder.layers.8.layer_norm.weight]
Loading weights:  70%|███████   | 174/248 [00:00<00:00, 4776.24it/s, Materializing param=encoder.layers.8.layer_norm.weight]
Loading weights:  71%|███████   | 175/248 [00:00<00:00, 4793.62it/s, Materializing param=encoder.layers.9.attention.gru_rel_pos_const]
Loading weights:  71%|███████   | 175/248 [00:00<00:00, 4786.61it/s, Materializing param=encoder.layers.9.attention.gru_rel_pos_const]
Loading weights:  71%|███████   | 176/248 [00:00<00:00, 4803.91it/s, Materializing param=encoder.layers.9.attention.gru_rel_pos_linear.bias]
Loading weights:  71%|███████   | 176/248 [00:00<00:00, 4797.45it/s, Materializing param=encoder.layers.9.attention.gru_rel_pos_linear.bias]
Loading weights:  71%|███████▏  | 177/248 [00:00<00:00, 4815.07it/s, Materializing param=encoder.layers.9.attention.gru_rel_pos_linear.weight]
Loading weights:  71%|███████▏  | 177/248 [00:00<00:00, 4808.30it/s, Materializing param=encoder.layers.9.attention.gru_rel_pos_linear.weight]
Loading weights:  72%|███████▏  | 178/248 [00:00<00:00, 4825.62it/s, Materializing param=encoder.layers.9.attention.k_proj.bias]              
Loading weights:  72%|███████▏  | 178/248 [00:00<00:00, 4819.30it/s, Materializing param=encoder.layers.9.attention.k_proj.bias]
Loading weights:  72%|███████▏  | 179/248 [00:00<00:00, 4836.69it/s, Materializing param=encoder.layers.9.attention.k_proj.weight]
Loading weights:  72%|███████▏  | 179/248 [00:00<00:00, 4830.34it/s, Materializing param=encoder.layers.9.attention.k_proj.weight]
Loading weights:  73%|███████▎  | 180/248 [00:00<00:00, 4847.79it/s, Materializing param=encoder.layers.9.attention.out_proj.bias]
Loading weights:  73%|███████▎  | 180/248 [00:00<00:00, 4841.01it/s, Materializing param=encoder.layers.9.attention.out_proj.bias]
Loading weights:  73%|███████▎  | 181/248 [00:00<00:00, 4858.34it/s, Materializing param=encoder.layers.9.attention.out_proj.weight]
Loading weights:  73%|███████▎  | 181/248 [00:00<00:00, 4852.04it/s, Materializing param=encoder.layers.9.attention.out_proj.weight]
Loading weights:  73%|███████▎  | 182/248 [00:00<00:00, 4869.48it/s, Materializing param=encoder.layers.9.attention.q_proj.bias]    
Loading weights:  73%|███████▎  | 182/248 [00:00<00:00, 4863.36it/s, Materializing param=encoder.layers.9.attention.q_proj.bias]
Loading weights:  74%|███████▍  | 183/248 [00:00<00:00, 4880.57it/s, Materializing param=encoder.layers.9.attention.q_proj.weight]
Loading weights:  74%|███████▍  | 183/248 [00:00<00:00, 4874.25it/s, Materializing param=encoder.layers.9.attention.q_proj.weight]
Loading weights:  74%|███████▍  | 184/248 [00:00<00:00, 4891.41it/s, Materializing param=encoder.layers.9.attention.v_proj.bias]  
Loading weights:  74%|███████▍  | 184/248 [00:00<00:00, 4885.22it/s, Materializing param=encoder.layers.9.attention.v_proj.bias]
Loading weights:  75%|███████▍  | 185/248 [00:00<00:00, 4901.99it/s, Materializing param=encoder.layers.9.attention.v_proj.weight]
Loading weights:  75%|███████▍  | 185/248 [00:00<00:00, 4895.62it/s, Materializing param=encoder.layers.9.attention.v_proj.weight]
Loading weights:  75%|███████▌  | 186/248 [00:00<00:00, 4912.45it/s, Materializing param=encoder.layers.9.feed_forward.intermediate_dense.bias]
Loading weights:  75%|███████▌  | 186/248 [00:00<00:00, 4906.14it/s, Materializing param=encoder.layers.9.feed_forward.intermediate_dense.bias]
Loading weights:  75%|███████▌  | 187/248 [00:00<00:00, 4914.90it/s, Materializing param=encoder.layers.9.feed_forward.intermediate_dense.weight]
Loading weights:  75%|███████▌  | 187/248 [00:00<00:00, 4907.80it/s, Materializing param=encoder.layers.9.feed_forward.intermediate_dense.weight]
Loading weights:  76%|███████▌  | 188/248 [00:00<00:00, 4819.60it/s, Materializing param=encoder.layers.9.feed_forward.output_dense.bias]        
Loading weights:  76%|███████▌  | 188/248 [00:00<00:00, 4796.76it/s, Materializing param=encoder.layers.9.feed_forward.output_dense.bias]
Loading weights:  76%|███████▌  | 189/248 [00:00<00:00, 4739.86it/s, Materializing param=encoder.layers.9.feed_forward.output_dense.weight]
Loading weights:  76%|███████▌  | 189/248 [00:00<00:00, 4727.03it/s, Materializing param=encoder.layers.9.feed_forward.output_dense.weight]
Loading weights:  77%|███████▋  | 190/248 [00:00<00:00, 4739.75it/s, Materializing param=encoder.layers.9.final_layer_norm.bias]           
Loading weights:  77%|███████▋  | 190/248 [00:00<00:00, 4708.61it/s, Materializing param=encoder.layers.9.final_layer_norm.bias]
Loading weights:  77%|███████▋  | 191/248 [00:00<00:00, 4699.29it/s, Materializing param=encoder.layers.9.final_layer_norm.weight]
Loading weights:  77%|███████▋  | 191/248 [00:00<00:00, 4687.83it/s, Materializing param=encoder.layers.9.final_layer_norm.weight]
Loading weights:  77%|███████▋  | 192/248 [00:00<00:00, 4700.54it/s, Materializing param=encoder.layers.9.layer_norm.bias]        
Loading weights:  77%|███████▋  | 192/248 [00:00<00:00, 4693.80it/s, Materializing param=encoder.layers.9.layer_norm.bias]
Loading weights:  78%|███████▊  | 193/248 [00:00<00:00, 4697.09it/s, Materializing param=encoder.layers.9.layer_norm.weight]
Loading weights:  78%|███████▊  | 193/248 [00:00<00:00, 4689.25it/s, Materializing param=encoder.layers.9.layer_norm.weight]
Loading weights:  78%|███████▊  | 194/248 [00:00<00:00, 4704.04it/s, Materializing param=encoder.layers.10.attention.gru_rel_pos_const]
Loading weights:  78%|███████▊  | 194/248 [00:00<00:00, 4698.12it/s, Materializing param=encoder.layers.10.attention.gru_rel_pos_const]
Loading weights:  79%|███████▊  | 195/248 [00:00<00:00, 4713.41it/s, Materializing param=encoder.layers.10.attention.gru_rel_pos_linear.bias]
Loading weights:  79%|███████▊  | 195/248 [00:00<00:00, 4707.52it/s, Materializing param=encoder.layers.10.attention.gru_rel_pos_linear.bias]
Loading weights:  79%|███████▉  | 196/248 [00:00<00:00, 4722.83it/s, Materializing param=encoder.layers.10.attention.gru_rel_pos_linear.weight]
Loading weights:  79%|███████▉  | 196/248 [00:00<00:00, 4717.11it/s, Materializing param=encoder.layers.10.attention.gru_rel_pos_linear.weight]
Loading weights:  79%|███████▉  | 197/248 [00:00<00:00, 4732.68it/s, Materializing param=encoder.layers.10.attention.k_proj.bias]              
Loading weights:  79%|███████▉  | 197/248 [00:00<00:00, 4727.07it/s, Materializing param=encoder.layers.10.attention.k_proj.bias]
Loading weights:  80%|███████▉  | 198/248 [00:00<00:00, 4742.36it/s, Materializing param=encoder.layers.10.attention.k_proj.weight]
Loading weights:  80%|███████▉  | 198/248 [00:00<00:00, 4736.81it/s, Materializing param=encoder.layers.10.attention.k_proj.weight]
Loading weights:  80%|████████  | 199/248 [00:00<00:00, 4752.39it/s, Materializing param=encoder.layers.10.attention.out_proj.bias]
Loading weights:  80%|████████  | 199/248 [00:00<00:00, 4746.98it/s, Materializing param=encoder.layers.10.attention.out_proj.bias]
Loading weights:  81%|████████  | 200/248 [00:00<00:00, 4762.14it/s, Materializing param=encoder.layers.10.attention.out_proj.weight]
Loading weights:  81%|████████  | 200/248 [00:00<00:00, 4756.63it/s, Materializing param=encoder.layers.10.attention.out_proj.weight]
Loading weights:  81%|████████  | 201/248 [00:00<00:00, 4772.00it/s, Materializing param=encoder.layers.10.attention.q_proj.bias]    
Loading weights:  81%|████████  | 201/248 [00:00<00:00, 4766.50it/s, Materializing param=encoder.layers.10.attention.q_proj.bias]
Loading weights:  81%|████████▏ | 202/248 [00:00<00:00, 4782.05it/s, Materializing param=encoder.layers.10.attention.q_proj.weight]
Loading weights:  81%|████████▏ | 202/248 [00:00<00:00, 4776.71it/s, Materializing param=encoder.layers.10.attention.q_proj.weight]
Loading weights:  82%|████████▏ | 203/248 [00:00<00:00, 4757.07it/s, Materializing param=encoder.layers.10.attention.v_proj.bias]  
Loading weights:  82%|████████▏ | 203/248 [00:00<00:00, 4747.12it/s, Materializing param=encoder.layers.10.attention.v_proj.bias]
Loading weights:  82%|████████▏ | 204/248 [00:00<00:00, 4741.66it/s, Materializing param=encoder.layers.10.attention.v_proj.weight]
Loading weights:  82%|████████▏ | 204/248 [00:00<00:00, 4729.95it/s, Materializing param=encoder.layers.10.attention.v_proj.weight]
Loading weights:  83%|████████▎ | 205/248 [00:00<00:00, 4741.76it/s, Materializing param=encoder.layers.10.feed_forward.intermediate_dense.bias]
Loading weights:  83%|████████▎ | 205/248 [00:00<00:00, 4734.11it/s, Materializing param=encoder.layers.10.feed_forward.intermediate_dense.bias]
Loading weights:  83%|████████▎ | 206/248 [00:00<00:00, 4746.12it/s, Materializing param=encoder.layers.10.feed_forward.intermediate_dense.weight]
Loading weights:  83%|████████▎ | 206/248 [00:00<00:00, 4739.85it/s, Materializing param=encoder.layers.10.feed_forward.intermediate_dense.weight]
Loading weights:  83%|████████▎ | 207/248 [00:00<00:00, 4753.75it/s, Materializing param=encoder.layers.10.feed_forward.output_dense.bias]        
Loading weights:  83%|████████▎ | 207/248 [00:00<00:00, 4747.98it/s, Materializing param=encoder.layers.10.feed_forward.output_dense.bias]
Loading weights:  84%|████████▍ | 208/248 [00:00<00:00, 4762.22it/s, Materializing param=encoder.layers.10.feed_forward.output_dense.weight]
Loading weights:  84%|████████▍ | 208/248 [00:00<00:00, 4756.04it/s, Materializing param=encoder.layers.10.feed_forward.output_dense.weight]
Loading weights:  84%|████████▍ | 209/248 [00:00<00:00, 4767.63it/s, Materializing param=encoder.layers.10.final_layer_norm.bias]           
Loading weights:  84%|████████▍ | 209/248 [00:00<00:00, 4761.26it/s, Materializing param=encoder.layers.10.final_layer_norm.bias]
Loading weights:  85%|████████▍ | 210/248 [00:00<00:00, 4775.20it/s, Materializing param=encoder.layers.10.final_layer_norm.weight]
Loading weights:  85%|████████▍ | 210/248 [00:00<00:00, 4769.56it/s, Materializing param=encoder.layers.10.final_layer_norm.weight]
Loading weights:  85%|████████▌ | 211/248 [00:00<00:00, 4783.93it/s, Materializing param=encoder.layers.10.layer_norm.bias]        
Loading weights:  85%|████████▌ | 211/248 [00:00<00:00, 4778.53it/s, Materializing param=encoder.layers.10.layer_norm.bias]
Loading weights:  85%|████████▌ | 212/248 [00:00<00:00, 4792.82it/s, Materializing param=encoder.layers.10.layer_norm.weight]
Loading weights:  85%|████████▌ | 212/248 [00:00<00:00, 4787.27it/s, Materializing param=encoder.layers.10.layer_norm.weight]
Loading weights:  86%|████████▌ | 213/248 [00:00<00:00, 4801.66it/s, Materializing param=encoder.layers.11.attention.gru_rel_pos_const]
Loading weights:  86%|████████▌ | 213/248 [00:00<00:00, 4796.30it/s, Materializing param=encoder.layers.11.attention.gru_rel_pos_const]
Loading weights:  86%|████████▋ | 214/248 [00:00<00:00, 4810.57it/s, Materializing param=encoder.layers.11.attention.gru_rel_pos_linear.bias]
Loading weights:  86%|████████▋ | 214/248 [00:00<00:00, 4805.24it/s, Materializing param=encoder.layers.11.attention.gru_rel_pos_linear.bias]
Loading weights:  87%|████████▋ | 215/248 [00:00<00:00, 4819.54it/s, Materializing param=encoder.layers.11.attention.gru_rel_pos_linear.weight]
Loading weights:  87%|████████▋ | 215/248 [00:00<00:00, 4814.24it/s, Materializing param=encoder.layers.11.attention.gru_rel_pos_linear.weight]
Loading weights:  87%|████████▋ | 216/248 [00:00<00:00, 4828.36it/s, Materializing param=encoder.layers.11.attention.k_proj.bias]              
Loading weights:  87%|████████▋ | 216/248 [00:00<00:00, 4821.37it/s, Materializing param=encoder.layers.11.attention.k_proj.bias]
Loading weights:  88%|████████▊ | 217/248 [00:00<00:00, 4834.46it/s, Materializing param=encoder.layers.11.attention.k_proj.weight]
Loading weights:  88%|████████▊ | 217/248 [00:00<00:00, 4829.22it/s, Materializing param=encoder.layers.11.attention.k_proj.weight]
Loading weights:  88%|████████▊ | 218/248 [00:00<00:00, 4843.49it/s, Materializing param=encoder.layers.11.attention.out_proj.bias]
Loading weights:  88%|████████▊ | 218/248 [00:00<00:00, 4838.34it/s, Materializing param=encoder.layers.11.attention.out_proj.bias]
Loading weights:  88%|████████▊ | 219/248 [00:00<00:00, 4852.47it/s, Materializing param=encoder.layers.11.attention.out_proj.weight]
Loading weights:  88%|████████▊ | 219/248 [00:00<00:00, 4847.14it/s, Materializing param=encoder.layers.11.attention.out_proj.weight]
Loading weights:  89%|████████▊ | 220/248 [00:00<00:00, 4861.35it/s, Materializing param=encoder.layers.11.attention.q_proj.bias]    
Loading weights:  89%|████████▊ | 220/248 [00:00<00:00, 4854.26it/s, Materializing param=encoder.layers.11.attention.q_proj.bias]
Loading weights:  89%|████████▉ | 221/248 [00:00<00:00, 4867.93it/s, Materializing param=encoder.layers.11.attention.q_proj.weight]
Loading weights:  89%|████████▉ | 221/248 [00:00<00:00, 4819.01it/s, Materializing param=encoder.layers.11.attention.q_proj.weight]
Loading weights:  90%|████████▉ | 222/248 [00:00<00:00, 4826.64it/s, Materializing param=encoder.layers.11.attention.v_proj.bias]  
Loading weights:  90%|████████▉ | 222/248 [00:00<00:00, 4819.47it/s, Materializing param=encoder.layers.11.attention.v_proj.bias]
Loading weights:  90%|████████▉ | 223/248 [00:00<00:00, 4832.05it/s, Materializing param=encoder.layers.11.attention.v_proj.weight]
Loading weights:  90%|████████▉ | 223/248 [00:00<00:00, 4826.61it/s, Materializing param=encoder.layers.11.attention.v_proj.weight]
Loading weights:  90%|█████████ | 224/248 [00:00<00:00, 4838.09it/s, Materializing param=encoder.layers.11.feed_forward.intermediate_dense.bias]
Loading weights:  90%|█████████ | 224/248 [00:00<00:00, 4832.20it/s, Materializing param=encoder.layers.11.feed_forward.intermediate_dense.bias]
Loading weights:  91%|█████████ | 225/248 [00:00<00:00, 4845.79it/s, Materializing param=encoder.layers.11.feed_forward.intermediate_dense.weight]
Loading weights:  91%|█████████ | 225/248 [00:00<00:00, 4840.45it/s, Materializing param=encoder.layers.11.feed_forward.intermediate_dense.weight]
Loading weights:  91%|█████████ | 226/248 [00:00<00:00, 4854.10it/s, Materializing param=encoder.layers.11.feed_forward.output_dense.bias]        
Loading weights:  91%|█████████ | 226/248 [00:00<00:00, 4848.93it/s, Materializing param=encoder.layers.11.feed_forward.output_dense.bias]
Loading weights:  92%|█████████▏| 227/248 [00:00<00:00, 4862.53it/s, Materializing param=encoder.layers.11.feed_forward.output_dense.weight]
Loading weights:  92%|█████████▏| 227/248 [00:00<00:00, 4857.44it/s, Materializing param=encoder.layers.11.feed_forward.output_dense.weight]
Loading weights:  92%|█████████▏| 228/248 [00:00<00:00, 4871.26it/s, Materializing param=encoder.layers.11.final_layer_norm.bias]           
Loading weights:  92%|█████████▏| 228/248 [00:00<00:00, 4866.23it/s, Materializing param=encoder.layers.11.final_layer_norm.bias]
Loading weights:  92%|█████████▏| 229/248 [00:00<00:00, 4880.07it/s, Materializing param=encoder.layers.11.final_layer_norm.weight]
Loading weights:  92%|█████████▏| 229/248 [00:00<00:00, 4875.19it/s, Materializing param=encoder.layers.11.final_layer_norm.weight]
Loading weights:  93%|█████████▎| 230/248 [00:00<00:00, 4889.23it/s, Materializing param=encoder.layers.11.layer_norm.bias]        
Loading weights:  93%|█████████▎| 230/248 [00:00<00:00, 4884.23it/s, Materializing param=encoder.layers.11.layer_norm.bias]
Loading weights:  93%|█████████▎| 231/248 [00:00<00:00, 4898.05it/s, Materializing param=encoder.layers.11.layer_norm.weight]
Loading weights:  93%|█████████▎| 231/248 [00:00<00:00, 4891.35it/s, Materializing param=encoder.layers.11.layer_norm.weight]
Loading weights:  94%|█████████▎| 232/248 [00:00<00:00, 4904.83it/s, Materializing param=encoder.pos_conv_embed.conv.bias]   
Loading weights:  94%|█████████▎| 232/248 [00:00<00:00, 4899.86it/s, Materializing param=encoder.pos_conv_embed.conv.bias]
Loading weights:  94%|█████████▍| 233/248 [00:00<00:00, 4913.14it/s, Materializing param=encoder.pos_conv_embed.conv.parametrizations.weight.original0]
Loading weights:  94%|█████████▍| 233/248 [00:00<00:00, 4907.91it/s, Materializing param=encoder.pos_conv_embed.conv.parametrizations.weight.original0]
Loading weights:  94%|█████████▍| 234/248 [00:00<00:00, 4920.23it/s, Materializing param=encoder.pos_conv_embed.conv.parametrizations.weight.original1]
Loading weights:  94%|█████████▍| 234/248 [00:00<00:00, 4914.95it/s, Materializing param=encoder.pos_conv_embed.conv.parametrizations.weight.original1]
Loading weights:  95%|█████████▍| 235/248 [00:00<00:00, 4927.96it/s, Materializing param=feature_extractor.conv_layers.0.conv.weight]                  
Loading weights:  95%|█████████▍| 235/248 [00:00<00:00, 4922.01it/s, Materializing param=feature_extractor.conv_layers.0.conv.weight]
Loading weights:  95%|█████████▌| 236/248 [00:00<00:00, 4934.55it/s, Materializing param=feature_extractor.conv_layers.0.layer_norm.bias]
Loading weights:  95%|█████████▌| 236/248 [00:00<00:00, 4929.39it/s, Materializing param=feature_extractor.conv_layers.0.layer_norm.bias]
Loading weights:  96%|█████████▌| 237/248 [00:00<00:00, 4934.03it/s, Materializing param=feature_extractor.conv_layers.0.layer_norm.weight]
Loading weights:  96%|█████████▌| 237/248 [00:00<00:00, 4916.66it/s, Materializing param=feature_extractor.conv_layers.0.layer_norm.weight]
Loading weights:  96%|█████████▌| 238/248 [00:00<00:00, 4926.88it/s, Materializing param=feature_extractor.conv_layers.1.conv.weight]      
Loading weights:  96%|█████████▌| 238/248 [00:00<00:00, 4916.08it/s, Materializing param=feature_extractor.conv_layers.1.conv.weight]
Loading weights:  96%|█████████▋| 239/248 [00:00<00:00, 4925.02it/s, Materializing param=feature_extractor.conv_layers.2.conv.weight]
Loading weights:  96%|█████████▋| 239/248 [00:00<00:00, 4919.27it/s, Materializing param=feature_extractor.conv_layers.2.conv.weight]
Loading weights:  97%|█████████▋| 240/248 [00:00<00:00, 4931.57it/s, Materializing param=feature_extractor.conv_layers.3.conv.weight]
Loading weights:  97%|█████████▋| 240/248 [00:00<00:00, 4921.40it/s, Materializing param=feature_extractor.conv_layers.3.conv.weight]
Loading weights:  97%|█████████▋| 241/248 [00:00<00:00, 4933.82it/s, Materializing param=feature_extractor.conv_layers.4.conv.weight]
Loading weights:  97%|█████████▋| 241/248 [00:00<00:00, 4928.70it/s, Materializing param=feature_extractor.conv_layers.4.conv.weight]
Loading weights:  98%|█████████▊| 242/248 [00:00<00:00, 4941.59it/s, Materializing param=feature_extractor.conv_layers.5.conv.weight]
Loading weights:  98%|█████████▊| 242/248 [00:00<00:00, 4936.61it/s, Materializing param=feature_extractor.conv_layers.5.conv.weight]
Loading weights:  98%|█████████▊| 243/248 [00:00<00:00, 4947.29it/s, Materializing param=feature_extractor.conv_layers.6.conv.weight]
Loading weights:  98%|█████████▊| 243/248 [00:00<00:00, 4941.77it/s, Materializing param=feature_extractor.conv_layers.6.conv.weight]
Loading weights:  98%|█████████▊| 244/248 [00:00<00:00, 4954.54it/s, Materializing param=feature_projection.layer_norm.bias]         
Loading weights:  98%|█████████▊| 244/248 [00:00<00:00, 4949.56it/s, Materializing param=feature_projection.layer_norm.bias]
Loading weights:  99%|█████████▉| 245/248 [00:00<00:00, 4962.36it/s, Materializing param=feature_projection.layer_norm.weight]
Loading weights:  99%|█████████▉| 245/248 [00:00<00:00, 4957.47it/s, Materializing param=feature_projection.layer_norm.weight]
Loading weights:  99%|█████████▉| 246/248 [00:00<00:00, 4970.37it/s, Materializing param=feature_projection.projection.bias]  
Loading weights:  99%|█████████▉| 246/248 [00:00<00:00, 4965.46it/s, Materializing param=feature_projection.projection.bias]
Loading weights: 100%|█████████▉| 247/248 [00:00<00:00, 4978.68it/s, Materializing param=feature_projection.projection.weight]
Loading weights: 100%|█████████▉| 247/248 [00:00<00:00, 4973.73it/s, Materializing param=feature_projection.projection.weight]
Loading weights: 100%|██████████| 248/248 [00:00<00:00, 4986.99it/s, Materializing param=masked_spec_embed]                   
Loading weights: 100%|██████████| 248/248 [00:00<00:00, 4982.17it/s, Materializing param=masked_spec_embed]
Loading weights: 100%|██████████| 248/248 [00:00<00:00, 4970.81it/s, Materializing param=masked_spec_embed]
Model parameters: 94,978,680 (trainable: 596,744)

WavLM Stage 2: Training with backbone lr=3e-05, head lr=0.001
[INFO] Cosine scheduler (group-wise): group0: base_lr=3.00e-05, eta_min=3.00e-06, group1: base_lr=1.00e-03, eta_min=1.00e-04
[INFO] Trainable parameters after stage setup: 14,773,552

train:   0%|          | 0/60 [00:00<?, ?it/s]libEGL warning: DRI3 error: Could not get DRI3 device
libEGL warning: DRI3 error: Could not get DRI3 device
libEGL warning: Ensure your X server supports DRI3 to get accelerated rendering
libEGL warning: Ensure your X server supports DRI3 to get accelerated rendering
WARNING: All log messages before absl::InitializeLog() is called are written to STDERR
WARNING: All log messages before absl::InitializeLog() is called are written to STDERR
I0000 00:00:1791487747.457999   34983 gl_context_egl.cc:85] Successfully initialized EGL. Major : 1 Minor: 5
I0000 00:00:1791487747.457996   34984 gl_context_egl.cc:85] Successfully initialized EGL. Major : 1 Minor: 5
I0000 00:00:1791487747.501217   35208 gl_context.cc:369] GL version: 3.2 (OpenGL ES 3.2 Mesa 25.2.8-0ubuntu0.24.04.2), renderer: llvmpipe (LLVM 20.1.2, 256 bits)
I0000 00:00:1791487747.501224   35209 gl_context.cc:369] GL version: 3.2 (OpenGL ES 3.2 Mesa 25.2.8-0ubuntu0.24.04.2), renderer: llvmpipe (LLVM 20.1.2, 256 bits)
INFO: INFO: Created TensorFlow Lite XNNPACK delegate for CPU.Created TensorFlow Lite XNNPACK delegate for CPU.

W0000 00:00:1791487747.525036   35107 inference_feedback_manager.cc:114] Feedback manager requires a model with a single signature inference. Disabling support for feedback tensors.
W0000 00:00:1791487747.525037   35099 inference_feedback_manager.cc:114] Feedback manager requires a model with a single signature inference. Disabling support for feedback tensors.

train:   2%|▏         | 1/60 [00:05<05:02,  5.12s/it]
train:   3%|▎         | 2/60 [00:05<02:08,  2.22s/it]
train:   5%|▌         | 3/60 [00:05<01:13,  1.29s/it]
train:   7%|▋         | 4/60 [00:05<00:47,  1.18it/s]
train:   8%|▊         | 5/60 [00:06<00:55,  1.01s/it]
train:  10%|█         | 6/60 [00:07<00:39,  1.37it/s]
train:  12%|█▏        | 7/60 [00:08<00:49,  1.08it/s]
train:  13%|█▎        | 8/60 [00:08<00:36,  1.44it/s]
train:  15%|█▌        | 9/60 [00:09<00:44,  1.14it/s]
train:  17%|█▋        | 10/60 [00:10<00:33,  1.50it/s]
train:  18%|█▊        | 11/60 [00:11<00:42,  1.16it/s]
train:  20%|██        | 12/60 [00:11<00:31,  1.52it/s]
train:  22%|██▏       | 13/60 [00:13<00:40,  1.15it/s]
train:  23%|██▎       | 14/60 [00:13<00:30,  1.52it/s]
train:  25%|██▌       | 15/60 [00:14<00:37,  1.19it/s]
train:  27%|██▋       | 16/60 [00:14<00:28,  1.56it/s]
train:  28%|██▊       | 17/60 [00:15<00:36,  1.17it/s]
train:  30%|███       | 18/60 [00:16<00:27,  1.54it/s]
train:  32%|███▏      | 19/60 [00:17<00:34,  1.17it/s]
train:  33%|███▎      | 20/60 [00:17<00:25,  1.54it/s]
train:  35%|███▌      | 21/60 [00:18<00:33,  1.17it/s]
train:  37%|███▋      | 22/60 [00:19<00:24,  1.54it/s]
train:  38%|███▊      | 23/60 [00:20<00:30,  1.20it/s]
train:  40%|████      | 24/60 [00:20<00:22,  1.57it/s]
train:  42%|████▏     | 25/60 [00:21<00:28,  1.22it/s]
train:  43%|████▎     | 26/60 [00:22<00:21,  1.58it/s]
train:  45%|████▌     | 27/60 [00:23<00:27,  1.21it/s]
train:  47%|████▋     | 28/60 [00:23<00:20,  1.59it/s]
train:  48%|████▊     | 29/60 [00:24<00:26,  1.19it/s]
train:  50%|█████     | 30/60 [00:24<00:19,  1.56it/s]
train:  52%|█████▏    | 31/60 [00:26<00:24,  1.17it/s]
train:  53%|█████▎    | 32/60 [00:26<00:18,  1.55it/s]
train:  55%|█████▌    | 33/60 [00:27<00:22,  1.18it/s]
train:  57%|█████▋    | 34/60 [00:27<00:16,  1.54it/s]
train:  58%|█████▊    | 35/60 [00:30<00:33,  1.35s/it]
train:  60%|██████    | 36/60 [00:31<00:23,  1.00it/s]
train:  62%|██████▏   | 37/60 [00:32<00:24,  1.08s/it]
train:  63%|██████▎   | 38/60 [00:32<00:17,  1.22it/s]
train:  65%|██████▌   | 39/60 [00:33<00:20,  1.03it/s]
train:  67%|██████▋   | 40/60 [00:34<00:14,  1.37it/s]
train:  68%|██████▊   | 41/60 [00:35<00:17,  1.07it/s]
train:  70%|███████   | 42/60 [00:35<00:12,  1.40it/s]
train:  72%|███████▏  | 43/60 [00:37<00:15,  1.13it/s]
train:  73%|███████▎  | 44/60 [00:37<00:10,  1.48it/s]
train:  75%|███████▌  | 45/60 [00:38<00:13,  1.15it/s]
train:  77%|███████▋  | 46/60 [00:38<00:09,  1.51it/s]
train:  78%|███████▊  | 47/60 [00:40<00:11,  1.16it/s]
train:  80%|████████  | 48/60 [00:40<00:07,  1.52it/s]
train:  82%|████████▏ | 49/60 [00:41<00:09,  1.18it/s]
train:  83%|████████▎ | 50/60 [00:41<00:06,  1.54it/s]
train:  85%|████████▌ | 51/60 [00:43<00:07,  1.18it/s]
train:  87%|████████▋ | 52/60 [00:43<00:05,  1.54it/s]
train:  88%|████████▊ | 53/60 [00:44<00:06,  1.16it/s]
train:  90%|█████████ | 54/60 [00:44<00:03,  1.53it/s]
train:  92%|█████████▏| 55/60 [00:46<00:04,  1.15it/s]
train:  93%|█████████▎| 56/60 [00:46<00:02,  1.52it/s]
train:  95%|█████████▌| 57/60 [00:47<00:02,  1.15it/s]
train:  97%|█████████▋| 58/60 [00:47<00:01,  1.53it/s]
train:  98%|█████████▊| 59/60 [00:49<00:00,  1.20it/s]
train: 100%|██████████| 60/60 [00:49<00:00,  1.56it/s]
                                                      

eval:   0%|          | 0/15 [00:00<?, ?it/s]libEGL warning: DRI3 error: Could not get DRI3 device
libEGL warning: Ensure your X server supports DRI3 to get accelerated rendering
libEGL warning: DRI3 error: Could not get DRI3 device
libEGL warning: Ensure your X server supports DRI3 to get accelerated rendering
WARNING: All log messages before absl::InitializeLog() is called are written to STDERR
I0000 00:00:1791487796.360439   50584 gl_context_egl.cc:85] Successfully initialized EGL. Major : 1 Minor: 5
WARNING: All log messages before absl::InitializeLog() is called are written to STDERR
I0000 00:00:1791487796.361229   50585 gl_context_egl.cc:85] Successfully initialized EGL. Major : 1 Minor: 5
I0000 00:00:1791487796.375271   50809 gl_context.cc:369] GL version: 3.2 (OpenGL ES 3.2 Mesa 25.2.8-0ubuntu0.24.04.2), renderer: llvmpipe (LLVM 20.1.2, 256 bits)
I0000 00:00:1791487796.378261   50810 gl_context.cc:369] GL version: 3.2 (OpenGL ES 3.2 Mesa 25.2.8-0ubuntu0.24.04.2), renderer: llvmpipe (LLVM 20.1.2, 256 bits)
INFO: Created TensorFlow Lite XNNPACK delegate for CPU.
INFO: Created TensorFlow Lite XNNPACK delegate for CPU.
W0000 00:00:1791487796.394049   50692 inference_feedback_manager.cc:114] Feedback manager requires a model with a single signature inference. Disabling support for feedback tensors.
W0000 00:00:1791487796.395245   50705 inference_feedback_manager.cc:114] Feedback manager requires a model with a single signature inference. Disabling support for feedback tensors.

eval:   7%|▋         | 1/15 [00:02<00:37,  2.65s/it]
eval:  20%|██        | 3/15 [00:04<00:14,  1.20s/it]
eval:  33%|███▎      | 5/15 [00:05<00:09,  1.04it/s]
eval:  47%|████▋     | 7/15 [00:06<00:06,  1.18it/s]
eval:  60%|██████    | 9/15 [00:08<00:04,  1.25it/s]
eval:  73%|███████▎  | 11/15 [00:09<00:03,  1.31it/s]
eval:  87%|████████▋ | 13/15 [00:11<00:01,  1.33it/s]
eval: 100%|██████████| 15/15 [00:12<00:00,  1.41it/s]
                                                     
Epoch 01 | stage - | train loss 1.9797 (cls 1.9797, ctr 0.0000) acc 0.2500 f1 0.2288 | val loss 1.7625 (cls 1.7625, ctr 0.0000) acc 0.3583 f1 0.2945 | lr [2.93e-05, 9.78e-04]

train:   0%|          | 0/60 [00:00<?, ?it/s]
train:   2%|▏         | 1/60 [00:03<03:15,  3.32s/it]
train:   3%|▎         | 2/60 [00:03<01:25,  1.47s/it]
train:   5%|▌         | 3/60 [00:04<01:18,  1.37s/it]
train:   7%|▋         | 4/60 [00:04<00:50,  1.10it/s]
train:   8%|▊         | 5/60 [00:06<00:56,  1.03s/it]
train:  10%|█         | 6/60 [00:06<00:40,  1.34it/s]
train:  12%|█▏        | 7/60 [00:07<00:51,  1.02it/s]
train:  13%|█▎        | 8/60 [00:08<00:37,  1.37it/s]
train:  15%|█▌        | 9/60 [00:09<00:46,  1.11it/s]
train:  17%|█▋        | 10/60 [00:09<00:33,  1.48it/s]
train:  18%|█▊        | 11/60 [00:10<00:42,  1.15it/s]
train:  20%|██        | 12/60 [00:10<00:31,  1.52it/s]
train:  22%|██▏       | 13/60 [00:12<00:39,  1.20it/s]
train:  23%|██▎       | 14/60 [00:12<00:29,  1.56it/s]
train:  25%|██▌       | 15/60 [00:13<00:37,  1.19it/s]
train:  27%|██▋       | 16/60 [00:13<00:28,  1.56it/s]
train:  28%|██▊       | 17/60 [00:15<00:35,  1.20it/s]
train:  30%|███       | 18/60 [00:15<00:26,  1.57it/s]
train:  32%|███▏      | 19/60 [00:16<00:33,  1.21it/s]
train:  33%|███▎      | 20/60 [00:16<00:25,  1.59it/s]
train:  35%|███▌      | 21/60 [00:18<00:32,  1.19it/s]
train:  37%|███▋      | 22/60 [00:18<00:24,  1.56it/s]
train:  38%|███▊      | 23/60 [00:19<00:31,  1.18it/s]
train:  40%|████      | 24/60 [00:19<00:23,  1.54it/s]
train:  42%|████▏     | 25/60 [00:21<00:29,  1.19it/s]
train:  43%|████▎     | 26/60 [00:21<00:21,  1.56it/s]
train:  45%|████▌     | 27/60 [00:22<00:27,  1.22it/s]
train:  47%|████▋     | 28/60 [00:22<00:20,  1.58it/s]
train:  48%|████▊     | 29/60 [00:24<00:26,  1.18it/s]
train:  50%|█████     | 30/60 [00:24<00:19,  1.54it/s]
train:  52%|█████▏    | 31/60 [00:25<00:24,  1.20it/s]
train:  53%|█████▎    | 32/60 [00:25<00:18,  1.55it/s]
train:  55%|█████▌    | 33/60 [00:26<00:22,  1.20it/s]
train:  57%|█████▋    | 34/60 [00:27<00:16,  1.56it/s]
train:  58%|█████▊    | 35/60 [00:28<00:20,  1.19it/s]
train:  60%|██████    | 36/60 [00:28<00:15,  1.54it/s]
train:  62%|██████▏   | 37/60 [00:29<00:19,  1.20it/s]
train:  63%|██████▎   | 38/60 [00:30<00:14,  1.55it/s]
train:  65%|██████▌   | 39/60 [00:31<00:18,  1.16it/s]
train:  67%|██████▋   | 40/60 [00:31<00:12,  1.54it/s]
train:  68%|██████▊   | 41/60 [00:33<00:16,  1.16it/s]
train:  70%|███████   | 42/60 [00:33<00:11,  1.52it/s]
train:  72%|███████▏  | 43/60 [00:36<00:22,  1.34s/it]
train:  73%|███████▎  | 44/60 [00:36<00:15,  1.01it/s]
train:  75%|███████▌  | 45/60 [00:37<00:16,  1.08s/it]
train:  77%|███████▋  | 46/60 [00:37<00:11,  1.22it/s]
train:  78%|███████▊  | 47/60 [00:39<00:12,  1.04it/s]
train:  80%|████████  | 48/60 [00:39<00:09,  1.33it/s]
train:  82%|████████▏ | 49/60 [00:40<00:10,  1.09it/s]
train:  83%|████████▎ | 50/60 [00:40<00:07,  1.41it/s]
train:  85%|████████▌ | 51/60 [00:42<00:07,  1.14it/s]
train:  87%|████████▋ | 52/60 [00:42<00:05,  1.45it/s]
train:  88%|████████▊ | 53/60 [00:43<00:05,  1.17it/s]
train:  90%|█████████ | 54/60 [00:43<00:04,  1.48it/s]
train:  92%|█████████▏| 55/60 [00:45<00:04,  1.17it/s]
train:  93%|█████████▎| 56/60 [00:45<00:02,  1.52it/s]
train:  95%|█████████▌| 57/60 [00:46<00:02,  1.19it/s]
train:  97%|█████████▋| 58/60 [00:46<00:01,  1.49it/s]
train:  98%|█████████▊| 59/60 [00:48<00:00,  1.17it/s]
train: 100%|██████████| 60/60 [00:48<00:00,  1.51it/s]
                                                      

eval:   0%|          | 0/15 [00:00<?, ?it/s]
eval:   7%|▋         | 1/15 [00:01<00:21,  1.50s/it]
eval:  20%|██        | 3/15 [00:02<00:10,  1.09it/s]
eval:  33%|███▎      | 5/15 [00:04<00:08,  1.23it/s]
eval:  47%|████▋     | 7/15 [00:05<00:06,  1.31it/s]
eval:  60%|██████    | 9/15 [00:07<00:04,  1.34it/s]
eval:  73%|███████▎  | 11/15 [00:08<00:02,  1.39it/s]
eval:  87%|████████▋ | 13/15 [00:10<00:01,  1.37it/s]
eval: 100%|██████████| 15/15 [00:11<00:00,  1.42it/s]
                                                     
Epoch 02 | stage - | train loss 1.5626 (cls 1.5626, ctr 0.0000) acc 0.3979 f1 0.3527 | val loss 1.4597 (cls 1.4597, ctr 0.0000) acc 0.4292 f1 0.3877 | lr [2.85e-05, 9.51e-04]

train:   0%|          | 0/60 [00:00<?, ?it/s]
train:   2%|▏         | 1/60 [00:01<01:48,  1.84s/it]
train:   3%|▎         | 2/60 [00:02<00:50,  1.15it/s]
train:   5%|▌         | 3/60 [00:03<00:55,  1.03it/s]
train:   7%|▋         | 4/60 [00:03<00:37,  1.51it/s]
train:   8%|▊         | 5/60 [00:04<00:50,  1.10it/s]
train:  10%|█         | 6/60 [00:04<00:35,  1.50it/s]
train:  12%|█▏        | 7/60 [00:06<00:45,  1.16it/s]
train:  13%|█▎        | 8/60 [00:06<00:33,  1.56it/s]
train:  15%|█▌        | 9/60 [00:07<00:42,  1.20it/s]
train:  17%|█▋        | 10/60 [00:07<00:31,  1.59it/s]
train:  18%|█▊        | 11/60 [00:10<01:06,  1.36s/it]
train:  20%|██        | 12/60 [00:10<00:48,  1.00s/it]
train:  22%|██▏       | 13/60 [00:12<00:50,  1.07s/it]
train:  23%|██▎       | 14/60 [00:12<00:36,  1.25it/s]
train:  25%|██▌       | 15/60 [00:13<00:43,  1.03it/s]
train:  27%|██▋       | 16/60 [00:13<00:32,  1.37it/s]
train:  28%|██▊       | 17/60 [00:15<00:38,  1.11it/s]
train:  30%|███       | 18/60 [00:15<00:28,  1.46it/s]
train:  32%|███▏      | 19/60 [00:16<00:35,  1.15it/s]
train:  33%|███▎      | 20/60 [00:16<00:26,  1.52it/s]
train:  35%|███▌      | 21/60 [00:18<00:33,  1.16it/s]
train:  37%|███▋      | 22/60 [00:18<00:25,  1.51it/s]
train:  38%|███▊      | 23/60 [00:19<00:31,  1.18it/s]
train:  40%|████      | 24/60 [00:19<00:23,  1.54it/s]
train:  42%|████▏     | 25/60 [00:21<00:29,  1.20it/s]
train:  43%|████▎     | 26/60 [00:21<00:21,  1.59it/s]
train:  45%|████▌     | 27/60 [00:22<00:27,  1.19it/s]
train:  47%|████▋     | 28/60 [00:22<00:20,  1.56it/s]
train:  48%|████▊     | 29/60 [00:23<00:25,  1.21it/s]
train:  50%|█████     | 30/60 [00:24<00:18,  1.58it/s]
train:  52%|█████▏    | 31/60 [00:25<00:23,  1.21it/s]
train:  53%|█████▎    | 32/60 [00:25<00:17,  1.59it/s]
train:  55%|█████▌    | 33/60 [00:26<00:22,  1.21it/s]
train:  57%|█████▋    | 34/60 [00:27<00:16,  1.57it/s]
train:  58%|█████▊    | 35/60 [00:28<00:20,  1.20it/s]
train:  60%|██████    | 36/60 [00:28<00:15,  1.56it/s]
train:  62%|██████▏   | 37/60 [00:29<00:19,  1.18it/s]
train:  63%|██████▎   | 38/60 [00:30<00:14,  1.56it/s]
train:  65%|██████▌   | 39/60 [00:31<00:17,  1.19it/s]
train:  67%|██████▋   | 40/60 [00:31<00:12,  1.56it/s]
train:  68%|██████▊   | 41/60 [00:32<00:16,  1.18it/s]
train:  70%|███████   | 42/60 [00:33<00:11,  1.55it/s]
train:  72%|███████▏  | 43/60 [00:34<00:14,  1.17it/s]
train:  73%|███████▎  | 44/60 [00:34<00:10,  1.53it/s]
train:  75%|███████▌  | 45/60 [00:35<00:12,  1.17it/s]
train:  77%|███████▋  | 46/60 [00:36<00:09,  1.50it/s]
train:  78%|███████▊  | 47/60 [00:37<00:11,  1.15it/s]
train:  80%|████████  | 48/60 [00:37<00:08,  1.47it/s]
train:  82%|████████▏ | 49/60 [00:39<00:09,  1.14it/s]
train:  83%|████████▎ | 50/60 [00:39<00:06,  1.47it/s]
train:  85%|████████▌ | 51/60 [00:40<00:07,  1.15it/s]
train:  87%|████████▋ | 52/60 [00:40<00:05,  1.46it/s]
train:  88%|████████▊ | 53/60 [00:43<00:09,  1.39s/it]
train:  90%|█████████ | 54/60 [00:44<00:06,  1.06s/it]
train:  92%|█████████▏| 55/60 [00:45<00:05,  1.13s/it]
train:  93%|█████████▎| 56/60 [00:45<00:03,  1.14it/s]
train:  95%|█████████▌| 57/60 [00:47<00:02,  1.00it/s]
train:  97%|█████████▋| 58/60 [00:47<00:01,  1.25it/s]
train:  98%|█████████▊| 59/60 [00:48<00:00,  1.07it/s]
train: 100%|██████████| 60/60 [00:48<00:00,  1.37it/s]
                                                      

eval:   0%|          | 0/15 [00:00<?, ?it/s]
eval:   7%|▋         | 1/15 [00:01<00:22,  1.61s/it]
eval:  20%|██        | 3/15 [00:03<00:11,  1.02it/s]
eval:  33%|███▎      | 5/15 [00:04<00:08,  1.17it/s]
eval:  47%|████▋     | 7/15 [00:05<00:06,  1.27it/s]
eval:  60%|██████    | 9/15 [00:07<00:04,  1.31it/s]
eval:  73%|███████▎  | 11/15 [00:08<00:02,  1.37it/s]
eval:  87%|████████▋ | 13/15 [00:10<00:01,  1.36it/s]
eval: 100%|██████████| 15/15 [00:11<00:00,  1.41it/s]
                                                     
Epoch 03 | stage - | train loss 1.3695 (cls 1.3695, ctr 0.0000) acc 0.4823 f1 0.4684 | val loss 1.3621 (cls 1.3621, ctr 0.0000) acc 0.5042 f1 0.4875 | lr [2.74e-05, 9.14e-04]

train:   0%|          | 0/60 [00:00<?, ?it/s]
train:   2%|▏         | 1/60 [00:01<01:49,  1.85s/it]
train:   3%|▎         | 2/60 [00:02<00:50,  1.15it/s]
train:   5%|▌         | 3/60 [00:03<01:01,  1.08s/it]
train:   7%|▋         | 4/60 [00:03<00:40,  1.39it/s]
train:   8%|▊         | 5/60 [00:04<00:53,  1.04it/s]
train:  10%|█         | 6/60 [00:05<00:37,  1.45it/s]
train:  12%|█▏        | 7/60 [00:06<00:49,  1.08it/s]
train:  13%|█▎        | 8/60 [00:06<00:35,  1.47it/s]
train:  15%|█▌        | 9/60 [00:08<00:46,  1.10it/s]
train:  17%|█▋        | 10/60 [00:08<00:34,  1.47it/s]
train:  18%|█▊        | 11/60 [00:09<00:43,  1.12it/s]
train:  20%|██        | 12/60 [00:09<00:32,  1.48it/s]
train:  22%|██▏       | 13/60 [00:11<00:42,  1.11it/s]
train:  23%|██▎       | 14/60 [00:11<00:31,  1.46it/s]
train:  25%|██▌       | 15/60 [00:12<00:41,  1.07it/s]
train:  27%|██▋       | 16/60 [00:13<00:31,  1.41it/s]
train:  28%|██▊       | 17/60 [00:14<00:40,  1.07it/s]
train:  30%|███       | 18/60 [00:14<00:29,  1.42it/s]
train:  32%|███▏      | 19/60 [00:17<01:00,  1.48s/it]
train:  33%|███▎      | 20/60 [00:18<00:43,  1.09s/it]
train:  35%|███▌      | 21/60 [00:19<00:46,  1.20s/it]
train:  37%|███▋      | 22/60 [00:19<00:34,  1.11it/s]
train:  38%|███▊      | 23/60 [00:21<00:40,  1.09s/it]
train:  40%|████      | 24/60 [00:21<00:29,  1.22it/s]
train:  42%|████▏     | 25/60 [00:23<00:35,  1.02s/it]
train:  43%|████▎     | 26/60 [00:23<00:26,  1.29it/s]
train:  45%|████▌     | 27/60 [00:24<00:32,  1.02it/s]
train:  47%|████▋     | 28/60 [00:24<00:23,  1.35it/s]
train:  48%|████▊     | 29/60 [00:26<00:29,  1.06it/s]
train:  50%|█████     | 30/60 [00:26<00:21,  1.40it/s]
train:  52%|█████▏    | 31/60 [00:27<00:27,  1.06it/s]
train:  53%|█████▎    | 32/60 [00:28<00:20,  1.40it/s]
train:  55%|█████▌    | 33/60 [00:29<00:25,  1.06it/s]
train:  57%|█████▋    | 34/60 [00:29<00:18,  1.40it/s]
train:  58%|█████▊    | 35/60 [00:31<00:23,  1.06it/s]
train:  60%|██████    | 36/60 [00:31<00:17,  1.41it/s]
train:  62%|██████▏   | 37/60 [00:32<00:21,  1.06it/s]
train:  63%|██████▎   | 38/60 [00:33<00:15,  1.40it/s]
train:  65%|██████▌   | 39/60 [00:34<00:19,  1.07it/s]
train:  67%|██████▋   | 40/60 [00:34<00:14,  1.42it/s]
train:  68%|██████▊   | 41/60 [00:36<00:16,  1.13it/s]
train:  70%|███████   | 42/60 [00:36<00:12,  1.47it/s]
train:  72%|███████▏  | 43/60 [00:37<00:15,  1.12it/s]
train:  73%|███████▎  | 44/60 [00:37<00:10,  1.46it/s]
train:  75%|███████▌  | 45/60 [00:39<00:13,  1.12it/s]
train:  77%|███████▋  | 46/60 [00:39<00:09,  1.43it/s]
train:  78%|███████▊  | 47/60 [00:40<00:12,  1.08it/s]
train:  80%|████████  | 48/60 [00:41<00:08,  1.40it/s]
train:  82%|████████▏ | 49/60 [00:42<00:10,  1.05it/s]
train:  83%|████████▎ | 50/60 [00:42<00:07,  1.39it/s]
train:  85%|████████▌ | 51/60 [00:44<00:08,  1.06it/s]
train:  87%|████████▋ | 52/60 [00:44<00:05,  1.39it/s]
train:  88%|████████▊ | 53/60 [00:45<00:06,  1.06it/s]
train:  90%|█████████ | 54/60 [00:46<00:04,  1.39it/s]
train:  92%|█████████▏| 55/60 [00:47<00:04,  1.07it/s]
train:  93%|█████████▎| 56/60 [00:47<00:02,  1.41it/s]
train:  95%|█████████▌| 57/60 [00:49<00:02,  1.09it/s]
train:  97%|█████████▋| 58/60 [00:49<00:01,  1.43it/s]
train:  98%|█████████▊| 59/60 [00:52<00:01,  1.40s/it]
train: 100%|██████████| 60/60 [00:52<00:00,  1.03s/it]
                                                      

eval:   0%|          | 0/15 [00:00<?, ?it/s]
eval:   7%|▋         | 1/15 [00:01<00:23,  1.67s/it]
eval:  20%|██        | 3/15 [00:03<00:12,  1.04s/it]
eval:  33%|███▎      | 5/15 [00:04<00:09,  1.08it/s]
eval:  47%|████▋     | 7/15 [00:06<00:06,  1.15it/s]
eval:  60%|██████    | 9/15 [00:08<00:05,  1.18it/s]
eval:  73%|███████▎  | 11/15 [00:09<00:03,  1.22it/s]
eval:  87%|████████▋ | 13/15 [00:11<00:01,  1.23it/s]
eval: 100%|██████████| 15/15 [00:12<00:00,  1.33it/s]
                                                     
Epoch 04 | stage - | train loss 1.2595 (cls 1.2595, ctr 0.0000) acc 0.5344 f1 0.5175 | val loss 1.7276 (cls 1.7276, ctr 0.0000) acc 0.4375 f1 0.4128 | lr [2.60e-05, 8.68e-04]

train:   0%|          | 0/60 [00:00<?, ?it/s]
train:   2%|▏         | 1/60 [00:01<01:47,  1.83s/it]
train:   3%|▎         | 2/60 [00:02<00:49,  1.17it/s]
train:   5%|▌         | 3/60 [00:03<01:03,  1.11s/it]
train:   7%|▋         | 4/60 [00:03<00:41,  1.34it/s]
train:   8%|▊         | 5/60 [00:05<00:54,  1.01it/s]
train:  10%|█         | 6/60 [00:05<00:38,  1.39it/s]
train:  12%|█▏        | 7/60 [00:06<00:51,  1.04it/s]
train:  13%|█▎        | 8/60 [00:06<00:36,  1.41it/s]
train:  15%|█▌        | 9/60 [00:08<00:48,  1.06it/s]
train:  17%|█▋        | 10/60 [00:08<00:35,  1.40it/s]
train:  18%|█▊        | 11/60 [00:10<00:46,  1.04it/s]
train:  20%|██        | 12/60 [00:10<00:34,  1.38it/s]
train:  22%|██▏       | 13/60 [00:11<00:44,  1.06it/s]
train:  23%|██▎       | 14/60 [00:11<00:33,  1.39it/s]
train:  25%|██▌       | 15/60 [00:13<00:42,  1.06it/s]
train:  27%|██▋       | 16/60 [00:13<00:31,  1.40it/s]
train:  28%|██▊       | 17/60 [00:14<00:39,  1.09it/s]
train:  30%|███       | 18/60 [00:15<00:29,  1.43it/s]
train:  32%|███▏      | 19/60 [00:16<00:37,  1.08it/s]
train:  33%|███▎      | 20/60 [00:16<00:27,  1.43it/s]
train:  35%|███▌      | 21/60 [00:19<00:55,  1.43s/it]
train:  37%|███▋      | 22/60 [00:20<00:40,  1.05s/it]
train:  38%|███▊      | 23/60 [00:21<00:44,  1.21s/it]
train:  40%|████      | 24/60 [00:21<00:32,  1.11it/s]
train:  42%|████▏     | 25/60 [00:23<00:38,  1.09s/it]
train:  43%|████▎     | 26/60 [00:23<00:27,  1.22it/s]
train:  45%|████▌     | 27/60 [00:25<00:33,  1.03s/it]
train:  47%|████▋     | 28/60 [00:25<00:24,  1.29it/s]
train:  48%|████▊     | 29/60 [00:26<00:31,  1.00s/it]
train:  50%|█████     | 30/60 [00:26<00:22,  1.33it/s]
train:  52%|█████▏    | 31/60 [00:28<00:27,  1.05it/s]
train:  53%|█████▎    | 32/60 [00:28<00:20,  1.39it/s]
train:  55%|█████▌    | 33/60 [00:29<00:25,  1.08it/s]
train:  57%|█████▋    | 34/60 [00:30<00:18,  1.42it/s]
train:  58%|█████▊    | 35/60 [00:31<00:23,  1.08it/s]
train:  60%|██████    | 36/60 [00:31<00:16,  1.43it/s]
train:  62%|██████▏   | 37/60 [00:33<00:21,  1.08it/s]
train:  63%|██████▎   | 38/60 [00:33<00:15,  1.42it/s]
train:  65%|██████▌   | 39/60 [00:34<00:19,  1.08it/s]
train:  67%|██████▋   | 40/60 [00:34<00:14,  1.42it/s]
train:  68%|██████▊   | 41/60 [00:36<00:17,  1.08it/s]
train:  70%|███████   | 42/60 [00:36<00:12,  1.43it/s]
train:  72%|███████▏  | 43/60 [00:38<00:15,  1.09it/s]
train:  73%|███████▎  | 44/60 [00:38<00:11,  1.44it/s]
train:  75%|███████▌  | 45/60 [00:39<00:13,  1.08it/s]
train:  77%|███████▋  | 46/60 [00:39<00:09,  1.42it/s]
train:  78%|███████▊  | 47/60 [00:41<00:11,  1.09it/s]
train:  80%|████████  | 48/60 [00:41<00:08,  1.43it/s]
train:  82%|████████▏ | 49/60 [00:42<00:10,  1.08it/s]
train:  83%|████████▎ | 50/60 [00:43<00:07,  1.42it/s]
train:  85%|████████▌ | 51/60 [00:44<00:08,  1.09it/s]
train:  87%|████████▋ | 52/60 [00:44<00:05,  1.43it/s]
train:  88%|████████▊ | 53/60 [00:46<00:06,  1.07it/s]
train:  90%|█████████ | 54/60 [00:46<00:04,  1.41it/s]
train:  92%|█████████▏| 55/60 [00:47<00:04,  1.08it/s]
train:  93%|█████████▎| 56/60 [00:47<00:02,  1.43it/s]
train:  95%|█████████▌| 57/60 [00:49<00:02,  1.07it/s]
train:  97%|█████████▋| 58/60 [00:49<00:01,  1.41it/s]
train:  98%|█████████▊| 59/60 [00:51<00:00,  1.09it/s]
train: 100%|██████████| 60/60 [00:51<00:00,  1.43it/s]
                                                      

eval:   0%|          | 0/15 [00:00<?, ?it/s]
eval:   7%|▋         | 1/15 [00:03<00:45,  3.26s/it]
eval:  20%|██        | 3/15 [00:04<00:17,  1.45s/it]
eval:  33%|███▎      | 5/15 [00:06<00:11,  1.13s/it]
eval:  47%|████▋     | 7/15 [00:08<00:07,  1.02it/s]
eval:  60%|██████    | 9/15 [00:09<00:05,  1.09it/s]
eval:  73%|███████▎  | 11/15 [00:11<00:03,  1.17it/s]
eval:  87%|████████▋ | 13/15 [00:12<00:01,  1.20it/s]
eval: 100%|██████████| 15/15 [00:14<00:00,  1.29it/s]
                                                     
Epoch 05 | stage - | train loss 1.0951 (cls 1.0951, ctr 0.0000) acc 0.6052 f1 0.5934 | val loss 1.1812 (cls 1.1812, ctr 0.0000) acc 0.5417 f1 0.5183 | lr [2.44e-05, 8.15e-04]

train:   0%|          | 0/60 [00:00<?, ?it/s]
train:   2%|▏         | 1/60 [00:01<01:54,  1.94s/it]
train:   3%|▎         | 2/60 [00:02<00:52,  1.12it/s]
train:   5%|▌         | 3/60 [00:03<01:02,  1.09s/it]
train:   7%|▋         | 4/60 [00:03<00:41,  1.37it/s]
train:   8%|▊         | 5/60 [00:05<00:55,  1.01s/it]
train:  10%|█         | 6/60 [00:05<00:39,  1.37it/s]
train:  12%|█▏        | 7/60 [00:06<00:53,  1.01s/it]
train:  13%|█▎        | 8/60 [00:07<00:38,  1.35it/s]
train:  15%|█▌        | 9/60 [00:08<00:49,  1.02it/s]
train:  17%|█▋        | 10/60 [00:08<00:36,  1.38it/s]
train:  18%|█▊        | 11/60 [00:10<00:48,  1.02it/s]
train:  20%|██        | 12/60 [00:10<00:35,  1.36it/s]
train:  22%|██▏       | 13/60 [00:11<00:44,  1.05it/s]
train:  23%|██▎       | 14/60 [00:12<00:32,  1.40it/s]
train:  25%|██▌       | 15/60 [00:13<00:42,  1.06it/s]
train:  27%|██▋       | 16/60 [00:13<00:31,  1.40it/s]
train:  28%|██▊       | 17/60 [00:15<00:40,  1.06it/s]
train:  30%|███       | 18/60 [00:15<00:30,  1.39it/s]
train:  32%|███▏      | 19/60 [00:16<00:38,  1.07it/s]
train:  33%|███▎      | 20/60 [00:16<00:28,  1.42it/s]
train:  35%|███▌      | 21/60 [00:18<00:36,  1.07it/s]
train:  37%|███▋      | 22/60 [00:18<00:26,  1.41it/s]
train:  38%|███▊      | 23/60 [00:20<00:34,  1.09it/s]
train:  40%|████      | 24/60 [00:20<00:25,  1.42it/s]
train:  42%|████▏     | 25/60 [00:23<00:50,  1.45s/it]
train:  43%|████▎     | 26/60 [00:23<00:36,  1.07s/it]
train:  45%|████▌     | 27/60 [00:25<00:40,  1.22s/it]
train:  47%|████▋     | 28/60 [00:25<00:29,  1.10it/s]
train:  48%|████▊     | 29/60 [00:26<00:32,  1.06s/it]
train:  50%|█████     | 30/60 [00:26<00:23,  1.25it/s]
train:  52%|█████▏    | 31/60 [00:28<00:29,  1.02s/it]
train:  53%|█████▎    | 32/60 [00:28<00:21,  1.29it/s]
train:  55%|█████▌    | 33/60 [00:30<00:26,  1.03it/s]
train:  57%|█████▋    | 34/60 [00:30<00:18,  1.37it/s]
train:  58%|█████▊    | 35/60 [00:31<00:23,  1.05it/s]
train:  60%|██████    | 36/60 [00:31<00:17,  1.38it/s]
train:  62%|██████▏   | 37/60 [00:33<00:21,  1.07it/s]
train:  63%|██████▎   | 38/60 [00:33<00:15,  1.41it/s]
train:  65%|██████▌   | 39/60 [00:35<00:19,  1.09it/s]
train:  67%|██████▋   | 40/60 [00:35<00:13,  1.43it/s]
train:  68%|██████▊   | 41/60 [00:36<00:17,  1.10it/s]
train:  70%|███████   | 42/60 [00:36<00:12,  1.45it/s]
train:  72%|███████▏  | 43/60 [00:38<00:15,  1.08it/s]
train:  73%|███████▎  | 44/60 [00:38<00:11,  1.42it/s]
train:  75%|███████▌  | 45/60 [00:39<00:13,  1.09it/s]
train:  77%|███████▋  | 46/60 [00:40<00:09,  1.44it/s]
train:  78%|███████▊  | 47/60 [00:41<00:11,  1.09it/s]
train:  80%|████████  | 48/60 [00:41<00:08,  1.44it/s]
train:  82%|████████▏ | 49/60 [00:43<00:10,  1.09it/s]
train:  83%|████████▎ | 50/60 [00:43<00:06,  1.43it/s]
train:  85%|████████▌ | 51/60 [00:44<00:08,  1.11it/s]
train:  87%|████████▋ | 52/60 [00:44<00:05,  1.47it/s]
train:  88%|████████▊ | 53/60 [00:46<00:06,  1.07it/s]
train:  90%|█████████ | 54/60 [00:46<00:04,  1.41it/s]
train:  92%|█████████▏| 55/60 [00:47<00:04,  1.08it/s]
train:  93%|█████████▎| 56/60 [00:48<00:02,  1.41it/s]
train:  95%|█████████▌| 57/60 [00:49<00:02,  1.06it/s]
train:  97%|█████████▋| 58/60 [00:49<00:01,  1.40it/s]
train:  98%|█████████▊| 59/60 [00:51<00:00,  1.06it/s]
train: 100%|██████████| 60/60 [00:51<00:00,  1.41it/s]
                                                      

eval:   0%|          | 0/15 [00:00<?, ?it/s]
eval:   7%|▋         | 1/15 [00:01<00:23,  1.65s/it]
eval:  20%|██        | 3/15 [00:05<00:20,  1.69s/it]
eval:  33%|███▎      | 5/15 [00:06<00:12,  1.26s/it]
eval:  47%|████▋     | 7/15 [00:08<00:08,  1.07s/it]
eval:  60%|██████    | 9/15 [00:10<00:05,  1.03it/s]
eval:  73%|███████▎  | 11/15 [00:11<00:03,  1.11it/s]
eval:  87%|████████▋ | 13/15 [00:13<00:01,  1.16it/s]
eval: 100%|██████████| 15/15 [00:14<00:00,  1.25it/s]
                                                     
Epoch 06 | stage - | train loss 1.0636 (cls 1.0636, ctr 0.0000) acc 0.6073 f1 0.6002 | val loss 1.2311 (cls 1.2311, ctr 0.0000) acc 0.5917 f1 0.6000 | lr [2.26e-05, 7.54e-04]

train:   0%|          | 0/60 [00:00<?, ?it/s]
train:   2%|▏         | 1/60 [00:02<02:00,  2.04s/it]
train:   3%|▎         | 2/60 [00:02<00:54,  1.06it/s]
train:   5%|▌         | 3/60 [00:03<01:02,  1.10s/it]
train:   7%|▋         | 4/60 [00:03<00:41,  1.35it/s]
train:   8%|▊         | 5/60 [00:05<00:54,  1.01it/s]
train:  10%|█         | 6/60 [00:05<00:38,  1.39it/s]
train:  12%|█▏        | 7/60 [00:06<00:51,  1.04it/s]
train:  13%|█▎        | 8/60 [00:06<00:37,  1.40it/s]
train:  15%|█▌        | 9/60 [00:08<00:48,  1.06it/s]
train:  17%|█▋        | 10/60 [00:08<00:35,  1.41it/s]
train:  18%|█▊        | 11/60 [00:10<00:45,  1.08it/s]
train:  20%|██        | 12/60 [00:10<00:33,  1.43it/s]
train:  22%|██▏       | 13/60 [00:11<00:43,  1.09it/s]
train:  23%|██▎       | 14/60 [00:11<00:31,  1.44it/s]
train:  25%|██▌       | 15/60 [00:13<00:41,  1.09it/s]
train:  27%|██▋       | 16/60 [00:13<00:30,  1.44it/s]
train:  28%|██▊       | 17/60 [00:14<00:39,  1.09it/s]
train:  30%|███       | 18/60 [00:15<00:29,  1.44it/s]
train:  32%|███▏      | 19/60 [00:16<00:39,  1.04it/s]
train:  33%|███▎      | 20/60 [00:16<00:29,  1.38it/s]
train:  35%|███▌      | 21/60 [00:18<00:37,  1.05it/s]
train:  37%|███▋      | 22/60 [00:18<00:27,  1.39it/s]
train:  38%|███▊      | 23/60 [00:19<00:35,  1.06it/s]
train:  40%|████      | 24/60 [00:20<00:25,  1.39it/s]
train:  42%|████▏     | 25/60 [00:21<00:32,  1.07it/s]
train:  43%|████▎     | 26/60 [00:21<00:24,  1.41it/s]
train:  45%|████▌     | 27/60 [00:24<00:48,  1.46s/it]
train:  47%|████▋     | 28/60 [00:25<00:34,  1.08s/it]
train:  48%|████▊     | 29/60 [00:26<00:37,  1.20s/it]
train:  50%|█████     | 30/60 [00:26<00:26,  1.12it/s]
train:  52%|█████▏    | 31/60 [00:28<00:31,  1.09s/it]
train:  53%|█████▎    | 32/60 [00:28<00:22,  1.22it/s]
train:  55%|█████▌    | 33/60 [00:29<00:27,  1.00s/it]
train:  57%|█████▋    | 34/60 [00:30<00:19,  1.32it/s]
train:  58%|█████▊    | 35/60 [00:31<00:23,  1.06it/s]
train:  60%|██████    | 36/60 [00:31<00:17,  1.39it/s]
train:  62%|██████▏   | 37/60 [00:33<00:20,  1.11it/s]
train:  63%|██████▎   | 38/60 [00:33<00:15,  1.46it/s]
train:  65%|██████▌   | 39/60 [00:34<00:18,  1.12it/s]
train:  67%|██████▋   | 40/60 [00:34<00:13,  1.48it/s]
train:  68%|██████▊   | 41/60 [00:36<00:16,  1.14it/s]
train:  70%|███████   | 42/60 [00:36<00:11,  1.50it/s]
train:  72%|███████▏  | 43/60 [00:37<00:15,  1.13it/s]
train:  73%|███████▎  | 44/60 [00:37<00:10,  1.49it/s]
train:  75%|███████▌  | 45/60 [00:39<00:13,  1.11it/s]
train:  77%|███████▋  | 46/60 [00:39<00:09,  1.45it/s]
train:  78%|███████▊  | 47/60 [00:40<00:11,  1.12it/s]
train:  80%|████████  | 48/60 [00:41<00:08,  1.48it/s]
train:  82%|████████▏ | 49/60 [00:42<00:10,  1.09it/s]
train:  83%|████████▎ | 50/60 [00:42<00:06,  1.45it/s]
train:  85%|████████▌ | 51/60 [00:44<00:08,  1.10it/s]
train:  87%|████████▋ | 52/60 [00:44<00:05,  1.44it/s]
train:  88%|████████▊ | 53/60 [00:45<00:06,  1.10it/s]
train:  90%|█████████ | 54/60 [00:45<00:04,  1.45it/s]
train:  92%|█████████▏| 55/60 [00:47<00:04,  1.12it/s]
train:  93%|█████████▎| 56/60 [00:47<00:02,  1.47it/s]
train:  95%|█████████▌| 57/60 [00:48<00:02,  1.12it/s]
train:  97%|█████████▋| 58/60 [00:48<00:01,  1.47it/s]
train:  98%|█████████▊| 59/60 [00:50<00:00,  1.11it/s]
train: 100%|██████████| 60/60 [00:50<00:00,  1.45it/s]
                                                      

eval:   0%|          | 0/15 [00:00<?, ?it/s]
eval:   7%|▋         | 1/15 [00:01<00:22,  1.62s/it]
eval:  20%|██        | 3/15 [00:03<00:12,  1.00s/it]
eval:  33%|███▎      | 5/15 [00:04<00:09,  1.10it/s]
eval:  40%|████      | 6/15 [00:04<00:06,  1.45it/s]
eval:  47%|████▋     | 7/15 [00:08<00:11,  1.42s/it]
eval:  60%|██████    | 9/15 [00:09<00:06,  1.16s/it]
eval:  73%|███████▎  | 11/15 [00:11<00:03,  1.00it/s]
eval:  87%|████████▋ | 13/15 [00:13<00:01,  1.07it/s]
eval: 100%|██████████| 15/15 [00:14<00:00,  1.19it/s]
                                                     
Epoch 07 | stage - | train loss 0.9699 (cls 0.9699, ctr 0.0000) acc 0.6333 f1 0.6223 | val loss 1.3355 (cls 1.3355, ctr 0.0000) acc 0.5750 f1 0.5769 | lr [2.07e-05, 6.89e-04]

train:   0%|          | 0/60 [00:00<?, ?it/s]
train:   2%|▏         | 1/60 [00:01<01:47,  1.83s/it]
train:   3%|▎         | 2/60 [00:02<00:49,  1.17it/s]
train:   5%|▌         | 3/60 [00:03<01:00,  1.06s/it]
train:   7%|▋         | 4/60 [00:03<00:40,  1.40it/s]
train:   8%|▊         | 5/60 [00:04<00:52,  1.05it/s]
train:  10%|█         | 6/60 [00:05<00:37,  1.45it/s]
train:  12%|█▏        | 7/60 [00:06<00:48,  1.10it/s]
train:  13%|█▎        | 8/60 [00:06<00:35,  1.48it/s]
train:  15%|█▌        | 9/60 [00:07<00:45,  1.11it/s]
train:  17%|█▋        | 10/60 [00:08<00:34,  1.46it/s]
train:  18%|█▊        | 11/60 [00:09<00:43,  1.12it/s]
train:  20%|██        | 12/60 [00:09<00:32,  1.48it/s]
train:  22%|██▏       | 13/60 [00:11<00:42,  1.10it/s]
train:  23%|██▎       | 14/60 [00:11<00:31,  1.45it/s]
train:  25%|██▌       | 15/60 [00:12<00:40,  1.11it/s]
train:  27%|██▋       | 16/60 [00:12<00:30,  1.47it/s]
train:  28%|██▊       | 17/60 [00:14<00:38,  1.12it/s]
train:  30%|███       | 18/60 [00:14<00:28,  1.48it/s]
train:  32%|███▏      | 19/60 [00:15<00:36,  1.14it/s]
train:  33%|███▎      | 20/60 [00:16<00:26,  1.48it/s]
train:  35%|███▌      | 21/60 [00:17<00:35,  1.09it/s]
train:  37%|███▋      | 22/60 [00:17<00:26,  1.44it/s]
train:  38%|███▊      | 23/60 [00:19<00:33,  1.09it/s]
train:  40%|████      | 24/60 [00:19<00:25,  1.44it/s]
train:  42%|████▏     | 25/60 [00:20<00:32,  1.08it/s]
train:  43%|████▎     | 26/60 [00:20<00:23,  1.45it/s]
train:  45%|████▌     | 27/60 [00:22<00:30,  1.07it/s]
train:  47%|████▋     | 28/60 [00:22<00:22,  1.42it/s]
train:  48%|████▊     | 29/60 [00:24<00:28,  1.07it/s]
train:  50%|█████     | 30/60 [00:24<00:21,  1.41it/s]
train:  52%|█████▏    | 31/60 [00:27<00:42,  1.48s/it]
train:  53%|█████▎    | 32/60 [00:27<00:30,  1.10s/it]
train:  55%|█████▌    | 33/60 [00:29<00:33,  1.22s/it]
train:  57%|█████▋    | 34/60 [00:29<00:23,  1.09it/s]
train:  58%|█████▊    | 35/60 [00:30<00:27,  1.08s/it]
train:  60%|██████    | 36/60 [00:31<00:19,  1.24it/s]
train:  62%|██████▏   | 37/60 [00:32<00:22,  1.01it/s]
train:  63%|██████▎   | 38/60 [00:32<00:16,  1.34it/s]
train:  65%|██████▌   | 39/60 [00:34<00:20,  1.05it/s]
train:  67%|██████▋   | 40/60 [00:34<00:14,  1.39it/s]
train:  68%|██████▊   | 41/60 [00:35<00:17,  1.11it/s]
train:  70%|███████   | 42/60 [00:35<00:12,  1.46it/s]
train:  72%|███████▏  | 43/60 [00:37<00:15,  1.10it/s]
train:  73%|███████▎  | 44/60 [00:37<00:11,  1.44it/s]
train:  75%|███████▌  | 45/60 [00:38<00:13,  1.12it/s]
train:  77%|███████▋  | 46/60 [00:38<00:09,  1.48it/s]
train:  78%|███████▊  | 47/60 [00:40<00:11,  1.14it/s]
train:  80%|████████  | 48/60 [00:40<00:07,  1.50it/s]
train:  82%|████████▏ | 49/60 [00:41<00:09,  1.11it/s]
train:  83%|████████▎ | 50/60 [00:42<00:06,  1.47it/s]
train:  85%|████████▌ | 51/60 [00:43<00:08,  1.09it/s]
train:  87%|████████▋ | 52/60 [00:43<00:05,  1.43it/s]
train:  88%|████████▊ | 53/60 [00:45<00:06,  1.09it/s]
train:  90%|█████████ | 54/60 [00:45<00:04,  1.44it/s]
train:  92%|█████████▏| 55/60 [00:46<00:04,  1.09it/s]
train:  93%|█████████▎| 56/60 [00:46<00:02,  1.43it/s]
train:  95%|█████████▌| 57/60 [00:48<00:02,  1.12it/s]
train:  97%|█████████▋| 58/60 [00:48<00:01,  1.48it/s]
train:  98%|█████████▊| 59/60 [00:49<00:00,  1.08it/s]
train: 100%|██████████| 60/60 [00:50<00:00,  1.43it/s]
                                                      

eval:   0%|          | 0/15 [00:00<?, ?it/s]
eval:   7%|▋         | 1/15 [00:01<00:22,  1.63s/it]
eval:  20%|██        | 3/15 [00:03<00:12,  1.02s/it]
eval:  33%|███▎      | 5/15 [00:04<00:09,  1.11it/s]
eval:  47%|████▋     | 7/15 [00:06<00:06,  1.17it/s]
eval:  60%|██████    | 9/15 [00:08<00:05,  1.19it/s]
eval:  73%|███████▎  | 11/15 [00:11<00:04,  1.13s/it]
eval:  80%|████████  | 12/15 [00:11<00:02,  1.08it/s]
eval:  87%|████████▋ | 13/15 [00:13<00:02,  1.06s/it]
eval: 100%|██████████| 15/15 [00:14<00:00,  1.13it/s]
                                                     
Epoch 08 | stage - | train loss 0.8990 (cls 0.8990, ctr 0.0000) acc 0.6625 f1 0.6516 | val loss 1.2823 (cls 1.2823, ctr 0.0000) acc 0.5792 f1 0.5654 | lr [1.86e-05, 6.20e-04]

train:   0%|          | 0/60 [00:00<?, ?it/s]
train:   2%|▏         | 1/60 [00:01<01:46,  1.81s/it]
train:   3%|▎         | 2/60 [00:01<00:48,  1.18it/s]
train:   5%|▌         | 3/60 [00:03<01:02,  1.10s/it]
train:   7%|▋         | 4/60 [00:03<00:40,  1.37it/s]
train:   8%|▊         | 5/60 [00:04<00:52,  1.05it/s]
train:  10%|█         | 6/60 [00:05<00:37,  1.46it/s]
train:  12%|█▏        | 7/60 [00:06<00:48,  1.10it/s]
train:  13%|█▎        | 8/60 [00:06<00:35,  1.48it/s]
train:  15%|█▌        | 9/60 [00:08<00:45,  1.11it/s]
train:  17%|█▋        | 10/60 [00:08<00:34,  1.47it/s]
train:  18%|█▊        | 11/60 [00:09<00:44,  1.09it/s]
train:  20%|██        | 12/60 [00:09<00:33,  1.44it/s]
train:  22%|██▏       | 13/60 [00:11<00:41,  1.12it/s]
train:  23%|██▎       | 14/60 [00:11<00:31,  1.47it/s]
train:  25%|██▌       | 15/60 [00:12<00:40,  1.11it/s]
train:  27%|██▋       | 16/60 [00:12<00:30,  1.46it/s]
train:  28%|██▊       | 17/60 [00:14<00:39,  1.09it/s]
train:  30%|███       | 18/60 [00:14<00:29,  1.44it/s]
train:  32%|███▏      | 19/60 [00:16<00:37,  1.09it/s]
train:  33%|███▎      | 20/60 [00:16<00:27,  1.43it/s]
train:  35%|███▌      | 21/60 [00:17<00:35,  1.11it/s]
train:  37%|███▋      | 22/60 [00:17<00:25,  1.47it/s]
train:  38%|███▊      | 23/60 [00:19<00:33,  1.10it/s]
train:  40%|████      | 24/60 [00:19<00:24,  1.44it/s]
train:  42%|████▏     | 25/60 [00:20<00:31,  1.11it/s]
train:  43%|████▎     | 26/60 [00:20<00:23,  1.47it/s]
train:  45%|████▌     | 27/60 [00:22<00:30,  1.10it/s]
train:  47%|████▋     | 28/60 [00:22<00:22,  1.44it/s]
train:  48%|████▊     | 29/60 [00:24<00:28,  1.10it/s]
train:  50%|█████     | 30/60 [00:24<00:20,  1.44it/s]
train:  52%|█████▏    | 31/60 [00:25<00:26,  1.09it/s]
train:  53%|█████▎    | 32/60 [00:25<00:19,  1.44it/s]
train:  55%|█████▌    | 33/60 [00:27<00:24,  1.08it/s]
train:  57%|█████▋    | 34/60 [00:27<00:18,  1.41it/s]
train:  58%|█████▊    | 35/60 [00:28<00:23,  1.06it/s]
train:  60%|██████    | 36/60 [00:29<00:17,  1.38it/s]
train:  62%|██████▏   | 37/60 [00:32<00:33,  1.45s/it]
train:  63%|██████▎   | 38/60 [00:32<00:23,  1.07s/it]
train:  65%|██████▌   | 39/60 [00:33<00:24,  1.17s/it]
train:  67%|██████▋   | 40/60 [00:34<00:17,  1.14it/s]
train:  68%|██████▊   | 41/60 [00:35<00:19,  1.02s/it]
train:  70%|███████   | 42/60 [00:35<00:14,  1.28it/s]
train:  72%|███████▏  | 43/60 [00:37<00:16,  1.05it/s]
train:  73%|███████▎  | 44/60 [00:37<00:11,  1.38it/s]
train:  75%|███████▌  | 45/60 [00:38<00:13,  1.10it/s]
train:  77%|███████▋  | 46/60 [00:38<00:09,  1.45it/s]
train:  78%|███████▊  | 47/60 [00:40<00:11,  1.13it/s]
train:  80%|████████  | 48/60 [00:40<00:08,  1.50it/s]
train:  82%|████████▏ | 49/60 [00:41<00:09,  1.11it/s]
train:  83%|████████▎ | 50/60 [00:41<00:06,  1.47it/s]
train:  85%|████████▌ | 51/60 [00:43<00:08,  1.10it/s]
train:  87%|████████▋ | 52/60 [00:43<00:05,  1.44it/s]
train:  88%|████████▊ | 53/60 [00:44<00:06,  1.09it/s]
train:  90%|█████████ | 54/60 [00:45<00:04,  1.43it/s]
train:  92%|█████████▏| 55/60 [00:46<00:04,  1.00it/s]
train:  93%|█████████▎| 56/60 [00:46<00:02,  1.33it/s]
train:  95%|█████████▌| 57/60 [00:48<00:02,  1.03it/s]
train:  97%|█████████▋| 58/60 [00:48<00:01,  1.37it/s]
train:  98%|█████████▊| 59/60 [00:50<00:00,  1.06it/s]
train: 100%|██████████| 60/60 [00:50<00:00,  1.38it/s]
                                                      

eval:   0%|          | 0/15 [00:00<?, ?it/s]
eval:   7%|▋         | 1/15 [00:01<00:22,  1.64s/it]
eval:  20%|██        | 3/15 [00:03<00:12,  1.01s/it]
eval:  33%|███▎      | 5/15 [00:04<00:09,  1.11it/s]
eval:  47%|████▋     | 7/15 [00:06<00:06,  1.17it/s]
eval:  60%|██████    | 9/15 [00:07<00:04,  1.20it/s]
eval:  73%|███████▎  | 11/15 [00:09<00:03,  1.24it/s]
eval:  87%|████████▋ | 13/15 [00:11<00:01,  1.22it/s]
eval: 100%|██████████| 15/15 [00:12<00:00,  1.27it/s]
                                                     
Epoch 09 | stage - | train loss 0.8521 (cls 0.8521, ctr 0.0000) acc 0.6854 f1 0.6803 | val loss 1.2134 (cls 1.2134, ctr 0.0000) acc 0.5958 f1 0.6141 | lr [1.65e-05, 5.50e-04]

train:   0%|          | 0/60 [00:00<?, ?it/s]
train:   2%|▏         | 1/60 [00:01<01:57,  1.99s/it]
train:   3%|▎         | 2/60 [00:02<00:53,  1.08it/s]
train:   5%|▌         | 3/60 [00:03<01:03,  1.11s/it]
train:   7%|▋         | 4/60 [00:03<00:41,  1.34it/s]
train:   8%|▊         | 5/60 [00:05<00:53,  1.02it/s]
train:  10%|█         | 6/60 [00:05<00:38,  1.41it/s]
train:  12%|█▏        | 7/60 [00:06<00:49,  1.07it/s]
train:  13%|█▎        | 8/60 [00:06<00:36,  1.44it/s]
train:  15%|█▌        | 9/60 [00:08<00:46,  1.09it/s]
train:  17%|█▋        | 10/60 [00:08<00:34,  1.45it/s]
train:  18%|█▊        | 11/60 [00:09<00:43,  1.12it/s]
train:  20%|██        | 12/60 [00:09<00:32,  1.48it/s]
train:  22%|██▏       | 13/60 [00:11<00:42,  1.12it/s]
train:  23%|██▎       | 14/60 [00:11<00:31,  1.48it/s]
train:  25%|██▌       | 15/60 [00:12<00:40,  1.12it/s]
train:  27%|██▋       | 16/60 [00:13<00:29,  1.48it/s]
train:  28%|██▊       | 17/60 [00:14<00:39,  1.10it/s]
train:  30%|███       | 18/60 [00:14<00:28,  1.45it/s]
train:  32%|███▏      | 19/60 [00:16<00:37,  1.11it/s]
train:  33%|███▎      | 20/60 [00:16<00:27,  1.46it/s]
train:  35%|███▌      | 21/60 [00:17<00:35,  1.09it/s]
train:  37%|███▋      | 22/60 [00:17<00:26,  1.44it/s]
train:  38%|███▊      | 23/60 [00:19<00:33,  1.10it/s]
train:  40%|████      | 24/60 [00:19<00:24,  1.44it/s]
train:  42%|████▏     | 25/60 [00:20<00:31,  1.12it/s]
train:  43%|████▎     | 26/60 [00:21<00:23,  1.47it/s]
train:  45%|████▌     | 27/60 [00:22<00:30,  1.10it/s]
train:  47%|████▋     | 28/60 [00:22<00:22,  1.45it/s]
train:  48%|████▊     | 29/60 [00:24<00:28,  1.08it/s]
train:  50%|█████     | 30/60 [00:24<00:20,  1.43it/s]
train:  52%|█████▏    | 31/60 [00:25<00:27,  1.07it/s]
train:  53%|█████▎    | 32/60 [00:26<00:19,  1.41it/s]
train:  55%|█████▌    | 33/60 [00:27<00:25,  1.07it/s]
train:  57%|█████▋    | 34/60 [00:27<00:18,  1.41it/s]
train:  58%|█████▊    | 35/60 [00:29<00:23,  1.05it/s]
train:  60%|██████    | 36/60 [00:29<00:17,  1.38it/s]
train:  62%|██████▏   | 37/60 [00:30<00:22,  1.04it/s]
train:  63%|██████▎   | 38/60 [00:31<00:16,  1.36it/s]
train:  65%|██████▌   | 39/60 [00:34<00:31,  1.48s/it]
train:  67%|██████▋   | 40/60 [00:34<00:21,  1.10s/it]
train:  68%|██████▊   | 41/60 [00:36<00:23,  1.22s/it]
train:  70%|███████   | 42/60 [00:36<00:16,  1.10it/s]
train:  72%|███████▏  | 43/60 [00:37<00:18,  1.08s/it]
train:  73%|███████▎  | 44/60 [00:37<00:13,  1.23it/s]
train:  75%|███████▌  | 45/60 [00:39<00:14,  1.01it/s]
train:  77%|███████▋  | 46/60 [00:39<00:10,  1.35it/s]
train:  78%|███████▊  | 47/60 [00:40<00:12,  1.06it/s]
train:  80%|████████  | 48/60 [00:41<00:08,  1.41it/s]
train:  82%|████████▏ | 49/60 [00:42<00:09,  1.10it/s]
train:  83%|████████▎ | 50/60 [00:42<00:06,  1.46it/s]
train:  85%|████████▌ | 51/60 [00:43<00:08,  1.11it/s]
train:  87%|████████▋ | 52/60 [00:44<00:05,  1.46it/s]
train:  88%|████████▊ | 53/60 [00:45<00:06,  1.10it/s]
train:  90%|█████████ | 54/60 [00:45<00:04,  1.45it/s]
train:  92%|█████████▏| 55/60 [00:47<00:04,  1.12it/s]
train:  93%|█████████▎| 56/60 [00:47<00:02,  1.47it/s]
train:  95%|█████████▌| 57/60 [00:48<00:02,  1.10it/s]
train:  97%|█████████▋| 58/60 [00:48<00:01,  1.45it/s]
train:  98%|█████████▊| 59/60 [00:50<00:00,  1.11it/s]
train: 100%|██████████| 60/60 [00:50<00:00,  1.46it/s]
                                                      

eval:   0%|          | 0/15 [00:00<?, ?it/s]
eval:   7%|▋         | 1/15 [00:01<00:22,  1.62s/it]
eval:  20%|██        | 3/15 [00:03<00:12,  1.01s/it]
eval:  33%|███▎      | 5/15 [00:04<00:08,  1.12it/s]
eval:  47%|████▋     | 7/15 [00:06<00:06,  1.16it/s]
eval:  60%|██████    | 9/15 [00:08<00:05,  1.19it/s]
eval:  73%|███████▎  | 11/15 [00:09<00:03,  1.23it/s]
eval:  87%|████████▋ | 13/15 [00:11<00:01,  1.23it/s]
eval: 100%|██████████| 15/15 [00:12<00:00,  1.29it/s]
                                                     
Epoch 10 | stage - | train loss 0.8148 (cls 0.8148, ctr 0.0000) acc 0.7031 f1 0.6972 | val loss 1.1485 (cls 1.1485, ctr 0.0000) acc 0.6167 f1 0.6292 | lr [1.44e-05, 4.80e-04]

train:   0%|          | 0/60 [00:00<?, ?it/s]
train:   2%|▏         | 1/60 [00:02<02:04,  2.11s/it]
train:   3%|▎         | 2/60 [00:02<00:57,  1.02it/s]
train:   5%|▌         | 3/60 [00:05<01:48,  1.91s/it]
train:   7%|▋         | 4/60 [00:05<01:08,  1.22s/it]
train:   8%|▊         | 5/60 [00:06<01:12,  1.31s/it]
train:  10%|█         | 6/60 [00:07<00:49,  1.09it/s]
train:  12%|█▏        | 7/60 [00:08<00:58,  1.10s/it]
train:  13%|█▎        | 8/60 [00:08<00:41,  1.24it/s]
train:  15%|█▌        | 9/60 [00:10<00:51,  1.00s/it]
train:  17%|█▋        | 10/60 [00:10<00:37,  1.34it/s]
train:  18%|█▊        | 11/60 [00:11<00:46,  1.06it/s]
train:  20%|██        | 12/60 [00:11<00:33,  1.42it/s]
train:  22%|██▏       | 13/60 [00:13<00:42,  1.11it/s]
train:  23%|██▎       | 14/60 [00:13<00:31,  1.47it/s]
train:  25%|██▌       | 15/60 [00:14<00:39,  1.14it/s]
train:  27%|██▋       | 16/60 [00:14<00:29,  1.49it/s]
train:  28%|██▊       | 17/60 [00:16<00:37,  1.15it/s]
train:  30%|███       | 18/60 [00:16<00:27,  1.50it/s]
train:  32%|███▏      | 19/60 [00:17<00:36,  1.12it/s]
train:  33%|███▎      | 20/60 [00:18<00:27,  1.47it/s]
train:  35%|███▌      | 21/60 [00:19<00:35,  1.11it/s]
train:  37%|███▋      | 22/60 [00:19<00:26,  1.46it/s]
train:  38%|███▊      | 23/60 [00:21<00:33,  1.11it/s]
train:  40%|████      | 24/60 [00:21<00:24,  1.47it/s]
train:  42%|████▏     | 25/60 [00:22<00:32,  1.09it/s]
train:  43%|████▎     | 26/60 [00:22<00:23,  1.44it/s]
train:  45%|████▌     | 27/60 [00:24<00:30,  1.07it/s]
train:  47%|████▋     | 28/60 [00:24<00:22,  1.42it/s]
train:  48%|████▊     | 29/60 [00:26<00:29,  1.04it/s]
train:  50%|█████     | 30/60 [00:26<00:21,  1.37it/s]
train:  52%|█████▏    | 31/60 [00:27<00:27,  1.07it/s]
train:  53%|█████▎    | 32/60 [00:27<00:19,  1.41it/s]
train:  55%|█████▌    | 33/60 [00:29<00:24,  1.09it/s]
train:  57%|█████▋    | 34/60 [00:29<00:17,  1.45it/s]
train:  58%|█████▊    | 35/60 [00:30<00:23,  1.07it/s]
train:  60%|██████    | 36/60 [00:31<00:16,  1.41it/s]
train:  62%|██████▏   | 37/60 [00:32<00:21,  1.09it/s]
train:  63%|██████▎   | 38/60 [00:32<00:15,  1.44it/s]
train:  65%|██████▌   | 39/60 [00:34<00:19,  1.10it/s]
train:  67%|██████▋   | 40/60 [00:34<00:13,  1.44it/s]
train:  68%|██████▊   | 41/60 [00:35<00:17,  1.10it/s]
train:  70%|███████   | 42/60 [00:35<00:12,  1.44it/s]
train:  72%|███████▏  | 43/60 [00:39<00:25,  1.52s/it]
train:  73%|███████▎  | 44/60 [00:39<00:17,  1.12s/it]
train:  75%|███████▌  | 45/60 [00:40<00:18,  1.21s/it]
train:  77%|███████▋  | 46/60 [00:41<00:12,  1.12it/s]
train:  78%|███████▊  | 47/60 [00:42<00:13,  1.06s/it]
train:  80%|████████  | 48/60 [00:42<00:09,  1.26it/s]
train:  82%|████████▏ | 49/60 [00:44<00:10,  1.03it/s]
train:  83%|████████▎ | 50/60 [00:44<00:07,  1.36it/s]
train:  85%|████████▌ | 51/60 [00:45<00:08,  1.07it/s]
train:  87%|████████▋ | 52/60 [00:45<00:05,  1.42it/s]
train:  88%|████████▊ | 53/60 [00:47<00:06,  1.07it/s]
train:  90%|█████████ | 54/60 [00:47<00:04,  1.41it/s]
train:  92%|█████████▏| 55/60 [00:48<00:04,  1.08it/s]
train:  93%|█████████▎| 56/60 [00:49<00:02,  1.42it/s]
train:  95%|█████████▌| 57/60 [00:50<00:02,  1.08it/s]
train:  97%|█████████▋| 58/60 [00:50<00:01,  1.42it/s]
train:  98%|█████████▊| 59/60 [00:52<00:00,  1.10it/s]
train: 100%|██████████| 60/60 [00:52<00:00,  1.45it/s]
                                                      

eval:   0%|          | 0/15 [00:00<?, ?it/s]
eval:   7%|▋         | 1/15 [00:01<00:22,  1.61s/it]
eval:  20%|██        | 3/15 [00:03<00:12,  1.00s/it]
eval:  33%|███▎      | 5/15 [00:04<00:08,  1.12it/s]
eval:  47%|████▋     | 7/15 [00:06<00:06,  1.19it/s]
eval:  60%|██████    | 9/15 [00:07<00:04,  1.21it/s]
eval:  73%|███████▎  | 11/15 [00:09<00:03,  1.26it/s]
eval:  87%|████████▋ | 13/15 [00:10<00:01,  1.26it/s]
eval: 100%|██████████| 15/15 [00:12<00:00,  1.34it/s]
                                                     
Epoch 11 | stage - | train loss 0.8033 (cls 0.8033, ctr 0.0000) acc 0.7156 f1 0.7165 | val loss 1.4017 (cls 1.4017, ctr 0.0000) acc 0.5542 f1 0.5404 | lr [1.23e-05, 4.11e-04]

train:   0%|          | 0/60 [00:00<?, ?it/s]
train:   2%|▏         | 1/60 [00:01<01:55,  1.95s/it]
train:   3%|▎         | 2/60 [00:02<00:52,  1.10it/s]
train:   5%|▌         | 3/60 [00:03<01:01,  1.07s/it]
train:   7%|▋         | 4/60 [00:03<00:40,  1.40it/s]
train:   8%|▊         | 5/60 [00:05<00:54,  1.02it/s]
train:  10%|█         | 6/60 [00:05<00:38,  1.40it/s]
train:  12%|█▏        | 7/60 [00:08<01:18,  1.48s/it]
train:  13%|█▎        | 8/60 [00:08<00:55,  1.07s/it]
train:  15%|█▌        | 9/60 [00:09<00:59,  1.17s/it]
train:  17%|█▋        | 10/60 [00:10<00:43,  1.15it/s]
train:  18%|█▊        | 11/60 [00:11<00:51,  1.05s/it]
train:  20%|██        | 12/60 [00:11<00:37,  1.27it/s]
train:  22%|██▏       | 13/60 [00:13<00:46,  1.00it/s]
train:  23%|██▎       | 14/60 [00:13<00:34,  1.33it/s]
train:  25%|██▌       | 15/60 [00:14<00:42,  1.05it/s]
train:  27%|██▋       | 16/60 [00:14<00:31,  1.39it/s]
train:  28%|██▊       | 17/60 [00:16<00:39,  1.08it/s]
train:  30%|███       | 18/60 [00:16<00:29,  1.43it/s]
train:  32%|███▏      | 19/60 [00:17<00:37,  1.09it/s]
train:  33%|███▎      | 20/60 [00:18<00:27,  1.43it/s]
train:  35%|███▌      | 21/60 [00:19<00:36,  1.07it/s]
train:  37%|███▋      | 22/60 [00:19<00:26,  1.42it/s]
train:  38%|███▊      | 23/60 [00:21<00:34,  1.08it/s]
train:  40%|████      | 24/60 [00:21<00:25,  1.42it/s]
train:  42%|████▏     | 25/60 [00:22<00:31,  1.09it/s]
train:  43%|████▎     | 26/60 [00:23<00:23,  1.44it/s]
train:  45%|████▌     | 27/60 [00:24<00:31,  1.06it/s]
train:  47%|████▋     | 28/60 [00:24<00:22,  1.41it/s]
train:  48%|████▊     | 29/60 [00:26<00:28,  1.09it/s]
train:  50%|█████     | 30/60 [00:26<00:20,  1.45it/s]
train:  52%|█████▏    | 31/60 [00:27<00:26,  1.11it/s]
train:  53%|█████▎    | 32/60 [00:27<00:19,  1.46it/s]
train:  55%|█████▌    | 33/60 [00:29<00:24,  1.09it/s]
train:  57%|█████▋    | 34/60 [00:29<00:18,  1.44it/s]
train:  58%|█████▊    | 35/60 [00:30<00:22,  1.10it/s]
train:  60%|██████    | 36/60 [00:31<00:16,  1.46it/s]
train:  62%|██████▏   | 37/60 [00:32<00:20,  1.10it/s]
train:  63%|██████▎   | 38/60 [00:32<00:15,  1.42it/s]
train:  65%|██████▌   | 39/60 [00:34<00:18,  1.12it/s]
train:  67%|██████▋   | 40/60 [00:34<00:13,  1.45it/s]
train:  68%|██████▊   | 41/60 [00:35<00:17,  1.09it/s]
train:  70%|███████   | 42/60 [00:35<00:12,  1.41it/s]
train:  72%|███████▏  | 43/60 [00:37<00:15,  1.08it/s]
train:  73%|███████▎  | 44/60 [00:37<00:11,  1.42it/s]
train:  75%|███████▌  | 45/60 [00:38<00:13,  1.09it/s]
train:  77%|███████▋  | 46/60 [00:39<00:09,  1.43it/s]
train:  78%|███████▊  | 47/60 [00:42<00:18,  1.41s/it]
train:  80%|████████  | 48/60 [00:42<00:12,  1.04s/it]
train:  82%|████████▏ | 49/60 [00:43<00:12,  1.16s/it]
train:  83%|████████▎ | 50/60 [00:44<00:08,  1.14it/s]
train:  85%|████████▌ | 51/60 [00:45<00:09,  1.06s/it]
train:  87%|████████▋ | 52/60 [00:45<00:06,  1.24it/s]
train:  88%|████████▊ | 53/60 [00:47<00:06,  1.03it/s]
train:  90%|█████████ | 54/60 [00:47<00:04,  1.34it/s]
train:  92%|█████████▏| 55/60 [00:48<00:04,  1.07it/s]
train:  93%|█████████▎| 56/60 [00:48<00:02,  1.37it/s]
train:  95%|█████████▌| 57/60 [00:50<00:02,  1.09it/s]
train:  97%|█████████▋| 58/60 [00:50<00:01,  1.43it/s]
train:  98%|█████████▊| 59/60 [00:51<00:00,  1.09it/s]
train: 100%|██████████| 60/60 [00:52<00:00,  1.43it/s]
                                                      

eval:   0%|          | 0/15 [00:00<?, ?it/s]
eval:   7%|▋         | 1/15 [00:01<00:22,  1.64s/it]
eval:  20%|██        | 3/15 [00:03<00:12,  1.01s/it]
eval:  33%|███▎      | 5/15 [00:04<00:08,  1.12it/s]
eval:  47%|████▋     | 7/15 [00:06<00:06,  1.18it/s]
eval:  60%|██████    | 9/15 [00:07<00:04,  1.20it/s]
eval:  73%|███████▎  | 11/15 [00:09<00:03,  1.25it/s]
eval:  87%|████████▋ | 13/15 [00:11<00:01,  1.25it/s]
eval: 100%|██████████| 15/15 [00:12<00:00,  1.34it/s]
                                                     
Epoch 12 | stage - | train loss 0.7084 (cls 0.7084, ctr 0.0000) acc 0.7458 f1 0.7399 | val loss 1.3914 (cls 1.3914, ctr 0.0000) acc 0.5917 f1 0.5885 | lr [1.04e-05, 3.46e-04]

train:   0%|          | 0/60 [00:00<?, ?it/s]
train:   2%|▏         | 1/60 [00:01<01:46,  1.80s/it]
train:   3%|▎         | 2/60 [00:01<00:49,  1.17it/s]
train:   5%|▌         | 3/60 [00:03<01:04,  1.13s/it]
train:   7%|▋         | 4/60 [00:03<00:42,  1.33it/s]
train:   8%|▊         | 5/60 [00:05<00:54,  1.01it/s]
train:  10%|█         | 6/60 [00:05<00:38,  1.40it/s]
train:  12%|█▏        | 7/60 [00:06<00:50,  1.06it/s]
train:  13%|█▎        | 8/60 [00:06<00:36,  1.43it/s]
train:  15%|█▌        | 9/60 [00:08<00:47,  1.07it/s]
train:  17%|█▋        | 10/60 [00:08<00:35,  1.43it/s]
train:  18%|█▊        | 11/60 [00:11<01:10,  1.43s/it]
train:  20%|██        | 12/60 [00:11<00:50,  1.05s/it]
train:  22%|██▏       | 13/60 [00:13<00:55,  1.17s/it]
train:  23%|██▎       | 14/60 [00:13<00:40,  1.15it/s]
train:  25%|██▌       | 15/60 [00:14<00:47,  1.05s/it]
train:  27%|██▋       | 16/60 [00:14<00:34,  1.27it/s]
train:  28%|██▊       | 17/60 [00:16<00:42,  1.01it/s]
train:  30%|███       | 18/60 [00:16<00:31,  1.34it/s]
train:  32%|███▏      | 19/60 [00:18<00:39,  1.05it/s]
train:  33%|███▎      | 20/60 [00:18<00:28,  1.39it/s]
train:  35%|███▌      | 21/60 [00:19<00:36,  1.08it/s]
train:  37%|███▋      | 22/60 [00:19<00:26,  1.42it/s]
train:  38%|███▊      | 23/60 [00:21<00:33,  1.09it/s]
train:  40%|████      | 24/60 [00:21<00:25,  1.43it/s]
train:  42%|████▏     | 25/60 [00:22<00:32,  1.06it/s]
train:  43%|████▎     | 26/60 [00:23<00:24,  1.41it/s]
train:  45%|████▌     | 27/60 [00:24<00:30,  1.08it/s]
train:  47%|████▋     | 28/60 [00:24<00:22,  1.42it/s]
train:  48%|████▊     | 29/60 [00:26<00:28,  1.09it/s]
train:  50%|█████     | 30/60 [00:26<00:21,  1.42it/s]
train:  52%|█████▏    | 31/60 [00:27<00:27,  1.06it/s]
train:  53%|█████▎    | 32/60 [00:28<00:20,  1.40it/s]
train:  55%|█████▌    | 33/60 [00:29<00:25,  1.05it/s]
train:  57%|█████▋    | 34/60 [00:29<00:18,  1.40it/s]
train:  58%|█████▊    | 35/60 [00:31<00:23,  1.06it/s]
train:  60%|██████    | 36/60 [00:31<00:17,  1.40it/s]
train:  62%|██████▏   | 37/60 [00:32<00:21,  1.09it/s]
train:  63%|██████▎   | 38/60 [00:32<00:15,  1.43it/s]
train:  65%|██████▌   | 39/60 [00:34<00:19,  1.09it/s]
train:  67%|██████▋   | 40/60 [00:34<00:13,  1.43it/s]
train:  68%|██████▊   | 41/60 [00:35<00:17,  1.11it/s]
train:  70%|███████   | 42/60 [00:36<00:12,  1.43it/s]
train:  72%|███████▏  | 43/60 [00:37<00:15,  1.11it/s]
train:  73%|███████▎  | 44/60 [00:37<00:11,  1.45it/s]
train:  75%|███████▌  | 45/60 [00:39<00:13,  1.11it/s]
train:  77%|███████▋  | 46/60 [00:39<00:09,  1.43it/s]
train:  78%|███████▊  | 47/60 [00:40<00:11,  1.09it/s]
train:  80%|████████  | 48/60 [00:41<00:08,  1.38it/s]
train:  82%|████████▏ | 49/60 [00:42<00:10,  1.10it/s]
train:  83%|████████▎ | 50/60 [00:42<00:07,  1.39it/s]
train:  85%|████████▌ | 51/60 [00:45<00:12,  1.40s/it]
train:  87%|████████▋ | 52/60 [00:45<00:08,  1.05s/it]
train:  88%|████████▊ | 53/60 [00:47<00:08,  1.15s/it]
train:  90%|█████████ | 54/60 [00:47<00:05,  1.15it/s]
train:  92%|█████████▏| 55/60 [00:48<00:05,  1.04s/it]
train:  93%|█████████▎| 56/60 [00:49<00:03,  1.28it/s]
train:  95%|█████████▌| 57/60 [00:50<00:02,  1.03it/s]
train:  97%|█████████▋| 58/60 [00:50<00:01,  1.32it/s]
train:  98%|█████████▊| 59/60 [00:52<00:00,  1.04it/s]
train: 100%|██████████| 60/60 [00:52<00:00,  1.37it/s]
                                                      

eval:   0%|          | 0/15 [00:00<?, ?it/s]
eval:   7%|▋         | 1/15 [00:01<00:22,  1.63s/it]
eval:  20%|██        | 3/15 [00:03<00:12,  1.01s/it]
eval:  33%|███▎      | 5/15 [00:04<00:09,  1.10it/s]
eval:  47%|████▋     | 7/15 [00:06<00:06,  1.18it/s]
eval:  60%|██████    | 9/15 [00:07<00:05,  1.20it/s]
eval:  73%|███████▎  | 11/15 [00:09<00:03,  1.24it/s]
eval:  87%|████████▋ | 13/15 [00:11<00:01,  1.25it/s]
eval: 100%|██████████| 15/15 [00:12<00:00,  1.30it/s]
                                                     
Epoch 13 | stage - | train loss 0.7570 (cls 0.7570, ctr 0.0000) acc 0.7302 f1 0.7279 | val loss 1.2389 (cls 1.2389, ctr 0.0000) acc 0.5917 f1 0.5749 | lr [8.56e-06, 2.85e-04]

train:   0%|          | 0/60 [00:00<?, ?it/s]
train:   2%|▏         | 1/60 [00:01<01:54,  1.94s/it]
train:   3%|▎         | 2/60 [00:02<00:52,  1.11it/s]
train:   5%|▌         | 3/60 [00:03<01:00,  1.06s/it]
train:   7%|▋         | 4/60 [00:03<00:40,  1.39it/s]
train:   8%|▊         | 5/60 [00:04<00:53,  1.03it/s]
train:  10%|█         | 6/60 [00:05<00:37,  1.43it/s]
train:  12%|█▏        | 7/60 [00:06<00:49,  1.06it/s]
train:  13%|█▎        | 8/60 [00:06<00:36,  1.43it/s]
train:  15%|█▌        | 9/60 [00:08<00:46,  1.09it/s]
train:  17%|█▋        | 10/60 [00:08<00:34,  1.45it/s]
train:  18%|█▊        | 11/60 [00:09<00:45,  1.09it/s]
train:  20%|██        | 12/60 [00:09<00:33,  1.43it/s]
train:  22%|██▏       | 13/60 [00:11<00:43,  1.09it/s]
train:  23%|██▎       | 14/60 [00:11<00:32,  1.41it/s]
train:  25%|██▌       | 15/60 [00:14<01:03,  1.42s/it]
train:  27%|██▋       | 16/60 [00:14<00:46,  1.06s/it]
train:  28%|██▊       | 17/60 [00:16<00:51,  1.19s/it]
train:  30%|███       | 18/60 [00:16<00:37,  1.13it/s]
train:  32%|███▏      | 19/60 [00:17<00:42,  1.04s/it]
train:  33%|███▎      | 20/60 [00:18<00:32,  1.24it/s]
train:  35%|███▌      | 21/60 [00:19<00:38,  1.02it/s]
train:  37%|███▋      | 22/60 [00:19<00:29,  1.31it/s]
train:  38%|███▊      | 23/60 [00:21<00:34,  1.07it/s]
train:  40%|████      | 24/60 [00:21<00:26,  1.38it/s]
train:  42%|████▏     | 25/60 [00:22<00:32,  1.08it/s]
train:  43%|████▎     | 26/60 [00:23<00:24,  1.41it/s]
train:  45%|████▌     | 27/60 [00:24<00:30,  1.08it/s]
train:  47%|████▋     | 28/60 [00:24<00:22,  1.42it/s]
train:  48%|████▊     | 29/60 [00:26<00:28,  1.09it/s]
train:  50%|█████     | 30/60 [00:26<00:20,  1.43it/s]
train:  52%|█████▏    | 31/60 [00:27<00:26,  1.09it/s]
train:  53%|█████▎    | 32/60 [00:27<00:19,  1.44it/s]
train:  55%|█████▌    | 33/60 [00:29<00:24,  1.12it/s]
train:  57%|█████▋    | 34/60 [00:29<00:17,  1.45it/s]
train:  58%|█████▊    | 35/60 [00:30<00:22,  1.09it/s]
train:  60%|██████    | 36/60 [00:31<00:16,  1.43it/s]
train:  62%|██████▏   | 37/60 [00:32<00:21,  1.09it/s]
train:  63%|██████▎   | 38/60 [00:32<00:15,  1.40it/s]
train:  65%|██████▌   | 39/60 [00:34<00:18,  1.11it/s]
train:  67%|██████▋   | 40/60 [00:34<00:13,  1.44it/s]
train:  68%|██████▊   | 41/60 [00:35<00:17,  1.10it/s]
train:  70%|███████   | 42/60 [00:35<00:12,  1.42it/s]
train:  72%|███████▏  | 43/60 [00:37<00:15,  1.08it/s]
train:  73%|███████▎  | 44/60 [00:37<00:11,  1.38it/s]
train:  75%|███████▌  | 45/60 [00:39<00:13,  1.09it/s]
train:  77%|███████▋  | 46/60 [00:39<00:10,  1.39it/s]
train:  78%|███████▊  | 47/60 [00:40<00:11,  1.10it/s]
train:  80%|████████  | 48/60 [00:40<00:08,  1.40it/s]
train:  82%|████████▏ | 49/60 [00:42<00:09,  1.12it/s]
train:  83%|████████▎ | 50/60 [00:42<00:07,  1.40it/s]
train:  85%|████████▌ | 51/60 [00:43<00:08,  1.12it/s]
train:  87%|████████▋ | 52/60 [00:44<00:05,  1.39it/s]
train:  88%|████████▊ | 53/60 [00:45<00:06,  1.10it/s]
train:  90%|█████████ | 54/60 [00:45<00:04,  1.41it/s]
train:  92%|█████████▏| 55/60 [00:48<00:07,  1.40s/it]
train:  93%|█████████▎| 56/60 [00:48<00:04,  1.04s/it]
train:  95%|█████████▌| 57/60 [00:50<00:03,  1.17s/it]
train:  97%|█████████▋| 58/60 [00:50<00:01,  1.14it/s]
train:  98%|█████████▊| 59/60 [00:52<00:01,  1.05s/it]
train: 100%|██████████| 60/60 [00:52<00:00,  1.28it/s]
                                                      

eval:   0%|          | 0/15 [00:00<?, ?it/s]
eval:   7%|▋         | 1/15 [00:01<00:22,  1.62s/it]
eval:  20%|██        | 3/15 [00:03<00:12,  1.00s/it]
eval:  33%|███▎      | 5/15 [00:04<00:08,  1.12it/s]
eval:  47%|████▋     | 7/15 [00:06<00:06,  1.18it/s]
eval:  60%|██████    | 9/15 [00:07<00:04,  1.21it/s]
eval:  73%|███████▎  | 11/15 [00:09<00:03,  1.25it/s]
eval:  87%|████████▋ | 13/15 [00:11<00:01,  1.26it/s]
eval: 100%|██████████| 15/15 [00:12<00:00,  1.33it/s]
                                                     
Epoch 14 | stage - | train loss 0.6697 (cls 0.6697, ctr 0.0000) acc 0.7406 f1 0.7418 | val loss 1.2017 (cls 1.2017, ctr 0.0000) acc 0.6375 f1 0.6584 | lr [6.95e-06, 2.32e-04]

train:   0%|          | 0/60 [00:00<?, ?it/s]
train:   2%|▏         | 1/60 [00:01<01:56,  1.98s/it]
train:   3%|▎         | 2/60 [00:02<00:53,  1.09it/s]
train:   5%|▌         | 3/60 [00:03<01:02,  1.09s/it]
train:   7%|▋         | 4/60 [00:03<00:41,  1.36it/s]
train:   8%|▊         | 5/60 [00:05<00:55,  1.00s/it]
train:  10%|█         | 6/60 [00:05<00:39,  1.37it/s]
train:  12%|█▏        | 7/60 [00:06<00:51,  1.03it/s]
train:  13%|█▎        | 8/60 [00:06<00:37,  1.38it/s]
train:  15%|█▌        | 9/60 [00:08<00:48,  1.05it/s]
train:  17%|█▋        | 10/60 [00:08<00:35,  1.40it/s]
train:  18%|█▊        | 11/60 [00:10<00:45,  1.08it/s]
train:  20%|██        | 12/60 [00:10<00:33,  1.42it/s]
train:  22%|██▏       | 13/60 [00:11<00:43,  1.09it/s]
train:  23%|██▎       | 14/60 [00:11<00:31,  1.44it/s]
train:  25%|██▌       | 15/60 [00:13<00:41,  1.08it/s]
train:  27%|██▋       | 16/60 [00:13<00:30,  1.42it/s]
train:  28%|██▊       | 17/60 [00:14<00:39,  1.09it/s]
train:  30%|███       | 18/60 [00:15<00:29,  1.43it/s]
train:  32%|███▏      | 19/60 [00:18<00:58,  1.44s/it]
train:  33%|███▎      | 20/60 [00:18<00:42,  1.06s/it]
train:  35%|███▌      | 21/60 [00:19<00:45,  1.17s/it]
train:  37%|███▋      | 22/60 [00:20<00:33,  1.14it/s]
train:  38%|███▊      | 23/60 [00:21<00:38,  1.04s/it]
train:  40%|████      | 24/60 [00:21<00:28,  1.28it/s]
train:  42%|████▏     | 25/60 [00:23<00:33,  1.04it/s]
train:  43%|████▎     | 26/60 [00:23<00:24,  1.37it/s]
train:  45%|████▌     | 27/60 [00:24<00:30,  1.06it/s]
train:  47%|████▋     | 28/60 [00:24<00:22,  1.41it/s]
train:  48%|████▊     | 29/60 [00:26<00:28,  1.10it/s]
train:  50%|█████     | 30/60 [00:26<00:21,  1.43it/s]
train:  52%|█████▏    | 31/60 [00:27<00:26,  1.11it/s]
train:  53%|█████▎    | 32/60 [00:27<00:19,  1.43it/s]
train:  55%|█████▌    | 33/60 [00:29<00:24,  1.09it/s]
train:  57%|█████▋    | 34/60 [00:29<00:18,  1.42it/s]
train:  58%|█████▊    | 35/60 [00:30<00:22,  1.11it/s]
train:  60%|██████    | 36/60 [00:31<00:16,  1.43it/s]
train:  62%|██████▏   | 37/60 [00:32<00:21,  1.09it/s]
train:  63%|██████▎   | 38/60 [00:32<00:15,  1.41it/s]
train:  65%|██████▌   | 39/60 [00:34<00:19,  1.10it/s]
train:  67%|██████▋   | 40/60 [00:34<00:14,  1.40it/s]
train:  68%|██████▊   | 41/60 [00:35<00:17,  1.10it/s]
train:  70%|███████   | 42/60 [00:36<00:12,  1.42it/s]
train:  72%|███████▏  | 43/60 [00:37<00:15,  1.07it/s]
train:  73%|███████▎  | 44/60 [00:37<00:11,  1.37it/s]
train:  75%|███████▌  | 45/60 [00:39<00:13,  1.11it/s]
train:  77%|███████▋  | 46/60 [00:39<00:09,  1.42it/s]
train:  78%|███████▊  | 47/60 [00:40<00:11,  1.10it/s]
train:  80%|████████  | 48/60 [00:41<00:08,  1.40it/s]
train:  82%|████████▏ | 49/60 [00:42<00:10,  1.10it/s]
train:  83%|████████▎ | 50/60 [00:42<00:07,  1.41it/s]
train:  85%|████████▌ | 51/60 [00:44<00:08,  1.09it/s]
train:  87%|████████▋ | 52/60 [00:44<00:05,  1.40it/s]
train:  88%|████████▊ | 53/60 [00:45<00:06,  1.11it/s]
train:  90%|█████████ | 54/60 [00:45<00:04,  1.41it/s]
train:  92%|█████████▏| 55/60 [00:47<00:04,  1.12it/s]
train:  93%|█████████▎| 56/60 [00:47<00:02,  1.40it/s]
train:  95%|█████████▌| 57/60 [00:48<00:02,  1.13it/s]
train:  97%|█████████▋| 58/60 [00:49<00:01,  1.41it/s]
train:  98%|█████████▊| 59/60 [00:52<00:01,  1.38s/it]
train: 100%|██████████| 60/60 [00:52<00:00,  1.04s/it]
                                                      

eval:   0%|          | 0/15 [00:00<?, ?it/s]
eval:   7%|▋         | 1/15 [00:01<00:22,  1.63s/it]
eval:  20%|██        | 3/15 [00:03<00:11,  1.00it/s]
eval:  33%|███▎      | 5/15 [00:04<00:08,  1.11it/s]
eval:  47%|████▋     | 7/15 [00:06<00:06,  1.18it/s]
eval:  60%|██████    | 9/15 [00:07<00:04,  1.21it/s]
eval:  73%|███████▎  | 11/15 [00:09<00:03,  1.25it/s]
eval:  87%|████████▋ | 13/15 [00:11<00:01,  1.26it/s]
eval: 100%|██████████| 15/15 [00:12<00:00,  1.33it/s]
                                                     
Epoch 15 | stage - | train loss 0.6763 (cls 0.6763, ctr 0.0000) acc 0.7563 f1 0.7544 | val loss 1.2050 (cls 1.2050, ctr 0.0000) acc 0.5917 f1 0.5856 | lr [5.58e-06, 1.86e-04]

train:   0%|          | 0/60 [00:00<?, ?it/s]
train:   2%|▏         | 1/60 [00:01<01:45,  1.78s/it]
train:   3%|▎         | 2/60 [00:01<00:48,  1.19it/s]
train:   5%|▌         | 3/60 [00:03<01:04,  1.14s/it]
train:   7%|▋         | 4/60 [00:03<00:42,  1.32it/s]
train:   8%|▊         | 5/60 [00:05<00:55,  1.01s/it]
train:  10%|█         | 6/60 [00:05<00:39,  1.37it/s]
train:  12%|█▏        | 7/60 [00:06<00:50,  1.05it/s]
train:  13%|█▎        | 8/60 [00:06<00:36,  1.42it/s]
train:  15%|█▌        | 9/60 [00:08<00:48,  1.05it/s]
train:  17%|█▋        | 10/60 [00:08<00:35,  1.41it/s]
train:  18%|█▊        | 11/60 [00:09<00:45,  1.07it/s]
train:  20%|██        | 12/60 [00:10<00:33,  1.42it/s]
train:  22%|██▏       | 13/60 [00:11<00:43,  1.07it/s]
train:  23%|██▎       | 14/60 [00:11<00:32,  1.42it/s]
train:  25%|██▌       | 15/60 [00:13<00:41,  1.09it/s]
train:  27%|██▋       | 16/60 [00:13<00:30,  1.43it/s]
train:  28%|██▊       | 17/60 [00:14<00:39,  1.08it/s]
train:  30%|███       | 18/60 [00:15<00:29,  1.42it/s]
train:  32%|███▏      | 19/60 [00:16<00:37,  1.09it/s]
train:  33%|███▎      | 20/60 [00:16<00:28,  1.43it/s]
train:  35%|███▌      | 21/60 [00:18<00:35,  1.10it/s]
train:  37%|███▋      | 22/60 [00:18<00:26,  1.45it/s]
train:  38%|███▊      | 23/60 [00:21<00:52,  1.42s/it]
train:  40%|████      | 24/60 [00:21<00:37,  1.04s/it]
train:  42%|████▏     | 25/60 [00:22<00:40,  1.17s/it]
train:  43%|████▎     | 26/60 [00:23<00:29,  1.15it/s]
train:  45%|████▌     | 27/60 [00:24<00:34,  1.04s/it]
train:  47%|████▋     | 28/60 [00:24<00:25,  1.27it/s]
train:  48%|████▊     | 29/60 [00:26<00:30,  1.03it/s]
train:  50%|█████     | 30/60 [00:26<00:22,  1.35it/s]
train:  52%|█████▏    | 31/60 [00:27<00:27,  1.06it/s]
train:  53%|█████▎    | 32/60 [00:27<00:20,  1.40it/s]
train:  55%|█████▌    | 33/60 [00:29<00:25,  1.07it/s]
train:  57%|█████▋    | 34/60 [00:29<00:18,  1.42it/s]
train:  58%|█████▊    | 35/60 [00:31<00:22,  1.09it/s]
train:  60%|██████    | 36/60 [00:31<00:16,  1.42it/s]
train:  62%|██████▏   | 37/60 [00:32<00:21,  1.07it/s]
train:  63%|██████▎   | 38/60 [00:32<00:15,  1.41it/s]
train:  65%|██████▌   | 39/60 [00:34<00:19,  1.09it/s]
train:  67%|██████▋   | 40/60 [00:34<00:14,  1.43it/s]
train:  68%|██████▊   | 41/60 [00:35<00:17,  1.09it/s]
train:  70%|███████   | 42/60 [00:36<00:12,  1.42it/s]
train:  72%|███████▏  | 43/60 [00:37<00:15,  1.08it/s]
train:  73%|███████▎  | 44/60 [00:37<00:11,  1.39it/s]
train:  75%|███████▌  | 45/60 [00:39<00:13,  1.09it/s]
train:  77%|███████▋  | 46/60 [00:39<00:09,  1.44it/s]
train:  78%|███████▊  | 47/60 [00:40<00:11,  1.10it/s]
train:  80%|████████  | 48/60 [00:40<00:08,  1.45it/s]
train:  82%|████████▏ | 49/60 [00:42<00:09,  1.10it/s]
train:  83%|████████▎ | 50/60 [00:42<00:06,  1.44it/s]
train:  85%|████████▌ | 51/60 [00:44<00:08,  1.08it/s]
train:  87%|████████▋ | 52/60 [00:44<00:05,  1.41it/s]
train:  88%|████████▊ | 53/60 [00:45<00:06,  1.07it/s]
train:  90%|█████████ | 54/60 [00:45<00:04,  1.41it/s]
train:  92%|█████████▏| 55/60 [00:47<00:04,  1.07it/s]
train:  93%|█████████▎| 56/60 [00:47<00:02,  1.42it/s]
train:  95%|█████████▌| 57/60 [00:48<00:02,  1.07it/s]
train:  97%|█████████▋| 58/60 [00:49<00:01,  1.41it/s]
train:  98%|█████████▊| 59/60 [00:50<00:00,  1.10it/s]
train: 100%|██████████| 60/60 [00:50<00:00,  1.43it/s]
                                                      

eval:   0%|          | 0/15 [00:00<?, ?it/s]
eval:   7%|▋         | 1/15 [00:03<00:45,  3.27s/it]
eval:  20%|██        | 3/15 [00:04<00:17,  1.43s/it]
eval:  33%|███▎      | 5/15 [00:06<00:10,  1.10s/it]
eval:  47%|████▋     | 7/15 [00:07<00:07,  1.04it/s]
eval:  60%|██████    | 9/15 [00:09<00:05,  1.11it/s]
eval:  73%|███████▎  | 11/15 [00:11<00:03,  1.18it/s]
eval:  87%|████████▋ | 13/15 [00:12<00:01,  1.20it/s]
eval: 100%|██████████| 15/15 [00:13<00:00,  1.29it/s]
                                                     
Epoch 16 | stage - | train loss 0.6381 (cls 0.6381, ctr 0.0000) acc 0.7750 f1 0.7717 | val loss 1.2776 (cls 1.2776, ctr 0.0000) acc 0.6000 f1 0.6084 | lr [4.47e-06, 1.49e-04]

train:   0%|          | 0/60 [00:00<?, ?it/s]
train:   2%|▏         | 1/60 [00:01<01:55,  1.96s/it]
train:   3%|▎         | 2/60 [00:02<00:52,  1.10it/s]
train:   5%|▌         | 3/60 [00:03<01:01,  1.08s/it]
train:   7%|▋         | 4/60 [00:03<00:40,  1.38it/s]
train:   8%|▊         | 5/60 [00:05<00:54,  1.01it/s]
train:  10%|█         | 6/60 [00:05<00:38,  1.40it/s]
train:  12%|█▏        | 7/60 [00:06<00:49,  1.08it/s]
train:  13%|█▎        | 8/60 [00:06<00:36,  1.44it/s]
train:  15%|█▌        | 9/60 [00:08<00:46,  1.09it/s]
train:  17%|█▋        | 10/60 [00:08<00:34,  1.45it/s]
train:  18%|█▊        | 11/60 [00:09<00:44,  1.10it/s]
train:  20%|██        | 12/60 [00:09<00:33,  1.45it/s]
train:  22%|██▏       | 13/60 [00:11<00:42,  1.12it/s]
train:  23%|██▎       | 14/60 [00:11<00:31,  1.47it/s]
train:  25%|██▌       | 15/60 [00:12<00:40,  1.10it/s]
train:  27%|██▋       | 16/60 [00:13<00:30,  1.45it/s]
train:  28%|██▊       | 17/60 [00:14<00:39,  1.08it/s]
train:  30%|███       | 18/60 [00:14<00:29,  1.42it/s]
train:  32%|███▏      | 19/60 [00:16<00:37,  1.08it/s]
train:  33%|███▎      | 20/60 [00:16<00:27,  1.43it/s]
train:  35%|███▌      | 21/60 [00:17<00:36,  1.08it/s]
train:  37%|███▋      | 22/60 [00:18<00:27,  1.39it/s]
train:  38%|███▊      | 23/60 [00:19<00:34,  1.08it/s]
train:  40%|████      | 24/60 [00:19<00:26,  1.37it/s]
train:  42%|████▏     | 25/60 [00:21<00:32,  1.08it/s]
train:  43%|████▎     | 26/60 [00:21<00:24,  1.38it/s]
train:  45%|████▌     | 27/60 [00:24<00:46,  1.40s/it]
train:  47%|████▋     | 28/60 [00:24<00:33,  1.05s/it]
train:  48%|████▊     | 29/60 [00:26<00:35,  1.15s/it]
train:  50%|█████     | 30/60 [00:26<00:26,  1.14it/s]
train:  52%|█████▏    | 31/60 [00:27<00:29,  1.01s/it]
train:  53%|█████▎    | 32/60 [00:27<00:22,  1.26it/s]
train:  55%|█████▌    | 33/60 [00:29<00:26,  1.02it/s]
train:  57%|█████▋    | 34/60 [00:29<00:20,  1.30it/s]
train:  58%|█████▊    | 35/60 [00:30<00:23,  1.07it/s]
train:  60%|██████    | 36/60 [00:31<00:17,  1.34it/s]
train:  62%|██████▏   | 37/60 [00:32<00:20,  1.10it/s]
train:  63%|██████▎   | 38/60 [00:32<00:15,  1.38it/s]
train:  65%|██████▌   | 39/60 [00:34<00:18,  1.14it/s]
train:  67%|██████▋   | 40/60 [00:34<00:14,  1.37it/s]
train:  68%|██████▊   | 41/60 [00:35<00:16,  1.13it/s]
train:  70%|███████   | 42/60 [00:36<00:13,  1.35it/s]
train:  72%|███████▏  | 43/60 [00:37<00:14,  1.14it/s]
train:  73%|███████▎  | 44/60 [00:37<00:11,  1.34it/s]
train:  75%|███████▌  | 45/60 [00:38<00:13,  1.12it/s]
train:  77%|███████▋  | 46/60 [00:39<00:10,  1.32it/s]
train:  78%|███████▊  | 47/60 [00:40<00:11,  1.09it/s]
train:  80%|████████  | 48/60 [00:41<00:08,  1.34it/s]
train:  82%|████████▏ | 49/60 [00:42<00:09,  1.11it/s]
train:  83%|████████▎ | 50/60 [00:42<00:07,  1.32it/s]
train:  85%|████████▌ | 51/60 [00:43<00:07,  1.13it/s]
train:  87%|████████▋ | 52/60 [00:44<00:06,  1.32it/s]
train:  88%|████████▊ | 53/60 [00:45<00:06,  1.10it/s]
train:  90%|█████████ | 54/60 [00:46<00:04,  1.31it/s]
train:  92%|█████████▏| 55/60 [00:47<00:04,  1.13it/s]
train:  93%|█████████▎| 56/60 [00:47<00:02,  1.34it/s]
train:  95%|█████████▌| 57/60 [00:48<00:02,  1.12it/s]
train:  97%|█████████▋| 58/60 [00:49<00:01,  1.33it/s]
train:  98%|█████████▊| 59/60 [00:50<00:00,  1.15it/s]
train: 100%|██████████| 60/60 [00:50<00:00,  1.41it/s]
                                                      

eval:   0%|          | 0/15 [00:00<?, ?it/s]
eval:   7%|▋         | 1/15 [00:01<00:22,  1.60s/it]
eval:  20%|██        | 3/15 [00:03<00:11,  1.01it/s]
eval:  33%|███▎      | 5/15 [00:06<00:13,  1.33s/it]
eval:  47%|████▋     | 7/15 [00:08<00:08,  1.10s/it]
eval:  60%|██████    | 9/15 [00:09<00:05,  1.02it/s]
eval:  73%|███████▎  | 11/15 [00:11<00:03,  1.11it/s]
eval:  87%|████████▋ | 13/15 [00:12<00:01,  1.15it/s]
eval: 100%|██████████| 15/15 [00:14<00:00,  1.24it/s]
                                                     
Epoch 17 | stage - | train loss 0.6471 (cls 0.6471, ctr 0.0000) acc 0.7740 f1 0.7733 | val loss 1.1363 (cls 1.1363, ctr 0.0000) acc 0.6500 f1 0.6621 | lr [3.66e-06, 1.22e-04]

train:   0%|          | 0/60 [00:00<?, ?it/s]
train:   2%|▏         | 1/60 [00:01<01:50,  1.87s/it]
train:   3%|▎         | 2/60 [00:02<00:50,  1.15it/s]
train:   5%|▌         | 3/60 [00:03<01:02,  1.09s/it]
train:   7%|▋         | 4/60 [00:03<00:41,  1.37it/s]
train:   8%|▊         | 5/60 [00:04<00:53,  1.04it/s]
train:  10%|█         | 6/60 [00:05<00:37,  1.43it/s]
train:  12%|█▏        | 7/60 [00:06<00:49,  1.08it/s]
train:  13%|█▎        | 8/60 [00:06<00:35,  1.45it/s]
train:  15%|█▌        | 9/60 [00:08<00:46,  1.10it/s]
train:  17%|█▋        | 10/60 [00:08<00:34,  1.47it/s]
train:  18%|█▊        | 11/60 [00:09<00:44,  1.11it/s]
train:  20%|██        | 12/60 [00:09<00:32,  1.47it/s]
train:  22%|██▏       | 13/60 [00:11<00:42,  1.11it/s]
train:  23%|██▎       | 14/60 [00:11<00:31,  1.45it/s]
train:  25%|██▌       | 15/60 [00:12<00:40,  1.10it/s]
train:  27%|██▋       | 16/60 [00:13<00:30,  1.45it/s]
train:  28%|██▊       | 17/60 [00:14<00:38,  1.11it/s]
train:  30%|███       | 18/60 [00:14<00:28,  1.46it/s]
train:  32%|███▏      | 19/60 [00:16<00:37,  1.08it/s]
train:  33%|███▎      | 20/60 [00:16<00:27,  1.43it/s]
train:  35%|███▌      | 21/60 [00:17<00:36,  1.08it/s]
train:  37%|███▋      | 22/60 [00:17<00:26,  1.43it/s]
train:  38%|███▊      | 23/60 [00:19<00:34,  1.08it/s]
train:  40%|████      | 24/60 [00:19<00:25,  1.44it/s]
train:  42%|████▏     | 25/60 [00:20<00:32,  1.09it/s]
train:  43%|████▎     | 26/60 [00:21<00:23,  1.44it/s]
train:  45%|████▌     | 27/60 [00:22<00:30,  1.09it/s]
train:  47%|████▋     | 28/60 [00:22<00:22,  1.43it/s]
train:  48%|████▊     | 29/60 [00:24<00:28,  1.09it/s]
train:  50%|█████     | 30/60 [00:26<00:38,  1.27s/it]
train:  52%|█████▏    | 31/60 [00:27<00:38,  1.32s/it]
train:  53%|█████▎    | 32/60 [00:27<00:27,  1.01it/s]
train:  55%|█████▌    | 33/60 [00:29<00:29,  1.11s/it]
train:  57%|█████▋    | 34/60 [00:29<00:21,  1.19it/s]
train:  58%|█████▊    | 35/60 [00:30<00:25,  1.02s/it]
train:  60%|██████    | 36/60 [00:31<00:18,  1.29it/s]
train:  62%|██████▏   | 37/60 [00:32<00:22,  1.04it/s]
train:  63%|██████▎   | 38/60 [00:32<00:16,  1.36it/s]
train:  65%|██████▌   | 39/60 [00:34<00:19,  1.06it/s]
train:  67%|██████▋   | 40/60 [00:34<00:14,  1.38it/s]
train:  68%|██████▊   | 41/60 [00:35<00:17,  1.08it/s]
train:  70%|███████   | 42/60 [00:36<00:12,  1.40it/s]
train:  72%|███████▏  | 43/60 [00:37<00:15,  1.07it/s]
train:  73%|███████▎  | 44/60 [00:37<00:11,  1.38it/s]
train:  75%|███████▌  | 45/60 [00:39<00:13,  1.11it/s]
train:  77%|███████▋  | 46/60 [00:39<00:09,  1.43it/s]
train:  78%|███████▊  | 47/60 [00:40<00:11,  1.10it/s]
train:  80%|████████  | 48/60 [00:40<00:08,  1.44it/s]
train:  82%|████████▏ | 49/60 [00:42<00:09,  1.11it/s]
train:  83%|████████▎ | 50/60 [00:42<00:06,  1.44it/s]
train:  85%|████████▌ | 51/60 [00:43<00:08,  1.12it/s]
train:  87%|████████▋ | 52/60 [00:44<00:05,  1.43it/s]
train:  88%|████████▊ | 53/60 [00:45<00:06,  1.14it/s]
train:  90%|█████████ | 54/60 [00:45<00:04,  1.45it/s]
train:  92%|█████████▏| 55/60 [00:47<00:04,  1.09it/s]
train:  93%|█████████▎| 56/60 [00:47<00:02,  1.41it/s]
train:  95%|█████████▌| 57/60 [00:48<00:02,  1.07it/s]
train:  97%|█████████▋| 58/60 [00:48<00:01,  1.41it/s]
train:  98%|█████████▊| 59/60 [00:50<00:00,  1.09it/s]
train: 100%|██████████| 60/60 [00:50<00:00,  1.44it/s]
                                                      

eval:   0%|          | 0/15 [00:00<?, ?it/s]
eval:   7%|▋         | 1/15 [00:01<00:23,  1.66s/it]
eval:  20%|██        | 3/15 [00:03<00:12,  1.02s/it]
eval:  33%|███▎      | 5/15 [00:04<00:09,  1.11it/s]
eval:  47%|████▋     | 7/15 [00:06<00:06,  1.17it/s]
eval:  60%|██████    | 9/15 [00:09<00:06,  1.14s/it]
eval:  73%|███████▎  | 11/15 [00:11<00:04,  1.00s/it]
eval:  87%|████████▋ | 13/15 [00:12<00:01,  1.06it/s]
eval: 100%|██████████| 15/15 [00:14<00:00,  1.18it/s]
                                                     
Epoch 18 | stage - | train loss 0.6501 (cls 0.6501, ctr 0.0000) acc 0.7542 f1 0.7542 | val loss 1.1735 (cls 1.1735, ctr 0.0000) acc 0.6625 f1 0.6802 | lr [3.17e-06, 1.06e-04]

train:   0%|          | 0/60 [00:00<?, ?it/s]
train:   2%|▏         | 1/60 [00:02<01:59,  2.03s/it]
train:   3%|▎         | 2/60 [00:02<00:54,  1.07it/s]
train:   5%|▌         | 3/60 [00:03<01:02,  1.10s/it]
train:   7%|▋         | 4/60 [00:03<00:41,  1.35it/s]
train:   8%|▊         | 5/60 [00:05<00:53,  1.02it/s]
train:  10%|█         | 6/60 [00:05<00:38,  1.41it/s]
train:  12%|█▏        | 7/60 [00:06<00:49,  1.07it/s]
train:  13%|█▎        | 8/60 [00:06<00:36,  1.43it/s]
train:  15%|█▌        | 9/60 [00:08<00:47,  1.07it/s]
train:  17%|█▋        | 10/60 [00:08<00:35,  1.42it/s]
train:  18%|█▊        | 11/60 [00:10<00:46,  1.05it/s]
train:  20%|██        | 12/60 [00:10<00:34,  1.40it/s]
train:  22%|██▏       | 13/60 [00:11<00:44,  1.07it/s]
train:  23%|██▎       | 14/60 [00:11<00:32,  1.41it/s]
train:  25%|██▌       | 15/60 [00:13<00:42,  1.05it/s]
train:  27%|██▋       | 16/60 [00:13<00:31,  1.39it/s]
train:  28%|██▊       | 17/60 [00:14<00:40,  1.07it/s]
train:  30%|███       | 18/60 [00:15<00:29,  1.40it/s]
train:  32%|███▏      | 19/60 [00:16<00:38,  1.08it/s]
train:  33%|███▎      | 20/60 [00:16<00:27,  1.43it/s]
train:  35%|███▌      | 21/60 [00:18<00:35,  1.11it/s]
train:  37%|███▋      | 22/60 [00:18<00:26,  1.46it/s]
train:  38%|███▊      | 23/60 [00:19<00:33,  1.11it/s]
train:  40%|████      | 24/60 [00:19<00:24,  1.46it/s]
train:  42%|████▏     | 25/60 [00:21<00:31,  1.10it/s]
train:  43%|████▎     | 26/60 [00:21<00:23,  1.45it/s]
train:  45%|████▌     | 27/60 [00:22<00:30,  1.09it/s]
train:  47%|████▋     | 28/60 [00:23<00:22,  1.43it/s]
train:  48%|████▊     | 29/60 [00:24<00:29,  1.06it/s]
train:  50%|█████     | 30/60 [00:24<00:21,  1.40it/s]
train:  52%|█████▏    | 31/60 [00:26<00:27,  1.07it/s]
train:  53%|█████▎    | 32/60 [00:26<00:19,  1.41it/s]
train:  55%|█████▌    | 33/60 [00:29<00:37,  1.40s/it]
train:  57%|█████▋    | 34/60 [00:29<00:26,  1.03s/it]
train:  58%|█████▊    | 35/60 [00:31<00:28,  1.15s/it]
train:  60%|██████    | 36/60 [00:31<00:20,  1.16it/s]
train:  62%|██████▏   | 37/60 [00:32<00:23,  1.04s/it]
train:  63%|██████▎   | 38/60 [00:32<00:17,  1.27it/s]
train:  65%|██████▌   | 39/60 [00:34<00:20,  1.02it/s]
train:  67%|██████▋   | 40/60 [00:34<00:14,  1.35it/s]
train:  68%|██████▊   | 41/60 [00:35<00:17,  1.06it/s]
train:  70%|███████   | 42/60 [00:36<00:12,  1.40it/s]
train:  72%|███████▏  | 43/60 [00:37<00:15,  1.09it/s]
train:  73%|███████▎  | 44/60 [00:37<00:11,  1.40it/s]
train:  75%|███████▌  | 45/60 [00:39<00:13,  1.10it/s]
train:  77%|███████▋  | 46/60 [00:39<00:09,  1.46it/s]
train:  78%|███████▊  | 47/60 [00:40<00:11,  1.12it/s]
train:  80%|████████  | 48/60 [00:40<00:08,  1.44it/s]
train:  82%|████████▏ | 49/60 [00:42<00:10,  1.09it/s]
train:  83%|████████▎ | 50/60 [00:42<00:06,  1.43it/s]
train:  85%|████████▌ | 51/60 [00:43<00:08,  1.10it/s]
train:  87%|████████▋ | 52/60 [00:44<00:05,  1.43it/s]
train:  88%|████████▊ | 53/60 [00:45<00:06,  1.10it/s]
train:  90%|█████████ | 54/60 [00:45<00:04,  1.40it/s]
train:  92%|█████████▏| 55/60 [00:47<00:04,  1.09it/s]
train:  93%|█████████▎| 56/60 [00:47<00:02,  1.41it/s]
train:  95%|█████████▌| 57/60 [00:48<00:02,  1.08it/s]
train:  97%|█████████▋| 58/60 [00:49<00:01,  1.41it/s]
train:  98%|█████████▊| 59/60 [00:50<00:00,  1.11it/s]
train: 100%|██████████| 60/60 [00:50<00:00,  1.43it/s]
                                                      

eval:   0%|          | 0/15 [00:00<?, ?it/s]
eval:   7%|▋         | 1/15 [00:01<00:22,  1.63s/it]
eval:  20%|██        | 3/15 [00:03<00:12,  1.02s/it]
eval:  33%|███▎      | 5/15 [00:04<00:08,  1.11it/s]
eval:  47%|████▋     | 7/15 [00:06<00:06,  1.17it/s]
eval:  60%|██████    | 9/15 [00:07<00:04,  1.20it/s]
eval:  73%|███████▎  | 11/15 [00:09<00:03,  1.24it/s]
eval:  87%|████████▋ | 13/15 [00:12<00:02,  1.09s/it]
eval: 100%|██████████| 15/15 [00:14<00:00,  1.05it/s]
                                                     
Epoch 19 | stage - | train loss 0.6818 (cls 0.6818, ctr 0.0000) acc 0.7490 f1 0.7485 | val loss 1.1967 (cls 1.1967, ctr 0.0000) acc 0.6583 f1 0.6692 | lr [3.00e-06, 1.00e-04]

train:   0%|          | 0/60 [00:00<?, ?it/s]
train:   2%|▏         | 1/60 [00:02<01:58,  2.01s/it]
train:   3%|▎         | 2/60 [00:02<00:54,  1.07it/s]
train:   5%|▌         | 3/60 [00:03<01:01,  1.08s/it]
train:   7%|▋         | 4/60 [00:03<00:40,  1.37it/s]
train:   8%|▊         | 5/60 [00:05<00:53,  1.03it/s]
train:  10%|█         | 6/60 [00:05<00:37,  1.42it/s]
train:  12%|█▏        | 7/60 [00:06<00:50,  1.05it/s]
train:  13%|█▎        | 8/60 [00:06<00:36,  1.41it/s]
train:  15%|█▌        | 9/60 [00:08<00:47,  1.07it/s]
train:  17%|█▋        | 10/60 [00:08<00:34,  1.43it/s]
train:  18%|█▊        | 11/60 [00:09<00:44,  1.11it/s]
train:  20%|██        | 12/60 [00:10<00:32,  1.47it/s]
train:  22%|██▏       | 13/60 [00:11<00:42,  1.11it/s]
train:  23%|██▎       | 14/60 [00:11<00:31,  1.46it/s]
train:  25%|██▌       | 15/60 [00:13<00:40,  1.10it/s]
train:  27%|██▋       | 16/60 [00:13<00:30,  1.45it/s]
train:  28%|██▊       | 17/60 [00:14<00:39,  1.09it/s]
train:  30%|███       | 18/60 [00:14<00:29,  1.43it/s]
train:  32%|███▏      | 19/60 [00:16<00:38,  1.07it/s]
train:  33%|███▎      | 20/60 [00:16<00:28,  1.41it/s]
train:  35%|███▌      | 21/60 [00:18<00:36,  1.06it/s]
train:  37%|███▋      | 22/60 [00:18<00:27,  1.40it/s]
train:  38%|███▊      | 23/60 [00:19<00:34,  1.07it/s]
train:  40%|████      | 24/60 [00:19<00:25,  1.41it/s]
train:  42%|████▏     | 25/60 [00:21<00:32,  1.07it/s]
train:  43%|████▎     | 26/60 [00:21<00:24,  1.41it/s]
train:  45%|████▌     | 27/60 [00:22<00:30,  1.10it/s]
train:  47%|████▋     | 28/60 [00:23<00:22,  1.44it/s]
train:  48%|████▊     | 29/60 [00:24<00:28,  1.08it/s]
train:  50%|█████     | 30/60 [00:24<00:21,  1.42it/s]
train:  52%|█████▏    | 31/60 [00:26<00:26,  1.08it/s]
train:  53%|█████▎    | 32/60 [00:26<00:19,  1.42it/s]
train:  55%|█████▌    | 33/60 [00:27<00:24,  1.09it/s]
train:  57%|█████▋    | 34/60 [00:27<00:18,  1.44it/s]
train:  58%|█████▊    | 35/60 [00:29<00:23,  1.07it/s]
train:  60%|██████    | 36/60 [00:29<00:17,  1.41it/s]
train:  62%|██████▏   | 37/60 [00:32<00:33,  1.44s/it]
train:  63%|██████▎   | 38/60 [00:32<00:23,  1.07s/it]
train:  65%|██████▌   | 39/60 [00:34<00:24,  1.19s/it]
train:  67%|██████▋   | 40/60 [00:34<00:17,  1.12it/s]
train:  68%|██████▊   | 41/60 [00:36<00:19,  1.05s/it]
train:  70%|███████   | 42/60 [00:36<00:14,  1.26it/s]
train:  72%|███████▏  | 43/60 [00:37<00:16,  1.01it/s]
train:  73%|███████▎  | 44/60 [00:37<00:12,  1.33it/s]
train:  75%|███████▌  | 45/60 [00:39<00:14,  1.04it/s]
train:  77%|███████▋  | 46/60 [00:39<00:10,  1.36it/s]
train:  78%|███████▊  | 47/60 [00:41<00:12,  1.05it/s]
train:  80%|████████  | 48/60 [00:41<00:08,  1.39it/s]
train:  82%|████████▏ | 49/60 [00:42<00:10,  1.07it/s]
train:  83%|████████▎ | 50/60 [00:42<00:07,  1.37it/s]
train:  85%|████████▌ | 51/60 [00:44<00:08,  1.09it/s]
train:  87%|████████▋ | 52/60 [00:44<00:05,  1.41it/s]
train:  88%|████████▊ | 53/60 [00:45<00:06,  1.10it/s]
train:  90%|█████████ | 54/60 [00:46<00:04,  1.44it/s]
train:  92%|█████████▏| 55/60 [00:47<00:04,  1.10it/s]
train:  93%|█████████▎| 56/60 [00:47<00:02,  1.40it/s]
train:  95%|█████████▌| 57/60 [00:49<00:02,  1.10it/s]
train:  97%|█████████▋| 58/60 [00:49<00:01,  1.43it/s]
train:  98%|█████████▊| 59/60 [00:50<00:00,  1.12it/s]
train: 100%|██████████| 60/60 [00:50<00:00,  1.44it/s]
                                                      

eval:   0%|          | 0/15 [00:00<?, ?it/s]
eval:   7%|▋         | 1/15 [00:01<00:22,  1.58s/it]
eval:  20%|██        | 3/15 [00:03<00:11,  1.03it/s]
eval:  33%|███▎      | 5/15 [00:04<00:08,  1.14it/s]
eval:  47%|████▋     | 7/15 [00:06<00:06,  1.20it/s]
eval:  60%|██████    | 9/15 [00:07<00:04,  1.22it/s]
eval:  73%|███████▎  | 11/15 [00:09<00:03,  1.26it/s]
eval:  87%|████████▋ | 13/15 [00:10<00:01,  1.25it/s]
eval: 100%|██████████| 15/15 [00:12<00:00,  1.33it/s]
                                                     
Epoch 20 | stage - | train loss 0.6707 (cls 0.6707, ctr 0.0000) acc 0.7625 f1 0.7630 | val loss 1.1841 (cls 1.1841, ctr 0.0000) acc 0.6583 f1 0.6675 | lr [3.00e-06, 1.00e-04]
[INFO] Reloaded best validation checkpoint: /home/louis/projects/MultimodalEmotionRecognition/outputs/speaker_independent_tracked_v1/fold_02/audio/best.pt (epoch 18)

eval:   0%|          | 0/15 [00:00<?, ?it/s]libEGL warning: DRI3 error: Could not get DRI3 device
libEGL warning: Ensure your X server supports DRI3 to get accelerated rendering
libEGL warning: DRI3 error: Could not get DRI3 device
libEGL warning: Ensure your X server supports DRI3 to get accelerated rendering
WARNING: All log messages before absl::InitializeLog() is called are written to STDERR
I0000 00:00:1791489031.359678   23493 gl_context_egl.cc:85] Successfully initialized EGL. Major : 1 Minor: 5
WARNING: All log messages before absl::InitializeLog() is called are written to STDERR
I0000 00:00:1791489031.359703   23492 gl_context_egl.cc:85] Successfully initialized EGL. Major : 1 Minor: 5
I0000 00:00:1791489031.372997   23717 gl_context.cc:369] GL version: 3.2 (OpenGL ES 3.2 Mesa 25.2.8-0ubuntu0.24.04.2), renderer: llvmpipe (LLVM 20.1.2, 256 bits)
I0000 00:00:1791489031.373079   23718 gl_context.cc:369] GL version: 3.2 (OpenGL ES 3.2 Mesa 25.2.8-0ubuntu0.24.04.2), renderer: llvmpipe (LLVM 20.1.2, 256 bits)
INFO: Created TensorFlow Lite XNNPACK delegate for CPU.
INFO: Created TensorFlow Lite XNNPACK delegate for CPU.
W0000 00:00:1791489031.389397   23607 inference_feedback_manager.cc:114] Feedback manager requires a model with a single signature inference. Disabling support for feedback tensors.
W0000 00:00:1791489031.389421   23616 inference_feedback_manager.cc:114] Feedback manager requires a model with a single signature inference. Disabling support for feedback tensors.

eval:   7%|▋         | 1/15 [00:04<01:05,  4.67s/it]
eval:  20%|██        | 3/15 [00:06<00:21,  1.81s/it]
eval:  27%|██▋       | 4/15 [00:06<00:13,  1.22s/it]
eval:  33%|███▎      | 5/15 [00:07<00:13,  1.33s/it]
eval:  47%|████▋     | 7/15 [00:09<00:08,  1.08s/it]
eval:  60%|██████    | 9/15 [00:11<00:05,  1.03it/s]
eval:  73%|███████▎  | 11/15 [00:12<00:03,  1.11it/s]
eval:  87%|████████▋ | 13/15 [00:14<00:01,  1.14it/s]
eval: 100%|██████████| 15/15 [00:15<00:00,  1.22it/s]
                                                     
Test | loss 0.6431 (cls 0.6431, ctr 0.0000) acc 0.7583 f1 0.7412
Best val macro-F1: 0.6802 | checkpoint: /home/louis/projects/MultimodalEmotionRecognition/outputs/speaker_independent_tracked_v1/fold_02/audio/best.pt
wandb: 
wandb: Run history:
wandb:     best/val_macro_f1 ▁
wandb:                 epoch ▁▁▂▂▂▃▃▄▄▄▅▅▅▆▆▇▇▇██
wandb:            lr/group_0 ███▇▇▇▆▆▅▅▄▃▃▂▂▂▁▁▁▁
wandb:            lr/group_1 ███▇▇▇▆▆▅▅▄▃▃▂▂▂▁▁▁▁
wandb:                 stage ▁▁▁▁▁▁▁▁▁▁▁▁▁▁▁▁▁▁▁▁
wandb:              test/acc ▁
wandb:         test/accuracy ▁
wandb:       test/best_epoch ▁
wandb:         test/cls_loss ▁
wandb: test/contrastive_loss ▁
wandb:                   +15 ...
wandb: 
wandb: Run summary:
wandb:     best/val_macro_f1 0.68018
wandb:                 epoch 20
wandb:            lr/group_0 0.0
wandb:            lr/group_1 0.0001
wandb:                 stage 0
wandb:              test/acc 0.75833
wandb:         test/accuracy 0.75833
wandb:       test/best_epoch 18
wandb:         test/cls_loss 0.64306
wandb: test/contrastive_loss 0
wandb:                   +15 ...
wandb: 
wandb: You can sync this run to the cloud by running:
wandb: wandb sync /home/louis/projects/MultimodalEmotionRecognition/outputs/speaker_independent_tracked_v1/fold_02/audio/wandb/offline-run-20261009_032901-563735f7a65d4149abb0024d1ccc8a90
wandb: Find logs at: ./outputs/speaker_independent_tracked_v1/fold_02/audio/wandb/offline-run-20261009_032901-563735f7a65d4149abb0024d1ccc8a90/logs
[REVISION] fold=2 model=video smoke=False
[REVISION] profile=spmb2026-video-v1 resolved={"audio_backbone_lr": 1e-05, "audio_n_mels": 64, "backbone_lr": 3e-05, "batch_size": 16, "cosine_stage2_only": false, "early_stopping_patience": 10, "epochs": 20, "frames": 8, "fusion": "video", "fusion_align_dim": 256, "fusion_align_mode": "none", "fusion_align_temperature": 0.07, "fusion_align_weight": 0.1, "fusion_unfreeze_audio": true, "fusion_unfreeze_video_blocks": 1, "fusion_unfreeze_wavlm_layers": 2, "label_smoothing": 0.0, "lr": 0.001, "no_pretrained_video": false, "num_classes": 8, "num_workers": -1, "seed": 42, "smoke": false, "split_mode": "actor", "stage1_epochs": 5, "temporal_dropout": 0.1, "temporal_num_heads": 4, "temporal_num_layers": 1, "temporal_pooling": "mean", "train_ratio": 0.7, "two_stage_training": false, "use_cosine_annealing": true, "use_face_crop": true, "use_resnet_audio": false, "use_wavlm": true, "val_ratio": 0.15, "video_backbone_lr": 1e-05, "wandb": false, "wavlm_stage": 1, "weight_decay": 0.0001, "xattn_attn_dropout": 0.1, "xattn_d_model": 128, "xattn_emotion_prior_dim": 8, "xattn_emotion_prior_dropout": 0.1, "xattn_emotion_prior_hidden_dim": 64, "xattn_head": "concat", "xattn_heads": 4, "xattn_stochastic_depth": 0.1, "xattn_use_emotion_prior": false}
[REVISION] disjoint split={'fold': 2, 'train_actors': [1, 2, 3, 4, 13, 14, 15, 16, 17, 18, 19, 20, 21, 22, 23, 24], 'val_actors': [9, 10, 11, 12], 'test_actors': [5, 6, 7, 8]}
[REVISION] audio_ckpt=none video_ckpt=none
wandb: WARNING `resume` will be ignored since W&B syncing is set to `offline`. Starting a new run with run id 4e6f6321e2564281859bb39b14901fff.
wandb: Tracking run with wandb version 0.24.1
wandb: W&B syncing is set to `offline` in this directory. Run `wandb online` or set WANDB_MODE=online to enable cloud syncing.
wandb: Run data is saved locally in /home/louis/projects/MultimodalEmotionRecognition/outputs/speaker_independent_tracked_v1/fold_02/video/wandb/offline-run-20261009_035047-4e6f6321e2564281859bb39b14901fff
Total pairs: 1440
Sample pair: actor=1 emotion=1 intensity=1 statement=1 repetition=1
Sample pair: actor=2 emotion=1 intensity=1 statement=1 repetition=1
Sample pair: actor=3 emotion=1 intensity=1 statement=1 repetition=1
Using actor-based split
Train pairs: 960 | Val pairs: 240 | Test pairs: 240
Train class distribution: {0: 64, 1: 128, 2: 128, 3: 128, 4: 128, 5: 128, 6: 128, 7: 128}
Val class distribution: {0: 16, 1: 32, 2: 32, 3: 32, 4: 32, 5: 32, 6: 32, 7: 32}
Test class distribution: {0: 16, 1: 32, 2: 32, 3: 32, 4: 32, 5: 32, 6: 32, 7: 32}
DataLoader config: num_workers=2, pin_memory=True, persistent_workers=True

============================================================
CUDA available: True
GPU device: NVIDIA GeForce RTX 5080 Laptop GPU
GPU memory: 17.07 GB
Device: cuda
============================================================

Model parameters: 11,180,616 (trainable: 11,180,616)

[INFO] Cosine scheduler (group-wise): group0: base_lr=1.00e-03, eta_min=1.00e-04
[INFO] Trainable parameters after stage setup: 11,180,616

train:   0%|          | 0/60 [00:00<?, ?it/s]libEGL warning: DRI3 error: Could not get DRI3 device
libEGL warning: DRI3 error: Could not get DRI3 device
libEGL warning: Ensure your X server supports DRI3 to get accelerated rendering
libEGL warning: Ensure your X server supports DRI3 to get accelerated rendering
WARNING: All log messages before absl::InitializeLog() is called are written to STDERR
WARNING: All log messages before absl::InitializeLog() is called are written to STDERR
I0000 00:00:1791489048.073158   27586 gl_context_egl.cc:85] Successfully initialized EGL. Major : 1 Minor: 5
I0000 00:00:1791489048.073156   27587 gl_context_egl.cc:85] Successfully initialized EGL. Major : 1 Minor: 5
I0000 00:00:1791489048.094184   27811 gl_context.cc:369] GL version: 3.2 (OpenGL ES 3.2 Mesa 25.2.8-0ubuntu0.24.04.2), renderer: llvmpipe (LLVM 20.1.2, 256 bits)
I0000 00:00:1791489048.095531   27812 gl_context.cc:369] GL version: 3.2 (OpenGL ES 3.2 Mesa 25.2.8-0ubuntu0.24.04.2), renderer: llvmpipe (LLVM 20.1.2, 256 bits)
INFO: Created TensorFlow Lite XNNPACK delegate for CPU.
INFO: Created TensorFlow Lite XNNPACK delegate for CPU.
W0000 00:00:1791489048.107276   27699 inference_feedback_manager.cc:114] Feedback manager requires a model with a single signature inference. Disabling support for feedback tensors.
W0000 00:00:1791489048.111024   27709 inference_feedback_manager.cc:114] Feedback manager requires a model with a single signature inference. Disabling support for feedback tensors.

train:   2%|▏         | 1/60 [00:03<03:15,  3.31s/it]
train:   5%|▌         | 3/60 [00:04<01:17,  1.36s/it]
train:   8%|▊         | 5/60 [00:06<00:56,  1.02s/it]
train:  12%|█▏        | 7/60 [00:07<00:49,  1.07it/s]
train:  15%|█▌        | 9/60 [00:09<00:44,  1.15it/s]
train:  18%|█▊        | 11/60 [00:10<00:41,  1.18it/s]
train:  22%|██▏       | 13/60 [00:12<00:39,  1.20it/s]
train:  25%|██▌       | 15/60 [00:14<00:37,  1.20it/s]
train:  28%|██▊       | 17/60 [00:15<00:35,  1.22it/s]
train:  32%|███▏      | 19/60 [00:17<00:33,  1.22it/s]
train:  35%|███▌      | 21/60 [00:20<00:42,  1.08s/it]
train:  38%|███▊      | 23/60 [00:22<00:36,  1.00it/s]
train:  42%|████▏     | 25/60 [00:23<00:33,  1.05it/s]
train:  45%|████▌     | 27/60 [00:25<00:29,  1.10it/s]
train:  48%|████▊     | 29/60 [00:27<00:26,  1.15it/s]
train:  52%|█████▏    | 31/60 [00:28<00:24,  1.18it/s]
train:  55%|█████▌    | 33/60 [00:30<00:22,  1.20it/s]
train:  58%|█████▊    | 35/60 [00:31<00:20,  1.23it/s]
train:  62%|██████▏   | 37/60 [00:33<00:18,  1.22it/s]
train:  65%|██████▌   | 39/60 [00:35<00:16,  1.24it/s]
train:  68%|██████▊   | 41/60 [00:36<00:15,  1.24it/s]
train:  72%|███████▏  | 43/60 [00:38<00:13,  1.24it/s]
train:  75%|███████▌  | 45/60 [00:39<00:12,  1.25it/s]
train:  78%|███████▊  | 47/60 [00:41<00:10,  1.26it/s]
train:  82%|████████▏ | 49/60 [00:43<00:08,  1.26it/s]
train:  85%|████████▌ | 51/60 [00:44<00:07,  1.26it/s]
train:  88%|████████▊ | 53/60 [00:46<00:05,  1.25it/s]
train:  92%|█████████▏| 55/60 [00:47<00:03,  1.26it/s]
train:  95%|█████████▌| 57/60 [00:49<00:02,  1.26it/s]
train:  98%|█████████▊| 59/60 [00:50<00:00,  1.27it/s]
                                                      

eval:   0%|          | 0/15 [00:00<?, ?it/s]libEGL warning: DRI3 error: Could not get DRI3 device
libEGL warning: Ensure your X server supports DRI3 to get accelerated rendering
libEGL warning: DRI3 error: Could not get DRI3 device
libEGL warning: Ensure your X server supports DRI3 to get accelerated rendering
WARNING: All log messages before absl::InitializeLog() is called are written to STDERR
I0000 00:00:1791489099.040185   43342 gl_context_egl.cc:85] Successfully initialized EGL. Major : 1 Minor: 5
WARNING: All log messages before absl::InitializeLog() is called are written to STDERR
I0000 00:00:1791489099.040207   43343 gl_context_egl.cc:85] Successfully initialized EGL. Major : 1 Minor: 5
I0000 00:00:1791489099.051660   43567 gl_context.cc:369] GL version: 3.2 (OpenGL ES 3.2 Mesa 25.2.8-0ubuntu0.24.04.2), renderer: llvmpipe (LLVM 20.1.2, 256 bits)
I0000 00:00:1791489099.051950   43568 gl_context.cc:369] GL version: 3.2 (OpenGL ES 3.2 Mesa 25.2.8-0ubuntu0.24.04.2), renderer: llvmpipe (LLVM 20.1.2, 256 bits)
INFO: Created TensorFlow Lite XNNPACK delegate for CPU.
INFO: Created TensorFlow Lite XNNPACK delegate for CPU.
W0000 00:00:1791489099.064934   43464 inference_feedback_manager.cc:114] Feedback manager requires a model with a single signature inference. Disabling support for feedback tensors.
W0000 00:00:1791489099.066022   43456 inference_feedback_manager.cc:114] Feedback manager requires a model with a single signature inference. Disabling support for feedback tensors.

eval:   7%|▋         | 1/15 [00:04<00:57,  4.08s/it]
eval:  20%|██        | 3/15 [00:05<00:19,  1.62s/it]
eval:  33%|███▎      | 5/15 [00:07<00:12,  1.22s/it]
eval:  47%|████▋     | 7/15 [00:08<00:08,  1.04s/it]
eval:  53%|█████▎    | 8/15 [00:08<00:05,  1.21it/s]
eval:  60%|██████    | 9/15 [00:10<00:05,  1.04it/s]
eval:  73%|███████▎  | 11/15 [00:11<00:03,  1.15it/s]
eval:  87%|████████▋ | 13/15 [00:13<00:01,  1.18it/s]
eval: 100%|██████████| 15/15 [00:14<00:00,  1.29it/s]
                                                     
Epoch 01 | stage - | train loss 2.1056 (cls 2.1056, ctr 0.0000) acc 0.2125 f1 0.1977 | val loss 2.0641 (cls 2.0641, ctr 0.0000) acc 0.2208 f1 0.1692 | lr 9.78e-04

train:   0%|          | 0/60 [00:00<?, ?it/s]
train:   2%|▏         | 1/60 [00:01<01:43,  1.76s/it]
train:   5%|▌         | 3/60 [00:03<01:01,  1.07s/it]
train:   8%|▊         | 5/60 [00:04<00:50,  1.10it/s]
train:  12%|█▏        | 7/60 [00:06<00:43,  1.23it/s]
train:  15%|█▌        | 9/60 [00:07<00:41,  1.24it/s]
train:  18%|█▊        | 11/60 [00:09<00:39,  1.25it/s]
train:  22%|██▏       | 13/60 [00:11<00:37,  1.26it/s]
train:  25%|██▌       | 15/60 [00:12<00:36,  1.25it/s]
train:  28%|██▊       | 17/60 [00:14<00:34,  1.26it/s]
train:  32%|███▏      | 19/60 [00:15<00:32,  1.26it/s]
train:  35%|███▌      | 21/60 [00:17<00:30,  1.27it/s]
train:  38%|███▊      | 23/60 [00:18<00:29,  1.27it/s]
train:  42%|████▏     | 25/60 [00:22<00:37,  1.06s/it]
train:  45%|████▌     | 27/60 [00:23<00:32,  1.00it/s]
train:  48%|████▊     | 29/60 [00:25<00:29,  1.06it/s]
train:  52%|█████▏    | 31/60 [00:27<00:26,  1.11it/s]
train:  55%|█████▌    | 33/60 [00:28<00:23,  1.15it/s]
train:  58%|█████▊    | 35/60 [00:30<00:21,  1.19it/s]
train:  62%|██████▏   | 37/60 [00:31<00:18,  1.22it/s]
train:  65%|██████▌   | 39/60 [00:33<00:17,  1.23it/s]
train:  68%|██████▊   | 41/60 [00:35<00:15,  1.23it/s]
train:  72%|███████▏  | 43/60 [00:36<00:13,  1.23it/s]
train:  75%|███████▌  | 45/60 [00:38<00:12,  1.24it/s]
train:  78%|███████▊  | 47/60 [00:39<00:10,  1.25it/s]
train:  82%|████████▏ | 49/60 [00:41<00:08,  1.25it/s]
train:  85%|████████▌ | 51/60 [00:43<00:07,  1.25it/s]
train:  88%|████████▊ | 53/60 [00:44<00:05,  1.25it/s]
train:  92%|█████████▏| 55/60 [00:46<00:03,  1.27it/s]
train:  95%|█████████▌| 57/60 [00:47<00:02,  1.26it/s]
train:  98%|█████████▊| 59/60 [00:49<00:00,  1.27it/s]
                                                      

eval:   0%|          | 0/15 [00:00<?, ?it/s]
eval:   7%|▋         | 1/15 [00:01<00:21,  1.52s/it]
eval:  20%|██        | 3/15 [00:03<00:11,  1.01it/s]
eval:  33%|███▎      | 5/15 [00:04<00:08,  1.15it/s]
eval:  47%|████▋     | 7/15 [00:07<00:09,  1.20s/it]
eval:  60%|██████    | 9/15 [00:09<00:06,  1.07s/it]
eval:  73%|███████▎  | 11/15 [00:11<00:03,  1.07it/s]
eval:  87%|████████▋ | 13/15 [00:12<00:01,  1.12it/s]
eval: 100%|██████████| 15/15 [00:14<00:00,  1.20it/s]
                                                     
Epoch 02 | stage - | train loss 1.4369 (cls 1.4369, ctr 0.0000) acc 0.4385 f1 0.4184 | val loss 2.3151 (cls 2.3151, ctr 0.0000) acc 0.3250 f1 0.2257 | lr 9.51e-04

train:   0%|          | 0/60 [00:00<?, ?it/s]
train:   2%|▏         | 1/60 [00:01<01:47,  1.83s/it]
train:   5%|▌         | 3/60 [00:03<00:54,  1.04it/s]
train:   8%|▊         | 5/60 [00:04<00:47,  1.15it/s]
train:  12%|█▏        | 7/60 [00:06<00:43,  1.21it/s]
train:  15%|█▌        | 9/60 [00:07<00:41,  1.23it/s]
train:  18%|█▊        | 11/60 [00:09<00:38,  1.26it/s]
train:  22%|██▏       | 13/60 [00:10<00:36,  1.27it/s]
train:  25%|██▌       | 15/60 [00:12<00:34,  1.29it/s]
train:  28%|██▊       | 17/60 [00:13<00:33,  1.29it/s]
train:  32%|███▏      | 19/60 [00:15<00:31,  1.31it/s]
train:  35%|███▌      | 21/60 [00:16<00:29,  1.30it/s]
train:  38%|███▊      | 23/60 [00:18<00:28,  1.28it/s]
train:  42%|████▏     | 25/60 [00:20<00:27,  1.26it/s]
train:  45%|████▌     | 27/60 [00:21<00:26,  1.24it/s]
train:  48%|████▊     | 29/60 [00:23<00:24,  1.26it/s]
train:  52%|█████▏    | 31/60 [00:25<00:23,  1.24it/s]
train:  55%|█████▌    | 33/60 [00:26<00:22,  1.22it/s]
train:  58%|█████▊    | 35/60 [00:28<00:20,  1.22it/s]
train:  62%|██████▏   | 37/60 [00:30<00:18,  1.23it/s]
train:  65%|██████▌   | 39/60 [00:31<00:16,  1.25it/s]
train:  67%|██████▋   | 40/60 [00:31<00:13,  1.47it/s]
train:  68%|██████▊   | 41/60 [00:33<00:16,  1.18it/s]
train:  70%|███████   | 42/60 [00:33<00:12,  1.43it/s]
train:  72%|███████▏  | 43/60 [00:34<00:15,  1.12it/s]
train:  73%|███████▎  | 44/60 [00:35<00:11,  1.39it/s]
train:  75%|███████▌  | 45/60 [00:36<00:13,  1.08it/s]
train:  77%|███████▋  | 46/60 [00:36<00:10,  1.37it/s]
train:  78%|███████▊  | 47/60 [00:38<00:12,  1.06it/s]
train:  80%|████████  | 48/60 [00:38<00:08,  1.37it/s]
train:  82%|████████▏ | 49/60 [00:41<00:15,  1.43s/it]
train:  83%|████████▎ | 50/60 [00:41<00:10,  1.07s/it]
train:  85%|████████▌ | 51/60 [00:43<00:10,  1.20s/it]
train:  87%|████████▋ | 52/60 [00:43<00:07,  1.06it/s]
train:  88%|████████▊ | 53/60 [00:45<00:07,  1.10s/it]
train:  90%|█████████ | 54/60 [00:45<00:05,  1.14it/s]
train:  92%|█████████▏| 55/60 [00:47<00:05,  1.06s/it]
train:  93%|█████████▎| 56/60 [00:47<00:03,  1.19it/s]
train:  95%|█████████▌| 57/60 [00:48<00:03,  1.07s/it]
train:  97%|█████████▋| 58/60 [00:49<00:01,  1.25it/s]
train:  98%|█████████▊| 59/60 [00:50<00:00,  1.01it/s]
train: 100%|██████████| 60/60 [00:50<00:00,  1.33it/s]
                                                      

eval:   0%|          | 0/15 [00:00<?, ?it/s]
eval:   7%|▋         | 1/15 [00:01<00:20,  1.46s/it]
eval:  20%|██        | 3/15 [00:02<00:11,  1.06it/s]
eval:  33%|███▎      | 5/15 [00:04<00:08,  1.18it/s]
eval:  47%|████▋     | 7/15 [00:06<00:06,  1.23it/s]
eval:  60%|██████    | 9/15 [00:07<00:04,  1.26it/s]
eval:  67%|██████▋   | 10/15 [00:07<00:03,  1.55it/s]
eval:  73%|███████▎  | 11/15 [00:08<00:03,  1.27it/s]
eval:  87%|████████▋ | 13/15 [00:10<00:01,  1.28it/s]
eval: 100%|██████████| 15/15 [00:11<00:00,  1.35it/s]
                                                     
Epoch 03 | stage - | train loss 1.1283 (cls 1.1283, ctr 0.0000) acc 0.5896 f1 0.5817 | val loss 1.7233 (cls 1.7233, ctr 0.0000) acc 0.4375 f1 0.4150 | lr 9.14e-04

train:   0%|          | 0/60 [00:00<?, ?it/s]
train:   2%|▏         | 1/60 [00:01<01:38,  1.68s/it]
train:   5%|▌         | 3/60 [00:03<00:55,  1.03it/s]
train:   8%|▊         | 5/60 [00:04<00:49,  1.12it/s]
train:  12%|█▏        | 7/60 [00:06<00:45,  1.16it/s]
train:  15%|█▌        | 9/60 [00:08<00:42,  1.19it/s]
train:  18%|█▊        | 11/60 [00:09<00:40,  1.22it/s]
train:  22%|██▏       | 13/60 [00:12<00:48,  1.02s/it]
train:  25%|██▌       | 15/60 [00:13<00:42,  1.06it/s]
train:  28%|██▊       | 17/60 [00:15<00:38,  1.12it/s]
train:  32%|███▏      | 19/60 [00:17<00:35,  1.15it/s]
train:  35%|███▌      | 21/60 [00:18<00:33,  1.17it/s]
train:  38%|███▊      | 23/60 [00:20<00:31,  1.19it/s]
train:  42%|████▏     | 25/60 [00:22<00:28,  1.21it/s]
train:  45%|████▌     | 27/60 [00:23<00:26,  1.24it/s]
train:  48%|████▊     | 29/60 [00:25<00:24,  1.28it/s]
train:  52%|█████▏    | 31/60 [00:26<00:22,  1.28it/s]
train:  55%|█████▌    | 33/60 [00:28<00:20,  1.29it/s]
train:  58%|█████▊    | 35/60 [00:29<00:19,  1.28it/s]
train:  62%|██████▏   | 37/60 [00:31<00:18,  1.26it/s]
train:  65%|██████▌   | 39/60 [00:32<00:16,  1.25it/s]
train:  68%|██████▊   | 41/60 [00:34<00:15,  1.26it/s]
train:  72%|███████▏  | 43/60 [00:36<00:13,  1.25it/s]
train:  75%|███████▌  | 45/60 [00:37<00:12,  1.24it/s]
train:  78%|███████▊  | 47/60 [00:39<00:10,  1.25it/s]
train:  82%|████████▏ | 49/60 [00:40<00:08,  1.24it/s]
train:  85%|████████▌ | 51/60 [00:42<00:07,  1.25it/s]
train:  88%|████████▊ | 53/60 [00:44<00:05,  1.25it/s]
train:  92%|█████████▏| 55/60 [00:47<00:05,  1.02s/it]
train:  95%|█████████▌| 57/60 [00:48<00:02,  1.03it/s]
train:  98%|█████████▊| 59/60 [00:50<00:00,  1.08it/s]
                                                      

eval:   0%|          | 0/15 [00:00<?, ?it/s]
eval:   7%|▋         | 1/15 [00:01<00:23,  1.66s/it]
eval:  20%|██        | 3/15 [00:03<00:12,  1.04s/it]
eval:  33%|███▎      | 5/15 [00:04<00:08,  1.13it/s]
eval:  47%|████▋     | 7/15 [00:06<00:06,  1.19it/s]
eval:  53%|█████▎    | 8/15 [00:06<00:04,  1.49it/s]
eval:  60%|██████    | 9/15 [00:07<00:05,  1.16it/s]
eval:  73%|███████▎  | 11/15 [00:09<00:03,  1.28it/s]
eval:  87%|████████▋ | 13/15 [00:10<00:01,  1.29it/s]
eval: 100%|██████████| 15/15 [00:12<00:00,  1.37it/s]
                                                     
Epoch 04 | stage - | train loss 0.8735 (cls 0.8735, ctr 0.0000) acc 0.6948 f1 0.6912 | val loss 2.0980 (cls 2.0980, ctr 0.0000) acc 0.4333 f1 0.3597 | lr 8.68e-04

train:   0%|          | 0/60 [00:00<?, ?it/s]
train:   2%|▏         | 1/60 [00:01<01:45,  1.78s/it]
train:   5%|▌         | 3/60 [00:03<00:53,  1.07it/s]
train:   8%|▊         | 5/60 [00:04<00:47,  1.15it/s]
train:  12%|█▏        | 7/60 [00:06<00:44,  1.18it/s]
train:  15%|█▌        | 9/60 [00:07<00:42,  1.20it/s]
train:  18%|█▊        | 11/60 [00:09<00:40,  1.20it/s]
train:  22%|██▏       | 13/60 [00:11<00:38,  1.21it/s]
train:  25%|██▌       | 15/60 [00:12<00:36,  1.22it/s]
train:  28%|██▊       | 17/60 [00:14<00:35,  1.22it/s]
train:  32%|███▏      | 19/60 [00:17<00:41,  1.01s/it]
train:  35%|███▌      | 21/60 [00:18<00:36,  1.06it/s]
train:  38%|███▊      | 23/60 [00:20<00:33,  1.10it/s]
train:  42%|████▏     | 25/60 [00:22<00:30,  1.13it/s]
train:  43%|████▎     | 26/60 [00:22<00:25,  1.34it/s]
train:  45%|████▌     | 27/60 [00:23<00:29,  1.10it/s]
train:  48%|████▊     | 29/60 [00:25<00:26,  1.17it/s]
train:  52%|█████▏    | 31/60 [00:26<00:23,  1.22it/s]
train:  55%|█████▌    | 33/60 [00:28<00:21,  1.24it/s]
train:  58%|█████▊    | 35/60 [00:30<00:19,  1.26it/s]
train:  62%|██████▏   | 37/60 [00:31<00:18,  1.26it/s]
train:  65%|██████▌   | 39/60 [00:33<00:16,  1.28it/s]
train:  68%|██████▊   | 41/60 [00:34<00:14,  1.28it/s]
train:  72%|███████▏  | 43/60 [00:36<00:13,  1.29it/s]
train:  75%|███████▌  | 45/60 [00:37<00:11,  1.28it/s]
train:  78%|███████▊  | 47/60 [00:39<00:10,  1.26it/s]
train:  82%|████████▏ | 49/60 [00:41<00:08,  1.25it/s]
train:  85%|████████▌ | 51/60 [00:42<00:07,  1.25it/s]
train:  88%|████████▊ | 53/60 [00:44<00:05,  1.23it/s]
train:  92%|█████████▏| 55/60 [00:45<00:04,  1.24it/s]
train:  93%|█████████▎| 56/60 [00:46<00:02,  1.45it/s]
train:  95%|█████████▌| 57/60 [00:47<00:02,  1.18it/s]
train:  97%|█████████▋| 58/60 [00:47<00:01,  1.45it/s]
train:  98%|█████████▊| 59/60 [00:50<00:01,  1.19s/it]
train: 100%|██████████| 60/60 [00:50<00:00,  1.08it/s]
                                                      

eval:   0%|          | 0/15 [00:00<?, ?it/s]
eval:   7%|▋         | 1/15 [00:01<00:21,  1.57s/it]
eval:  20%|██        | 3/15 [00:03<00:12,  1.02s/it]
eval:  33%|███▎      | 5/15 [00:04<00:09,  1.08it/s]
eval:  47%|████▋     | 7/15 [00:06<00:07,  1.13it/s]
eval:  53%|█████▎    | 8/15 [00:06<00:04,  1.42it/s]
eval:  60%|██████    | 9/15 [00:08<00:05,  1.15it/s]
eval:  73%|███████▎  | 11/15 [00:09<00:03,  1.24it/s]
eval:  87%|████████▋ | 13/15 [00:11<00:01,  1.25it/s]
eval: 100%|██████████| 15/15 [00:12<00:00,  1.38it/s]
                                                     
Epoch 05 | stage - | train loss 0.7442 (cls 0.7442, ctr 0.0000) acc 0.7312 f1 0.7241 | val loss 3.8130 (cls 3.8130, ctr 0.0000) acc 0.2708 f1 0.2279 | lr 8.15e-04

train:   0%|          | 0/60 [00:00<?, ?it/s]
train:   2%|▏         | 1/60 [00:01<01:45,  1.78s/it]
train:   5%|▌         | 3/60 [00:03<00:53,  1.06it/s]
train:   8%|▊         | 5/60 [00:04<00:46,  1.18it/s]
train:  12%|█▏        | 7/60 [00:06<00:43,  1.23it/s]
train:  15%|█▌        | 9/60 [00:07<00:40,  1.25it/s]
train:  18%|█▊        | 11/60 [00:09<00:40,  1.22it/s]
train:  22%|██▏       | 13/60 [00:11<00:38,  1.22it/s]
train:  25%|██▌       | 15/60 [00:12<00:36,  1.22it/s]
train:  28%|██▊       | 17/60 [00:14<00:35,  1.22it/s]
train:  32%|███▏      | 19/60 [00:15<00:33,  1.21it/s]
train:  35%|███▌      | 21/60 [00:17<00:31,  1.22it/s]
train:  38%|███▊      | 23/60 [00:19<00:30,  1.22it/s]
train:  42%|████▏     | 25/60 [00:22<00:35,  1.02s/it]
train:  45%|████▌     | 27/60 [00:23<00:31,  1.04it/s]
train:  48%|████▊     | 29/60 [00:25<00:28,  1.09it/s]
train:  52%|█████▏    | 31/60 [00:27<00:25,  1.12it/s]
train:  55%|█████▌    | 33/60 [00:28<00:23,  1.16it/s]
train:  58%|█████▊    | 35/60 [00:30<00:20,  1.20it/s]
train:  62%|██████▏   | 37/60 [00:31<00:18,  1.23it/s]
train:  65%|██████▌   | 39/60 [00:33<00:16,  1.26it/s]
train:  68%|██████▊   | 41/60 [00:34<00:14,  1.27it/s]
train:  72%|███████▏  | 43/60 [00:36<00:13,  1.26it/s]
train:  75%|███████▌  | 45/60 [00:38<00:11,  1.26it/s]
train:  78%|███████▊  | 47/60 [00:39<00:10,  1.27it/s]
train:  82%|████████▏ | 49/60 [00:41<00:08,  1.28it/s]
train:  85%|████████▌ | 51/60 [00:42<00:07,  1.26it/s]
train:  88%|████████▊ | 53/60 [00:44<00:05,  1.25it/s]
train:  90%|█████████ | 54/60 [00:44<00:04,  1.47it/s]
train:  92%|█████████▏| 55/60 [00:46<00:04,  1.16it/s]
train:  95%|█████████▌| 57/60 [00:47<00:02,  1.20it/s]
train:  97%|█████████▋| 58/60 [00:47<00:01,  1.44it/s]
train:  98%|█████████▊| 59/60 [00:49<00:00,  1.14it/s]
                                                      

eval:   0%|          | 0/15 [00:00<?, ?it/s]
eval:   7%|▋         | 1/15 [00:01<00:22,  1.60s/it]
eval:  20%|██        | 3/15 [00:03<00:12,  1.02s/it]
eval:  33%|███▎      | 5/15 [00:06<00:12,  1.24s/it]
eval:  40%|████      | 6/15 [00:06<00:08,  1.07it/s]
eval:  47%|████▋     | 7/15 [00:07<00:08,  1.06s/it]
eval:  60%|██████    | 9/15 [00:09<00:05,  1.03it/s]
eval:  73%|███████▎  | 11/15 [00:10<00:03,  1.12it/s]
eval:  87%|████████▋ | 13/15 [00:12<00:01,  1.16it/s]
eval: 100%|██████████| 15/15 [00:13<00:00,  1.26it/s]
                                                     
Epoch 06 | stage - | train loss 0.6395 (cls 0.6395, ctr 0.0000) acc 0.7656 f1 0.7626 | val loss 2.1014 (cls 2.1014, ctr 0.0000) acc 0.3958 f1 0.3890 | lr 7.54e-04

train:   0%|          | 0/60 [00:00<?, ?it/s]
train:   2%|▏         | 1/60 [00:01<01:45,  1.78s/it]
train:   5%|▌         | 3/60 [00:03<00:55,  1.03it/s]
train:   8%|▊         | 5/60 [00:04<00:47,  1.17it/s]
train:  12%|█▏        | 7/60 [00:06<00:43,  1.23it/s]
train:  15%|█▌        | 9/60 [00:07<00:40,  1.25it/s]
train:  18%|█▊        | 11/60 [00:09<00:39,  1.25it/s]
train:  22%|██▏       | 13/60 [00:10<00:37,  1.26it/s]
train:  25%|██▌       | 15/60 [00:12<00:36,  1.23it/s]
train:  28%|██▊       | 17/60 [00:14<00:35,  1.22it/s]
train:  32%|███▏      | 19/60 [00:15<00:33,  1.23it/s]
train:  35%|███▌      | 21/60 [00:17<00:31,  1.23it/s]
train:  38%|███▊      | 23/60 [00:19<00:30,  1.23it/s]
train:  42%|████▏     | 25/60 [00:20<00:28,  1.22it/s]
train:  45%|████▌     | 27/60 [00:22<00:27,  1.21it/s]
train:  48%|████▊     | 29/60 [00:25<00:31,  1.01s/it]
train:  52%|█████▏    | 31/60 [00:26<00:27,  1.05it/s]
train:  55%|█████▌    | 33/60 [00:28<00:24,  1.09it/s]
train:  58%|█████▊    | 35/60 [00:30<00:22,  1.13it/s]
train:  62%|██████▏   | 37/60 [00:31<00:19,  1.16it/s]
train:  65%|██████▌   | 39/60 [00:33<00:17,  1.20it/s]
train:  67%|██████▋   | 40/60 [00:33<00:14,  1.42it/s]
train:  68%|██████▊   | 41/60 [00:34<00:16,  1.17it/s]
train:  72%|███████▏  | 43/60 [00:36<00:13,  1.22it/s]
train:  75%|███████▌  | 45/60 [00:38<00:11,  1.26it/s]
train:  77%|███████▋  | 46/60 [00:38<00:09,  1.50it/s]
train:  78%|███████▊  | 47/60 [00:39<00:10,  1.21it/s]
train:  82%|████████▏ | 49/60 [00:41<00:08,  1.24it/s]
train:  85%|████████▌ | 51/60 [00:42<00:07,  1.27it/s]
train:  87%|████████▋ | 52/60 [00:42<00:05,  1.53it/s]
train:  88%|████████▊ | 53/60 [00:44<00:05,  1.21it/s]
train:  90%|█████████ | 54/60 [00:44<00:03,  1.51it/s]
train:  92%|█████████▏| 55/60 [00:45<00:04,  1.14it/s]
train:  93%|█████████▎| 56/60 [00:45<00:02,  1.46it/s]
train:  95%|█████████▌| 57/60 [00:47<00:02,  1.10it/s]
train:  97%|█████████▋| 58/60 [00:47<00:01,  1.45it/s]
train:  98%|█████████▊| 59/60 [00:49<00:00,  1.09it/s]
train: 100%|██████████| 60/60 [00:49<00:00,  1.46it/s]
                                                      

eval:   0%|          | 0/15 [00:00<?, ?it/s]
eval:   7%|▋         | 1/15 [00:01<00:22,  1.62s/it]
eval:  20%|██        | 3/15 [00:03<00:12,  1.05s/it]
eval:  33%|███▎      | 5/15 [00:05<00:09,  1.06it/s]
eval:  47%|████▋     | 7/15 [00:06<00:06,  1.16it/s]
eval:  60%|██████    | 9/15 [00:09<00:06,  1.07s/it]
eval:  73%|███████▎  | 11/15 [00:10<00:03,  1.03it/s]
eval:  87%|████████▋ | 13/15 [00:12<00:01,  1.09it/s]
eval: 100%|██████████| 15/15 [00:14<00:00,  1.16it/s]
                                                     
Epoch 07 | stage - | train loss 0.4647 (cls 0.4647, ctr 0.0000) acc 0.8458 f1 0.8417 | val loss 2.1456 (cls 2.1456, ctr 0.0000) acc 0.4958 f1 0.4376 | lr 6.89e-04

train:   0%|          | 0/60 [00:00<?, ?it/s]
train:   2%|▏         | 1/60 [00:01<01:48,  1.84s/it]
train:   5%|▌         | 3/60 [00:03<00:55,  1.04it/s]
train:   8%|▊         | 5/60 [00:04<00:47,  1.16it/s]
train:  12%|█▏        | 7/60 [00:06<00:44,  1.20it/s]
train:  15%|█▌        | 9/60 [00:07<00:40,  1.25it/s]
train:  18%|█▊        | 11/60 [00:09<00:38,  1.27it/s]
train:  22%|██▏       | 13/60 [00:10<00:36,  1.28it/s]
train:  25%|██▌       | 15/60 [00:12<00:35,  1.28it/s]
train:  28%|██▊       | 17/60 [00:14<00:34,  1.26it/s]
train:  32%|███▏      | 19/60 [00:15<00:33,  1.24it/s]
train:  35%|███▌      | 21/60 [00:17<00:31,  1.23it/s]
train:  38%|███▊      | 23/60 [00:19<00:30,  1.22it/s]
train:  42%|████▏     | 25/60 [00:20<00:28,  1.22it/s]
train:  45%|████▌     | 27/60 [00:22<00:27,  1.22it/s]
train:  48%|████▊     | 29/60 [00:24<00:25,  1.20it/s]
train:  52%|█████▏    | 31/60 [00:25<00:24,  1.19it/s]
train:  55%|█████▌    | 33/60 [00:28<00:27,  1.00s/it]
train:  58%|█████▊    | 35/60 [00:30<00:23,  1.06it/s]
train:  62%|██████▏   | 37/60 [00:31<00:21,  1.09it/s]
train:  65%|██████▌   | 39/60 [00:33<00:18,  1.12it/s]
train:  68%|██████▊   | 41/60 [00:35<00:16,  1.15it/s]
train:  72%|███████▏  | 43/60 [00:36<00:14,  1.20it/s]
train:  75%|███████▌  | 45/60 [00:38<00:12,  1.23it/s]
train:  78%|███████▊  | 47/60 [00:39<00:10,  1.26it/s]
train:  82%|████████▏ | 49/60 [00:41<00:08,  1.28it/s]
train:  85%|████████▌ | 51/60 [00:42<00:07,  1.29it/s]
train:  88%|████████▊ | 53/60 [00:44<00:05,  1.28it/s]
train:  92%|█████████▏| 55/60 [00:45<00:03,  1.28it/s]
train:  95%|█████████▌| 57/60 [00:47<00:02,  1.28it/s]
train:  98%|█████████▊| 59/60 [00:49<00:00,  1.26it/s]
                                                      

eval:   0%|          | 0/15 [00:00<?, ?it/s]
eval:   7%|▋         | 1/15 [00:01<00:23,  1.67s/it]
eval:  20%|██        | 3/15 [00:03<00:12,  1.06s/it]
eval:  33%|███▎      | 5/15 [00:05<00:09,  1.05it/s]
eval:  47%|████▋     | 7/15 [00:06<00:07,  1.14it/s]
eval:  60%|██████    | 9/15 [00:08<00:05,  1.18it/s]
eval:  73%|███████▎  | 11/15 [00:09<00:03,  1.21it/s]
eval:  87%|████████▋ | 13/15 [00:12<00:02,  1.02s/it]
eval: 100%|██████████| 15/15 [00:14<00:00,  1.08it/s]
                                                     
Epoch 08 | stage - | train loss 0.4391 (cls 0.4391, ctr 0.0000) acc 0.8385 f1 0.8357 | val loss 2.1728 (cls 2.1728, ctr 0.0000) acc 0.3750 f1 0.3811 | lr 6.20e-04

train:   0%|          | 0/60 [00:00<?, ?it/s]
train:   2%|▏         | 1/60 [00:01<01:57,  1.99s/it]
train:   5%|▌         | 3/60 [00:03<01:02,  1.10s/it]
train:   8%|▊         | 5/60 [00:05<00:51,  1.07it/s]
train:  12%|█▏        | 7/60 [00:06<00:47,  1.11it/s]
train:  15%|█▌        | 9/60 [00:08<00:44,  1.16it/s]
train:  18%|█▊        | 11/60 [00:10<00:41,  1.17it/s]
train:  22%|██▏       | 13/60 [00:11<00:39,  1.19it/s]
train:  25%|██▌       | 15/60 [00:13<00:37,  1.19it/s]
train:  28%|██▊       | 17/60 [00:15<00:35,  1.21it/s]
train:  32%|███▏      | 19/60 [00:16<00:33,  1.21it/s]
train:  35%|███▌      | 21/60 [00:18<00:31,  1.22it/s]
train:  38%|███▊      | 23/60 [00:19<00:29,  1.24it/s]
train:  42%|████▏     | 25/60 [00:21<00:28,  1.24it/s]
train:  45%|████▌     | 27/60 [00:23<00:26,  1.23it/s]
train:  48%|████▊     | 29/60 [00:24<00:24,  1.24it/s]
train:  52%|█████▏    | 31/60 [00:26<00:23,  1.25it/s]
train:  55%|█████▌    | 33/60 [00:27<00:21,  1.25it/s]
train:  58%|█████▊    | 35/60 [00:29<00:20,  1.23it/s]
train:  62%|██████▏   | 37/60 [00:31<00:20,  1.14it/s]
train:  65%|██████▌   | 39/60 [00:33<00:18,  1.16it/s]
train:  68%|██████▊   | 41/60 [00:34<00:16,  1.16it/s]
train:  72%|███████▏  | 43/60 [00:36<00:14,  1.19it/s]
train:  75%|███████▌  | 45/60 [00:38<00:12,  1.22it/s]
train:  78%|███████▊  | 47/60 [00:39<00:10,  1.25it/s]
train:  82%|████████▏ | 49/60 [00:41<00:08,  1.27it/s]
train:  85%|████████▌ | 51/60 [00:42<00:07,  1.28it/s]
train:  88%|████████▊ | 53/60 [00:44<00:05,  1.29it/s]
train:  92%|█████████▏| 55/60 [00:45<00:03,  1.29it/s]
train:  95%|█████████▌| 57/60 [00:47<00:02,  1.29it/s]
train:  98%|█████████▊| 59/60 [00:48<00:00,  1.29it/s]
                                                      

eval:   0%|          | 0/15 [00:00<?, ?it/s]
eval:   7%|▋         | 1/15 [00:01<00:21,  1.55s/it]
eval:  20%|██        | 3/15 [00:03<00:12,  1.02s/it]
eval:  33%|███▎      | 5/15 [00:04<00:09,  1.08it/s]
eval:  40%|████      | 6/15 [00:05<00:06,  1.41it/s]
eval:  47%|████▋     | 7/15 [00:06<00:07,  1.12it/s]
eval:  60%|██████    | 9/15 [00:08<00:05,  1.15it/s]
eval:  73%|███████▎  | 11/15 [00:09<00:03,  1.19it/s]
eval:  80%|████████  | 12/15 [00:09<00:02,  1.46it/s]
eval:  87%|████████▋ | 13/15 [00:11<00:01,  1.17it/s]
eval: 100%|██████████| 15/15 [00:12<00:00,  1.25it/s]
                                                     
Epoch 09 | stage - | train loss 0.3063 (cls 0.3063, ctr 0.0000) acc 0.8979 f1 0.8940 | val loss 2.0889 (cls 2.0889, ctr 0.0000) acc 0.5292 f1 0.5202 | lr 5.50e-04

train:   0%|          | 0/60 [00:00<?, ?it/s]
train:   2%|▏         | 1/60 [00:03<03:10,  3.23s/it]
train:   5%|▌         | 3/60 [00:04<01:19,  1.39s/it]
train:   8%|▊         | 5/60 [00:06<01:00,  1.11s/it]
train:  12%|█▏        | 7/60 [00:08<00:52,  1.01it/s]
train:  15%|█▌        | 9/60 [00:09<00:46,  1.09it/s]
train:  18%|█▊        | 11/60 [00:11<00:43,  1.13it/s]
train:  22%|██▏       | 13/60 [00:12<00:40,  1.16it/s]
train:  25%|██▌       | 15/60 [00:14<00:38,  1.18it/s]
train:  28%|██▊       | 17/60 [00:16<00:35,  1.20it/s]
train:  32%|███▏      | 19/60 [00:17<00:33,  1.22it/s]
train:  35%|███▌      | 21/60 [00:19<00:31,  1.23it/s]
train:  38%|███▊      | 23/60 [00:21<00:30,  1.23it/s]
train:  42%|████▏     | 25/60 [00:22<00:28,  1.24it/s]
train:  45%|████▌     | 27/60 [00:24<00:26,  1.24it/s]
train:  48%|████▊     | 29/60 [00:25<00:25,  1.23it/s]
train:  52%|█████▏    | 31/60 [00:27<00:23,  1.24it/s]
train:  55%|█████▌    | 33/60 [00:29<00:21,  1.23it/s]
train:  58%|█████▊    | 35/60 [00:30<00:20,  1.24it/s]
train:  62%|██████▏   | 37/60 [00:32<00:18,  1.25it/s]
train:  65%|██████▌   | 39/60 [00:33<00:16,  1.25it/s]
train:  68%|██████▊   | 41/60 [00:36<00:17,  1.07it/s]
train:  72%|███████▏  | 43/60 [00:37<00:15,  1.12it/s]
train:  75%|███████▌  | 45/60 [00:39<00:12,  1.16it/s]
train:  78%|███████▊  | 47/60 [00:41<00:11,  1.16it/s]
train:  82%|████████▏ | 49/60 [00:42<00:09,  1.17it/s]
train:  85%|████████▌ | 51/60 [00:44<00:07,  1.20it/s]
train:  88%|████████▊ | 53/60 [00:46<00:05,  1.21it/s]
train:  92%|█████████▏| 55/60 [00:47<00:04,  1.23it/s]
train:  95%|█████████▌| 57/60 [00:49<00:02,  1.24it/s]
train:  98%|█████████▊| 59/60 [00:50<00:00,  1.25it/s]
                                                      

eval:   0%|          | 0/15 [00:00<?, ?it/s]
eval:   7%|▋         | 1/15 [00:01<00:20,  1.49s/it]
eval:  20%|██        | 3/15 [00:03<00:11,  1.03it/s]
eval:  33%|███▎      | 5/15 [00:04<00:08,  1.14it/s]
eval:  47%|████▋     | 7/15 [00:06<00:06,  1.19it/s]
eval:  60%|██████    | 9/15 [00:07<00:05,  1.19it/s]
eval:  73%|███████▎  | 11/15 [00:09<00:03,  1.26it/s]
eval:  87%|████████▋ | 13/15 [00:10<00:01,  1.25it/s]
eval: 100%|██████████| 15/15 [00:12<00:00,  1.31it/s]
                                                     
Epoch 10 | stage - | train loss 0.2907 (cls 0.2907, ctr 0.0000) acc 0.9010 f1 0.9022 | val loss 1.7942 (cls 1.7942, ctr 0.0000) acc 0.4833 f1 0.4674 | lr 4.80e-04

train:   0%|          | 0/60 [00:00<?, ?it/s]
train:   2%|▏         | 1/60 [00:01<01:48,  1.84s/it]
train:   5%|▌         | 3/60 [00:03<00:57,  1.01s/it]
train:   8%|▊         | 5/60 [00:04<00:49,  1.12it/s]
train:  12%|█▏        | 7/60 [00:07<00:58,  1.10s/it]
train:  15%|█▌        | 9/60 [00:09<00:50,  1.01it/s]
train:  18%|█▊        | 11/60 [00:10<00:45,  1.07it/s]
train:  22%|██▏       | 13/60 [00:12<00:41,  1.12it/s]
train:  25%|██▌       | 15/60 [00:14<00:38,  1.16it/s]
train:  28%|██▊       | 17/60 [00:15<00:36,  1.19it/s]
train:  32%|███▏      | 19/60 [00:17<00:34,  1.20it/s]
train:  35%|███▌      | 21/60 [00:18<00:32,  1.21it/s]
train:  38%|███▊      | 23/60 [00:20<00:30,  1.21it/s]
train:  42%|████▏     | 25/60 [00:22<00:28,  1.23it/s]
train:  45%|████▌     | 27/60 [00:23<00:26,  1.25it/s]
train:  48%|████▊     | 29/60 [00:25<00:24,  1.24it/s]
train:  52%|█████▏    | 31/60 [00:26<00:23,  1.24it/s]
train:  55%|█████▌    | 33/60 [00:28<00:22,  1.23it/s]
train:  58%|█████▊    | 35/60 [00:30<00:20,  1.23it/s]
train:  62%|██████▏   | 37/60 [00:31<00:18,  1.23it/s]
train:  65%|██████▌   | 39/60 [00:33<00:16,  1.24it/s]
train:  68%|██████▊   | 41/60 [00:35<00:15,  1.24it/s]
train:  72%|███████▏  | 43/60 [00:36<00:13,  1.24it/s]
train:  75%|███████▌  | 45/60 [00:38<00:12,  1.24it/s]
train:  78%|███████▊  | 47/60 [00:40<00:12,  1.04it/s]
train:  82%|████████▏ | 49/60 [00:42<00:10,  1.10it/s]
train:  85%|████████▌ | 51/60 [00:44<00:07,  1.13it/s]
train:  88%|████████▊ | 53/60 [00:45<00:06,  1.17it/s]
train:  92%|█████████▏| 55/60 [00:47<00:04,  1.18it/s]
train:  95%|█████████▌| 57/60 [00:48<00:02,  1.21it/s]
train:  98%|█████████▊| 59/60 [00:50<00:00,  1.21it/s]
                                                      

eval:   0%|          | 0/15 [00:00<?, ?it/s]
eval:   7%|▋         | 1/15 [00:01<00:22,  1.58s/it]
eval:  20%|██        | 3/15 [00:03<00:12,  1.01s/it]
eval:  33%|███▎      | 5/15 [00:04<00:08,  1.15it/s]
eval:  47%|████▋     | 7/15 [00:06<00:06,  1.20it/s]
eval:  60%|██████    | 9/15 [00:07<00:04,  1.21it/s]
eval:  67%|██████▋   | 10/15 [00:08<00:03,  1.48it/s]
eval:  73%|███████▎  | 11/15 [00:09<00:03,  1.21it/s]
eval:  87%|████████▋ | 13/15 [00:10<00:01,  1.20it/s]
eval: 100%|██████████| 15/15 [00:12<00:00,  1.29it/s]
                                                     
Epoch 11 | stage - | train loss 0.2093 (cls 0.2093, ctr 0.0000) acc 0.9385 f1 0.9395 | val loss 1.9355 (cls 1.9355, ctr 0.0000) acc 0.5083 f1 0.4876 | lr 4.11e-04

train:   0%|          | 0/60 [00:00<?, ?it/s]
train:   2%|▏         | 1/60 [00:01<01:51,  1.88s/it]
train:   5%|▌         | 3/60 [00:03<00:57,  1.01s/it]
train:   8%|▊         | 5/60 [00:04<00:50,  1.09it/s]
train:  12%|█▏        | 7/60 [00:06<00:46,  1.13it/s]
train:  15%|█▌        | 9/60 [00:08<00:43,  1.17it/s]
train:  18%|█▊        | 11/60 [00:10<00:50,  1.02s/it]
train:  22%|██▏       | 13/60 [00:12<00:45,  1.04it/s]
train:  25%|██▌       | 15/60 [00:14<00:41,  1.08it/s]
train:  28%|██▊       | 17/60 [00:15<00:37,  1.14it/s]
train:  32%|███▏      | 19/60 [00:17<00:34,  1.18it/s]
train:  35%|███▌      | 21/60 [00:18<00:32,  1.21it/s]
train:  38%|███▊      | 23/60 [00:20<00:30,  1.22it/s]
train:  42%|████▏     | 25/60 [00:22<00:29,  1.20it/s]
train:  45%|████▌     | 27/60 [00:23<00:27,  1.22it/s]
train:  48%|████▊     | 29/60 [00:25<00:25,  1.23it/s]
train:  52%|█████▏    | 31/60 [00:26<00:23,  1.26it/s]
train:  55%|█████▌    | 33/60 [00:28<00:21,  1.24it/s]
train:  58%|█████▊    | 35/60 [00:30<00:20,  1.22it/s]
train:  62%|██████▏   | 37/60 [00:31<00:18,  1.23it/s]
train:  65%|██████▌   | 39/60 [00:33<00:16,  1.25it/s]
train:  68%|██████▊   | 41/60 [00:35<00:15,  1.27it/s]
train:  72%|███████▏  | 43/60 [00:36<00:13,  1.26it/s]
train:  75%|███████▌  | 45/60 [00:38<00:11,  1.25it/s]
train:  78%|███████▊  | 47/60 [00:39<00:10,  1.24it/s]
train:  82%|████████▏ | 49/60 [00:41<00:08,  1.24it/s]
train:  85%|████████▌ | 51/60 [00:44<00:08,  1.03it/s]
train:  88%|████████▊ | 53/60 [00:45<00:06,  1.07it/s]
train:  92%|█████████▏| 55/60 [00:47<00:04,  1.11it/s]
train:  95%|█████████▌| 57/60 [00:49<00:02,  1.17it/s]
train:  98%|█████████▊| 59/60 [00:50<00:00,  1.21it/s]
                                                      

eval:   0%|          | 0/15 [00:00<?, ?it/s]
eval:   7%|▋         | 1/15 [00:01<00:20,  1.45s/it]
eval:  20%|██        | 3/15 [00:03<00:11,  1.02it/s]
eval:  33%|███▎      | 5/15 [00:04<00:09,  1.11it/s]
eval:  47%|████▋     | 7/15 [00:06<00:06,  1.18it/s]
eval:  60%|██████    | 9/15 [00:07<00:04,  1.26it/s]
eval:  73%|███████▎  | 11/15 [00:09<00:03,  1.28it/s]
eval:  87%|████████▋ | 13/15 [00:10<00:01,  1.24it/s]
eval: 100%|██████████| 15/15 [00:12<00:00,  1.33it/s]
                                                     
Epoch 12 | stage - | train loss 0.1195 (cls 0.1195, ctr 0.0000) acc 0.9531 f1 0.9496 | val loss 1.6734 (cls 1.6734, ctr 0.0000) acc 0.5250 f1 0.5350 | lr 3.46e-04

train:   0%|          | 0/60 [00:00<?, ?it/s]
train:   2%|▏         | 1/60 [00:01<01:46,  1.80s/it]
train:   5%|▌         | 3/60 [00:03<00:59,  1.04s/it]
train:   8%|▊         | 5/60 [00:04<00:47,  1.15it/s]
train:  12%|█▏        | 7/60 [00:06<00:44,  1.19it/s]
train:  15%|█▌        | 9/60 [00:07<00:42,  1.20it/s]
train:  17%|█▋        | 10/60 [00:08<00:33,  1.48it/s]
train:  18%|█▊        | 11/60 [00:09<00:42,  1.17it/s]
train:  20%|██        | 12/60 [00:09<00:32,  1.46it/s]
train:  22%|██▏       | 13/60 [00:11<00:41,  1.14it/s]
train:  23%|██▎       | 14/60 [00:11<00:31,  1.45it/s]
train:  25%|██▌       | 15/60 [00:12<00:40,  1.11it/s]
train:  27%|██▋       | 16/60 [00:12<00:31,  1.42it/s]
train:  28%|██▊       | 17/60 [00:15<00:57,  1.34s/it]
train:  30%|███       | 18/60 [00:16<00:42,  1.02s/it]
train:  32%|███▏      | 19/60 [00:17<00:48,  1.17s/it]
train:  33%|███▎      | 20/60 [00:17<00:34,  1.16it/s]
train:  35%|███▌      | 21/60 [00:19<00:39,  1.01s/it]
train:  37%|███▋      | 22/60 [00:19<00:29,  1.28it/s]
train:  38%|███▊      | 23/60 [00:20<00:34,  1.06it/s]
train:  40%|████      | 24/60 [00:20<00:26,  1.38it/s]
train:  42%|████▏     | 25/60 [00:22<00:31,  1.11it/s]
train:  43%|████▎     | 26/60 [00:22<00:23,  1.44it/s]
train:  45%|████▌     | 27/60 [00:23<00:29,  1.11it/s]
train:  47%|████▋     | 28/60 [00:24<00:22,  1.45it/s]
train:  48%|████▊     | 29/60 [00:25<00:30,  1.00it/s]
train:  52%|█████▏    | 31/60 [00:27<00:25,  1.13it/s]
train:  55%|█████▌    | 33/60 [00:28<00:22,  1.22it/s]
train:  57%|█████▋    | 34/60 [00:28<00:17,  1.48it/s]
train:  58%|█████▊    | 35/60 [00:30<00:21,  1.18it/s]
train:  60%|██████    | 36/60 [00:30<00:15,  1.52it/s]
train:  62%|██████▏   | 37/60 [00:31<00:20,  1.12it/s]
train:  65%|██████▌   | 39/60 [00:33<00:18,  1.15it/s]
train:  68%|██████▊   | 41/60 [00:35<00:15,  1.19it/s]
train:  72%|███████▏  | 43/60 [00:36<00:13,  1.23it/s]
train:  73%|███████▎  | 44/60 [00:36<00:10,  1.49it/s]
train:  75%|███████▌  | 45/60 [00:38<00:12,  1.18it/s]
train:  78%|███████▊  | 47/60 [00:39<00:10,  1.18it/s]
train:  82%|████████▏ | 49/60 [00:41<00:09,  1.19it/s]
train:  85%|████████▌ | 51/60 [00:43<00:07,  1.21it/s]
train:  88%|████████▊ | 53/60 [00:44<00:05,  1.23it/s]
train:  92%|█████████▏| 55/60 [00:46<00:04,  1.22it/s]
train:  95%|█████████▌| 57/60 [00:49<00:02,  1.01it/s]
train:  98%|█████████▊| 59/60 [00:50<00:00,  1.06it/s]
                                                      

eval:   0%|          | 0/15 [00:00<?, ?it/s]
eval:   7%|▋         | 1/15 [00:01<00:21,  1.51s/it]
eval:  20%|██        | 3/15 [00:03<00:11,  1.06it/s]
eval:  33%|███▎      | 5/15 [00:04<00:08,  1.17it/s]
eval:  40%|████      | 6/15 [00:04<00:05,  1.53it/s]
eval:  47%|████▋     | 7/15 [00:06<00:06,  1.18it/s]
eval:  53%|█████▎    | 8/15 [00:06<00:04,  1.58it/s]
eval:  60%|██████    | 9/15 [00:07<00:05,  1.18it/s]
eval:  73%|███████▎  | 11/15 [00:08<00:03,  1.24it/s]
eval:  87%|████████▋ | 13/15 [00:10<00:01,  1.23it/s]
eval:  93%|█████████▎| 14/15 [00:10<00:00,  1.51it/s]
eval: 100%|██████████| 15/15 [00:11<00:00,  1.29it/s]
                                                     
Epoch 13 | stage - | train loss 0.0625 (cls 0.0625, ctr 0.0000) acc 0.9865 f1 0.9864 | val loss 1.6597 (cls 1.6597, ctr 0.0000) acc 0.5542 f1 0.5481 | lr 2.85e-04

train:   0%|          | 0/60 [00:00<?, ?it/s]
train:   2%|▏         | 1/60 [00:01<01:48,  1.84s/it]
train:   5%|▌         | 3/60 [00:03<01:00,  1.07s/it]
train:   8%|▊         | 5/60 [00:04<00:48,  1.14it/s]
train:  12%|█▏        | 7/60 [00:06<00:45,  1.16it/s]
train:  15%|█▌        | 9/60 [00:08<00:43,  1.16it/s]
train:  18%|█▊        | 11/60 [00:09<00:41,  1.18it/s]
train:  22%|██▏       | 13/60 [00:11<00:39,  1.20it/s]
train:  25%|██▌       | 15/60 [00:13<00:37,  1.20it/s]
train:  28%|██▊       | 17/60 [00:14<00:35,  1.22it/s]
train:  32%|███▏      | 19/60 [00:16<00:33,  1.24it/s]
train:  35%|███▌      | 21/60 [00:19<00:39,  1.02s/it]
train:  38%|███▊      | 23/60 [00:20<00:35,  1.05it/s]
train:  42%|████▏     | 25/60 [00:22<00:32,  1.09it/s]
train:  45%|████▌     | 27/60 [00:24<00:29,  1.12it/s]
train:  48%|████▊     | 29/60 [00:25<00:26,  1.16it/s]
train:  52%|█████▏    | 31/60 [00:27<00:24,  1.18it/s]
train:  55%|█████▌    | 33/60 [00:29<00:22,  1.19it/s]
train:  58%|█████▊    | 35/60 [00:30<00:20,  1.21it/s]
train:  62%|██████▏   | 37/60 [00:32<00:18,  1.21it/s]
train:  65%|██████▌   | 39/60 [00:33<00:17,  1.22it/s]
train:  68%|██████▊   | 41/60 [00:35<00:15,  1.22it/s]
train:  72%|███████▏  | 43/60 [00:37<00:13,  1.22it/s]
train:  75%|███████▌  | 45/60 [00:38<00:12,  1.23it/s]
train:  78%|███████▊  | 47/60 [00:40<00:10,  1.23it/s]
train:  82%|████████▏ | 49/60 [00:42<00:08,  1.23it/s]
train:  85%|████████▌ | 51/60 [00:43<00:07,  1.23it/s]
train:  88%|████████▊ | 53/60 [00:45<00:05,  1.23it/s]
train:  92%|█████████▏| 55/60 [00:46<00:04,  1.23it/s]
train:  95%|█████████▌| 57/60 [00:48<00:02,  1.23it/s]
train:  98%|█████████▊| 59/60 [00:50<00:00,  1.22it/s]
                                                      

eval:   0%|          | 0/15 [00:00<?, ?it/s]
eval:   7%|▋         | 1/15 [00:02<00:36,  2.59s/it]
eval:  20%|██        | 3/15 [00:04<00:15,  1.26s/it]
eval:  33%|███▎      | 5/15 [00:05<00:10,  1.02s/it]
eval:  47%|████▋     | 7/15 [00:07<00:07,  1.08it/s]
eval:  53%|█████▎    | 8/15 [00:07<00:05,  1.36it/s]
eval:  60%|██████    | 9/15 [00:08<00:05,  1.08it/s]
eval:  67%|██████▋   | 10/15 [00:09<00:03,  1.41it/s]
eval:  73%|███████▎  | 11/15 [00:10<00:03,  1.16it/s]
eval:  87%|████████▋ | 13/15 [00:11<00:01,  1.19it/s]
eval: 100%|██████████| 15/15 [00:13<00:00,  1.28it/s]
                                                     
Epoch 14 | stage - | train loss 0.0744 (cls 0.0744, ctr 0.0000) acc 0.9760 f1 0.9756 | val loss 1.8393 (cls 1.8393, ctr 0.0000) acc 0.5333 f1 0.5122 | lr 2.32e-04

train:   0%|          | 0/60 [00:00<?, ?it/s]
train:   2%|▏         | 1/60 [00:01<01:50,  1.88s/it]
train:   5%|▌         | 3/60 [00:03<00:57,  1.00s/it]
train:   8%|▊         | 5/60 [00:04<00:49,  1.12it/s]
train:  12%|█▏        | 7/60 [00:06<00:45,  1.17it/s]
train:  15%|█▌        | 9/60 [00:07<00:41,  1.23it/s]
train:  18%|█▊        | 11/60 [00:09<00:39,  1.24it/s]
train:  22%|██▏       | 13/60 [00:11<00:37,  1.25it/s]
train:  23%|██▎       | 14/60 [00:11<00:30,  1.50it/s]
train:  25%|██▌       | 15/60 [00:12<00:37,  1.19it/s]
train:  27%|██▋       | 16/60 [00:12<00:29,  1.49it/s]
train:  28%|██▊       | 17/60 [00:14<00:37,  1.15it/s]
train:  32%|███▏      | 19/60 [00:15<00:34,  1.17it/s]
train:  33%|███▎      | 20/60 [00:16<00:27,  1.47it/s]
train:  35%|███▌      | 21/60 [00:17<00:34,  1.12it/s]
train:  38%|███▊      | 23/60 [00:19<00:31,  1.16it/s]
train:  42%|████▏     | 25/60 [00:22<00:37,  1.08s/it]
train:  45%|████▌     | 27/60 [00:23<00:32,  1.03it/s]
train:  47%|████▋     | 28/60 [00:23<00:25,  1.25it/s]
train:  48%|████▊     | 29/60 [00:25<00:29,  1.06it/s]
train:  50%|█████     | 30/60 [00:25<00:22,  1.32it/s]
train:  52%|█████▏    | 31/60 [00:26<00:27,  1.07it/s]
train:  53%|█████▎    | 32/60 [00:26<00:20,  1.39it/s]
train:  55%|█████▌    | 33/60 [00:28<00:24,  1.09it/s]
train:  57%|█████▋    | 34/60 [00:28<00:18,  1.40it/s]
train:  58%|█████▊    | 35/60 [00:29<00:22,  1.11it/s]
train:  60%|██████    | 36/60 [00:30<00:16,  1.42it/s]
train:  62%|██████▏   | 37/60 [00:31<00:20,  1.11it/s]
train:  63%|██████▎   | 38/60 [00:31<00:15,  1.44it/s]
train:  65%|██████▌   | 39/60 [00:33<00:18,  1.11it/s]
train:  67%|██████▋   | 40/60 [00:33<00:13,  1.45it/s]
train:  68%|██████▊   | 41/60 [00:34<00:16,  1.12it/s]
train:  70%|███████   | 42/60 [00:34<00:12,  1.45it/s]
train:  72%|███████▏  | 43/60 [00:36<00:14,  1.14it/s]
train:  73%|███████▎  | 44/60 [00:36<00:10,  1.46it/s]
train:  75%|███████▌  | 45/60 [00:37<00:13,  1.11it/s]
train:  77%|███████▋  | 46/60 [00:38<00:09,  1.44it/s]
train:  78%|███████▊  | 47/60 [00:39<00:11,  1.10it/s]
train:  80%|████████  | 48/60 [00:39<00:08,  1.45it/s]
train:  82%|████████▏ | 49/60 [00:41<00:10,  1.10it/s]
train:  83%|████████▎ | 50/60 [00:41<00:06,  1.44it/s]
train:  85%|████████▌ | 51/60 [00:42<00:08,  1.09it/s]
train:  87%|████████▋ | 52/60 [00:42<00:05,  1.44it/s]
train:  88%|████████▊ | 53/60 [00:44<00:06,  1.09it/s]
train:  90%|█████████ | 54/60 [00:44<00:04,  1.43it/s]
train:  92%|█████████▏| 55/60 [00:45<00:04,  1.09it/s]
train:  93%|█████████▎| 56/60 [00:46<00:02,  1.41it/s]
train:  95%|█████████▌| 57/60 [00:47<00:02,  1.11it/s]
train:  97%|█████████▋| 58/60 [00:47<00:01,  1.42it/s]
train:  98%|█████████▊| 59/60 [00:49<00:00,  1.09it/s]
train: 100%|██████████| 60/60 [00:49<00:00,  1.42it/s]
                                                      

eval:   0%|          | 0/15 [00:00<?, ?it/s]
eval:   7%|▋         | 1/15 [00:01<00:21,  1.56s/it]
eval:  20%|██        | 3/15 [00:03<00:11,  1.00it/s]
eval:  33%|███▎      | 5/15 [00:06<00:12,  1.21s/it]
eval:  47%|████▋     | 7/15 [00:07<00:08,  1.03s/it]
eval:  53%|█████▎    | 8/15 [00:07<00:05,  1.22it/s]
eval:  60%|██████    | 9/15 [00:09<00:05,  1.04it/s]
eval:  73%|███████▎  | 11/15 [00:10<00:03,  1.13it/s]
eval:  87%|████████▋ | 13/15 [00:12<00:01,  1.17it/s]
eval:  93%|█████████▎| 14/15 [00:12<00:00,  1.43it/s]
eval: 100%|██████████| 15/15 [00:13<00:00,  1.25it/s]
                                                     
Epoch 15 | stage - | train loss 0.0569 (cls 0.0569, ctr 0.0000) acc 0.9865 f1 0.9863 | val loss 1.8773 (cls 1.8773, ctr 0.0000) acc 0.5417 f1 0.5374 | lr 1.86e-04

train:   0%|          | 0/60 [00:00<?, ?it/s]
train:   2%|▏         | 1/60 [00:01<01:39,  1.68s/it]
train:   5%|▌         | 3/60 [00:03<00:58,  1.03s/it]
train:   8%|▊         | 5/60 [00:04<00:50,  1.09it/s]
train:  12%|█▏        | 7/60 [00:06<00:46,  1.15it/s]
train:  15%|█▌        | 9/60 [00:08<00:43,  1.18it/s]
train:  18%|█▊        | 11/60 [00:09<00:40,  1.20it/s]
train:  22%|██▏       | 13/60 [00:11<00:38,  1.22it/s]
train:  25%|██▌       | 15/60 [00:12<00:36,  1.22it/s]
train:  28%|██▊       | 17/60 [00:14<00:35,  1.22it/s]
train:  32%|███▏      | 19/60 [00:16<00:33,  1.24it/s]
train:  35%|███▌      | 21/60 [00:17<00:31,  1.24it/s]
train:  38%|███▊      | 23/60 [00:19<00:29,  1.25it/s]
train:  40%|████      | 24/60 [00:19<00:24,  1.48it/s]
train:  42%|████▏     | 25/60 [00:20<00:29,  1.18it/s]
train:  45%|████▌     | 27/60 [00:22<00:27,  1.19it/s]
train:  48%|████▊     | 29/60 [00:24<00:25,  1.20it/s]
train:  52%|█████▏    | 31/60 [00:27<00:29,  1.02s/it]
train:  55%|█████▌    | 33/60 [00:28<00:25,  1.06it/s]
train:  58%|█████▊    | 35/60 [00:30<00:22,  1.10it/s]
train:  62%|██████▏   | 37/60 [00:31<00:19,  1.15it/s]
train:  65%|██████▌   | 39/60 [00:33<00:17,  1.18it/s]
train:  68%|██████▊   | 41/60 [00:35<00:15,  1.19it/s]
train:  72%|███████▏  | 43/60 [00:36<00:14,  1.20it/s]
train:  75%|███████▌  | 45/60 [00:38<00:12,  1.23it/s]
train:  78%|███████▊  | 47/60 [00:39<00:10,  1.25it/s]
train:  82%|████████▏ | 49/60 [00:41<00:08,  1.25it/s]
train:  85%|████████▌ | 51/60 [00:43<00:07,  1.25it/s]
train:  87%|████████▋ | 52/60 [00:43<00:05,  1.48it/s]
train:  88%|████████▊ | 53/60 [00:44<00:05,  1.17it/s]
train:  90%|█████████ | 54/60 [00:44<00:04,  1.44it/s]
train:  92%|█████████▏| 55/60 [00:46<00:04,  1.08it/s]
train:  95%|█████████▌| 57/60 [00:48<00:02,  1.15it/s]
train:  98%|█████████▊| 59/60 [00:49<00:00,  1.23it/s]
train: 100%|██████████| 60/60 [00:49<00:00,  1.47it/s]
                                                      

eval:   0%|          | 0/15 [00:00<?, ?it/s]
eval:   7%|▋         | 1/15 [00:01<00:21,  1.54s/it]
eval:  20%|██        | 3/15 [00:03<00:11,  1.01it/s]
eval:  33%|███▎      | 5/15 [00:04<00:09,  1.11it/s]
eval:  40%|████      | 6/15 [00:04<00:06,  1.45it/s]
eval:  47%|████▋     | 7/15 [00:06<00:07,  1.11it/s]
eval:  53%|█████▎    | 8/15 [00:06<00:04,  1.48it/s]
eval:  60%|██████    | 9/15 [00:07<00:05,  1.13it/s]
eval:  73%|███████▎  | 11/15 [00:10<00:04,  1.10s/it]
eval:  87%|████████▋ | 13/15 [00:12<00:01,  1.01it/s]
eval: 100%|██████████| 15/15 [00:13<00:00,  1.13it/s]
                                                     
Epoch 16 | stage - | train loss 0.0350 (cls 0.0350, ctr 0.0000) acc 0.9937 f1 0.9922 | val loss 1.6900 (cls 1.6900, ctr 0.0000) acc 0.5542 f1 0.5719 | lr 1.49e-04

train:   0%|          | 0/60 [00:00<?, ?it/s]
train:   2%|▏         | 1/60 [00:01<01:47,  1.82s/it]
train:   5%|▌         | 3/60 [00:03<00:56,  1.00it/s]
train:   8%|▊         | 5/60 [00:04<00:48,  1.13it/s]
train:  12%|█▏        | 7/60 [00:06<00:45,  1.17it/s]
train:  15%|█▌        | 9/60 [00:08<00:42,  1.20it/s]
train:  18%|█▊        | 11/60 [00:09<00:40,  1.22it/s]
train:  22%|██▏       | 13/60 [00:11<00:37,  1.24it/s]
train:  25%|██▌       | 15/60 [00:12<00:36,  1.23it/s]
train:  28%|██▊       | 17/60 [00:14<00:34,  1.23it/s]
train:  32%|███▏      | 19/60 [00:16<00:33,  1.24it/s]
train:  35%|███▌      | 21/60 [00:17<00:31,  1.24it/s]
train:  38%|███▊      | 23/60 [00:19<00:30,  1.23it/s]
train:  42%|████▏     | 25/60 [00:20<00:28,  1.23it/s]
train:  45%|████▌     | 27/60 [00:22<00:26,  1.23it/s]
train:  48%|████▊     | 29/60 [00:24<00:24,  1.25it/s]
train:  52%|█████▏    | 31/60 [00:25<00:23,  1.23it/s]
train:  55%|█████▌    | 33/60 [00:27<00:21,  1.23it/s]
train:  58%|█████▊    | 35/60 [00:30<00:25,  1.00s/it]
train:  62%|██████▏   | 37/60 [00:31<00:21,  1.06it/s]
train:  65%|██████▌   | 39/60 [00:33<00:19,  1.10it/s]
train:  68%|██████▊   | 41/60 [00:35<00:16,  1.14it/s]
train:  72%|███████▏  | 43/60 [00:36<00:14,  1.16it/s]
train:  75%|███████▌  | 45/60 [00:38<00:12,  1.18it/s]
train:  78%|███████▊  | 47/60 [00:40<00:10,  1.21it/s]
train:  82%|████████▏ | 49/60 [00:41<00:09,  1.22it/s]
train:  85%|████████▌ | 51/60 [00:43<00:07,  1.23it/s]
train:  88%|████████▊ | 53/60 [00:44<00:05,  1.24it/s]
train:  92%|█████████▏| 55/60 [00:46<00:04,  1.24it/s]
train:  95%|█████████▌| 57/60 [00:48<00:02,  1.23it/s]
train:  98%|█████████▊| 59/60 [00:49<00:00,  1.26it/s]
                                                      

eval:   0%|          | 0/15 [00:00<?, ?it/s]
eval:   7%|▋         | 1/15 [00:01<00:21,  1.55s/it]
eval:  20%|██        | 3/15 [00:03<00:11,  1.00it/s]
eval:  33%|███▎      | 5/15 [00:04<00:09,  1.10it/s]
eval:  47%|████▋     | 7/15 [00:06<00:06,  1.21it/s]
eval:  60%|██████    | 9/15 [00:07<00:04,  1.21it/s]
eval:  73%|███████▎  | 11/15 [00:09<00:03,  1.25it/s]
eval:  87%|████████▋ | 13/15 [00:10<00:01,  1.25it/s]
eval: 100%|██████████| 15/15 [00:13<00:00,  1.01it/s]
                                                     
Epoch 17 | stage - | train loss 0.0379 (cls 0.0379, ctr 0.0000) acc 0.9906 f1 0.9912 | val loss 2.0044 (cls 2.0044, ctr 0.0000) acc 0.5042 f1 0.5236 | lr 1.22e-04

train:   0%|          | 0/60 [00:00<?, ?it/s]
train:   2%|▏         | 1/60 [00:01<01:52,  1.91s/it]
train:   5%|▌         | 3/60 [00:03<00:58,  1.03s/it]
train:   8%|▊         | 5/60 [00:04<00:49,  1.10it/s]
train:  12%|█▏        | 7/60 [00:06<00:45,  1.16it/s]
train:  13%|█▎        | 8/60 [00:06<00:36,  1.44it/s]
train:  15%|█▌        | 9/60 [00:08<00:44,  1.14it/s]
train:  17%|█▋        | 10/60 [00:08<00:34,  1.45it/s]
train:  18%|█▊        | 11/60 [00:09<00:43,  1.13it/s]
train:  20%|██        | 12/60 [00:09<00:32,  1.46it/s]
train:  22%|██▏       | 13/60 [00:11<00:42,  1.10it/s]
train:  23%|██▎       | 14/60 [00:11<00:31,  1.45it/s]
train:  25%|██▌       | 15/60 [00:12<00:40,  1.12it/s]
train:  27%|██▋       | 16/60 [00:13<00:29,  1.47it/s]
train:  28%|██▊       | 17/60 [00:14<00:38,  1.12it/s]
train:  30%|███       | 18/60 [00:14<00:28,  1.47it/s]
train:  32%|███▏      | 19/60 [00:15<00:36,  1.12it/s]
train:  33%|███▎      | 20/60 [00:16<00:27,  1.46it/s]
train:  35%|███▌      | 21/60 [00:17<00:35,  1.11it/s]
train:  37%|███▋      | 22/60 [00:17<00:26,  1.45it/s]
train:  38%|███▊      | 23/60 [00:19<00:33,  1.10it/s]
train:  40%|████      | 24/60 [00:19<00:24,  1.46it/s]
train:  42%|████▏     | 25/60 [00:20<00:32,  1.08it/s]
train:  43%|████▎     | 26/60 [00:21<00:23,  1.43it/s]
train:  45%|████▌     | 27/60 [00:22<00:30,  1.08it/s]
train:  47%|████▋     | 28/60 [00:22<00:22,  1.44it/s]
train:  48%|████▊     | 29/60 [00:24<00:28,  1.09it/s]
train:  50%|█████     | 30/60 [00:24<00:20,  1.44it/s]
train:  52%|█████▏    | 31/60 [00:25<00:26,  1.10it/s]
train:  53%|█████▎    | 32/60 [00:25<00:19,  1.47it/s]
train:  55%|█████▌    | 33/60 [00:27<00:24,  1.10it/s]
train:  57%|█████▋    | 34/60 [00:27<00:17,  1.46it/s]
train:  58%|█████▊    | 35/60 [00:28<00:22,  1.11it/s]
train:  60%|██████    | 36/60 [00:28<00:16,  1.49it/s]
train:  62%|██████▏   | 37/60 [00:30<00:20,  1.12it/s]
train:  63%|██████▎   | 38/60 [00:30<00:15,  1.45it/s]
train:  65%|██████▌   | 39/60 [00:31<00:18,  1.11it/s]
train:  67%|██████▋   | 40/60 [00:33<00:21,  1.08s/it]
train:  68%|██████▊   | 41/60 [00:34<00:22,  1.19s/it]
train:  70%|███████   | 42/60 [00:35<00:15,  1.13it/s]
train:  72%|███████▏  | 43/60 [00:36<00:17,  1.05s/it]
train:  73%|███████▎  | 44/60 [00:36<00:12,  1.27it/s]
train:  75%|███████▌  | 45/60 [00:38<00:14,  1.03it/s]
train:  77%|███████▋  | 46/60 [00:38<00:10,  1.38it/s]
train:  78%|███████▊  | 47/60 [00:39<00:12,  1.06it/s]
train:  80%|████████  | 48/60 [00:39<00:08,  1.40it/s]
train:  82%|████████▏ | 49/60 [00:41<00:10,  1.06it/s]
train:  83%|████████▎ | 50/60 [00:41<00:06,  1.43it/s]
train:  85%|████████▌ | 51/60 [00:43<00:08,  1.06it/s]
train:  88%|████████▊ | 53/60 [00:44<00:05,  1.19it/s]
train:  90%|█████████ | 54/60 [00:44<00:04,  1.49it/s]
train:  92%|█████████▏| 55/60 [00:46<00:04,  1.14it/s]
train:  93%|█████████▎| 56/60 [00:46<00:02,  1.46it/s]
train:  95%|█████████▌| 57/60 [00:47<00:02,  1.10it/s]
train:  97%|█████████▋| 58/60 [00:47<00:01,  1.44it/s]
train:  98%|█████████▊| 59/60 [00:49<00:00,  1.10it/s]
train: 100%|██████████| 60/60 [00:49<00:00,  1.46it/s]
                                                      

eval:   0%|          | 0/15 [00:00<?, ?it/s]
eval:   7%|▋         | 1/15 [00:01<00:21,  1.54s/it]
eval:  20%|██        | 3/15 [00:03<00:12,  1.01s/it]
eval:  33%|███▎      | 5/15 [00:04<00:08,  1.12it/s]
eval:  47%|████▋     | 7/15 [00:06<00:06,  1.20it/s]
eval:  60%|██████    | 9/15 [00:07<00:04,  1.21it/s]
eval:  73%|███████▎  | 11/15 [00:09<00:03,  1.24it/s]
eval:  87%|████████▋ | 13/15 [00:10<00:01,  1.26it/s]
eval: 100%|██████████| 15/15 [00:12<00:00,  1.30it/s]
                                                     
Epoch 18 | stage - | train loss 0.0210 (cls 0.0210, ctr 0.0000) acc 0.9990 f1 0.9990 | val loss 1.6856 (cls 1.6856, ctr 0.0000) acc 0.5625 f1 0.5784 | lr 1.06e-04

train:   0%|          | 0/60 [00:00<?, ?it/s]
train:   2%|▏         | 1/60 [00:01<01:47,  1.82s/it]
train:   5%|▌         | 3/60 [00:03<00:58,  1.03s/it]
train:   8%|▊         | 5/60 [00:06<01:08,  1.25s/it]
train:  12%|█▏        | 7/60 [00:07<00:56,  1.06s/it]
train:  15%|█▌        | 9/60 [00:09<00:48,  1.05it/s]
train:  18%|█▊        | 11/60 [00:11<00:44,  1.10it/s]
train:  22%|██▏       | 13/60 [00:12<00:40,  1.15it/s]
train:  25%|██▌       | 15/60 [00:14<00:38,  1.17it/s]
train:  28%|██▊       | 17/60 [00:15<00:35,  1.20it/s]
train:  32%|███▏      | 19/60 [00:17<00:33,  1.22it/s]
train:  35%|███▌      | 21/60 [00:19<00:31,  1.24it/s]
train:  38%|███▊      | 23/60 [00:20<00:29,  1.24it/s]
train:  42%|████▏     | 25/60 [00:22<00:28,  1.23it/s]
train:  45%|████▌     | 27/60 [00:23<00:26,  1.23it/s]
train:  48%|████▊     | 29/60 [00:25<00:24,  1.24it/s]
train:  52%|█████▏    | 31/60 [00:27<00:23,  1.25it/s]
train:  55%|█████▌    | 33/60 [00:28<00:21,  1.26it/s]
train:  58%|█████▊    | 35/60 [00:30<00:19,  1.26it/s]
train:  62%|██████▏   | 37/60 [00:31<00:18,  1.25it/s]
train:  65%|██████▌   | 39/60 [00:33<00:16,  1.24it/s]
train:  68%|██████▊   | 41/60 [00:35<00:15,  1.24it/s]
train:  72%|███████▏  | 43/60 [00:36<00:13,  1.25it/s]
train:  75%|███████▌  | 45/60 [00:39<00:15,  1.01s/it]
train:  78%|███████▊  | 47/60 [00:41<00:12,  1.04it/s]
train:  82%|████████▏ | 49/60 [00:42<00:10,  1.09it/s]
train:  85%|████████▌ | 51/60 [00:44<00:08,  1.12it/s]
train:  88%|████████▊ | 53/60 [00:46<00:06,  1.16it/s]
train:  92%|█████████▏| 55/60 [00:47<00:04,  1.17it/s]
train:  95%|█████████▌| 57/60 [00:49<00:02,  1.21it/s]
train:  98%|█████████▊| 59/60 [00:50<00:00,  1.24it/s]
                                                      

eval:   0%|          | 0/15 [00:00<?, ?it/s]
eval:   7%|▋         | 1/15 [00:01<00:21,  1.50s/it]
eval:  20%|██        | 3/15 [00:03<00:11,  1.02it/s]
eval:  33%|███▎      | 5/15 [00:04<00:08,  1.11it/s]
eval:  40%|████      | 6/15 [00:04<00:06,  1.46it/s]
eval:  47%|████▋     | 7/15 [00:06<00:07,  1.10it/s]
eval:  53%|█████▎    | 8/15 [00:06<00:04,  1.47it/s]
eval:  60%|██████    | 9/15 [00:07<00:05,  1.11it/s]
eval:  73%|███████▎  | 11/15 [00:09<00:03,  1.19it/s]
eval:  87%|████████▋ | 13/15 [00:11<00:01,  1.21it/s]
eval: 100%|██████████| 15/15 [00:12<00:00,  1.34it/s]
                                                     
Epoch 19 | stage - | train loss 0.0200 (cls 0.0200, ctr 0.0000) acc 0.9979 f1 0.9980 | val loss 2.1570 (cls 2.1570, ctr 0.0000) acc 0.4958 f1 0.5132 | lr 1.00e-04

train:   0%|          | 0/60 [00:00<?, ?it/s]
train:   2%|▏         | 1/60 [00:01<01:51,  1.88s/it]
train:   5%|▌         | 3/60 [00:03<01:01,  1.08s/it]
train:   8%|▊         | 5/60 [00:04<00:49,  1.11it/s]
train:  12%|█▏        | 7/60 [00:06<00:45,  1.16it/s]
train:  15%|█▌        | 9/60 [00:09<00:55,  1.10s/it]
train:  18%|█▊        | 11/60 [00:11<00:48,  1.00it/s]
train:  22%|██▏       | 13/60 [00:12<00:43,  1.07it/s]
train:  25%|██▌       | 15/60 [00:14<00:40,  1.11it/s]
train:  28%|██▊       | 17/60 [00:16<00:37,  1.15it/s]
train:  32%|███▏      | 19/60 [00:17<00:35,  1.17it/s]
train:  35%|███▌      | 21/60 [00:19<00:32,  1.21it/s]
train:  38%|███▊      | 23/60 [00:20<00:29,  1.23it/s]
train:  42%|████▏     | 25/60 [00:22<00:28,  1.24it/s]
train:  45%|████▌     | 27/60 [00:23<00:26,  1.24it/s]
train:  48%|████▊     | 29/60 [00:25<00:24,  1.24it/s]
train:  52%|█████▏    | 31/60 [00:27<00:23,  1.24it/s]
train:  55%|█████▌    | 33/60 [00:28<00:21,  1.26it/s]
train:  58%|█████▊    | 35/60 [00:30<00:20,  1.25it/s]
train:  62%|██████▏   | 37/60 [00:31<00:18,  1.25it/s]
train:  65%|██████▌   | 39/60 [00:33<00:16,  1.25it/s]
train:  68%|██████▊   | 41/60 [00:35<00:15,  1.24it/s]
train:  72%|███████▏  | 43/60 [00:36<00:13,  1.23it/s]
train:  75%|███████▌  | 45/60 [00:38<00:12,  1.24it/s]
train:  78%|███████▊  | 47/60 [00:40<00:10,  1.24it/s]
train:  82%|████████▏ | 49/60 [00:43<00:11,  1.03s/it]
train:  85%|████████▌ | 51/60 [00:44<00:08,  1.04it/s]
train:  88%|████████▊ | 53/60 [00:46<00:06,  1.10it/s]
train:  92%|█████████▏| 55/60 [00:47<00:04,  1.14it/s]
train:  95%|█████████▌| 57/60 [00:49<00:02,  1.17it/s]
train:  98%|█████████▊| 59/60 [00:51<00:00,  1.19it/s]
                                                      

eval:   0%|          | 0/15 [00:00<?, ?it/s]
eval:   7%|▋         | 1/15 [00:01<00:20,  1.48s/it]
eval:  20%|██        | 3/15 [00:02<00:11,  1.06it/s]
eval:  33%|███▎      | 5/15 [00:04<00:08,  1.17it/s]
eval:  47%|████▋     | 7/15 [00:06<00:06,  1.19it/s]
eval:  53%|█████▎    | 8/15 [00:06<00:04,  1.49it/s]
eval:  60%|██████    | 9/15 [00:07<00:05,  1.14it/s]
eval:  67%|██████▋   | 10/15 [00:07<00:03,  1.48it/s]
eval:  73%|███████▎  | 11/15 [00:09<00:03,  1.19it/s]
eval:  87%|████████▋ | 13/15 [00:10<00:01,  1.21it/s]
eval: 100%|██████████| 15/15 [00:12<00:00,  1.30it/s]
                                                     
Epoch 20 | stage - | train loss 0.0183 (cls 0.0183, ctr 0.0000) acc 0.9990 f1 0.9990 | val loss 2.1540 (cls 2.1540, ctr 0.0000) acc 0.5042 f1 0.5354 | lr 1.00e-04
[INFO] Reloaded best validation checkpoint: /home/louis/projects/MultimodalEmotionRecognition/outputs/speaker_independent_tracked_v1/fold_02/video/best.pt (epoch 18)

eval:   0%|          | 0/15 [00:00<?, ?it/s]libEGL warning: DRI3 error: Could not get DRI3 device
libEGL warning: Ensure your X server supports DRI3 to get accelerated rendering
WARNING: All log messages before absl::InitializeLog() is called are written to STDERR
I0000 00:00:1791490310.530134   16146 gl_context_egl.cc:85] Successfully initialized EGL. Major : 1 Minor: 5
libEGL warning: DRI3 error: Could not get DRI3 device
libEGL warning: Ensure your X server supports DRI3 to get accelerated rendering
WARNING: All log messages before absl::InitializeLog() is called are written to STDERR
I0000 00:00:1791490310.534257   16145 gl_context_egl.cc:85] Successfully initialized EGL. Major : 1 Minor: 5
I0000 00:00:1791490310.545725   16372 gl_context.cc:369] GL version: 3.2 (OpenGL ES 3.2 Mesa 25.2.8-0ubuntu0.24.04.2), renderer: llvmpipe (LLVM 20.1.2, 256 bits)
INFO: Created TensorFlow Lite XNNPACK delegate for CPU.
I0000 00:00:1791490310.549736   16373 gl_context.cc:369] GL version: 3.2 (OpenGL ES 3.2 Mesa 25.2.8-0ubuntu0.24.04.2), renderer: llvmpipe (LLVM 20.1.2, 256 bits)
INFO: Created TensorFlow Lite XNNPACK delegate for CPU.
W0000 00:00:1791490310.562020   16237 inference_feedback_manager.cc:114] Feedback manager requires a model with a single signature inference. Disabling support for feedback tensors.
W0000 00:00:1791490310.566011   16270 inference_feedback_manager.cc:114] Feedback manager requires a model with a single signature inference. Disabling support for feedback tensors.

eval:   7%|▋         | 1/15 [00:02<00:34,  2.50s/it]
eval:  20%|██        | 3/15 [00:04<00:15,  1.25s/it]
eval:  33%|███▎      | 5/15 [00:05<00:10,  1.00s/it]
eval:  40%|████      | 6/15 [00:05<00:06,  1.32it/s]
eval:  47%|████▋     | 7/15 [00:07<00:07,  1.09it/s]
eval:  60%|██████    | 9/15 [00:08<00:05,  1.17it/s]
eval:  73%|███████▎  | 11/15 [00:10<00:03,  1.23it/s]
eval:  87%|████████▋ | 13/15 [00:13<00:02,  1.09s/it]
eval: 100%|██████████| 15/15 [00:14<00:00,  1.03it/s]
                                                     
Test | loss 1.2539 (cls 1.2539, ctr 0.0000) acc 0.6417 f1 0.6276
Best val macro-F1: 0.5784 | checkpoint: /home/louis/projects/MultimodalEmotionRecognition/outputs/speaker_independent_tracked_v1/fold_02/video/best.pt
wandb: 
wandb: Run history:
wandb:     best/val_macro_f1 ▁
wandb:                 epoch ▁▁▂▂▂▃▃▄▄▄▅▅▅▆▆▇▇▇██
wandb:            lr/group_0 ███▇▇▇▆▆▅▅▄▃▃▂▂▂▁▁▁▁
wandb:                 stage ▁▁▁▁▁▁▁▁▁▁▁▁▁▁▁▁▁▁▁▁
wandb:              test/acc ▁
wandb:         test/accuracy ▁
wandb:       test/best_epoch ▁
wandb:         test/cls_loss ▁
wandb: test/contrastive_loss ▁
wandb:               test/f1 ▁
wandb:                   +14 ...
wandb: 
wandb: Run summary:
wandb:     best/val_macro_f1 0.5784
wandb:                 epoch 20
wandb:            lr/group_0 0.0001
wandb:                 stage 0
wandb:              test/acc 0.64167
wandb:         test/accuracy 0.64167
wandb:       test/best_epoch 18
wandb:         test/cls_loss 1.25387
wandb: test/contrastive_loss 0
wandb:               test/f1 0.62762
wandb:                   +14 ...
wandb: 
wandb: You can sync this run to the cloud by running:
wandb: wandb sync /home/louis/projects/MultimodalEmotionRecognition/outputs/speaker_independent_tracked_v1/fold_02/video/wandb/offline-run-20261009_035047-4e6f6321e2564281859bb39b14901fff
wandb: Find logs at: ./outputs/speaker_independent_tracked_v1/fold_02/video/wandb/offline-run-20261009_035047-4e6f6321e2564281859bb39b14901fff/logs
[REVISION] fold=2 model=gated smoke=False
[REVISION] profile=spmb2026-gated-v1 resolved={"audio_backbone_lr": 1e-05, "audio_n_mels": 64, "backbone_lr": 3e-05, "batch_size": 8, "cosine_stage2_only": false, "early_stopping_patience": 8, "epochs": 30, "frames": 8, "fusion": "gated", "fusion_align_dim": 256, "fusion_align_mode": "none", "fusion_align_temperature": 0.07, "fusion_align_weight": 0.1, "fusion_unfreeze_audio": true, "fusion_unfreeze_video_blocks": 1, "fusion_unfreeze_wavlm_layers": 2, "label_smoothing": 0.0, "lr": 0.0003, "no_pretrained_video": false, "num_classes": 8, "num_workers": -1, "seed": 42, "smoke": false, "split_mode": "actor", "stage1_epochs": 5, "temporal_dropout": 0.1, "temporal_num_heads": 4, "temporal_num_layers": 1, "temporal_pooling": "mean", "train_ratio": 0.7, "two_stage_training": true, "use_cosine_annealing": true, "use_face_crop": true, "use_resnet_audio": false, "use_wavlm": true, "val_ratio": 0.15, "video_backbone_lr": 1e-05, "wandb": false, "wavlm_stage": 1, "weight_decay": 0.0001, "xattn_attn_dropout": 0.1, "xattn_d_model": 128, "xattn_emotion_prior_dim": 8, "xattn_emotion_prior_dropout": 0.1, "xattn_emotion_prior_hidden_dim": 64, "xattn_head": "concat", "xattn_heads": 4, "xattn_stochastic_depth": 0.1, "xattn_use_emotion_prior": false}
[REVISION] disjoint split={'fold': 2, 'train_actors': [1, 2, 3, 4, 13, 14, 15, 16, 17, 18, 19, 20, 21, 22, 23, 24], 'val_actors': [9, 10, 11, 12], 'test_actors': [5, 6, 7, 8]}
[REVISION] audio_ckpt=/home/louis/projects/MultimodalEmotionRecognition/outputs/speaker_independent_tracked_v1/fold_02/audio/best.pt video_ckpt=/home/louis/projects/MultimodalEmotionRecognition/outputs/speaker_independent_tracked_v1/fold_02/video/best.pt
wandb: WARNING `resume` will be ignored since W&B syncing is set to `offline`. Starting a new run with run id 261ffff8351b4ef8a470c837dba3fd81.
wandb: Tracking run with wandb version 0.24.1
wandb: W&B syncing is set to `offline` in this directory. Run `wandb online` or set WANDB_MODE=online to enable cloud syncing.
wandb: Run data is saved locally in /home/louis/projects/MultimodalEmotionRecognition/outputs/speaker_independent_tracked_v1/fold_02/gated/wandb/offline-run-20261009_041205-261ffff8351b4ef8a470c837dba3fd81
Total pairs: 1440
Sample pair: actor=1 emotion=1 intensity=1 statement=1 repetition=1
Sample pair: actor=2 emotion=1 intensity=1 statement=1 repetition=1
Sample pair: actor=3 emotion=1 intensity=1 statement=1 repetition=1
Using actor-based split
Train pairs: 960 | Val pairs: 240 | Test pairs: 240
Train class distribution: {0: 64, 1: 128, 2: 128, 3: 128, 4: 128, 5: 128, 6: 128, 7: 128}
Val class distribution: {0: 16, 1: 32, 2: 32, 3: 32, 4: 32, 5: 32, 6: 32, 7: 32}
Test class distribution: {0: 16, 1: 32, 2: 32, 3: 32, 4: 32, 5: 32, 6: 32, 7: 32}
DataLoader config: num_workers=2, pin_memory=True, persistent_workers=True

============================================================
CUDA available: True
GPU device: NVIDIA GeForce RTX 5080 Laptop GPU
GPU memory: 17.07 GB
Device: cuda
============================================================

'[SSL: UNEXPECTED_EOF_WHILE_READING] EOF occurred in violation of protocol (_ssl.c:1017)' thrown while requesting HEAD https://huggingface.co/microsoft/wavlm-base/resolve/main/model.safetensors
Retrying in 1s [Retry 1/5].
wandb: You can sync this run to the cloud by running:
wandb: wandb sync /home/louis/projects/MultimodalEmotionRecognition/outputs/speaker_independent_tracked_v1/fold_02/gated/wandb/offline-run-20261009_041205-261ffff8351b4ef8a470c837dba3fd81
wandb: Find logs at: ./outputs/speaker_independent_tracked_v1/fold_02/gated/wandb/offline-run-20261009_041205-261ffff8351b4ef8a470c837dba3fd81/logs
Traceback (most recent call last):
  File "/home/louis/projects/MultimodalEmotionRecognition/.venv/lib/python3.10/site-packages/transformers/modeling_utils.py", line 618, in _get_resolved_checkpoint_files
    resolved_archive_file = cached_file(pretrained_model_name_or_path, filename, **cached_file_kwargs)
  File "/home/louis/projects/MultimodalEmotionRecognition/.venv/lib/python3.10/site-packages/transformers/utils/hub.py", line 276, in cached_file
    file = cached_files(path_or_repo_id=path_or_repo_id, filenames=[filename], **kwargs)
  File "/home/louis/projects/MultimodalEmotionRecognition/.venv/lib/python3.10/site-packages/transformers/utils/hub.py", line 507, in cached_files
    raise e
  File "/home/louis/projects/MultimodalEmotionRecognition/.venv/lib/python3.10/site-packages/transformers/utils/hub.py", line 419, in cached_files
    hf_hub_download(
  File "/home/louis/projects/MultimodalEmotionRecognition/.venv/lib/python3.10/site-packages/huggingface_hub/utils/_validators.py", line 89, in _inner_fn
    return fn(*args, **kwargs)
  File "/home/louis/projects/MultimodalEmotionRecognition/.venv/lib/python3.10/site-packages/huggingface_hub/file_download.py", line 1024, in hf_hub_download
    return _hf_hub_download_to_cache_dir(
  File "/home/louis/projects/MultimodalEmotionRecognition/.venv/lib/python3.10/site-packages/huggingface_hub/file_download.py", line 1157, in _hf_hub_download_to_cache_dir
    _get_metadata_or_catch_error(
  File "/home/louis/projects/MultimodalEmotionRecognition/.venv/lib/python3.10/site-packages/huggingface_hub/file_download.py", line 1691, in _get_metadata_or_catch_error
    metadata = get_hf_file_metadata(
  File "/home/louis/projects/MultimodalEmotionRecognition/.venv/lib/python3.10/site-packages/huggingface_hub/utils/_validators.py", line 89, in _inner_fn
    return fn(*args, **kwargs)
  File "/home/louis/projects/MultimodalEmotionRecognition/.venv/lib/python3.10/site-packages/huggingface_hub/file_download.py", line 1614, in get_hf_file_metadata
    response = _httpx_follow_relative_redirects(
  File "/home/louis/projects/MultimodalEmotionRecognition/.venv/lib/python3.10/site-packages/huggingface_hub/file_download.py", line 302, in _httpx_follow_relative_redirects
    response = http_backoff(
  File "/home/louis/projects/MultimodalEmotionRecognition/.venv/lib/python3.10/site-packages/huggingface_hub/utils/_http.py", line 506, in http_backoff
    return next(
  File "/home/louis/projects/MultimodalEmotionRecognition/.venv/lib/python3.10/site-packages/huggingface_hub/utils/_http.py", line 414, in _http_backoff_base
    response = client.request(method=method, url=url, **kwargs)
  File "/home/louis/projects/MultimodalEmotionRecognition/.venv/lib/python3.10/site-packages/httpx/_client.py", line 825, in request
    return self.send(request, auth=auth, follow_redirects=follow_redirects)
  File "/home/louis/projects/MultimodalEmotionRecognition/.venv/lib/python3.10/site-packages/httpx/_client.py", line 901, in send
    raise RuntimeError("Cannot send a request, as the client has been closed.")
RuntimeError: Cannot send a request, as the client has been closed.

The above exception was the direct cause of the following exception:

Traceback (most recent call last):
  File "/home/louis/.local/share/uv/python/cpython-3.10.19-linux-x86_64-gnu/lib/python3.10/runpy.py", line 196, in _run_module_as_main
    return _run_code(code, main_globals, None,
  File "/home/louis/.local/share/uv/python/cpython-3.10.19-linux-x86_64-gnu/lib/python3.10/runpy.py", line 86, in _run_code
    exec(code, run_globals)
  File "/home/louis/projects/MultimodalEmotionRecognition/src/revision/run.py", line 152, in <module>
    main()
  File "/home/louis/projects/MultimodalEmotionRecognition/src/revision/run.py", line 148, in main
    run(args)
  File "/home/louis/projects/MultimodalEmotionRecognition/src/revision/run.py", line 122, in run
    EmotionTrainer(train_args, tracking=tracking).run()
  File "/home/louis/projects/MultimodalEmotionRecognition/src/train.py", line 975, in run
    return self._run()
  File "/home/louis/projects/MultimodalEmotionRecognition/src/train.py", line 1048, in _run
    model = build_model(
  File "/home/louis/projects/MultimodalEmotionRecognition/src/train.py", line 401, in build_model
    audio = WavLMAudioEncoder(
  File "/home/louis/projects/MultimodalEmotionRecognition/src/models/wavlm_audio.py", line 47, in __init__
    self.wavlm = WavLMModel.from_pretrained(
  File "/home/louis/projects/MultimodalEmotionRecognition/.venv/lib/python3.10/site-packages/transformers/modeling_utils.py", line 3987, in from_pretrained
    checkpoint_files, sharded_metadata = _get_resolved_checkpoint_files(
  File "/home/louis/projects/MultimodalEmotionRecognition/.venv/lib/python3.10/site-packages/transformers/modeling_utils.py", line 698, in _get_resolved_checkpoint_files
    raise OSError(
OSError: Can't load the model for 'microsoft/wavlm-base'. If you were trying to load it from 'https://huggingface.co/models', make sure you don't have a local directory with the same name. Otherwise, make sure 'microsoft/wavlm-base' is the correct path to a directory containing a file named pytorch_model.bin.
Traceback (most recent call last):
  File "/home/louis/projects/MultimodalEmotionRecognition/.venv/lib/python3.10/site-packages/transformers/modeling_utils.py", line 618, in _get_resolved_checkpoint_files
    resolved_archive_file = cached_file(pretrained_model_name_or_path, filename, **cached_file_kwargs)
  File "/home/louis/projects/MultimodalEmotionRecognition/.venv/lib/python3.10/site-packages/transformers/utils/hub.py", line 276, in cached_file
    file = cached_files(path_or_repo_id=path_or_repo_id, filenames=[filename], **kwargs)
  File "/home/louis/projects/MultimodalEmotionRecognition/.venv/lib/python3.10/site-packages/transformers/utils/hub.py", line 507, in cached_files
    raise e
  File "/home/louis/projects/MultimodalEmotionRecognition/.venv/lib/python3.10/site-packages/transformers/utils/hub.py", line 419, in cached_files
    hf_hub_download(
  File "/home/louis/projects/MultimodalEmotionRecognition/.venv/lib/python3.10/site-packages/huggingface_hub/utils/_validators.py", line 89, in _inner_fn
    return fn(*args, **kwargs)
  File "/home/louis/projects/MultimodalEmotionRecognition/.venv/lib/python3.10/site-packages/huggingface_hub/file_download.py", line 1024, in hf_hub_download
    return _hf_hub_download_to_cache_dir(
  File "/home/louis/projects/MultimodalEmotionRecognition/.venv/lib/python3.10/site-packages/huggingface_hub/file_download.py", line 1157, in _hf_hub_download_to_cache_dir
    _get_metadata_or_catch_error(
  File "/home/louis/projects/MultimodalEmotionRecognition/.venv/lib/python3.10/site-packages/huggingface_hub/file_download.py", line 1691, in _get_metadata_or_catch_error
    metadata = get_hf_file_metadata(
  File "/home/louis/projects/MultimodalEmotionRecognition/.venv/lib/python3.10/site-packages/huggingface_hub/utils/_validators.py", line 89, in _inner_fn
    return fn(*args, **kwargs)
  File "/home/louis/projects/MultimodalEmotionRecognition/.venv/lib/python3.10/site-packages/huggingface_hub/file_download.py", line 1614, in get_hf_file_metadata
    response = _httpx_follow_relative_redirects(
  File "/home/louis/projects/MultimodalEmotionRecognition/.venv/lib/python3.10/site-packages/huggingface_hub/file_download.py", line 302, in _httpx_follow_relative_redirects
    response = http_backoff(
  File "/home/louis/projects/MultimodalEmotionRecognition/.venv/lib/python3.10/site-packages/huggingface_hub/utils/_http.py", line 506, in http_backoff
    return next(
  File "/home/louis/projects/MultimodalEmotionRecognition/.venv/lib/python3.10/site-packages/huggingface_hub/utils/_http.py", line 414, in _http_backoff_base
    response = client.request(method=method, url=url, **kwargs)
  File "/home/louis/projects/MultimodalEmotionRecognition/.venv/lib/python3.10/site-packages/httpx/_client.py", line 825, in request
    return self.send(request, auth=auth, follow_redirects=follow_redirects)
  File "/home/louis/projects/MultimodalEmotionRecognition/.venv/lib/python3.10/site-packages/httpx/_client.py", line 901, in send
    raise RuntimeError("Cannot send a request, as the client has been closed.")
RuntimeError: Cannot send a request, as the client has been closed.

The above exception was the direct cause of the following exception:

Traceback (most recent call last):
  File "/home/louis/.local/share/uv/python/cpython-3.10.19-linux-x86_64-gnu/lib/python3.10/runpy.py", line 196, in _run_module_as_main
    return _run_code(code, main_globals, None,
  File "/home/louis/.local/share/uv/python/cpython-3.10.19-linux-x86_64-gnu/lib/python3.10/runpy.py", line 86, in _run_code
    exec(code, run_globals)
  File "/home/louis/projects/MultimodalEmotionRecognition/src/revision/run.py", line 152, in <module>
    main()
  File "/home/louis/projects/MultimodalEmotionRecognition/src/revision/run.py", line 148, in main
    run(args)
  File "/home/louis/projects/MultimodalEmotionRecognition/src/revision/run.py", line 122, in run
    EmotionTrainer(train_args, tracking=tracking).run()
  File "/home/louis/projects/MultimodalEmotionRecognition/src/train.py", line 975, in run
    return self._run()
  File "/home/louis/projects/MultimodalEmotionRecognition/src/train.py", line 1048, in _run
    model = build_model(
  File "/home/louis/projects/MultimodalEmotionRecognition/src/train.py", line 401, in build_model
    audio = WavLMAudioEncoder(
  File "/home/louis/projects/MultimodalEmotionRecognition/src/models/wavlm_audio.py", line 47, in __init__
    self.wavlm = WavLMModel.from_pretrained(
  File "/home/louis/projects/MultimodalEmotionRecognition/.venv/lib/python3.10/site-packages/transformers/modeling_utils.py", line 3987, in from_pretrained
    checkpoint_files, sharded_metadata = _get_resolved_checkpoint_files(
  File "/home/louis/projects/MultimodalEmotionRecognition/.venv/lib/python3.10/site-packages/transformers/modeling_utils.py", line 698, in _get_resolved_checkpoint_files
    raise OSError(
OSError: Can't load the model for 'microsoft/wavlm-base'. If you were trying to load it from 'https://huggingface.co/models', make sure you don't have a local directory with the same name. Otherwise, make sure 'microsoft/wavlm-base' is the correct path to a directory containing a file named pytorch_model.bin.
