{"epoch":20,"train/loss":0.602815091669263,"_timestamp":1.7706605984613705e+09,"test/acc":0.8133333325386047,"train/f1":0.7815437693207865,"val/f1":0.7901535896844614,"test/loss":0.4889431281056669,"train/acc":0.7850746512413025,"_runtime":1578,"val/acc":0.7904762029647827,"val/loss":0.5980542103449503,"lr":1e-05,"_step":21,"_wandb":{"runtime":1578},"test/f1":0.8097089030278086,"test/confusion_matrix":{"_type":"image-file","sha256":"12ebfacd40c0f66eebca052ed65dea5d6e07981c71a1e73f84310ded188afeac","size":25252,"path":"media/images/test/confusion_matrix_20_12ebfacd40c0f66eebca.png","format":"png","width":800,"height":800}}