[REVISION] SKIP complete matching run: /home/louis/projects/MultimodalEmotionRecognition/outputs/speaker_independent_tracked_v1/fold_01/audio
[REVISION] SKIP complete matching run: /home/louis/projects/MultimodalEmotionRecognition/outputs/speaker_independent_tracked_v1/fold_01/video
[REVISION] fold=1 model=chumachenko_ia smoke=False
[REVISION] profile=spmb2026-chumachenko_ia-v1 resolved={"audio_backbone_lr": 1e-05, "audio_n_mels": 64, "backbone_lr": 3e-05, "batch_size": 8, "cosine_stage2_only": false, "early_stopping_patience": 8, "epochs": 30, "frames": 8, "fusion": "chumachenko_ia", "fusion_align_dim": 256, "fusion_align_mode": "none", "fusion_align_temperature": 0.07, "fusion_align_weight": 0.1, "fusion_unfreeze_audio": true, "fusion_unfreeze_video_blocks": 1, "fusion_unfreeze_wavlm_layers": 2, "label_smoothing": 0.0, "lr": 0.0003, "no_pretrained_video": false, "num_classes": 8, "num_workers": -1, "seed": 42, "smoke": false, "split_mode": "actor", "stage1_epochs": 5, "temporal_dropout": 0.1, "temporal_num_heads": 4, "temporal_num_layers": 1, "temporal_pooling": "mean", "train_ratio": 0.7, "two_stage_training": true, "use_cosine_annealing": true, "use_face_crop": true, "use_resnet_audio": false, "use_wavlm": true, "val_ratio": 0.15, "video_backbone_lr": 1e-05, "wandb": false, "wavlm_stage": 1, "weight_decay": 0.0001, "xattn_attn_dropout": 0.1, "xattn_d_model": 128, "xattn_emotion_prior_dim": 8, "xattn_emotion_prior_dropout": 0.1, "xattn_emotion_prior_hidden_dim": 64, "xattn_head": "concat", "xattn_heads": 4, "xattn_stochastic_depth": 0.1, "xattn_use_emotion_prior": false}
[REVISION] disjoint split={'fold': 1, 'train_actors': [9, 10, 11, 12, 13, 14, 15, 16, 17, 18, 19, 20, 21, 22, 23, 24], 'val_actors': [5, 6, 7, 8], 'test_actors': [1, 2, 3, 4]}
[REVISION] audio_ckpt=/home/louis/projects/MultimodalEmotionRecognition/outputs/speaker_independent_tracked_v1/fold_01/audio/best.pt video_ckpt=/home/louis/projects/MultimodalEmotionRecognition/outputs/speaker_independent_tracked_v1/fold_01/video/best.pt
wandb: WARNING `resume` will be ignored since W&B syncing is set to `offline`. Starting a new run with run id b7a5f118b1b24b72a59e3ec0b9c6c423.
wandb: Tracking run with wandb version 0.24.1
wandb: W&B syncing is set to `offline` in this directory. Run `wandb online` or set WANDB_MODE=online to enable cloud syncing.
wandb: Run data is saved locally in /home/louis/projects/MultimodalEmotionRecognition/outputs/speaker_independent_tracked_v1/fold_01/chumachenko_ia/wandb/offline-run-20261008_200959-b7a5f118b1b24b72a59e3ec0b9c6c423
Total pairs: 1440
Sample pair: actor=1 emotion=1 intensity=1 statement=1 repetition=1
Sample pair: actor=2 emotion=1 intensity=1 statement=1 repetition=1
Sample pair: actor=3 emotion=1 intensity=1 statement=1 repetition=1
Using actor-based split
Train pairs: 960 | Val pairs: 240 | Test pairs: 240
Train class distribution: {0: 64, 1: 128, 2: 128, 3: 128, 4: 128, 5: 128, 6: 128, 7: 128}
Val class distribution: {0: 16, 1: 32, 2: 32, 3: 32, 4: 32, 5: 32, 6: 32, 7: 32}
Test class distribution: {0: 16, 1: 32, 2: 32, 3: 32, 4: 32, 5: 32, 6: 32, 7: 32}
DataLoader config: num_workers=2, pin_memory=True, persistent_workers=True

============================================================
CUDA available: True
GPU device: NVIDIA GeForce RTX 5080 Laptop GPU
GPU memory: 17.07 GB
Device: cuda
============================================================

Warning: You are sending unauthenticated requests to the HF Hub. Please set a HF_TOKEN to enable higher rate limits and faster downloads.

Loading weights:   0%|          | 0/248 [00:00<?, ?it/s]
Loading weights:   0%|          | 1/248 [00:00<00:00, 21290.88it/s, Materializing param=encoder.layer_norm.bias]
Loading weights:   0%|          | 1/248 [00:00<00:00, 7436.71it/s, Materializing param=encoder.layer_norm.bias] 
Loading weights:   1%|          | 2/248 [00:00<00:00, 7206.71it/s, Materializing param=encoder.layer_norm.weight]
Loading weights:   1%|          | 2/248 [00:00<00:00, 5833.52it/s, Materializing param=encoder.layer_norm.weight]
Loading weights:   1%|          | 3/248 [00:00<00:00, 5849.80it/s, Materializing param=encoder.layers.0.attention.gru_rel_pos_const]
Loading weights:   1%|          | 3/248 [00:00<00:00, 4025.24it/s, Materializing param=encoder.layers.0.attention.gru_rel_pos_const]
Loading weights:   2%|▏         | 4/248 [00:00<00:00, 4626.92it/s, Materializing param=encoder.layers.0.attention.gru_rel_pos_linear.bias]
Loading weights:   2%|▏         | 4/248 [00:00<00:00, 4280.99it/s, Materializing param=encoder.layers.0.attention.gru_rel_pos_linear.bias]
Loading weights:   2%|▏         | 5/248 [00:00<00:00, 4821.04it/s, Materializing param=encoder.layers.0.attention.gru_rel_pos_linear.weight]
Loading weights:   2%|▏         | 5/248 [00:00<00:00, 4541.26it/s, Materializing param=encoder.layers.0.attention.gru_rel_pos_linear.weight]
Loading weights:   2%|▏         | 6/248 [00:00<00:00, 3521.17it/s, Materializing param=encoder.layers.0.attention.k_proj.bias]              
Loading weights:   2%|▏         | 6/248 [00:00<00:00, 3241.35it/s, Materializing param=encoder.layers.0.attention.k_proj.bias]
Loading weights:   3%|▎         | 7/248 [00:00<00:00, 3532.26it/s, Materializing param=encoder.layers.0.attention.k_proj.weight]
Loading weights:   3%|▎         | 7/248 [00:00<00:00, 3398.95it/s, Materializing param=encoder.layers.0.attention.k_proj.weight]
Loading weights:   3%|▎         | 8/248 [00:00<00:00, 3592.94it/s, Materializing param=encoder.layers.0.attention.out_proj.bias]
Loading weights:   3%|▎         | 8/248 [00:00<00:00, 3436.90it/s, Materializing param=encoder.layers.0.attention.out_proj.bias]
Loading weights:   4%|▎         | 9/248 [00:00<00:00, 3696.87it/s, Materializing param=encoder.layers.0.attention.out_proj.weight]
Loading weights:   4%|▎         | 9/248 [00:00<00:00, 3600.60it/s, Materializing param=encoder.layers.0.attention.out_proj.weight]
Loading weights:   4%|▍         | 10/248 [00:00<00:00, 3831.11it/s, Materializing param=encoder.layers.0.attention.q_proj.bias]   
Loading weights:   4%|▍         | 10/248 [00:00<00:00, 3743.24it/s, Materializing param=encoder.layers.0.attention.q_proj.bias]
Loading weights:   4%|▍         | 11/248 [00:00<00:00, 3909.94it/s, Materializing param=encoder.layers.0.attention.q_proj.weight]
Loading weights:   4%|▍         | 11/248 [00:00<00:00, 3566.03it/s, Materializing param=encoder.layers.0.attention.q_proj.weight]
Loading weights:   5%|▍         | 12/248 [00:00<00:00, 3605.16it/s, Materializing param=encoder.layers.0.attention.rel_attn_embed.weight]
Loading weights:   5%|▍         | 12/248 [00:00<00:00, 3517.24it/s, Materializing param=encoder.layers.0.attention.rel_attn_embed.weight]
Loading weights:   5%|▌         | 13/248 [00:00<00:00, 3290.25it/s, Materializing param=encoder.layers.0.attention.v_proj.bias]          
Loading weights:   5%|▌         | 13/248 [00:00<00:00, 3219.15it/s, Materializing param=encoder.layers.0.attention.v_proj.bias]
Loading weights:   6%|▌         | 14/248 [00:00<00:00, 3377.06it/s, Materializing param=encoder.layers.0.attention.v_proj.weight]
Loading weights:   6%|▌         | 14/248 [00:00<00:00, 3329.57it/s, Materializing param=encoder.layers.0.attention.v_proj.weight]
Loading weights:   6%|▌         | 15/248 [00:00<00:00, 3482.48it/s, Materializing param=encoder.layers.0.feed_forward.intermediate_dense.bias]
Loading weights:   6%|▌         | 15/248 [00:00<00:00, 3436.64it/s, Materializing param=encoder.layers.0.feed_forward.intermediate_dense.bias]
Loading weights:   6%|▋         | 16/248 [00:00<00:00, 3391.73it/s, Materializing param=encoder.layers.0.feed_forward.intermediate_dense.weight]
Loading weights:   6%|▋         | 16/248 [00:00<00:00, 3329.64it/s, Materializing param=encoder.layers.0.feed_forward.intermediate_dense.weight]
Loading weights:   7%|▋         | 17/248 [00:00<00:00, 3463.50it/s, Materializing param=encoder.layers.0.feed_forward.output_dense.bias]        
Loading weights:   7%|▋         | 17/248 [00:00<00:00, 3423.59it/s, Materializing param=encoder.layers.0.feed_forward.output_dense.bias]
Loading weights:   7%|▋         | 18/248 [00:00<00:00, 3561.87it/s, Materializing param=encoder.layers.0.feed_forward.output_dense.weight]
Loading weights:   7%|▋         | 18/248 [00:00<00:00, 3524.30it/s, Materializing param=encoder.layers.0.feed_forward.output_dense.weight]
Loading weights:   8%|▊         | 19/248 [00:00<00:00, 3612.01it/s, Materializing param=encoder.layers.0.final_layer_norm.bias]           
Loading weights:   8%|▊         | 19/248 [00:00<00:00, 3536.98it/s, Materializing param=encoder.layers.0.final_layer_norm.bias]
Loading weights:   8%|▊         | 20/248 [00:00<00:00, 3646.59it/s, Materializing param=encoder.layers.0.final_layer_norm.weight]
Loading weights:   8%|▊         | 20/248 [00:00<00:00, 3603.35it/s, Materializing param=encoder.layers.0.final_layer_norm.weight]
Loading weights:   8%|▊         | 21/248 [00:00<00:00, 3718.83it/s, Materializing param=encoder.layers.0.layer_norm.bias]        
Loading weights:   8%|▊         | 21/248 [00:00<00:00, 3678.45it/s, Materializing param=encoder.layers.0.layer_norm.bias]
Loading weights:   9%|▉         | 22/248 [00:00<00:00, 3770.31it/s, Materializing param=encoder.layers.0.layer_norm.weight]
Loading weights:   9%|▉         | 22/248 [00:00<00:00, 3713.12it/s, Materializing param=encoder.layers.0.layer_norm.weight]
Loading weights:   9%|▉         | 23/248 [00:00<00:00, 3812.55it/s, Materializing param=encoder.layers.1.attention.gru_rel_pos_const]
Loading weights:   9%|▉         | 23/248 [00:00<00:00, 3777.17it/s, Materializing param=encoder.layers.1.attention.gru_rel_pos_const]
Loading weights:  10%|▉         | 24/248 [00:00<00:00, 3873.90it/s, Materializing param=encoder.layers.1.attention.gru_rel_pos_linear.bias]
Loading weights:  10%|▉         | 24/248 [00:00<00:00, 3836.40it/s, Materializing param=encoder.layers.1.attention.gru_rel_pos_linear.bias]
Loading weights:  10%|█         | 25/248 [00:00<00:00, 3911.58it/s, Materializing param=encoder.layers.1.attention.gru_rel_pos_linear.weight]
Loading weights:  10%|█         | 25/248 [00:00<00:00, 3844.88it/s, Materializing param=encoder.layers.1.attention.gru_rel_pos_linear.weight]
Loading weights:  10%|█         | 26/248 [00:00<00:00, 3906.29it/s, Materializing param=encoder.layers.1.attention.k_proj.bias]              
Loading weights:  10%|█         | 26/248 [00:00<00:00, 3864.21it/s, Materializing param=encoder.layers.1.attention.k_proj.bias]
Loading weights:  11%|█         | 27/248 [00:00<00:00, 3955.51it/s, Materializing param=encoder.layers.1.attention.k_proj.weight]
Loading weights:  11%|█         | 27/248 [00:00<00:00, 3921.95it/s, Materializing param=encoder.layers.1.attention.k_proj.weight]
Loading weights:  11%|█▏        | 28/248 [00:00<00:00, 4017.94it/s, Materializing param=encoder.layers.1.attention.out_proj.bias]
Loading weights:  11%|█▏        | 28/248 [00:00<00:00, 3986.44it/s, Materializing param=encoder.layers.1.attention.out_proj.bias]
Loading weights:  12%|█▏        | 29/248 [00:00<00:00, 4060.31it/s, Materializing param=encoder.layers.1.attention.out_proj.weight]
Loading weights:  12%|█▏        | 29/248 [00:00<00:00, 4024.71it/s, Materializing param=encoder.layers.1.attention.out_proj.weight]
Loading weights:  12%|█▏        | 30/248 [00:00<00:00, 4116.23it/s, Materializing param=encoder.layers.1.attention.q_proj.bias]    
Loading weights:  12%|█▏        | 30/248 [00:00<00:00, 4085.76it/s, Materializing param=encoder.layers.1.attention.q_proj.bias]
Loading weights:  12%|█▎        | 31/248 [00:00<00:00, 4176.12it/s, Materializing param=encoder.layers.1.attention.q_proj.weight]
Loading weights:  12%|█▎        | 31/248 [00:00<00:00, 4146.82it/s, Materializing param=encoder.layers.1.attention.q_proj.weight]
Loading weights:  13%|█▎        | 32/248 [00:00<00:00, 4236.00it/s, Materializing param=encoder.layers.1.attention.v_proj.bias]  
Loading weights:  13%|█▎        | 32/248 [00:00<00:00, 4165.54it/s, Materializing param=encoder.layers.1.attention.v_proj.bias]
Loading weights:  13%|█▎        | 33/248 [00:00<00:00, 4174.70it/s, Materializing param=encoder.layers.1.attention.v_proj.weight]
Loading weights:  13%|█▎        | 33/248 [00:00<00:00, 4127.39it/s, Materializing param=encoder.layers.1.attention.v_proj.weight]
Loading weights:  14%|█▎        | 34/248 [00:00<00:00, 4176.25it/s, Materializing param=encoder.layers.1.feed_forward.intermediate_dense.bias]
Loading weights:  14%|█▎        | 34/248 [00:00<00:00, 4139.04it/s, Materializing param=encoder.layers.1.feed_forward.intermediate_dense.bias]
Loading weights:  14%|█▍        | 35/248 [00:00<00:00, 4137.79it/s, Materializing param=encoder.layers.1.feed_forward.intermediate_dense.weight]
Loading weights:  14%|█▍        | 35/248 [00:00<00:00, 4083.35it/s, Materializing param=encoder.layers.1.feed_forward.intermediate_dense.weight]
Loading weights:  15%|█▍        | 36/248 [00:00<00:00, 4144.91it/s, Materializing param=encoder.layers.1.feed_forward.output_dense.bias]        
Loading weights:  15%|█▍        | 36/248 [00:00<00:00, 4112.85it/s, Materializing param=encoder.layers.1.feed_forward.output_dense.bias]
Loading weights:  15%|█▍        | 37/248 [00:00<00:00, 4127.81it/s, Materializing param=encoder.layers.1.feed_forward.output_dense.weight]
Loading weights:  15%|█▍        | 37/248 [00:00<00:00, 4093.62it/s, Materializing param=encoder.layers.1.feed_forward.output_dense.weight]
Loading weights:  15%|█▌        | 38/248 [00:00<00:00, 4157.00it/s, Materializing param=encoder.layers.1.final_layer_norm.bias]           
Loading weights:  15%|█▌        | 38/248 [00:00<00:00, 4126.44it/s, Materializing param=encoder.layers.1.final_layer_norm.bias]
Loading weights:  16%|█▌        | 39/248 [00:00<00:00, 4193.23it/s, Materializing param=encoder.layers.1.final_layer_norm.weight]
Loading weights:  16%|█▌        | 39/248 [00:00<00:00, 4168.33it/s, Materializing param=encoder.layers.1.final_layer_norm.weight]
Loading weights:  16%|█▌        | 40/248 [00:00<00:00, 4238.38it/s, Materializing param=encoder.layers.1.layer_norm.bias]        
Loading weights:  16%|█▌        | 40/248 [00:00<00:00, 4214.85it/s, Materializing param=encoder.layers.1.layer_norm.bias]
Loading weights:  17%|█▋        | 41/248 [00:00<00:00, 4284.91it/s, Materializing param=encoder.layers.1.layer_norm.weight]
Loading weights:  17%|█▋        | 41/248 [00:00<00:00, 4262.08it/s, Materializing param=encoder.layers.1.layer_norm.weight]
Loading weights:  17%|█▋        | 42/248 [00:00<00:00, 4331.15it/s, Materializing param=encoder.layers.2.attention.gru_rel_pos_const]
Loading weights:  17%|█▋        | 42/248 [00:00<00:00, 4307.74it/s, Materializing param=encoder.layers.2.attention.gru_rel_pos_const]
Loading weights:  17%|█▋        | 43/248 [00:00<00:00, 4375.00it/s, Materializing param=encoder.layers.2.attention.gru_rel_pos_linear.bias]
Loading weights:  17%|█▋        | 43/248 [00:00<00:00, 4345.91it/s, Materializing param=encoder.layers.2.attention.gru_rel_pos_linear.bias]
Loading weights:  18%|█▊        | 44/248 [00:00<00:00, 4404.20it/s, Materializing param=encoder.layers.2.attention.gru_rel_pos_linear.weight]
Loading weights:  18%|█▊        | 44/248 [00:00<00:00, 4380.47it/s, Materializing param=encoder.layers.2.attention.gru_rel_pos_linear.weight]
Loading weights:  18%|█▊        | 45/248 [00:00<00:00, 4444.79it/s, Materializing param=encoder.layers.2.attention.k_proj.bias]              
Loading weights:  18%|█▊        | 45/248 [00:00<00:00, 4421.68it/s, Materializing param=encoder.layers.2.attention.k_proj.bias]
Loading weights:  19%|█▊        | 46/248 [00:00<00:00, 4485.47it/s, Materializing param=encoder.layers.2.attention.k_proj.weight]
Loading weights:  19%|█▊        | 46/248 [00:00<00:00, 4463.06it/s, Materializing param=encoder.layers.2.attention.k_proj.weight]
Loading weights:  19%|█▉        | 47/248 [00:00<00:00, 4526.16it/s, Materializing param=encoder.layers.2.attention.out_proj.bias]
Loading weights:  19%|█▉        | 47/248 [00:00<00:00, 4503.72it/s, Materializing param=encoder.layers.2.attention.out_proj.bias]
Loading weights:  19%|█▉        | 48/248 [00:00<00:00, 4565.13it/s, Materializing param=encoder.layers.2.attention.out_proj.weight]
Loading weights:  19%|█▉        | 48/248 [00:00<00:00, 4541.34it/s, Materializing param=encoder.layers.2.attention.out_proj.weight]
Loading weights:  20%|█▉        | 49/248 [00:00<00:00, 4600.25it/s, Materializing param=encoder.layers.2.attention.q_proj.bias]    
Loading weights:  20%|█▉        | 49/248 [00:00<00:00, 4576.90it/s, Materializing param=encoder.layers.2.attention.q_proj.bias]
Loading weights:  20%|██        | 50/248 [00:00<00:00, 4634.79it/s, Materializing param=encoder.layers.2.attention.q_proj.weight]
Loading weights:  20%|██        | 50/248 [00:00<00:00, 4585.04it/s, Materializing param=encoder.layers.2.attention.q_proj.weight]
Loading weights:  21%|██        | 51/248 [00:00<00:00, 4632.98it/s, Materializing param=encoder.layers.2.attention.v_proj.bias]  
Loading weights:  21%|██        | 51/248 [00:00<00:00, 4609.52it/s, Materializing param=encoder.layers.2.attention.v_proj.bias]
Loading weights:  21%|██        | 52/248 [00:00<00:00, 4665.32it/s, Materializing param=encoder.layers.2.attention.v_proj.weight]
Loading weights:  21%|██        | 52/248 [00:00<00:00, 4643.57it/s, Materializing param=encoder.layers.2.attention.v_proj.weight]
Loading weights:  21%|██▏       | 53/248 [00:00<00:00, 4698.95it/s, Materializing param=encoder.layers.2.feed_forward.intermediate_dense.bias]
Loading weights:  21%|██▏       | 53/248 [00:00<00:00, 4675.53it/s, Materializing param=encoder.layers.2.feed_forward.intermediate_dense.bias]
Loading weights:  22%|██▏       | 54/248 [00:00<00:00, 4730.12it/s, Materializing param=encoder.layers.2.feed_forward.intermediate_dense.weight]
Loading weights:  22%|██▏       | 54/248 [00:00<00:00, 4707.22it/s, Materializing param=encoder.layers.2.feed_forward.intermediate_dense.weight]
Loading weights:  22%|██▏       | 55/248 [00:00<00:00, 4761.43it/s, Materializing param=encoder.layers.2.feed_forward.output_dense.bias]        
Loading weights:  22%|██▏       | 55/248 [00:00<00:00, 4739.72it/s, Materializing param=encoder.layers.2.feed_forward.output_dense.bias]
Loading weights:  23%|██▎       | 56/248 [00:00<00:00, 4791.93it/s, Materializing param=encoder.layers.2.feed_forward.output_dense.weight]
Loading weights:  23%|██▎       | 56/248 [00:00<00:00, 4769.64it/s, Materializing param=encoder.layers.2.feed_forward.output_dense.weight]
Loading weights:  23%|██▎       | 57/248 [00:00<00:00, 4821.14it/s, Materializing param=encoder.layers.2.final_layer_norm.bias]           
Loading weights:  23%|██▎       | 57/248 [00:00<00:00, 4793.01it/s, Materializing param=encoder.layers.2.final_layer_norm.bias]
Loading weights:  23%|██▎       | 58/248 [00:00<00:00, 4840.51it/s, Materializing param=encoder.layers.2.final_layer_norm.weight]
Loading weights:  23%|██▎       | 58/248 [00:00<00:00, 4819.03it/s, Materializing param=encoder.layers.2.final_layer_norm.weight]
Loading weights:  24%|██▍       | 59/248 [00:00<00:00, 4778.96it/s, Materializing param=encoder.layers.2.layer_norm.bias]        
Loading weights:  24%|██▍       | 59/248 [00:00<00:00, 4721.33it/s, Materializing param=encoder.layers.2.layer_norm.bias]
Loading weights:  24%|██▍       | 60/248 [00:00<00:00, 4753.83it/s, Materializing param=encoder.layers.2.layer_norm.weight]
Loading weights:  24%|██▍       | 60/248 [00:00<00:00, 4729.53it/s, Materializing param=encoder.layers.2.layer_norm.weight]
Loading weights:  25%|██▍       | 61/248 [00:00<00:00, 4772.75it/s, Materializing param=encoder.layers.3.attention.gru_rel_pos_const]
Loading weights:  25%|██▍       | 61/248 [00:00<00:00, 4749.36it/s, Materializing param=encoder.layers.3.attention.gru_rel_pos_const]
Loading weights:  25%|██▌       | 62/248 [00:00<00:00, 4645.19it/s, Materializing param=encoder.layers.3.attention.gru_rel_pos_linear.bias]
Loading weights:  25%|██▌       | 62/248 [00:00<00:00, 4608.06it/s, Materializing param=encoder.layers.3.attention.gru_rel_pos_linear.bias]
Loading weights:  25%|██▌       | 63/248 [00:00<00:00, 4646.24it/s, Materializing param=encoder.layers.3.attention.gru_rel_pos_linear.weight]
Loading weights:  25%|██▌       | 63/248 [00:00<00:00, 4624.05it/s, Materializing param=encoder.layers.3.attention.gru_rel_pos_linear.weight]
Loading weights:  26%|██▌       | 64/248 [00:00<00:00, 4615.62it/s, Materializing param=encoder.layers.3.attention.k_proj.bias]              
Loading weights:  26%|██▌       | 64/248 [00:00<00:00, 4581.51it/s, Materializing param=encoder.layers.3.attention.k_proj.bias]
Loading weights:  26%|██▌       | 65/248 [00:00<00:00, 4619.90it/s, Materializing param=encoder.layers.3.attention.k_proj.weight]
Loading weights:  26%|██▌       | 65/248 [00:00<00:00, 4600.10it/s, Materializing param=encoder.layers.3.attention.k_proj.weight]
Loading weights:  27%|██▋       | 66/248 [00:00<00:00, 4642.52it/s, Materializing param=encoder.layers.3.attention.out_proj.bias]
Loading weights:  27%|██▋       | 66/248 [00:00<00:00, 4624.29it/s, Materializing param=encoder.layers.3.attention.out_proj.bias]
Loading weights:  27%|██▋       | 67/248 [00:00<00:00, 4667.85it/s, Materializing param=encoder.layers.3.attention.out_proj.weight]
Loading weights:  27%|██▋       | 67/248 [00:00<00:00, 4650.77it/s, Materializing param=encoder.layers.3.attention.out_proj.weight]
Loading weights:  27%|██▋       | 68/248 [00:00<00:00, 4694.86it/s, Materializing param=encoder.layers.3.attention.q_proj.bias]    
Loading weights:  27%|██▋       | 68/248 [00:00<00:00, 4677.53it/s, Materializing param=encoder.layers.3.attention.q_proj.bias]
Loading weights:  28%|██▊       | 69/248 [00:00<00:00, 4720.93it/s, Materializing param=encoder.layers.3.attention.q_proj.weight]
Loading weights:  28%|██▊       | 69/248 [00:00<00:00, 4702.90it/s, Materializing param=encoder.layers.3.attention.q_proj.weight]
Loading weights:  28%|██▊       | 70/248 [00:00<00:00, 4745.91it/s, Materializing param=encoder.layers.3.attention.v_proj.bias]  
Loading weights:  28%|██▊       | 70/248 [00:00<00:00, 4728.11it/s, Materializing param=encoder.layers.3.attention.v_proj.bias]
Loading weights:  29%|██▊       | 71/248 [00:00<00:00, 4771.14it/s, Materializing param=encoder.layers.3.attention.v_proj.weight]
Loading weights:  29%|██▊       | 71/248 [00:00<00:00, 4754.23it/s, Materializing param=encoder.layers.3.attention.v_proj.weight]
Loading weights:  29%|██▉       | 72/248 [00:00<00:00, 4796.84it/s, Materializing param=encoder.layers.3.feed_forward.intermediate_dense.bias]
Loading weights:  29%|██▉       | 72/248 [00:00<00:00, 4778.93it/s, Materializing param=encoder.layers.3.feed_forward.intermediate_dense.bias]
Loading weights:  29%|██▉       | 73/248 [00:00<00:00, 4820.89it/s, Materializing param=encoder.layers.3.feed_forward.intermediate_dense.weight]
Loading weights:  29%|██▉       | 73/248 [00:00<00:00, 4804.40it/s, Materializing param=encoder.layers.3.feed_forward.intermediate_dense.weight]
Loading weights:  30%|██▉       | 74/248 [00:00<00:00, 4845.50it/s, Materializing param=encoder.layers.3.feed_forward.output_dense.bias]        
Loading weights:  30%|██▉       | 74/248 [00:00<00:00, 4829.14it/s, Materializing param=encoder.layers.3.feed_forward.output_dense.bias]
Loading weights:  30%|███       | 75/248 [00:00<00:00, 4862.55it/s, Materializing param=encoder.layers.3.feed_forward.output_dense.weight]
Loading weights:  30%|███       | 75/248 [00:00<00:00, 4781.69it/s, Materializing param=encoder.layers.3.feed_forward.output_dense.weight]
Loading weights:  31%|███       | 76/248 [00:00<00:00, 4800.13it/s, Materializing param=encoder.layers.3.final_layer_norm.bias]           
Loading weights:  31%|███       | 76/248 [00:00<00:00, 4777.61it/s, Materializing param=encoder.layers.3.final_layer_norm.bias]
Loading weights:  31%|███       | 77/248 [00:00<00:00, 4785.25it/s, Materializing param=encoder.layers.3.final_layer_norm.weight]
Loading weights:  31%|███       | 77/248 [00:00<00:00, 4765.48it/s, Materializing param=encoder.layers.3.final_layer_norm.weight]
Loading weights:  31%|███▏      | 78/248 [00:00<00:00, 4798.55it/s, Materializing param=encoder.layers.3.layer_norm.bias]        
Loading weights:  31%|███▏      | 78/248 [00:00<00:00, 4779.83it/s, Materializing param=encoder.layers.3.layer_norm.bias]
Loading weights:  32%|███▏      | 79/248 [00:00<00:00, 4814.17it/s, Materializing param=encoder.layers.3.layer_norm.weight]
Loading weights:  32%|███▏      | 79/248 [00:00<00:00, 4796.82it/s, Materializing param=encoder.layers.3.layer_norm.weight]
Loading weights:  32%|███▏      | 80/248 [00:00<00:00, 4831.73it/s, Materializing param=encoder.layers.4.attention.gru_rel_pos_const]
Loading weights:  32%|███▏      | 80/248 [00:00<00:00, 4815.02it/s, Materializing param=encoder.layers.4.attention.gru_rel_pos_const]
Loading weights:  33%|███▎      | 81/248 [00:00<00:00, 4849.25it/s, Materializing param=encoder.layers.4.attention.gru_rel_pos_linear.bias]
Loading weights:  33%|███▎      | 81/248 [00:00<00:00, 4831.60it/s, Materializing param=encoder.layers.4.attention.gru_rel_pos_linear.bias]
Loading weights:  33%|███▎      | 82/248 [00:00<00:00, 4865.99it/s, Materializing param=encoder.layers.4.attention.gru_rel_pos_linear.weight]
Loading weights:  33%|███▎      | 82/248 [00:00<00:00, 4850.07it/s, Materializing param=encoder.layers.4.attention.gru_rel_pos_linear.weight]
Loading weights:  33%|███▎      | 83/248 [00:00<00:00, 4884.28it/s, Materializing param=encoder.layers.4.attention.k_proj.bias]              
Loading weights:  33%|███▎      | 83/248 [00:00<00:00, 4867.82it/s, Materializing param=encoder.layers.4.attention.k_proj.bias]
Loading weights:  34%|███▍      | 84/248 [00:00<00:00, 4901.32it/s, Materializing param=encoder.layers.4.attention.k_proj.weight]
Loading weights:  34%|███▍      | 84/248 [00:00<00:00, 4885.42it/s, Materializing param=encoder.layers.4.attention.k_proj.weight]
Loading weights:  34%|███▍      | 85/248 [00:00<00:00, 4915.90it/s, Materializing param=encoder.layers.4.attention.out_proj.bias]
Loading weights:  34%|███▍      | 85/248 [00:00<00:00, 4892.83it/s, Materializing param=encoder.layers.4.attention.out_proj.bias]
Loading weights:  35%|███▍      | 86/248 [00:00<00:00, 4923.90it/s, Materializing param=encoder.layers.4.attention.out_proj.weight]
Loading weights:  35%|███▍      | 86/248 [00:00<00:00, 4907.29it/s, Materializing param=encoder.layers.4.attention.out_proj.weight]
Loading weights:  35%|███▌      | 87/248 [00:00<00:00, 4940.35it/s, Materializing param=encoder.layers.4.attention.q_proj.bias]    
Loading weights:  35%|███▌      | 87/248 [00:00<00:00, 4924.95it/s, Materializing param=encoder.layers.4.attention.q_proj.bias]
Loading weights:  35%|███▌      | 88/248 [00:00<00:00, 4958.87it/s, Materializing param=encoder.layers.4.attention.q_proj.weight]
Loading weights:  35%|███▌      | 88/248 [00:00<00:00, 4943.60it/s, Materializing param=encoder.layers.4.attention.q_proj.weight]
Loading weights:  36%|███▌      | 89/248 [00:00<00:00, 4976.91it/s, Materializing param=encoder.layers.4.attention.v_proj.bias]  
Loading weights:  36%|███▌      | 89/248 [00:00<00:00, 4960.44it/s, Materializing param=encoder.layers.4.attention.v_proj.bias]
Loading weights:  36%|███▋      | 90/248 [00:00<00:00, 4993.09it/s, Materializing param=encoder.layers.4.attention.v_proj.weight]
Loading weights:  36%|███▋      | 90/248 [00:00<00:00, 4977.75it/s, Materializing param=encoder.layers.4.attention.v_proj.weight]
Loading weights:  37%|███▋      | 91/248 [00:00<00:00, 5000.94it/s, Materializing param=encoder.layers.4.feed_forward.intermediate_dense.bias]
Loading weights:  37%|███▋      | 91/248 [00:00<00:00, 4985.13it/s, Materializing param=encoder.layers.4.feed_forward.intermediate_dense.bias]
Loading weights:  37%|███▋      | 92/248 [00:00<00:00, 5016.59it/s, Materializing param=encoder.layers.4.feed_forward.intermediate_dense.weight]
Loading weights:  37%|███▋      | 92/248 [00:00<00:00, 5001.31it/s, Materializing param=encoder.layers.4.feed_forward.intermediate_dense.weight]
Loading weights:  38%|███▊      | 93/248 [00:00<00:00, 5033.49it/s, Materializing param=encoder.layers.4.feed_forward.output_dense.bias]        
Loading weights:  38%|███▊      | 93/248 [00:00<00:00, 5018.66it/s, Materializing param=encoder.layers.4.feed_forward.output_dense.bias]
Loading weights:  38%|███▊      | 94/248 [00:00<00:00, 5050.53it/s, Materializing param=encoder.layers.4.feed_forward.output_dense.weight]
Loading weights:  38%|███▊      | 94/248 [00:00<00:00, 5033.51it/s, Materializing param=encoder.layers.4.feed_forward.output_dense.weight]
Loading weights:  38%|███▊      | 95/248 [00:00<00:00, 5063.72it/s, Materializing param=encoder.layers.4.final_layer_norm.bias]           
Loading weights:  38%|███▊      | 95/248 [00:00<00:00, 5048.90it/s, Materializing param=encoder.layers.4.final_layer_norm.bias]
Loading weights:  39%|███▊      | 96/248 [00:00<00:00, 5079.84it/s, Materializing param=encoder.layers.4.final_layer_norm.weight]
Loading weights:  39%|███▊      | 96/248 [00:00<00:00, 5064.88it/s, Materializing param=encoder.layers.4.final_layer_norm.weight]
Loading weights:  39%|███▉      | 97/248 [00:00<00:00, 5094.38it/s, Materializing param=encoder.layers.4.layer_norm.bias]        
Loading weights:  39%|███▉      | 97/248 [00:00<00:00, 5079.43it/s, Materializing param=encoder.layers.4.layer_norm.bias]
Loading weights:  40%|███▉      | 98/248 [00:00<00:00, 5109.41it/s, Materializing param=encoder.layers.4.layer_norm.weight]
Loading weights:  40%|███▉      | 98/248 [00:00<00:00, 5094.46it/s, Materializing param=encoder.layers.4.layer_norm.weight]
Loading weights:  40%|███▉      | 99/248 [00:00<00:00, 5119.10it/s, Materializing param=encoder.layers.5.attention.gru_rel_pos_const]
Loading weights:  40%|███▉      | 99/248 [00:00<00:00, 5102.56it/s, Materializing param=encoder.layers.5.attention.gru_rel_pos_const]
Loading weights:  40%|████      | 100/248 [00:00<00:00, 5131.27it/s, Materializing param=encoder.layers.5.attention.gru_rel_pos_linear.bias]
Loading weights:  40%|████      | 100/248 [00:00<00:00, 5088.69it/s, Materializing param=encoder.layers.5.attention.gru_rel_pos_linear.bias]
Loading weights:  41%|████      | 101/248 [00:00<00:00, 5107.54it/s, Materializing param=encoder.layers.5.attention.gru_rel_pos_linear.weight]
Loading weights:  41%|████      | 101/248 [00:00<00:00, 5092.26it/s, Materializing param=encoder.layers.5.attention.gru_rel_pos_linear.weight]
Loading weights:  41%|████      | 102/248 [00:00<00:00, 5120.64it/s, Materializing param=encoder.layers.5.attention.k_proj.bias]              
Loading weights:  41%|████      | 102/248 [00:00<00:00, 5106.27it/s, Materializing param=encoder.layers.5.attention.k_proj.bias]
Loading weights:  42%|████▏     | 103/248 [00:00<00:00, 5135.13it/s, Materializing param=encoder.layers.5.attention.k_proj.weight]
Loading weights:  42%|████▏     | 103/248 [00:00<00:00, 5117.19it/s, Materializing param=encoder.layers.5.attention.k_proj.weight]
Loading weights:  42%|████▏     | 104/248 [00:00<00:00, 5145.41it/s, Materializing param=encoder.layers.5.attention.out_proj.bias]
Loading weights:  42%|████▏     | 104/248 [00:00<00:00, 5131.37it/s, Materializing param=encoder.layers.5.attention.out_proj.bias]
Loading weights:  42%|████▏     | 105/248 [00:00<00:00, 5150.36it/s, Materializing param=encoder.layers.5.attention.out_proj.weight]
Loading weights:  42%|████▏     | 105/248 [00:00<00:00, 5136.18it/s, Materializing param=encoder.layers.5.attention.out_proj.weight]
Loading weights:  43%|████▎     | 106/248 [00:00<00:00, 5164.38it/s, Materializing param=encoder.layers.5.attention.q_proj.bias]    
Loading weights:  43%|████▎     | 106/248 [00:00<00:00, 5149.84it/s, Materializing param=encoder.layers.5.attention.q_proj.bias]
Loading weights:  43%|████▎     | 107/248 [00:00<00:00, 5177.50it/s, Materializing param=encoder.layers.5.attention.q_proj.weight]
Loading weights:  43%|████▎     | 107/248 [00:00<00:00, 5163.38it/s, Materializing param=encoder.layers.5.attention.q_proj.weight]
Loading weights:  44%|████▎     | 108/248 [00:00<00:00, 5191.33it/s, Materializing param=encoder.layers.5.attention.v_proj.bias]  
Loading weights:  44%|████▎     | 108/248 [00:00<00:00, 5177.98it/s, Materializing param=encoder.layers.5.attention.v_proj.bias]
Loading weights:  44%|████▍     | 109/248 [00:00<00:00, 5205.87it/s, Materializing param=encoder.layers.5.attention.v_proj.weight]
Loading weights:  44%|████▍     | 109/248 [00:00<00:00, 5192.33it/s, Materializing param=encoder.layers.5.attention.v_proj.weight]
Loading weights:  44%|████▍     | 110/248 [00:00<00:00, 5220.28it/s, Materializing param=encoder.layers.5.feed_forward.intermediate_dense.bias]
Loading weights:  44%|████▍     | 110/248 [00:00<00:00, 5205.67it/s, Materializing param=encoder.layers.5.feed_forward.intermediate_dense.bias]
Loading weights:  45%|████▍     | 111/248 [00:00<00:00, 5229.63it/s, Materializing param=encoder.layers.5.feed_forward.intermediate_dense.weight]
Loading weights:  45%|████▍     | 111/248 [00:00<00:00, 5214.52it/s, Materializing param=encoder.layers.5.feed_forward.intermediate_dense.weight]
Loading weights:  45%|████▌     | 112/248 [00:00<00:00, 5234.23it/s, Materializing param=encoder.layers.5.feed_forward.output_dense.bias]        
Loading weights:  45%|████▌     | 112/248 [00:00<00:00, 5218.30it/s, Materializing param=encoder.layers.5.feed_forward.output_dense.bias]
Loading weights:  46%|████▌     | 113/248 [00:00<00:00, 5243.87it/s, Materializing param=encoder.layers.5.feed_forward.output_dense.weight]
Loading weights:  46%|████▌     | 113/248 [00:00<00:00, 5230.61it/s, Materializing param=encoder.layers.5.feed_forward.output_dense.weight]
Loading weights:  46%|████▌     | 114/248 [00:00<00:00, 5257.41it/s, Materializing param=encoder.layers.5.final_layer_norm.bias]           
Loading weights:  46%|████▌     | 114/248 [00:00<00:00, 5244.26it/s, Materializing param=encoder.layers.5.final_layer_norm.bias]
Loading weights:  46%|████▋     | 115/248 [00:00<00:00, 5270.95it/s, Materializing param=encoder.layers.5.final_layer_norm.weight]
Loading weights:  46%|████▋     | 115/248 [00:00<00:00, 5257.85it/s, Materializing param=encoder.layers.5.final_layer_norm.weight]
Loading weights:  47%|████▋     | 116/248 [00:00<00:00, 5280.49it/s, Materializing param=encoder.layers.5.layer_norm.bias]        
Loading weights:  47%|████▋     | 116/248 [00:00<00:00, 5266.66it/s, Materializing param=encoder.layers.5.layer_norm.bias]
Loading weights:  47%|████▋     | 117/248 [00:00<00:00, 5292.81it/s, Materializing param=encoder.layers.5.layer_norm.weight]
Loading weights:  47%|████▋     | 117/248 [00:00<00:00, 5279.60it/s, Materializing param=encoder.layers.5.layer_norm.weight]
Loading weights:  48%|████▊     | 118/248 [00:00<00:00, 5305.26it/s, Materializing param=encoder.layers.6.attention.gru_rel_pos_const]
Loading weights:  48%|████▊     | 118/248 [00:00<00:00, 5291.99it/s, Materializing param=encoder.layers.6.attention.gru_rel_pos_const]
Loading weights:  48%|████▊     | 119/248 [00:00<00:00, 5310.94it/s, Materializing param=encoder.layers.6.attention.gru_rel_pos_linear.bias]
Loading weights:  48%|████▊     | 119/248 [00:00<00:00, 5296.96it/s, Materializing param=encoder.layers.6.attention.gru_rel_pos_linear.bias]
Loading weights:  48%|████▊     | 120/248 [00:00<00:00, 5321.31it/s, Materializing param=encoder.layers.6.attention.gru_rel_pos_linear.weight]
Loading weights:  48%|████▊     | 120/248 [00:00<00:00, 5307.12it/s, Materializing param=encoder.layers.6.attention.gru_rel_pos_linear.weight]
Loading weights:  49%|████▉     | 121/248 [00:00<00:00, 5324.95it/s, Materializing param=encoder.layers.6.attention.k_proj.bias]              
Loading weights:  49%|████▉     | 121/248 [00:00<00:00, 5310.75it/s, Materializing param=encoder.layers.6.attention.k_proj.bias]
Loading weights:  49%|████▉     | 122/248 [00:00<00:00, 5334.60it/s, Materializing param=encoder.layers.6.attention.k_proj.weight]
Loading weights:  49%|████▉     | 122/248 [00:00<00:00, 5321.72it/s, Materializing param=encoder.layers.6.attention.k_proj.weight]
Loading weights:  50%|████▉     | 123/248 [00:00<00:00, 5346.22it/s, Materializing param=encoder.layers.6.attention.out_proj.bias]
Loading weights:  50%|████▉     | 123/248 [00:00<00:00, 5332.62it/s, Materializing param=encoder.layers.6.attention.out_proj.bias]
Loading weights:  50%|█████     | 124/248 [00:00<00:00, 5356.32it/s, Materializing param=encoder.layers.6.attention.out_proj.weight]
Loading weights:  50%|█████     | 124/248 [00:00<00:00, 5342.57it/s, Materializing param=encoder.layers.6.attention.out_proj.weight]
Loading weights:  50%|█████     | 125/248 [00:00<00:00, 5366.25it/s, Materializing param=encoder.layers.6.attention.q_proj.bias]    
Loading weights:  50%|█████     | 125/248 [00:00<00:00, 5353.65it/s, Materializing param=encoder.layers.6.attention.q_proj.bias]
Loading weights:  51%|█████     | 126/248 [00:00<00:00, 5371.14it/s, Materializing param=encoder.layers.6.attention.q_proj.weight]
Loading weights:  51%|█████     | 126/248 [00:00<00:00, 5357.14it/s, Materializing param=encoder.layers.6.attention.q_proj.weight]
Loading weights:  51%|█████     | 127/248 [00:00<00:00, 5380.19it/s, Materializing param=encoder.layers.6.attention.v_proj.bias]  
Loading weights:  51%|█████     | 127/248 [00:00<00:00, 5367.40it/s, Materializing param=encoder.layers.6.attention.v_proj.bias]
Loading weights:  52%|█████▏    | 128/248 [00:00<00:00, 5330.44it/s, Materializing param=encoder.layers.6.attention.v_proj.weight]
Loading weights:  52%|█████▏    | 128/248 [00:00<00:00, 5307.67it/s, Materializing param=encoder.layers.6.attention.v_proj.weight]
Loading weights:  52%|█████▏    | 129/248 [00:00<00:00, 5280.69it/s, Materializing param=encoder.layers.6.feed_forward.intermediate_dense.bias]
Loading weights:  52%|█████▏    | 129/248 [00:00<00:00, 5255.92it/s, Materializing param=encoder.layers.6.feed_forward.intermediate_dense.bias]
Loading weights:  52%|█████▏    | 130/248 [00:00<00:00, 5271.72it/s, Materializing param=encoder.layers.6.feed_forward.intermediate_dense.weight]
Loading weights:  52%|█████▏    | 130/248 [00:00<00:00, 5257.74it/s, Materializing param=encoder.layers.6.feed_forward.intermediate_dense.weight]
Loading weights:  53%|█████▎    | 131/248 [00:00<00:00, 5278.49it/s, Materializing param=encoder.layers.6.feed_forward.output_dense.bias]        
Loading weights:  53%|█████▎    | 131/248 [00:00<00:00, 5265.59it/s, Materializing param=encoder.layers.6.feed_forward.output_dense.bias]
Loading weights:  53%|█████▎    | 132/248 [00:00<00:00, 5286.99it/s, Materializing param=encoder.layers.6.feed_forward.output_dense.weight]
Loading weights:  53%|█████▎    | 132/248 [00:00<00:00, 5274.90it/s, Materializing param=encoder.layers.6.feed_forward.output_dense.weight]
Loading weights:  54%|█████▎    | 133/248 [00:00<00:00, 5296.94it/s, Materializing param=encoder.layers.6.final_layer_norm.bias]           
Loading weights:  54%|█████▎    | 133/248 [00:00<00:00, 5283.90it/s, Materializing param=encoder.layers.6.final_layer_norm.bias]
Loading weights:  54%|█████▍    | 134/248 [00:00<00:00, 5303.33it/s, Materializing param=encoder.layers.6.final_layer_norm.weight]
Loading weights:  54%|█████▍    | 134/248 [00:00<00:00, 5291.70it/s, Materializing param=encoder.layers.6.final_layer_norm.weight]
Loading weights:  54%|█████▍    | 135/248 [00:00<00:00, 5312.93it/s, Materializing param=encoder.layers.6.layer_norm.bias]        
Loading weights:  54%|█████▍    | 135/248 [00:00<00:00, 5301.04it/s, Materializing param=encoder.layers.6.layer_norm.bias]
Loading weights:  55%|█████▍    | 136/248 [00:00<00:00, 5311.57it/s, Materializing param=encoder.layers.6.layer_norm.weight]
Loading weights:  55%|█████▍    | 136/248 [00:00<00:00, 5300.02it/s, Materializing param=encoder.layers.6.layer_norm.weight]
Loading weights:  55%|█████▌    | 137/248 [00:00<00:00, 5321.88it/s, Materializing param=encoder.layers.7.attention.gru_rel_pos_const]
Loading weights:  55%|█████▌    | 137/248 [00:00<00:00, 5310.82it/s, Materializing param=encoder.layers.7.attention.gru_rel_pos_const]
Loading weights:  56%|█████▌    | 138/248 [00:00<00:00, 5332.28it/s, Materializing param=encoder.layers.7.attention.gru_rel_pos_linear.bias]
Loading weights:  56%|█████▌    | 138/248 [00:00<00:00, 5321.06it/s, Materializing param=encoder.layers.7.attention.gru_rel_pos_linear.bias]
Loading weights:  56%|█████▌    | 139/248 [00:00<00:00, 5342.77it/s, Materializing param=encoder.layers.7.attention.gru_rel_pos_linear.weight]
Loading weights:  56%|█████▌    | 139/248 [00:00<00:00, 5332.16it/s, Materializing param=encoder.layers.7.attention.gru_rel_pos_linear.weight]
Loading weights:  56%|█████▋    | 140/248 [00:00<00:00, 5348.95it/s, Materializing param=encoder.layers.7.attention.k_proj.bias]              
Loading weights:  56%|█████▋    | 140/248 [00:00<00:00, 5336.65it/s, Materializing param=encoder.layers.7.attention.k_proj.bias]
Loading weights:  57%|█████▋    | 141/248 [00:00<00:00, 5358.07it/s, Materializing param=encoder.layers.7.attention.k_proj.weight]
Loading weights:  57%|█████▋    | 141/248 [00:00<00:00, 5347.60it/s, Materializing param=encoder.layers.7.attention.k_proj.weight]
Loading weights:  57%|█████▋    | 142/248 [00:00<00:00, 5369.70it/s, Materializing param=encoder.layers.7.attention.out_proj.bias]
Loading weights:  57%|█████▋    | 142/248 [00:00<00:00, 5358.69it/s, Materializing param=encoder.layers.7.attention.out_proj.bias]
Loading weights:  58%|█████▊    | 143/248 [00:00<00:00, 5380.45it/s, Materializing param=encoder.layers.7.attention.out_proj.weight]
Loading weights:  58%|█████▊    | 143/248 [00:00<00:00, 5369.42it/s, Materializing param=encoder.layers.7.attention.out_proj.weight]
Loading weights:  58%|█████▊    | 144/248 [00:00<00:00, 5390.51it/s, Materializing param=encoder.layers.7.attention.q_proj.bias]    
Loading weights:  58%|█████▊    | 144/248 [00:00<00:00, 5379.66it/s, Materializing param=encoder.layers.7.attention.q_proj.bias]
Loading weights:  58%|█████▊    | 145/248 [00:00<00:00, 5400.47it/s, Materializing param=encoder.layers.7.attention.q_proj.weight]
Loading weights:  58%|█████▊    | 145/248 [00:00<00:00, 5389.66it/s, Materializing param=encoder.layers.7.attention.q_proj.weight]
Loading weights:  59%|█████▉    | 146/248 [00:00<00:00, 5410.67it/s, Materializing param=encoder.layers.7.attention.v_proj.bias]  
Loading weights:  59%|█████▉    | 146/248 [00:00<00:00, 5399.55it/s, Materializing param=encoder.layers.7.attention.v_proj.bias]
Loading weights:  59%|█████▉    | 147/248 [00:00<00:00, 5420.28it/s, Materializing param=encoder.layers.7.attention.v_proj.weight]
Loading weights:  59%|█████▉    | 147/248 [00:00<00:00, 5408.92it/s, Materializing param=encoder.layers.7.attention.v_proj.weight]
Loading weights:  60%|█████▉    | 148/248 [00:00<00:00, 5429.57it/s, Materializing param=encoder.layers.7.feed_forward.intermediate_dense.bias]
Loading weights:  60%|█████▉    | 148/248 [00:00<00:00, 5419.00it/s, Materializing param=encoder.layers.7.feed_forward.intermediate_dense.bias]
Loading weights:  60%|██████    | 149/248 [00:00<00:00, 5439.37it/s, Materializing param=encoder.layers.7.feed_forward.intermediate_dense.weight]
Loading weights:  60%|██████    | 149/248 [00:00<00:00, 5428.18it/s, Materializing param=encoder.layers.7.feed_forward.intermediate_dense.weight]
Loading weights:  60%|██████    | 150/248 [00:00<00:00, 5448.19it/s, Materializing param=encoder.layers.7.feed_forward.output_dense.bias]        
Loading weights:  60%|██████    | 150/248 [00:00<00:00, 5431.16it/s, Materializing param=encoder.layers.7.feed_forward.output_dense.bias]
Loading weights:  61%|██████    | 151/248 [00:00<00:00, 5451.27it/s, Materializing param=encoder.layers.7.feed_forward.output_dense.weight]
Loading weights:  61%|██████    | 151/248 [00:00<00:00, 5440.27it/s, Materializing param=encoder.layers.7.feed_forward.output_dense.weight]
Loading weights:  61%|██████▏   | 152/248 [00:00<00:00, 5460.02it/s, Materializing param=encoder.layers.7.final_layer_norm.bias]           
Loading weights:  61%|██████▏   | 152/248 [00:00<00:00, 5411.13it/s, Materializing param=encoder.layers.7.final_layer_norm.bias]
Loading weights:  62%|██████▏   | 153/248 [00:00<00:00, 5396.49it/s, Materializing param=encoder.layers.7.final_layer_norm.weight]
Loading weights:  62%|██████▏   | 153/248 [00:00<00:00, 5380.60it/s, Materializing param=encoder.layers.7.final_layer_norm.weight]
Loading weights:  62%|██████▏   | 154/248 [00:00<00:00, 5398.57it/s, Materializing param=encoder.layers.7.layer_norm.bias]        
Loading weights:  62%|██████▏   | 154/248 [00:00<00:00, 5385.34it/s, Materializing param=encoder.layers.7.layer_norm.bias]
Loading weights:  62%|██████▎   | 155/248 [00:00<00:00, 5403.95it/s, Materializing param=encoder.layers.7.layer_norm.weight]
Loading weights:  62%|██████▎   | 155/248 [00:00<00:00, 5393.95it/s, Materializing param=encoder.layers.7.layer_norm.weight]
Loading weights:  63%|██████▎   | 156/248 [00:00<00:00, 5413.93it/s, Materializing param=encoder.layers.8.attention.gru_rel_pos_const]
Loading weights:  63%|██████▎   | 156/248 [00:00<00:00, 5403.25it/s, Materializing param=encoder.layers.8.attention.gru_rel_pos_const]
Loading weights:  63%|██████▎   | 157/248 [00:00<00:00, 5422.92it/s, Materializing param=encoder.layers.8.attention.gru_rel_pos_linear.bias]
Loading weights:  63%|██████▎   | 157/248 [00:00<00:00, 5412.67it/s, Materializing param=encoder.layers.8.attention.gru_rel_pos_linear.bias]
Loading weights:  64%|██████▎   | 158/248 [00:00<00:00, 5432.23it/s, Materializing param=encoder.layers.8.attention.gru_rel_pos_linear.weight]
Loading weights:  64%|██████▎   | 158/248 [00:00<00:00, 5421.57it/s, Materializing param=encoder.layers.8.attention.gru_rel_pos_linear.weight]
Loading weights:  64%|██████▍   | 159/248 [00:00<00:00, 5439.33it/s, Materializing param=encoder.layers.8.attention.k_proj.bias]              
Loading weights:  64%|██████▍   | 159/248 [00:00<00:00, 5429.28it/s, Materializing param=encoder.layers.8.attention.k_proj.bias]
Loading weights:  65%|██████▍   | 160/248 [00:00<00:00, 5449.80it/s, Materializing param=encoder.layers.8.attention.k_proj.weight]
Loading weights:  65%|██████▍   | 160/248 [00:00<00:00, 5439.11it/s, Materializing param=encoder.layers.8.attention.k_proj.weight]
Loading weights:  65%|██████▍   | 161/248 [00:00<00:00, 5458.07it/s, Materializing param=encoder.layers.8.attention.out_proj.bias]
Loading weights:  65%|██████▍   | 161/248 [00:00<00:00, 5447.72it/s, Materializing param=encoder.layers.8.attention.out_proj.bias]
Loading weights:  65%|██████▌   | 162/248 [00:00<00:00, 5465.99it/s, Materializing param=encoder.layers.8.attention.out_proj.weight]
Loading weights:  65%|██████▌   | 162/248 [00:00<00:00, 5455.90it/s, Materializing param=encoder.layers.8.attention.out_proj.weight]
Loading weights:  66%|██████▌   | 163/248 [00:00<00:00, 5474.80it/s, Materializing param=encoder.layers.8.attention.q_proj.bias]    
Loading weights:  66%|██████▌   | 163/248 [00:00<00:00, 5465.13it/s, Materializing param=encoder.layers.8.attention.q_proj.bias]
Loading weights:  66%|██████▌   | 164/248 [00:00<00:00, 5483.97it/s, Materializing param=encoder.layers.8.attention.q_proj.weight]
Loading weights:  66%|██████▌   | 164/248 [00:00<00:00, 5471.15it/s, Materializing param=encoder.layers.8.attention.q_proj.weight]
Loading weights:  67%|██████▋   | 165/248 [00:00<00:00, 5486.31it/s, Materializing param=encoder.layers.8.attention.v_proj.bias]  
Loading weights:  67%|██████▋   | 165/248 [00:00<00:00, 5475.29it/s, Materializing param=encoder.layers.8.attention.v_proj.bias]
Loading weights:  67%|██████▋   | 166/248 [00:00<00:00, 5493.22it/s, Materializing param=encoder.layers.8.attention.v_proj.weight]
Loading weights:  67%|██████▋   | 166/248 [00:00<00:00, 5483.14it/s, Materializing param=encoder.layers.8.attention.v_proj.weight]
Loading weights:  67%|██████▋   | 167/248 [00:00<00:00, 5501.09it/s, Materializing param=encoder.layers.8.feed_forward.intermediate_dense.bias]
Loading weights:  67%|██████▋   | 167/248 [00:00<00:00, 5393.42it/s, Materializing param=encoder.layers.8.feed_forward.intermediate_dense.bias]
Loading weights:  68%|██████▊   | 168/248 [00:00<00:00, 5392.87it/s, Materializing param=encoder.layers.8.feed_forward.intermediate_dense.weight]
Loading weights:  68%|██████▊   | 168/248 [00:00<00:00, 5381.75it/s, Materializing param=encoder.layers.8.feed_forward.intermediate_dense.weight]
Loading weights:  68%|██████▊   | 169/248 [00:00<00:00, 5397.75it/s, Materializing param=encoder.layers.8.feed_forward.output_dense.bias]        
Loading weights:  68%|██████▊   | 169/248 [00:00<00:00, 5387.74it/s, Materializing param=encoder.layers.8.feed_forward.output_dense.bias]
Loading weights:  69%|██████▊   | 170/248 [00:00<00:00, 5405.07it/s, Materializing param=encoder.layers.8.feed_forward.output_dense.weight]
Loading weights:  69%|██████▊   | 170/248 [00:00<00:00, 5394.64it/s, Materializing param=encoder.layers.8.feed_forward.output_dense.weight]
Loading weights:  69%|██████▉   | 171/248 [00:00<00:00, 5412.17it/s, Materializing param=encoder.layers.8.final_layer_norm.bias]           
Loading weights:  69%|██████▉   | 171/248 [00:00<00:00, 5402.59it/s, Materializing param=encoder.layers.8.final_layer_norm.bias]
Loading weights:  69%|██████▉   | 172/248 [00:00<00:00, 5420.22it/s, Materializing param=encoder.layers.8.final_layer_norm.weight]
Loading weights:  69%|██████▉   | 172/248 [00:00<00:00, 5410.87it/s, Materializing param=encoder.layers.8.final_layer_norm.weight]
Loading weights:  70%|██████▉   | 173/248 [00:00<00:00, 5429.01it/s, Materializing param=encoder.layers.8.layer_norm.bias]        
Loading weights:  70%|██████▉   | 173/248 [00:00<00:00, 5419.81it/s, Materializing param=encoder.layers.8.layer_norm.bias]
Loading weights:  70%|███████   | 174/248 [00:00<00:00, 5429.52it/s, Materializing param=encoder.layers.8.layer_norm.weight]
Loading weights:  70%|███████   | 174/248 [00:00<00:00, 5417.31it/s, Materializing param=encoder.layers.8.layer_norm.weight]
Loading weights:  71%|███████   | 175/248 [00:00<00:00, 5433.84it/s, Materializing param=encoder.layers.9.attention.gru_rel_pos_const]
Loading weights:  71%|███████   | 175/248 [00:00<00:00, 5423.72it/s, Materializing param=encoder.layers.9.attention.gru_rel_pos_const]
Loading weights:  71%|███████   | 176/248 [00:00<00:00, 5440.40it/s, Materializing param=encoder.layers.9.attention.gru_rel_pos_linear.bias]
Loading weights:  71%|███████   | 176/248 [00:00<00:00, 5430.56it/s, Materializing param=encoder.layers.9.attention.gru_rel_pos_linear.bias]
Loading weights:  71%|███████▏  | 177/248 [00:00<00:00, 5447.23it/s, Materializing param=encoder.layers.9.attention.gru_rel_pos_linear.weight]
Loading weights:  71%|███████▏  | 177/248 [00:00<00:00, 5437.77it/s, Materializing param=encoder.layers.9.attention.gru_rel_pos_linear.weight]
Loading weights:  72%|███████▏  | 178/248 [00:00<00:00, 5454.83it/s, Materializing param=encoder.layers.9.attention.k_proj.bias]              
Loading weights:  72%|███████▏  | 178/248 [00:00<00:00, 5445.56it/s, Materializing param=encoder.layers.9.attention.k_proj.bias]
Loading weights:  72%|███████▏  | 179/248 [00:00<00:00, 5462.29it/s, Materializing param=encoder.layers.9.attention.k_proj.weight]
Loading weights:  72%|███████▏  | 179/248 [00:00<00:00, 5453.04it/s, Materializing param=encoder.layers.9.attention.k_proj.weight]
Loading weights:  73%|███████▎  | 180/248 [00:00<00:00, 5470.36it/s, Materializing param=encoder.layers.9.attention.out_proj.bias]
Loading weights:  73%|███████▎  | 180/248 [00:00<00:00, 5461.25it/s, Materializing param=encoder.layers.9.attention.out_proj.bias]
Loading weights:  73%|███████▎  | 181/248 [00:00<00:00, 5473.62it/s, Materializing param=encoder.layers.9.attention.out_proj.weight]
Loading weights:  73%|███████▎  | 181/248 [00:00<00:00, 5464.75it/s, Materializing param=encoder.layers.9.attention.out_proj.weight]
Loading weights:  73%|███████▎  | 182/248 [00:00<00:00, 5477.20it/s, Materializing param=encoder.layers.9.attention.q_proj.bias]    
Loading weights:  73%|███████▎  | 182/248 [00:00<00:00, 5466.85it/s, Materializing param=encoder.layers.9.attention.q_proj.bias]
Loading weights:  74%|███████▍  | 183/248 [00:00<00:00, 5482.28it/s, Materializing param=encoder.layers.9.attention.q_proj.weight]
Loading weights:  74%|███████▍  | 183/248 [00:00<00:00, 5472.66it/s, Materializing param=encoder.layers.9.attention.q_proj.weight]
Loading weights:  74%|███████▍  | 184/248 [00:00<00:00, 5489.07it/s, Materializing param=encoder.layers.9.attention.v_proj.bias]  
Loading weights:  74%|███████▍  | 184/248 [00:00<00:00, 5480.22it/s, Materializing param=encoder.layers.9.attention.v_proj.bias]
Loading weights:  75%|███████▍  | 185/248 [00:00<00:00, 5496.85it/s, Materializing param=encoder.layers.9.attention.v_proj.weight]
Loading weights:  75%|███████▍  | 185/248 [00:00<00:00, 5487.67it/s, Materializing param=encoder.layers.9.attention.v_proj.weight]
Loading weights:  75%|███████▌  | 186/248 [00:00<00:00, 5504.57it/s, Materializing param=encoder.layers.9.feed_forward.intermediate_dense.bias]
Loading weights:  75%|███████▌  | 186/248 [00:00<00:00, 5495.53it/s, Materializing param=encoder.layers.9.feed_forward.intermediate_dense.bias]
Loading weights:  75%|███████▌  | 187/248 [00:00<00:00, 5511.65it/s, Materializing param=encoder.layers.9.feed_forward.intermediate_dense.weight]
Loading weights:  75%|███████▌  | 187/248 [00:00<00:00, 5499.82it/s, Materializing param=encoder.layers.9.feed_forward.intermediate_dense.weight]
Loading weights:  76%|███████▌  | 188/248 [00:00<00:00, 5514.92it/s, Materializing param=encoder.layers.9.feed_forward.output_dense.bias]        
Loading weights:  76%|███████▌  | 188/248 [00:00<00:00, 5506.37it/s, Materializing param=encoder.layers.9.feed_forward.output_dense.bias]
Loading weights:  76%|███████▌  | 189/248 [00:00<00:00, 5523.13it/s, Materializing param=encoder.layers.9.feed_forward.output_dense.weight]
Loading weights:  76%|███████▌  | 189/248 [00:00<00:00, 5514.87it/s, Materializing param=encoder.layers.9.feed_forward.output_dense.weight]
Loading weights:  77%|███████▋  | 190/248 [00:00<00:00, 5531.69it/s, Materializing param=encoder.layers.9.final_layer_norm.bias]           
Loading weights:  77%|███████▋  | 190/248 [00:00<00:00, 5522.45it/s, Materializing param=encoder.layers.9.final_layer_norm.bias]
Loading weights:  77%|███████▋  | 191/248 [00:00<00:00, 5538.59it/s, Materializing param=encoder.layers.9.final_layer_norm.weight]
Loading weights:  77%|███████▋  | 191/248 [00:00<00:00, 5529.87it/s, Materializing param=encoder.layers.9.final_layer_norm.weight]
Loading weights:  77%|███████▋  | 192/248 [00:00<00:00, 5545.35it/s, Materializing param=encoder.layers.9.layer_norm.bias]        
Loading weights:  77%|███████▋  | 192/248 [00:00<00:00, 5536.92it/s, Materializing param=encoder.layers.9.layer_norm.bias]
Loading weights:  78%|███████▊  | 193/248 [00:00<00:00, 5531.34it/s, Materializing param=encoder.layers.9.layer_norm.weight]
Loading weights:  78%|███████▊  | 193/248 [00:00<00:00, 5512.28it/s, Materializing param=encoder.layers.9.layer_norm.weight]
Loading weights:  78%|███████▊  | 194/248 [00:00<00:00, 5520.47it/s, Materializing param=encoder.layers.10.attention.gru_rel_pos_const]
Loading weights:  78%|███████▊  | 194/248 [00:00<00:00, 5510.52it/s, Materializing param=encoder.layers.10.attention.gru_rel_pos_const]
Loading weights:  79%|███████▊  | 195/248 [00:00<00:00, 5523.63it/s, Materializing param=encoder.layers.10.attention.gru_rel_pos_linear.bias]
Loading weights:  79%|███████▊  | 195/248 [00:00<00:00, 5514.36it/s, Materializing param=encoder.layers.10.attention.gru_rel_pos_linear.bias]
Loading weights:  79%|███████▉  | 196/248 [00:00<00:00, 5406.45it/s, Materializing param=encoder.layers.10.attention.gru_rel_pos_linear.weight]
Loading weights:  79%|███████▉  | 196/248 [00:00<00:00, 5373.03it/s, Materializing param=encoder.layers.10.attention.gru_rel_pos_linear.weight]
Loading weights:  79%|███████▉  | 197/248 [00:00<00:00, 5376.30it/s, Materializing param=encoder.layers.10.attention.k_proj.bias]              
Loading weights:  79%|███████▉  | 197/248 [00:00<00:00, 5366.14it/s, Materializing param=encoder.layers.10.attention.k_proj.bias]
Loading weights:  80%|███████▉  | 198/248 [00:00<00:00, 5380.00it/s, Materializing param=encoder.layers.10.attention.k_proj.weight]
Loading weights:  80%|███████▉  | 198/248 [00:00<00:00, 5371.02it/s, Materializing param=encoder.layers.10.attention.k_proj.weight]
Loading weights:  80%|████████  | 199/248 [00:00<00:00, 5384.98it/s, Materializing param=encoder.layers.10.attention.out_proj.bias]
Loading weights:  80%|████████  | 199/248 [00:00<00:00, 5283.10it/s, Materializing param=encoder.layers.10.attention.out_proj.bias]
Loading weights:  81%|████████  | 200/248 [00:00<00:00, 5285.83it/s, Materializing param=encoder.layers.10.attention.out_proj.weight]
Loading weights:  81%|████████  | 200/248 [00:00<00:00, 5273.47it/s, Materializing param=encoder.layers.10.attention.out_proj.weight]
Loading weights:  81%|████████  | 201/248 [00:00<00:00, 5286.04it/s, Materializing param=encoder.layers.10.attention.q_proj.bias]    
Loading weights:  81%|████████  | 201/248 [00:00<00:00, 5277.34it/s, Materializing param=encoder.layers.10.attention.q_proj.bias]
Loading weights:  81%|████████▏ | 202/248 [00:00<00:00, 5292.13it/s, Materializing param=encoder.layers.10.attention.q_proj.weight]
Loading weights:  81%|████████▏ | 202/248 [00:00<00:00, 5284.28it/s, Materializing param=encoder.layers.10.attention.q_proj.weight]
Loading weights:  82%|████████▏ | 203/248 [00:00<00:00, 5288.14it/s, Materializing param=encoder.layers.10.attention.v_proj.bias]  
Loading weights:  82%|████████▏ | 203/248 [00:00<00:00, 5273.21it/s, Materializing param=encoder.layers.10.attention.v_proj.bias]
Loading weights:  82%|████████▏ | 204/248 [00:00<00:00, 5278.33it/s, Materializing param=encoder.layers.10.attention.v_proj.weight]
Loading weights:  82%|████████▏ | 204/248 [00:00<00:00, 5268.84it/s, Materializing param=encoder.layers.10.attention.v_proj.weight]
Loading weights:  83%|████████▎ | 205/248 [00:00<00:00, 5282.34it/s, Materializing param=encoder.layers.10.feed_forward.intermediate_dense.bias]
Loading weights:  83%|████████▎ | 205/248 [00:00<00:00, 5274.04it/s, Materializing param=encoder.layers.10.feed_forward.intermediate_dense.bias]
Loading weights:  83%|████████▎ | 206/248 [00:00<00:00, 5287.35it/s, Materializing param=encoder.layers.10.feed_forward.intermediate_dense.weight]
Loading weights:  83%|████████▎ | 206/248 [00:00<00:00, 5279.82it/s, Materializing param=encoder.layers.10.feed_forward.intermediate_dense.weight]
Loading weights:  83%|████████▎ | 207/248 [00:00<00:00, 5293.80it/s, Materializing param=encoder.layers.10.feed_forward.output_dense.bias]        
Loading weights:  83%|████████▎ | 207/248 [00:00<00:00, 5269.67it/s, Materializing param=encoder.layers.10.feed_forward.output_dense.bias]
Loading weights:  84%|████████▍ | 208/248 [00:00<00:00, 5272.70it/s, Materializing param=encoder.layers.10.feed_forward.output_dense.weight]
Loading weights:  84%|████████▍ | 208/248 [00:00<00:00, 5263.19it/s, Materializing param=encoder.layers.10.feed_forward.output_dense.weight]
Loading weights:  84%|████████▍ | 209/248 [00:00<00:00, 5275.79it/s, Materializing param=encoder.layers.10.final_layer_norm.bias]           
Loading weights:  84%|████████▍ | 209/248 [00:00<00:00, 5267.61it/s, Materializing param=encoder.layers.10.final_layer_norm.bias]
Loading weights:  85%|████████▍ | 210/248 [00:00<00:00, 5280.88it/s, Materializing param=encoder.layers.10.final_layer_norm.weight]
Loading weights:  85%|████████▍ | 210/248 [00:00<00:00, 5273.14it/s, Materializing param=encoder.layers.10.final_layer_norm.weight]
Loading weights:  85%|████████▌ | 211/248 [00:00<00:00, 5286.89it/s, Materializing param=encoder.layers.10.layer_norm.bias]        
Loading weights:  85%|████████▌ | 211/248 [00:00<00:00, 5279.54it/s, Materializing param=encoder.layers.10.layer_norm.bias]
Loading weights:  85%|████████▌ | 212/248 [00:00<00:00, 5293.66it/s, Materializing param=encoder.layers.10.layer_norm.weight]
Loading weights:  85%|████████▌ | 212/248 [00:00<00:00, 5286.42it/s, Materializing param=encoder.layers.10.layer_norm.weight]
Loading weights:  86%|████████▌ | 213/248 [00:00<00:00, 5300.39it/s, Materializing param=encoder.layers.11.attention.gru_rel_pos_const]
Loading weights:  86%|████████▌ | 213/248 [00:00<00:00, 5293.11it/s, Materializing param=encoder.layers.11.attention.gru_rel_pos_const]
Loading weights:  86%|████████▋ | 214/248 [00:00<00:00, 5306.92it/s, Materializing param=encoder.layers.11.attention.gru_rel_pos_linear.bias]
Loading weights:  86%|████████▋ | 214/248 [00:00<00:00, 5262.37it/s, Materializing param=encoder.layers.11.attention.gru_rel_pos_linear.bias]
Loading weights:  87%|████████▋ | 215/248 [00:00<00:00, 5267.96it/s, Materializing param=encoder.layers.11.attention.gru_rel_pos_linear.weight]
Loading weights:  87%|████████▋ | 215/248 [00:00<00:00, 5257.92it/s, Materializing param=encoder.layers.11.attention.gru_rel_pos_linear.weight]
Loading weights:  87%|████████▋ | 216/248 [00:00<00:00, 5269.04it/s, Materializing param=encoder.layers.11.attention.k_proj.bias]              
Loading weights:  87%|████████▋ | 216/248 [00:00<00:00, 5261.85it/s, Materializing param=encoder.layers.11.attention.k_proj.bias]
Loading weights:  88%|████████▊ | 217/248 [00:00<00:00, 5273.62it/s, Materializing param=encoder.layers.11.attention.k_proj.weight]
Loading weights:  88%|████████▊ | 217/248 [00:00<00:00, 5263.53it/s, Materializing param=encoder.layers.11.attention.k_proj.weight]
Loading weights:  88%|████████▊ | 218/248 [00:00<00:00, 5267.80it/s, Materializing param=encoder.layers.11.attention.out_proj.bias]
Loading weights:  88%|████████▊ | 218/248 [00:00<00:00, 5254.57it/s, Materializing param=encoder.layers.11.attention.out_proj.bias]
Loading weights:  88%|████████▊ | 219/248 [00:00<00:00, 5266.18it/s, Materializing param=encoder.layers.11.attention.out_proj.weight]
Loading weights:  88%|████████▊ | 219/248 [00:00<00:00, 5258.67it/s, Materializing param=encoder.layers.11.attention.out_proj.weight]
Loading weights:  89%|████████▊ | 220/248 [00:00<00:00, 5271.85it/s, Materializing param=encoder.layers.11.attention.q_proj.bias]    
Loading weights:  89%|████████▊ | 220/248 [00:00<00:00, 5264.84it/s, Materializing param=encoder.layers.11.attention.q_proj.bias]
Loading weights:  89%|████████▉ | 221/248 [00:00<00:00, 5274.95it/s, Materializing param=encoder.layers.11.attention.q_proj.weight]
Loading weights:  89%|████████▉ | 221/248 [00:00<00:00, 5267.40it/s, Materializing param=encoder.layers.11.attention.q_proj.weight]
Loading weights:  90%|████████▉ | 222/248 [00:00<00:00, 5280.37it/s, Materializing param=encoder.layers.11.attention.v_proj.bias]  
Loading weights:  90%|████████▉ | 222/248 [00:00<00:00, 5273.37it/s, Materializing param=encoder.layers.11.attention.v_proj.bias]
Loading weights:  90%|████████▉ | 223/248 [00:00<00:00, 5286.68it/s, Materializing param=encoder.layers.11.attention.v_proj.weight]
Loading weights:  90%|████████▉ | 223/248 [00:00<00:00, 5257.23it/s, Materializing param=encoder.layers.11.attention.v_proj.weight]
Loading weights:  90%|█████████ | 224/248 [00:00<00:00, 5227.45it/s, Materializing param=encoder.layers.11.feed_forward.intermediate_dense.bias]
Loading weights:  90%|█████████ | 224/248 [00:00<00:00, 5212.40it/s, Materializing param=encoder.layers.11.feed_forward.intermediate_dense.bias]
Loading weights:  91%|█████████ | 225/248 [00:00<00:00, 5221.10it/s, Materializing param=encoder.layers.11.feed_forward.intermediate_dense.weight]
Loading weights:  91%|█████████ | 225/248 [00:00<00:00, 5214.03it/s, Materializing param=encoder.layers.11.feed_forward.intermediate_dense.weight]
Loading weights:  91%|█████████ | 226/248 [00:00<00:00, 5227.15it/s, Materializing param=encoder.layers.11.feed_forward.output_dense.bias]        
Loading weights:  91%|█████████ | 226/248 [00:00<00:00, 5220.56it/s, Materializing param=encoder.layers.11.feed_forward.output_dense.bias]
Loading weights:  92%|█████████▏| 227/248 [00:00<00:00, 5233.89it/s, Materializing param=encoder.layers.11.feed_forward.output_dense.weight]
Loading weights:  92%|█████████▏| 227/248 [00:00<00:00, 5227.48it/s, Materializing param=encoder.layers.11.feed_forward.output_dense.weight]
Loading weights:  92%|█████████▏| 228/248 [00:00<00:00, 5240.98it/s, Materializing param=encoder.layers.11.final_layer_norm.bias]           
Loading weights:  92%|█████████▏| 228/248 [00:00<00:00, 5234.53it/s, Materializing param=encoder.layers.11.final_layer_norm.bias]
Loading weights:  92%|█████████▏| 229/248 [00:00<00:00, 5247.69it/s, Materializing param=encoder.layers.11.final_layer_norm.weight]
Loading weights:  92%|█████████▏| 229/248 [00:00<00:00, 5241.08it/s, Materializing param=encoder.layers.11.final_layer_norm.weight]
Loading weights:  93%|█████████▎| 230/248 [00:00<00:00, 5254.67it/s, Materializing param=encoder.layers.11.layer_norm.bias]        
Loading weights:  93%|█████████▎| 230/248 [00:00<00:00, 5247.16it/s, Materializing param=encoder.layers.11.layer_norm.bias]
Loading weights:  93%|█████████▎| 231/248 [00:00<00:00, 5260.56it/s, Materializing param=encoder.layers.11.layer_norm.weight]
Loading weights:  93%|█████████▎| 231/248 [00:00<00:00, 5253.85it/s, Materializing param=encoder.layers.11.layer_norm.weight]
Loading weights:  94%|█████████▎| 232/248 [00:00<00:00, 5248.56it/s, Materializing param=encoder.pos_conv_embed.conv.bias]   
Loading weights:  94%|█████████▎| 232/248 [00:00<00:00, 5237.77it/s, Materializing param=encoder.pos_conv_embed.conv.bias]
Loading weights:  94%|█████████▍| 233/248 [00:00<00:00, 5244.96it/s, Materializing param=encoder.pos_conv_embed.conv.parametrizations.weight.original0]
Loading weights:  94%|█████████▍| 233/248 [00:00<00:00, 5237.20it/s, Materializing param=encoder.pos_conv_embed.conv.parametrizations.weight.original0]
Loading weights:  94%|█████████▍| 234/248 [00:00<00:00, 5219.65it/s, Materializing param=encoder.pos_conv_embed.conv.parametrizations.weight.original1]
Loading weights:  94%|█████████▍| 234/248 [00:00<00:00, 5198.56it/s, Materializing param=encoder.pos_conv_embed.conv.parametrizations.weight.original1]
Loading weights:  95%|█████████▍| 235/248 [00:00<00:00, 5196.83it/s, Materializing param=feature_extractor.conv_layers.0.conv.weight]                  
Loading weights:  95%|█████████▍| 235/248 [00:00<00:00, 5177.36it/s, Materializing param=feature_extractor.conv_layers.0.conv.weight]
Loading weights:  95%|█████████▌| 236/248 [00:00<00:00, 5155.34it/s, Materializing param=feature_extractor.conv_layers.0.layer_norm.bias]
Loading weights:  95%|█████████▌| 236/248 [00:00<00:00, 5145.48it/s, Materializing param=feature_extractor.conv_layers.0.layer_norm.bias]
Loading weights:  96%|█████████▌| 237/248 [00:00<00:00, 5155.78it/s, Materializing param=feature_extractor.conv_layers.0.layer_norm.weight]
Loading weights:  96%|█████████▌| 237/248 [00:00<00:00, 5148.94it/s, Materializing param=feature_extractor.conv_layers.0.layer_norm.weight]
Loading weights:  96%|█████████▌| 238/248 [00:00<00:00, 5160.35it/s, Materializing param=feature_extractor.conv_layers.1.conv.weight]      
Loading weights:  96%|█████████▌| 238/248 [00:00<00:00, 5153.85it/s, Materializing param=feature_extractor.conv_layers.1.conv.weight]
Loading weights:  96%|█████████▋| 239/248 [00:00<00:00, 5165.77it/s, Materializing param=feature_extractor.conv_layers.2.conv.weight]
Loading weights:  96%|█████████▋| 239/248 [00:00<00:00, 5159.05it/s, Materializing param=feature_extractor.conv_layers.2.conv.weight]
Loading weights:  97%|█████████▋| 240/248 [00:00<00:00, 5171.08it/s, Materializing param=feature_extractor.conv_layers.3.conv.weight]
Loading weights:  97%|█████████▋| 240/248 [00:00<00:00, 5164.76it/s, Materializing param=feature_extractor.conv_layers.3.conv.weight]
Loading weights:  97%|█████████▋| 241/248 [00:00<00:00, 5177.36it/s, Materializing param=feature_extractor.conv_layers.4.conv.weight]
Loading weights:  97%|█████████▋| 241/248 [00:00<00:00, 5171.16it/s, Materializing param=feature_extractor.conv_layers.4.conv.weight]
Loading weights:  98%|█████████▊| 242/248 [00:00<00:00, 5183.68it/s, Materializing param=feature_extractor.conv_layers.5.conv.weight]
Loading weights:  98%|█████████▊| 242/248 [00:00<00:00, 5177.81it/s, Materializing param=feature_extractor.conv_layers.5.conv.weight]
Loading weights:  98%|█████████▊| 243/248 [00:00<00:00, 5190.28it/s, Materializing param=feature_extractor.conv_layers.6.conv.weight]
Loading weights:  98%|█████████▊| 243/248 [00:00<00:00, 5184.00it/s, Materializing param=feature_extractor.conv_layers.6.conv.weight]
Loading weights:  98%|█████████▊| 244/248 [00:00<00:00, 5182.40it/s, Materializing param=feature_projection.layer_norm.bias]         
Loading weights:  98%|█████████▊| 244/248 [00:00<00:00, 5173.42it/s, Materializing param=feature_projection.layer_norm.bias]
Loading weights:  99%|█████████▉| 245/248 [00:00<00:00, 5177.58it/s, Materializing param=feature_projection.layer_norm.weight]
Loading weights:  99%|█████████▉| 245/248 [00:00<00:00, 5170.49it/s, Materializing param=feature_projection.layer_norm.weight]
Loading weights:  99%|█████████▉| 246/248 [00:00<00:00, 5183.15it/s, Materializing param=feature_projection.projection.bias]  
Loading weights:  99%|█████████▉| 246/248 [00:00<00:00, 5177.30it/s, Materializing param=feature_projection.projection.bias]
Loading weights: 100%|█████████▉| 247/248 [00:00<00:00, 5190.27it/s, Materializing param=feature_projection.projection.weight]
Loading weights: 100%|█████████▉| 247/248 [00:00<00:00, 5183.54it/s, Materializing param=feature_projection.projection.weight]
Loading weights: 100%|██████████| 248/248 [00:00<00:00, 5170.48it/s, Materializing param=masked_spec_embed]                   
Loading weights: 100%|██████████| 248/248 [00:00<00:00, 5160.53it/s, Materializing param=masked_spec_embed]
Loading weights: 100%|██████████| 248/248 [00:00<00:00, 5135.87it/s, Materializing param=masked_spec_embed]
[INFO] Loaded audio branch checkpoint: /home/louis/projects/MultimodalEmotionRecognition/outputs/speaker_independent_tracked_v1/fold_01/audio/best.pt (missing=0, unexpected=0)
[INFO] Loaded video branch checkpoint: /home/louis/projects/MultimodalEmotionRecognition/outputs/speaker_independent_tracked_v1/fold_01/video/best.pt (missing=0, unexpected=0)
Model parameters: 106,390,984 (trainable: 12,009,048)

[INFO] Optimizer groups (stage 1): fusion=231,688@3.00e-04
[INFO] Cosine scheduler (group-wise): group0: base_lr=3.00e-04, eta_min=3.00e-05
[INFO] Two-stage fusion enabled: stage1_epochs=5, stage2_epochs=25, video_unfreeze_blocks=1, wavlm_unfreeze_layers=2
[INFO] Trainable parameters after stage setup: 231,688

train:   0%|          | 0/120 [00:00<?, ?it/s]libEGL warning: DRI3 error: Could not get DRI3 device
libEGL warning: Ensure your X server supports DRI3 to get accelerated rendering
libEGL warning: DRI3 error: Could not get DRI3 device
libEGL warning: Ensure your X server supports DRI3 to get accelerated rendering
WARNING: All log messages before absl::InitializeLog() is called are written to STDERR
I0000 00:00:1791461406.022225   45002 gl_context_egl.cc:85] Successfully initialized EGL. Major : 1 Minor: 5
WARNING: All log messages before absl::InitializeLog() is called are written to STDERR
I0000 00:00:1791461406.022246   45003 gl_context_egl.cc:85] Successfully initialized EGL. Major : 1 Minor: 5
I0000 00:00:1791461406.036769   45228 gl_context.cc:369] GL version: 3.2 (OpenGL ES 3.2 Mesa 25.2.8-0ubuntu0.24.04.2), renderer: llvmpipe (LLVM 20.1.2, 256 bits)
I0000 00:00:1791461406.036765   45227 gl_context.cc:369] GL version: 3.2 (OpenGL ES 3.2 Mesa 25.2.8-0ubuntu0.24.04.2), renderer: llvmpipe (LLVM 20.1.2, 256 bits)
INFO: Created TensorFlow Lite XNNPACK delegate for CPU.
INFO: Created TensorFlow Lite XNNPACK delegate for CPU.
W0000 00:00:1791461406.052079   45118 inference_feedback_manager.cc:114] Feedback manager requires a model with a single signature inference. Disabling support for feedback tensors.
W0000 00:00:1791461406.052268   45119 inference_feedback_manager.cc:114] Feedback manager requires a model with a single signature inference. Disabling support for feedback tensors.

train:   1%|          | 1/120 [00:02<05:54,  2.98s/it]
train:   2%|▎         | 3/120 [00:03<01:35,  1.23it/s]
train:   4%|▍         | 5/120 [00:03<01:00,  1.89it/s]
train:   5%|▌         | 6/120 [00:03<00:49,  2.30it/s]
train:   6%|▌         | 7/120 [00:04<00:52,  2.14it/s]
train:   7%|▋         | 8/120 [00:04<00:43,  2.60it/s]
train:   8%|▊         | 9/120 [00:05<00:48,  2.31it/s]
train:   8%|▊         | 10/120 [00:05<00:38,  2.84it/s]
train:   9%|▉         | 11/120 [00:05<00:45,  2.38it/s]
train:  10%|█         | 12/120 [00:05<00:37,  2.89it/s]
train:  11%|█         | 13/120 [00:06<00:47,  2.27it/s]
train:  12%|█▏        | 14/120 [00:06<00:38,  2.78it/s]
train:  12%|█▎        | 15/120 [00:07<00:47,  2.22it/s]
train:  13%|█▎        | 16/120 [00:07<00:38,  2.70it/s]
train:  14%|█▍        | 17/120 [00:08<00:46,  2.20it/s]
train:  15%|█▌        | 18/120 [00:08<00:38,  2.62it/s]
train:  16%|█▌        | 19/120 [00:09<00:46,  2.16it/s]
train:  17%|█▋        | 20/120 [00:09<00:39,  2.51it/s]
train:  18%|█▊        | 21/120 [00:10<00:46,  2.11it/s]
train:  18%|█▊        | 22/120 [00:10<00:38,  2.56it/s]
train:  19%|█▉        | 23/120 [00:10<00:45,  2.11it/s]
train:  20%|██        | 24/120 [00:12<01:08,  1.41it/s]
train:  21%|██        | 25/120 [00:12<01:05,  1.44it/s]
train:  22%|██▏       | 26/120 [00:13<00:51,  1.82it/s]
train:  22%|██▎       | 27/120 [00:13<00:54,  1.72it/s]
train:  23%|██▎       | 28/120 [00:13<00:44,  2.08it/s]
train:  24%|██▍       | 29/120 [00:14<00:47,  1.93it/s]
train:  25%|██▌       | 30/120 [00:14<00:39,  2.30it/s]
train:  26%|██▌       | 31/120 [00:15<00:43,  2.03it/s]
train:  27%|██▋       | 32/120 [00:15<00:37,  2.35it/s]
train:  28%|██▊       | 33/120 [00:16<00:41,  2.09it/s]
train:  28%|██▊       | 34/120 [00:16<00:34,  2.49it/s]
train:  29%|██▉       | 35/120 [00:17<00:40,  2.12it/s]
train:  30%|███       | 36/120 [00:17<00:33,  2.50it/s]
train:  31%|███       | 37/120 [00:18<00:39,  2.10it/s]
train:  32%|███▏      | 38/120 [00:18<00:32,  2.52it/s]
train:  32%|███▎      | 39/120 [00:18<00:37,  2.14it/s]
train:  33%|███▎      | 40/120 [00:19<00:30,  2.60it/s]
train:  34%|███▍      | 41/120 [00:19<00:35,  2.20it/s]
train:  35%|███▌      | 42/120 [00:19<00:29,  2.63it/s]
train:  36%|███▌      | 43/120 [00:20<00:34,  2.23it/s]
train:  37%|███▋      | 44/120 [00:20<00:28,  2.65it/s]
train:  38%|███▊      | 45/120 [00:21<00:32,  2.30it/s]
train:  38%|███▊      | 46/120 [00:21<00:27,  2.72it/s]
train:  39%|███▉      | 47/120 [00:22<00:31,  2.32it/s]
train:  40%|████      | 48/120 [00:22<00:26,  2.74it/s]
train:  41%|████      | 49/120 [00:22<00:29,  2.37it/s]
train:  42%|████▏     | 50/120 [00:23<00:25,  2.80it/s]
train:  42%|████▎     | 51/120 [00:23<00:29,  2.35it/s]
train:  43%|████▎     | 52/120 [00:23<00:24,  2.73it/s]
train:  44%|████▍     | 53/120 [00:24<00:30,  2.23it/s]
train:  45%|████▌     | 54/120 [00:24<00:25,  2.64it/s]
train:  46%|████▌     | 55/120 [00:25<00:29,  2.18it/s]
train:  47%|████▋     | 56/120 [00:25<00:24,  2.56it/s]
train:  48%|████▊     | 57/120 [00:26<00:29,  2.17it/s]
train:  48%|████▊     | 58/120 [00:26<00:24,  2.54it/s]
train:  49%|████▉     | 59/120 [00:27<00:28,  2.13it/s]
train:  50%|█████     | 60/120 [00:27<00:23,  2.55it/s]
train:  51%|█████     | 61/120 [00:27<00:26,  2.22it/s]
train:  52%|█████▏    | 62/120 [00:28<00:21,  2.67it/s]
train:  52%|█████▎    | 63/120 [00:28<00:25,  2.25it/s]
train:  53%|█████▎    | 64/120 [00:28<00:20,  2.73it/s]
train:  54%|█████▍    | 65/120 [00:29<00:23,  2.31it/s]
train:  55%|█████▌    | 66/120 [00:29<00:19,  2.74it/s]
train:  56%|█████▌    | 67/120 [00:30<00:22,  2.37it/s]
train:  57%|█████▋    | 68/120 [00:30<00:19,  2.67it/s]
train:  57%|█████▊    | 69/120 [00:31<00:22,  2.30it/s]
train:  58%|█████▊    | 70/120 [00:31<00:19,  2.52it/s]
train:  59%|█████▉    | 71/120 [00:31<00:21,  2.24it/s]
train:  60%|██████    | 72/120 [00:32<00:18,  2.55it/s]
train:  61%|██████    | 73/120 [00:32<00:21,  2.23it/s]
train:  62%|██████▏   | 74/120 [00:33<00:18,  2.54it/s]
train:  62%|██████▎   | 75/120 [00:33<00:20,  2.19it/s]
train:  63%|██████▎   | 76/120 [00:33<00:16,  2.59it/s]
train:  64%|██████▍   | 77/120 [00:34<00:19,  2.19it/s]
train:  65%|██████▌   | 78/120 [00:34<00:16,  2.56it/s]
train:  66%|██████▌   | 79/120 [00:35<00:18,  2.17it/s]
train:  67%|██████▋   | 80/120 [00:35<00:15,  2.58it/s]
train:  68%|██████▊   | 81/120 [00:36<00:17,  2.18it/s]
train:  68%|██████▊   | 82/120 [00:36<00:14,  2.55it/s]
train:  69%|██████▉   | 83/120 [00:37<00:16,  2.20it/s]
train:  70%|███████   | 84/120 [00:37<00:13,  2.62it/s]
train:  71%|███████   | 85/120 [00:37<00:15,  2.23it/s]
train:  72%|███████▏  | 86/120 [00:38<00:12,  2.67it/s]
train:  72%|███████▎  | 87/120 [00:38<00:14,  2.26it/s]
train:  73%|███████▎  | 88/120 [00:38<00:12,  2.59it/s]
train:  74%|███████▍  | 89/120 [00:39<00:14,  2.18it/s]
train:  75%|███████▌  | 90/120 [00:39<00:11,  2.57it/s]
train:  76%|███████▌  | 91/120 [00:40<00:13,  2.14it/s]
train:  77%|███████▋  | 92/120 [00:40<00:11,  2.53it/s]
train:  78%|███████▊  | 93/120 [00:41<00:12,  2.15it/s]
train:  78%|███████▊  | 94/120 [00:41<00:10,  2.48it/s]
train:  79%|███████▉  | 95/120 [00:42<00:11,  2.12it/s]
train:  80%|████████  | 96/120 [00:42<00:09,  2.50it/s]
train:  81%|████████  | 97/120 [00:43<00:11,  2.09it/s]
train:  82%|████████▏ | 98/120 [00:43<00:08,  2.58it/s]
train:  82%|████████▎ | 99/120 [00:43<00:09,  2.15it/s]
train:  83%|████████▎ | 100/120 [00:44<00:07,  2.52it/s]
train:  84%|████████▍ | 101/120 [00:45<00:14,  1.31it/s]
train:  85%|████████▌ | 102/120 [00:45<00:10,  1.70it/s]
train:  86%|████████▌ | 103/120 [00:46<00:10,  1.66it/s]
train:  87%|████████▋ | 104/120 [00:46<00:07,  2.08it/s]
train:  88%|████████▊ | 105/120 [00:47<00:07,  1.91it/s]
train:  88%|████████▊ | 106/120 [00:47<00:05,  2.36it/s]
train:  89%|████████▉ | 107/120 [00:48<00:06,  2.05it/s]
train:  90%|█████████ | 108/120 [00:48<00:04,  2.53it/s]
train:  91%|█████████ | 109/120 [00:49<00:05,  2.10it/s]
train:  92%|█████████▏| 110/120 [00:49<00:03,  2.56it/s]
train:  92%|█████████▎| 111/120 [00:49<00:04,  2.17it/s]
train:  93%|█████████▎| 112/120 [00:50<00:03,  2.61it/s]
train:  94%|█████████▍| 113/120 [00:50<00:03,  2.22it/s]
train:  95%|█████████▌| 114/120 [00:50<00:02,  2.58it/s]
train:  96%|█████████▌| 115/120 [00:51<00:02,  2.20it/s]
train:  97%|█████████▋| 116/120 [00:51<00:01,  2.60it/s]
train:  98%|█████████▊| 117/120 [00:52<00:01,  2.22it/s]
train:  98%|█████████▊| 118/120 [00:52<00:00,  2.65it/s]
train:  99%|█████████▉| 119/120 [00:53<00:00,  2.33it/s]
train: 100%|██████████| 120/120 [00:53<00:00,  2.84it/s]
                                                        

eval:   0%|          | 0/30 [00:00<?, ?it/s]libEGL warning: DRI3 error: Could not get DRI3 device
libEGL warning: DRI3 error: Could not get DRI3 device
libEGL warning: Ensure your X server supports DRI3 to get accelerated rendering
libEGL warning: Ensure your X server supports DRI3 to get accelerated rendering
WARNING: All log messages before absl::InitializeLog() is called are written to STDERR
WARNING: All log messages before absl::InitializeLog() is called are written to STDERR
I0000 00:00:1791461459.360524   60595 gl_context_egl.cc:85] Successfully initialized EGL. Major : 1 Minor: 5
I0000 00:00:1791461459.360520   60596 gl_context_egl.cc:85] Successfully initialized EGL. Major : 1 Minor: 5
I0000 00:00:1791461459.372993   60820 gl_context.cc:369] GL version: 3.2 (OpenGL ES 3.2 Mesa 25.2.8-0ubuntu0.24.04.2), renderer: llvmpipe (LLVM 20.1.2, 256 bits)
I0000 00:00:1791461459.373719   60821 gl_context.cc:369] GL version: 3.2 (OpenGL ES 3.2 Mesa 25.2.8-0ubuntu0.24.04.2), renderer: llvmpipe (LLVM 20.1.2, 256 bits)
INFO: Created TensorFlow Lite XNNPACK delegate for CPU.
INFO: Created TensorFlow Lite XNNPACK delegate for CPU.
W0000 00:00:1791461459.388301   60713 inference_feedback_manager.cc:114] Feedback manager requires a model with a single signature inference. Disabling support for feedback tensors.
W0000 00:00:1791461459.389622   60712 inference_feedback_manager.cc:114] Feedback manager requires a model with a single signature inference. Disabling support for feedback tensors.

eval:   3%|▎         | 1/30 [00:01<00:57,  1.97s/it]
eval:  10%|█         | 3/30 [00:02<00:19,  1.37it/s]
eval:  17%|█▋        | 5/30 [00:03<00:13,  1.79it/s]
eval:  23%|██▎       | 7/30 [00:04<00:10,  2.11it/s]
eval:  30%|███       | 9/30 [00:04<00:09,  2.22it/s]
eval:  37%|███▋      | 11/30 [00:05<00:08,  2.33it/s]
eval:  43%|████▎     | 13/30 [00:06<00:07,  2.36it/s]
eval:  50%|█████     | 15/30 [00:07<00:06,  2.40it/s]
eval:  57%|█████▋    | 17/30 [00:08<00:05,  2.47it/s]
eval:  63%|██████▎   | 19/30 [00:08<00:04,  2.56it/s]
eval:  70%|███████   | 21/30 [00:09<00:03,  2.63it/s]
eval:  77%|███████▋  | 23/30 [00:10<00:02,  2.61it/s]
eval:  83%|████████▎ | 25/30 [00:11<00:01,  2.52it/s]
eval:  90%|█████████ | 27/30 [00:11<00:01,  2.55it/s]
eval:  97%|█████████▋| 29/30 [00:12<00:00,  2.56it/s]
                                                     
Epoch 01 | stage 1 | train loss 0.7916 (cls 0.7916, ctr 0.0000) acc 0.8271 f1 0.8273 | val loss 4.8633 (cls 4.8633, ctr 0.0000) acc 0.5750 f1 0.5598 | lr 2.07e-04

train:   0%|          | 0/120 [00:00<?, ?it/s]
train:   1%|          | 1/120 [00:00<01:47,  1.10it/s]
train:   2%|▎         | 3/120 [00:01<01:02,  1.86it/s]
train:   4%|▍         | 5/120 [00:02<00:55,  2.09it/s]
train:   6%|▌         | 7/120 [00:03<00:51,  2.19it/s]
train:   8%|▊         | 9/120 [00:04<00:48,  2.27it/s]
train:   9%|▉         | 11/120 [00:05<00:46,  2.33it/s]
train:  11%|█         | 13/120 [00:05<00:46,  2.33it/s]
train:  12%|█▎        | 15/120 [00:06<00:45,  2.31it/s]
train:  14%|█▍        | 17/120 [00:07<00:44,  2.33it/s]
train:  16%|█▌        | 19/120 [00:08<00:43,  2.33it/s]
train:  18%|█▊        | 21/120 [00:09<00:42,  2.34it/s]
train:  19%|█▉        | 23/120 [00:10<00:41,  2.34it/s]
train:  21%|██        | 25/120 [00:11<00:39,  2.38it/s]
train:  22%|██▎       | 27/120 [00:12<00:53,  1.73it/s]
train:  24%|██▍       | 29/120 [00:13<00:47,  1.90it/s]
train:  26%|██▌       | 31/120 [00:14<00:44,  2.01it/s]
train:  28%|██▊       | 33/120 [00:15<00:41,  2.10it/s]
train:  29%|██▉       | 35/120 [00:16<00:39,  2.16it/s]
train:  31%|███       | 37/120 [00:17<00:37,  2.22it/s]
train:  32%|███▎      | 39/120 [00:18<00:36,  2.25it/s]
train:  34%|███▍      | 41/120 [00:18<00:34,  2.27it/s]
train:  36%|███▌      | 43/120 [00:19<00:32,  2.35it/s]
train:  38%|███▊      | 45/120 [00:20<00:31,  2.41it/s]
train:  39%|███▉      | 47/120 [00:21<00:29,  2.45it/s]
train:  41%|████      | 49/120 [00:22<00:29,  2.43it/s]
train:  42%|████▎     | 51/120 [00:22<00:28,  2.44it/s]
train:  44%|████▍     | 53/120 [00:23<00:27,  2.47it/s]
train:  46%|████▌     | 55/120 [00:24<00:25,  2.51it/s]
train:  48%|████▊     | 57/120 [00:25<00:24,  2.55it/s]
train:  49%|████▉     | 59/120 [00:25<00:24,  2.52it/s]
train:  51%|█████     | 61/120 [00:26<00:23,  2.50it/s]
train:  52%|█████▎    | 63/120 [00:27<00:23,  2.46it/s]
train:  54%|█████▍    | 65/120 [00:28<00:22,  2.47it/s]
train:  56%|█████▌    | 67/120 [00:29<00:21,  2.49it/s]
train:  57%|█████▊    | 69/120 [00:30<00:20,  2.49it/s]
train:  59%|█████▉    | 71/120 [00:30<00:19,  2.48it/s]
train:  61%|██████    | 73/120 [00:31<00:18,  2.48it/s]
train:  62%|██████▎   | 75/120 [00:32<00:18,  2.42it/s]
train:  64%|██████▍   | 77/120 [00:33<00:17,  2.40it/s]
train:  66%|██████▌   | 79/120 [00:34<00:17,  2.36it/s]
train:  68%|██████▊   | 81/120 [00:35<00:16,  2.36it/s]
train:  69%|██████▉   | 83/120 [00:35<00:15,  2.40it/s]
train:  71%|███████   | 85/120 [00:36<00:14,  2.36it/s]
train:  72%|███████▎  | 87/120 [00:37<00:14,  2.35it/s]
train:  74%|███████▍  | 89/120 [00:38<00:13,  2.36it/s]
train:  76%|███████▌  | 91/120 [00:39<00:12,  2.38it/s]
train:  78%|███████▊  | 93/120 [00:40<00:11,  2.40it/s]
train:  79%|███████▉  | 95/120 [00:40<00:10,  2.40it/s]
train:  81%|████████  | 97/120 [00:41<00:09,  2.40it/s]
train:  82%|████████▎ | 99/120 [00:42<00:08,  2.37it/s]
train:  84%|████████▍ | 101/120 [00:43<00:07,  2.38it/s]
train:  86%|████████▌ | 103/120 [00:44<00:07,  2.41it/s]
train:  88%|████████▊ | 105/120 [00:46<00:08,  1.72it/s]
train:  89%|████████▉ | 107/120 [00:47<00:06,  1.90it/s]
train:  91%|█████████ | 109/120 [00:47<00:05,  2.05it/s]
train:  92%|█████████▎| 111/120 [00:48<00:04,  2.16it/s]
train:  94%|█████████▍| 113/120 [00:49<00:03,  2.21it/s]
train:  96%|█████████▌| 115/120 [00:50<00:02,  2.27it/s]
train:  98%|█████████▊| 117/120 [00:51<00:01,  2.27it/s]
train:  99%|█████████▉| 119/120 [00:52<00:00,  2.32it/s]
                                                        

eval:   0%|          | 0/30 [00:00<?, ?it/s]
eval:   3%|▎         | 1/30 [00:00<00:22,  1.31it/s]
eval:  10%|█         | 3/30 [00:01<00:12,  2.10it/s]
eval:  17%|█▋        | 5/30 [00:02<00:10,  2.28it/s]
eval:  23%|██▎       | 7/30 [00:03<00:09,  2.50it/s]
eval:  30%|███       | 9/30 [00:03<00:08,  2.57it/s]
eval:  37%|███▋      | 11/30 [00:04<00:07,  2.63it/s]
eval:  43%|████▎     | 13/30 [00:05<00:06,  2.65it/s]
eval:  50%|█████     | 15/30 [00:05<00:05,  2.64it/s]
eval:  57%|█████▋    | 17/30 [00:06<00:05,  2.56it/s]
eval:  63%|██████▎   | 19/30 [00:07<00:04,  2.56it/s]
eval:  70%|███████   | 21/30 [00:08<00:03,  2.57it/s]
eval:  77%|███████▋  | 23/30 [00:09<00:02,  2.57it/s]
eval:  83%|████████▎ | 25/30 [00:09<00:01,  2.52it/s]
eval:  90%|█████████ | 27/30 [00:10<00:01,  2.57it/s]
eval:  97%|█████████▋| 29/30 [00:11<00:00,  2.60it/s]
                                                     
Epoch 02 | stage 1 | train loss 0.4694 (cls 0.4694, ctr 0.0000) acc 0.8958 f1 0.8947 | val loss 5.5164 (cls 5.5164, ctr 0.0000) acc 0.5875 f1 0.5702 | lr 1.23e-04

train:   0%|          | 0/120 [00:00<?, ?it/s]
train:   1%|          | 1/120 [00:00<01:46,  1.12it/s]
train:   2%|▎         | 3/120 [00:01<01:01,  1.89it/s]
train:   4%|▍         | 5/120 [00:02<00:54,  2.13it/s]
train:   6%|▌         | 7/120 [00:03<00:51,  2.21it/s]
train:   8%|▊         | 9/120 [00:04<00:49,  2.24it/s]
train:   9%|▉         | 11/120 [00:05<00:47,  2.29it/s]
train:  11%|█         | 13/120 [00:05<00:46,  2.32it/s]
train:  12%|█▎        | 15/120 [00:06<00:44,  2.35it/s]
train:  14%|█▍        | 17/120 [00:07<00:43,  2.36it/s]
train:  16%|█▌        | 19/120 [00:08<00:43,  2.35it/s]
train:  18%|█▊        | 21/120 [00:09<00:42,  2.35it/s]
train:  19%|█▉        | 23/120 [00:10<00:40,  2.38it/s]
train:  21%|██        | 25/120 [00:10<00:39,  2.38it/s]
train:  22%|██▎       | 27/120 [00:11<00:39,  2.35it/s]
train:  24%|██▍       | 29/120 [00:12<00:38,  2.36it/s]
train:  26%|██▌       | 31/120 [00:13<00:37,  2.35it/s]
train:  28%|██▊       | 33/120 [00:15<00:51,  1.70it/s]
train:  29%|██▉       | 35/120 [00:16<00:46,  1.85it/s]
train:  31%|███       | 37/120 [00:17<00:42,  1.96it/s]
train:  32%|███▎      | 39/120 [00:18<00:38,  2.10it/s]
train:  34%|███▍      | 41/120 [00:18<00:36,  2.17it/s]
train:  36%|███▌      | 43/120 [00:19<00:34,  2.22it/s]
train:  38%|███▊      | 45/120 [00:20<00:33,  2.24it/s]
train:  39%|███▉      | 47/120 [00:21<00:31,  2.29it/s]
train:  41%|████      | 49/120 [00:22<00:30,  2.32it/s]
train:  42%|████▎     | 51/120 [00:23<00:28,  2.41it/s]
train:  44%|████▍     | 53/120 [00:23<00:27,  2.39it/s]
train:  46%|████▌     | 55/120 [00:24<00:26,  2.41it/s]
train:  48%|████▊     | 57/120 [00:25<00:25,  2.43it/s]
train:  49%|████▉     | 59/120 [00:26<00:25,  2.41it/s]
train:  51%|█████     | 61/120 [00:27<00:24,  2.40it/s]
train:  52%|█████▎    | 63/120 [00:28<00:24,  2.36it/s]
train:  54%|█████▍    | 65/120 [00:28<00:23,  2.37it/s]
train:  56%|█████▌    | 67/120 [00:29<00:21,  2.42it/s]
train:  57%|█████▊    | 69/120 [00:30<00:21,  2.40it/s]
train:  59%|█████▉    | 71/120 [00:31<00:20,  2.39it/s]
train:  61%|██████    | 73/120 [00:32<00:19,  2.38it/s]
train:  62%|██████▎   | 75/120 [00:33<00:18,  2.40it/s]
train:  64%|██████▍   | 77/120 [00:33<00:17,  2.45it/s]
train:  66%|██████▌   | 79/120 [00:34<00:16,  2.43it/s]
train:  68%|██████▊   | 81/120 [00:35<00:16,  2.42it/s]
train:  69%|██████▉   | 83/120 [00:36<00:15,  2.44it/s]
train:  71%|███████   | 85/120 [00:37<00:14,  2.45it/s]
train:  72%|███████▎  | 87/120 [00:37<00:13,  2.43it/s]
train:  74%|███████▍  | 89/120 [00:38<00:12,  2.41it/s]
train:  76%|███████▌  | 91/120 [00:39<00:11,  2.43it/s]
train:  78%|███████▊  | 93/120 [00:40<00:11,  2.45it/s]
train:  79%|███████▉  | 95/120 [00:41<00:10,  2.44it/s]
train:  81%|████████  | 97/120 [00:42<00:09,  2.41it/s]
train:  82%|████████▎ | 99/120 [00:42<00:08,  2.40it/s]
train:  84%|████████▍ | 101/120 [00:43<00:07,  2.39it/s]
train:  86%|████████▌ | 103/120 [00:44<00:07,  2.33it/s]
train:  88%|████████▊ | 105/120 [00:45<00:06,  2.32it/s]
train:  89%|████████▉ | 107/120 [00:46<00:05,  2.33it/s]
train:  91%|█████████ | 109/120 [00:47<00:04,  2.38it/s]
train:  92%|█████████▎| 111/120 [00:48<00:04,  1.81it/s]
train:  94%|█████████▍| 113/120 [00:49<00:03,  1.97it/s]
train:  96%|█████████▌| 115/120 [00:50<00:02,  2.09it/s]
train:  98%|█████████▊| 117/120 [00:51<00:01,  2.20it/s]
train:  99%|█████████▉| 119/120 [00:52<00:00,  2.27it/s]
                                                        

eval:   0%|          | 0/30 [00:00<?, ?it/s]
eval:   3%|▎         | 1/30 [00:00<00:25,  1.13it/s]
eval:  10%|█         | 3/30 [00:01<00:14,  1.89it/s]
eval:  17%|█▋        | 5/30 [00:02<00:11,  2.12it/s]
eval:  23%|██▎       | 7/30 [00:03<00:09,  2.32it/s]
eval:  30%|███       | 9/30 [00:04<00:08,  2.39it/s]
eval:  37%|███▋      | 11/30 [00:04<00:07,  2.46it/s]
eval:  43%|████▎     | 13/30 [00:05<00:06,  2.49it/s]
eval:  50%|█████     | 15/30 [00:06<00:05,  2.51it/s]
eval:  57%|█████▋    | 17/30 [00:07<00:05,  2.50it/s]
eval:  63%|██████▎   | 19/30 [00:07<00:04,  2.55it/s]
eval:  70%|███████   | 21/30 [00:08<00:03,  2.58it/s]
eval:  77%|███████▋  | 23/30 [00:09<00:02,  2.54it/s]
eval:  83%|████████▎ | 25/30 [00:10<00:02,  2.47it/s]
eval:  90%|█████████ | 27/30 [00:11<00:01,  2.53it/s]
eval:  97%|█████████▋| 29/30 [00:11<00:00,  2.56it/s]
                                                     
Epoch 03 | stage 1 | train loss 0.3250 (cls 0.3250, ctr 0.0000) acc 0.9250 f1 0.9245 | val loss 4.2536 (cls 4.2536, ctr 0.0000) acc 0.6083 f1 0.5983 | lr 5.58e-05

train:   0%|          | 0/120 [00:00<?, ?it/s]
train:   1%|          | 1/120 [00:00<01:56,  1.02it/s]
train:   2%|▏         | 2/120 [00:01<00:55,  2.13it/s]
train:   2%|▎         | 3/120 [00:01<01:04,  1.83it/s]
train:   4%|▍         | 5/120 [00:02<00:53,  2.16it/s]
train:   6%|▌         | 7/120 [00:03<00:48,  2.32it/s]
train:   8%|▊         | 9/120 [00:04<00:47,  2.36it/s]
train:   9%|▉         | 11/120 [00:04<00:44,  2.43it/s]
train:  11%|█         | 13/120 [00:05<00:45,  2.37it/s]
train:  12%|█▎        | 15/120 [00:06<00:44,  2.38it/s]
train:  14%|█▍        | 17/120 [00:07<00:43,  2.40it/s]
train:  16%|█▌        | 19/120 [00:08<00:41,  2.42it/s]
train:  18%|█▊        | 21/120 [00:09<00:41,  2.36it/s]
train:  19%|█▉        | 23/120 [00:09<00:40,  2.37it/s]
train:  21%|██        | 25/120 [00:10<00:39,  2.39it/s]
train:  22%|██▎       | 27/120 [00:11<00:38,  2.43it/s]
train:  24%|██▍       | 29/120 [00:12<00:37,  2.44it/s]
train:  26%|██▌       | 31/120 [00:13<00:36,  2.41it/s]
train:  28%|██▊       | 33/120 [00:14<00:36,  2.41it/s]
train:  29%|██▉       | 35/120 [00:14<00:35,  2.40it/s]
train:  31%|███       | 37/120 [00:15<00:34,  2.40it/s]
train:  32%|███▎      | 39/120 [00:17<00:44,  1.80it/s]
train:  34%|███▍      | 41/120 [00:18<00:39,  1.98it/s]
train:  36%|███▌      | 43/120 [00:19<00:36,  2.09it/s]
train:  38%|███▊      | 45/120 [00:19<00:34,  2.19it/s]
train:  39%|███▉      | 47/120 [00:20<00:32,  2.26it/s]
train:  41%|████      | 49/120 [00:21<00:31,  2.27it/s]
train:  42%|████▎     | 51/120 [00:22<00:30,  2.27it/s]
train:  44%|████▍     | 53/120 [00:23<00:28,  2.33it/s]
train:  46%|████▌     | 55/120 [00:24<00:27,  2.35it/s]
train:  48%|████▊     | 57/120 [00:25<00:26,  2.37it/s]
train:  49%|████▉     | 59/120 [00:25<00:25,  2.38it/s]
train:  51%|█████     | 61/120 [00:26<00:25,  2.35it/s]
train:  52%|█████▎    | 63/120 [00:27<00:23,  2.39it/s]
train:  54%|█████▍    | 65/120 [00:28<00:23,  2.39it/s]
train:  56%|█████▌    | 67/120 [00:29<00:22,  2.39it/s]
train:  57%|█████▊    | 69/120 [00:30<00:21,  2.41it/s]
train:  59%|█████▉    | 71/120 [00:30<00:20,  2.39it/s]
train:  61%|██████    | 73/120 [00:31<00:19,  2.42it/s]
train:  62%|██████▎   | 75/120 [00:32<00:18,  2.44it/s]
train:  64%|██████▍   | 77/120 [00:33<00:17,  2.40it/s]
train:  66%|██████▌   | 79/120 [00:34<00:17,  2.37it/s]
train:  68%|██████▊   | 81/120 [00:35<00:16,  2.39it/s]
train:  69%|██████▉   | 83/120 [00:35<00:15,  2.38it/s]
train:  71%|███████   | 85/120 [00:36<00:14,  2.38it/s]
train:  72%|███████▎  | 87/120 [00:37<00:13,  2.41it/s]
train:  74%|███████▍  | 89/120 [00:38<00:12,  2.44it/s]
train:  76%|███████▌  | 91/120 [00:39<00:11,  2.47it/s]
train:  78%|███████▊  | 93/120 [00:39<00:11,  2.39it/s]
train:  79%|███████▉  | 95/120 [00:40<00:10,  2.38it/s]
train:  81%|████████  | 97/120 [00:41<00:09,  2.39it/s]
train:  82%|████████▎ | 99/120 [00:42<00:08,  2.44it/s]
train:  84%|████████▍ | 101/120 [00:43<00:07,  2.42it/s]
train:  86%|████████▌ | 103/120 [00:44<00:07,  2.41it/s]
train:  88%|████████▊ | 105/120 [00:45<00:06,  2.37it/s]
train:  89%|████████▉ | 107/120 [00:45<00:05,  2.39it/s]
train:  91%|█████████ | 109/120 [00:46<00:04,  2.40it/s]
train:  92%|█████████▎| 111/120 [00:47<00:03,  2.41it/s]
train:  94%|█████████▍| 113/120 [00:48<00:02,  2.37it/s]
train:  96%|█████████▌| 115/120 [00:49<00:02,  2.40it/s]
train:  97%|█████████▋| 116/120 [00:50<00:02,  1.87it/s]
train:  98%|█████████▊| 117/120 [00:50<00:01,  1.74it/s]
train:  99%|█████████▉| 119/120 [00:51<00:00,  1.96it/s]
                                                        

eval:   0%|          | 0/30 [00:00<?, ?it/s]
eval:   3%|▎         | 1/30 [00:00<00:23,  1.25it/s]
eval:  10%|█         | 3/30 [00:01<00:13,  2.00it/s]
eval:  17%|█▋        | 5/30 [00:02<00:11,  2.16it/s]
eval:  23%|██▎       | 7/30 [00:03<00:09,  2.35it/s]
eval:  30%|███       | 9/30 [00:03<00:08,  2.41it/s]
eval:  37%|███▋      | 11/30 [00:04<00:07,  2.46it/s]
eval:  43%|████▎     | 13/30 [00:05<00:06,  2.47it/s]
eval:  50%|█████     | 15/30 [00:06<00:06,  2.47it/s]
eval:  57%|█████▋    | 17/30 [00:07<00:05,  2.48it/s]
eval:  63%|██████▎   | 19/30 [00:07<00:04,  2.51it/s]
eval:  70%|███████   | 21/30 [00:08<00:03,  2.51it/s]
eval:  77%|███████▋  | 23/30 [00:09<00:02,  2.51it/s]
eval:  83%|████████▎ | 25/30 [00:10<00:02,  2.48it/s]
eval:  90%|█████████ | 27/30 [00:11<00:01,  2.51it/s]
eval:  97%|█████████▋| 29/30 [00:11<00:00,  2.53it/s]
                                                     
Epoch 04 | stage 1 | train loss 0.2833 (cls 0.2833, ctr 0.0000) acc 0.9219 f1 0.9234 | val loss 5.1768 (cls 5.1768, ctr 0.0000) acc 0.5958 f1 0.5811 | lr 3.00e-05

train:   0%|          | 0/120 [00:00<?, ?it/s]
train:   1%|          | 1/120 [00:00<01:44,  1.14it/s]
train:   2%|▎         | 3/120 [00:01<01:01,  1.91it/s]
train:   4%|▍         | 5/120 [00:02<00:53,  2.15it/s]
train:   6%|▌         | 7/120 [00:03<00:49,  2.28it/s]
train:   8%|▊         | 9/120 [00:04<00:47,  2.32it/s]
train:   9%|▉         | 11/120 [00:04<00:46,  2.34it/s]
train:  11%|█         | 13/120 [00:05<00:45,  2.37it/s]
train:  12%|█▎        | 15/120 [00:06<00:43,  2.42it/s]
train:  14%|█▍        | 17/120 [00:07<00:42,  2.43it/s]
train:  16%|█▌        | 19/120 [00:08<00:41,  2.42it/s]
train:  18%|█▊        | 21/120 [00:09<00:41,  2.40it/s]
train:  18%|█▊        | 22/120 [00:09<00:35,  2.76it/s]
train:  19%|█▉        | 23/120 [00:09<00:42,  2.28it/s]
train:  20%|██        | 24/120 [00:10<00:35,  2.73it/s]
train:  21%|██        | 25/120 [00:10<00:43,  2.19it/s]
train:  22%|██▏       | 26/120 [00:10<00:34,  2.70it/s]
train:  22%|██▎       | 27/120 [00:11<00:43,  2.16it/s]
train:  23%|██▎       | 28/120 [00:11<00:33,  2.72it/s]
train:  24%|██▍       | 29/120 [00:12<00:42,  2.16it/s]
train:  25%|██▌       | 30/120 [00:12<00:32,  2.76it/s]
train:  26%|██▌       | 31/120 [00:13<00:40,  2.19it/s]
train:  27%|██▋       | 32/120 [00:13<00:32,  2.72it/s]
train:  28%|██▊       | 33/120 [00:14<00:41,  2.09it/s]
train:  28%|██▊       | 34/120 [00:14<00:32,  2.68it/s]
train:  29%|██▉       | 35/120 [00:15<00:41,  2.06it/s]
train:  30%|███       | 36/120 [00:15<00:31,  2.66it/s]
train:  31%|███       | 37/120 [00:15<00:39,  2.12it/s]
train:  32%|███▏      | 38/120 [00:15<00:30,  2.68it/s]
train:  32%|███▎      | 39/120 [00:16<00:37,  2.14it/s]
train:  33%|███▎      | 40/120 [00:16<00:28,  2.78it/s]
train:  34%|███▍      | 41/120 [00:17<00:36,  2.16it/s]
train:  35%|███▌      | 42/120 [00:17<00:27,  2.79it/s]
train:  36%|███▌      | 43/120 [00:18<00:35,  2.16it/s]
train:  37%|███▋      | 44/120 [00:18<00:27,  2.79it/s]
train:  38%|███▊      | 45/120 [00:20<00:58,  1.29it/s]
train:  39%|███▉      | 47/120 [00:20<00:44,  1.64it/s]
train:  40%|████      | 48/120 [00:21<00:34,  2.07it/s]
train:  41%|████      | 49/120 [00:21<00:39,  1.79it/s]
train:  42%|████▎     | 51/120 [00:22<00:34,  2.00it/s]
train:  43%|████▎     | 52/120 [00:22<00:28,  2.41it/s]
train:  44%|████▍     | 53/120 [00:23<00:32,  2.07it/s]
train:  45%|████▌     | 54/120 [00:23<00:25,  2.57it/s]
train:  46%|████▌     | 55/120 [00:24<00:30,  2.14it/s]
train:  47%|████▋     | 56/120 [00:24<00:23,  2.68it/s]
train:  48%|████▊     | 57/120 [00:25<00:28,  2.20it/s]
train:  48%|████▊     | 58/120 [00:25<00:22,  2.74it/s]
train:  49%|████▉     | 59/120 [00:26<00:29,  2.09it/s]
train:  50%|█████     | 60/120 [00:26<00:22,  2.65it/s]
train:  51%|█████     | 61/120 [00:26<00:28,  2.07it/s]
train:  52%|█████▎    | 63/120 [00:27<00:25,  2.21it/s]
train:  54%|█████▍    | 65/120 [00:28<00:24,  2.29it/s]
train:  55%|█████▌    | 66/120 [00:28<00:19,  2.73it/s]
train:  56%|█████▌    | 67/120 [00:29<00:23,  2.25it/s]
train:  57%|█████▋    | 68/120 [00:29<00:18,  2.74it/s]
train:  57%|█████▊    | 69/120 [00:30<00:23,  2.19it/s]
train:  58%|█████▊    | 70/120 [00:30<00:18,  2.73it/s]
train:  59%|█████▉    | 71/120 [00:31<00:22,  2.13it/s]
train:  60%|██████    | 72/120 [00:31<00:17,  2.72it/s]
train:  61%|██████    | 73/120 [00:31<00:22,  2.12it/s]
train:  62%|██████▎   | 75/120 [00:32<00:19,  2.28it/s]
train:  63%|██████▎   | 76/120 [00:32<00:15,  2.77it/s]
train:  64%|██████▍   | 77/120 [00:33<00:19,  2.26it/s]
train:  65%|██████▌   | 78/120 [00:33<00:15,  2.69it/s]
train:  66%|██████▌   | 79/120 [00:34<00:18,  2.23it/s]
train:  67%|██████▋   | 80/120 [00:34<00:14,  2.72it/s]
train:  68%|██████▊   | 81/120 [00:35<00:17,  2.20it/s]
train:  68%|██████▊   | 82/120 [00:35<00:13,  2.79it/s]
train:  69%|██████▉   | 83/120 [00:35<00:16,  2.20it/s]
train:  70%|███████   | 84/120 [00:36<00:12,  2.84it/s]
train:  71%|███████   | 85/120 [00:36<00:16,  2.18it/s]
train:  72%|███████▏  | 86/120 [00:36<00:12,  2.77it/s]
train:  72%|███████▎  | 87/120 [00:37<00:14,  2.21it/s]
train:  73%|███████▎  | 88/120 [00:37<00:11,  2.80it/s]
train:  74%|███████▍  | 89/120 [00:38<00:14,  2.18it/s]
train:  75%|███████▌  | 90/120 [00:38<00:10,  2.77it/s]
train:  76%|███████▌  | 91/120 [00:39<00:14,  2.04it/s]
train:  77%|███████▋  | 92/120 [00:39<00:10,  2.64it/s]
train:  78%|███████▊  | 93/120 [00:40<00:13,  2.04it/s]
train:  78%|███████▊  | 94/120 [00:40<00:09,  2.64it/s]
train:  79%|███████▉  | 95/120 [00:41<00:11,  2.11it/s]
train:  81%|████████  | 97/120 [00:41<00:10,  2.26it/s]
train:  82%|████████▏ | 98/120 [00:41<00:07,  2.77it/s]
train:  82%|████████▎ | 99/120 [00:42<00:09,  2.20it/s]
train:  84%|████████▍ | 101/120 [00:43<00:08,  2.26it/s]
train:  85%|████████▌ | 102/120 [00:43<00:06,  2.71it/s]
train:  86%|████████▌ | 103/120 [00:44<00:07,  2.20it/s]
train:  87%|████████▋ | 104/120 [00:44<00:05,  2.76it/s]
train:  88%|████████▊ | 105/120 [00:45<00:06,  2.22it/s]
train:  88%|████████▊ | 106/120 [00:45<00:05,  2.79it/s]
train:  89%|████████▉ | 107/120 [00:45<00:05,  2.18it/s]
train:  90%|█████████ | 108/120 [00:46<00:04,  2.78it/s]
train:  91%|█████████ | 109/120 [00:46<00:05,  2.13it/s]
train:  92%|█████████▏| 110/120 [00:46<00:03,  2.68it/s]
train:  92%|█████████▎| 111/120 [00:47<00:04,  2.15it/s]
train:  93%|█████████▎| 112/120 [00:47<00:02,  2.72it/s]
train:  94%|█████████▍| 113/120 [00:48<00:03,  2.12it/s]
train:  96%|█████████▌| 115/120 [00:49<00:02,  2.23it/s]
train:  97%|█████████▋| 116/120 [00:49<00:01,  2.75it/s]
train:  98%|█████████▊| 117/120 [00:50<00:01,  2.17it/s]
train:  99%|█████████▉| 119/120 [00:51<00:00,  2.29it/s]
                                                        

eval:   0%|          | 0/30 [00:00<?, ?it/s]
eval:   3%|▎         | 1/30 [00:00<00:23,  1.25it/s]
eval:   7%|▋         | 2/30 [00:01<00:26,  1.06it/s]
eval:  10%|█         | 3/30 [00:02<00:22,  1.18it/s]
eval:  17%|█▋        | 5/30 [00:03<00:15,  1.65it/s]
eval:  23%|██▎       | 7/30 [00:04<00:11,  1.98it/s]
eval:  30%|███       | 9/30 [00:04<00:09,  2.17it/s]
eval:  37%|███▋      | 11/30 [00:05<00:08,  2.32it/s]
eval:  43%|████▎     | 13/30 [00:06<00:07,  2.39it/s]
eval:  50%|█████     | 15/30 [00:07<00:06,  2.42it/s]
eval:  57%|█████▋    | 17/30 [00:08<00:05,  2.44it/s]
eval:  63%|██████▎   | 19/30 [00:08<00:04,  2.49it/s]
eval:  70%|███████   | 21/30 [00:09<00:03,  2.53it/s]
eval:  77%|███████▋  | 23/30 [00:10<00:02,  2.53it/s]
eval:  83%|████████▎ | 25/30 [00:11<00:02,  2.48it/s]
eval:  90%|█████████ | 27/30 [00:12<00:01,  2.53it/s]
eval:  97%|█████████▋| 29/30 [00:12<00:00,  2.57it/s]
                                                     
Epoch 05 | stage 1 | train loss 0.1965 (cls 0.1965, ctr 0.0000) acc 0.9448 f1 0.9436 | val loss 4.6114 (cls 4.6114, ctr 0.0000) acc 0.5833 f1 0.5698 | lr 3.00e-05
[INFO] Optimizer groups (stage 2): fusion=231,688@3.00e-04, audio=14,773,552@1.00e-05, video=8,397,832@1.00e-05
[INFO] Cosine scheduler (group-wise): group0: base_lr=3.00e-04, eta_min=3.00e-05, group1: base_lr=1.00e-05, eta_min=1.00e-06, group2: base_lr=1.00e-05, eta_min=1.00e-06
[INFO] Switched to stage-2 at epoch 6.

train:   0%|          | 0/120 [00:00<?, ?it/s]
train:   1%|          | 1/120 [00:01<02:15,  1.14s/it]
train:   2%|▏         | 2/120 [00:01<01:03,  1.86it/s]
train:   2%|▎         | 3/120 [00:01<01:05,  1.79it/s]
train:   3%|▎         | 4/120 [00:01<00:44,  2.60it/s]
train:   4%|▍         | 5/120 [00:02<00:58,  1.97it/s]
train:   5%|▌         | 6/120 [00:02<00:42,  2.68it/s]
train:   6%|▌         | 7/120 [00:03<00:56,  1.99it/s]
train:   7%|▋         | 8/120 [00:03<00:42,  2.63it/s]
train:   8%|▊         | 9/120 [00:04<00:54,  2.04it/s]
train:   8%|▊         | 10/120 [00:04<00:41,  2.67it/s]
train:   9%|▉         | 11/120 [00:05<00:53,  2.05it/s]
train:  10%|█         | 12/120 [00:05<00:40,  2.69it/s]
train:  11%|█         | 13/120 [00:06<00:50,  2.11it/s]
train:  12%|█▏        | 14/120 [00:06<00:38,  2.76it/s]
train:  12%|█▎        | 15/120 [00:06<00:51,  2.05it/s]
train:  13%|█▎        | 16/120 [00:07<00:38,  2.67it/s]
train:  14%|█▍        | 17/120 [00:07<00:48,  2.12it/s]
train:  15%|█▌        | 18/120 [00:07<00:37,  2.75it/s]
train:  16%|█▌        | 19/120 [00:08<00:47,  2.13it/s]
train:  17%|█▋        | 20/120 [00:08<00:36,  2.76it/s]
train:  18%|█▊        | 21/120 [00:09<00:46,  2.11it/s]
train:  18%|█▊        | 22/120 [00:09<00:35,  2.74it/s]
train:  19%|█▉        | 23/120 [00:10<00:45,  2.15it/s]
train:  20%|██        | 24/120 [00:10<00:34,  2.78it/s]
train:  21%|██        | 25/120 [00:11<00:45,  2.11it/s]
train:  22%|██▏       | 26/120 [00:11<00:34,  2.74it/s]
train:  22%|██▎       | 27/120 [00:11<00:44,  2.07it/s]
train:  23%|██▎       | 28/120 [00:12<00:34,  2.69it/s]
train:  24%|██▍       | 29/120 [00:12<00:42,  2.14it/s]
train:  25%|██▌       | 30/120 [00:12<00:32,  2.77it/s]
train:  26%|██▌       | 31/120 [00:13<00:41,  2.16it/s]
train:  27%|██▋       | 32/120 [00:13<00:31,  2.79it/s]
train:  28%|██▊       | 33/120 [00:14<00:41,  2.10it/s]
train:  28%|██▊       | 34/120 [00:14<00:31,  2.73it/s]
train:  29%|██▉       | 35/120 [00:15<00:40,  2.10it/s]
train:  30%|███       | 36/120 [00:15<00:30,  2.74it/s]
train:  31%|███       | 37/120 [00:16<00:39,  2.10it/s]
train:  32%|███▏      | 38/120 [00:16<00:29,  2.74it/s]
train:  32%|███▎      | 39/120 [00:16<00:38,  2.10it/s]
train:  33%|███▎      | 40/120 [00:17<00:29,  2.73it/s]
train:  34%|███▍      | 41/120 [00:17<00:38,  2.08it/s]
train:  35%|███▌      | 42/120 [00:17<00:28,  2.71it/s]
train:  36%|███▌      | 43/120 [00:18<00:36,  2.13it/s]
train:  37%|███▋      | 44/120 [00:18<00:27,  2.76it/s]
train:  38%|███▊      | 45/120 [00:19<00:35,  2.08it/s]
train:  38%|███▊      | 46/120 [00:19<00:27,  2.70it/s]
train:  39%|███▉      | 47/120 [00:20<00:34,  2.11it/s]
train:  40%|████      | 48/120 [00:20<00:26,  2.73it/s]
train:  41%|████      | 49/120 [00:22<00:56,  1.25it/s]
train:  42%|████▏     | 50/120 [00:22<00:41,  1.70it/s]
train:  42%|████▎     | 51/120 [00:23<00:43,  1.58it/s]
train:  43%|████▎     | 52/120 [00:23<00:32,  2.10it/s]
train:  44%|████▍     | 53/120 [00:23<00:36,  1.84it/s]
train:  45%|████▌     | 54/120 [00:24<00:27,  2.42it/s]
train:  46%|████▌     | 55/120 [00:24<00:33,  1.94it/s]
train:  47%|████▋     | 56/120 [00:24<00:24,  2.56it/s]
train:  48%|████▊     | 57/120 [00:25<00:31,  2.02it/s]
train:  48%|████▊     | 58/120 [00:25<00:23,  2.62it/s]
train:  49%|████▉     | 59/120 [00:26<00:29,  2.10it/s]
train:  50%|█████     | 60/120 [00:26<00:21,  2.74it/s]
train:  51%|█████     | 61/120 [00:27<00:28,  2.06it/s]
train:  52%|█████▏    | 62/120 [00:27<00:21,  2.68it/s]
train:  52%|█████▎    | 63/120 [00:28<00:27,  2.10it/s]
train:  53%|█████▎    | 64/120 [00:28<00:20,  2.72it/s]
train:  54%|█████▍    | 65/120 [00:29<00:26,  2.06it/s]
train:  55%|█████▌    | 66/120 [00:29<00:20,  2.66it/s]
train:  56%|█████▌    | 67/120 [00:29<00:25,  2.09it/s]
train:  57%|█████▋    | 68/120 [00:29<00:19,  2.72it/s]
train:  57%|█████▊    | 69/120 [00:30<00:24,  2.11it/s]
train:  58%|█████▊    | 70/120 [00:30<00:18,  2.74it/s]
train:  59%|█████▉    | 71/120 [00:31<00:24,  2.04it/s]
train:  60%|██████    | 72/120 [00:31<00:18,  2.63it/s]
train:  61%|██████    | 73/120 [00:32<00:22,  2.12it/s]
train:  62%|██████▏   | 74/120 [00:32<00:16,  2.75it/s]
train:  62%|██████▎   | 75/120 [00:33<00:21,  2.11it/s]
train:  63%|██████▎   | 76/120 [00:33<00:16,  2.72it/s]
train:  64%|██████▍   | 77/120 [00:34<00:20,  2.10it/s]
train:  65%|██████▌   | 78/120 [00:34<00:15,  2.71it/s]
train:  66%|██████▌   | 79/120 [00:34<00:19,  2.14it/s]
train:  67%|██████▋   | 80/120 [00:35<00:14,  2.79it/s]
train:  68%|██████▊   | 81/120 [00:35<00:17,  2.18it/s]
train:  68%|██████▊   | 82/120 [00:35<00:13,  2.84it/s]
train:  69%|██████▉   | 83/120 [00:36<00:17,  2.12it/s]
train:  70%|███████   | 84/120 [00:36<00:13,  2.76it/s]
train:  71%|███████   | 85/120 [00:37<00:16,  2.13it/s]
train:  72%|███████▏  | 86/120 [00:37<00:12,  2.76it/s]
train:  72%|███████▎  | 87/120 [00:38<00:15,  2.10it/s]
train:  73%|███████▎  | 88/120 [00:38<00:11,  2.73it/s]
train:  74%|███████▍  | 89/120 [00:39<00:14,  2.15it/s]
train:  75%|███████▌  | 90/120 [00:39<00:10,  2.79it/s]
train:  76%|███████▌  | 91/120 [00:39<00:13,  2.13it/s]
train:  77%|███████▋  | 92/120 [00:39<00:10,  2.77it/s]
train:  78%|███████▊  | 93/120 [00:40<00:12,  2.12it/s]
train:  78%|███████▊  | 94/120 [00:40<00:09,  2.76it/s]
train:  79%|███████▉  | 95/120 [00:41<00:11,  2.17it/s]
train:  80%|████████  | 96/120 [00:41<00:08,  2.82it/s]
train:  81%|████████  | 97/120 [00:42<00:10,  2.10it/s]
train:  82%|████████▏ | 98/120 [00:42<00:08,  2.72it/s]
train:  82%|████████▎ | 99/120 [00:43<00:09,  2.10it/s]
train:  83%|████████▎ | 100/120 [00:43<00:07,  2.75it/s]
train:  84%|████████▍ | 101/120 [00:44<00:09,  2.07it/s]
train:  85%|████████▌ | 102/120 [00:44<00:06,  2.71it/s]
train:  86%|████████▌ | 103/120 [00:44<00:08,  2.05it/s]
train:  87%|████████▋ | 104/120 [00:45<00:06,  2.66it/s]
train:  88%|████████▊ | 105/120 [00:45<00:07,  2.06it/s]
train:  88%|████████▊ | 106/120 [00:45<00:05,  2.69it/s]
train:  89%|████████▉ | 107/120 [00:46<00:06,  2.08it/s]
train:  90%|█████████ | 108/120 [00:46<00:04,  2.69it/s]
train:  91%|█████████ | 109/120 [00:47<00:05,  2.03it/s]
train:  92%|█████████▏| 110/120 [00:47<00:03,  2.66it/s]
train:  92%|█████████▎| 111/120 [00:48<00:04,  2.05it/s]
train:  93%|█████████▎| 112/120 [00:48<00:03,  2.66it/s]
train:  94%|█████████▍| 113/120 [00:49<00:03,  2.12it/s]
train:  95%|█████████▌| 114/120 [00:49<00:02,  2.75it/s]
train:  96%|█████████▌| 115/120 [00:50<00:02,  2.14it/s]
train:  97%|█████████▋| 116/120 [00:50<00:01,  2.79it/s]
train:  98%|█████████▊| 117/120 [00:50<00:01,  2.11it/s]
train:  98%|█████████▊| 118/120 [00:50<00:00,  2.75it/s]
train:  99%|█████████▉| 119/120 [00:51<00:00,  2.15it/s]
train: 100%|██████████| 120/120 [00:51<00:00,  2.78it/s]
                                                        

eval:   0%|          | 0/30 [00:00<?, ?it/s]
eval:   3%|▎         | 1/30 [00:00<00:25,  1.15it/s]
eval:  10%|█         | 3/30 [00:01<00:13,  1.93it/s]
eval:  17%|█▋        | 5/30 [00:02<00:11,  2.12it/s]
eval:  23%|██▎       | 7/30 [00:04<00:14,  1.54it/s]
eval:  30%|███       | 9/30 [00:05<00:11,  1.81it/s]
eval:  37%|███▋      | 11/30 [00:05<00:09,  2.03it/s]
eval:  43%|████▎     | 13/30 [00:06<00:07,  2.17it/s]
eval:  50%|█████     | 15/30 [00:07<00:06,  2.27it/s]
eval:  57%|█████▋    | 17/30 [00:08<00:05,  2.34it/s]
eval:  63%|██████▎   | 19/30 [00:08<00:04,  2.44it/s]
eval:  70%|███████   | 21/30 [00:09<00:03,  2.50it/s]
eval:  77%|███████▋  | 23/30 [00:10<00:02,  2.51it/s]
eval:  83%|████████▎ | 25/30 [00:11<00:02,  2.47it/s]
eval:  90%|█████████ | 27/30 [00:12<00:01,  2.54it/s]
eval:  97%|█████████▋| 29/30 [00:12<00:00,  2.56it/s]
                                                     
Epoch 06 | stage 2 | train loss 0.7429 (cls 0.7429, ctr 0.0000) acc 0.8719 f1 0.8683 | val loss 8.6361 (cls 8.6361, ctr 0.0000) acc 0.5125 f1 0.4914 | lr [2.96e-04, 9.86e-06, 9.86e-06]

train:   0%|          | 0/120 [00:00<?, ?it/s]
train:   1%|          | 1/120 [00:00<01:54,  1.04it/s]
train:   2%|▏         | 2/120 [00:01<00:54,  2.16it/s]
train:   2%|▎         | 3/120 [00:01<01:07,  1.73it/s]
train:   3%|▎         | 4/120 [00:01<00:46,  2.52it/s]
train:   4%|▍         | 5/120 [00:02<00:58,  1.97it/s]
train:   5%|▌         | 6/120 [00:02<00:42,  2.68it/s]
train:   6%|▌         | 7/120 [00:03<00:55,  2.03it/s]
train:   7%|▋         | 8/120 [00:03<00:41,  2.72it/s]
train:   8%|▊         | 9/120 [00:04<00:53,  2.08it/s]
train:   8%|▊         | 10/120 [00:04<00:40,  2.70it/s]
train:   9%|▉         | 11/120 [00:05<00:51,  2.13it/s]
train:  10%|█         | 12/120 [00:05<00:39,  2.74it/s]
train:  11%|█         | 13/120 [00:05<00:49,  2.15it/s]
train:  12%|█▏        | 14/120 [00:06<00:38,  2.78it/s]
train:  12%|█▎        | 15/120 [00:06<00:49,  2.10it/s]
train:  13%|█▎        | 16/120 [00:06<00:38,  2.73it/s]
train:  14%|█▍        | 17/120 [00:07<00:49,  2.08it/s]
train:  15%|█▌        | 18/120 [00:07<00:37,  2.71it/s]
train:  16%|█▌        | 19/120 [00:08<00:46,  2.16it/s]
train:  17%|█▋        | 20/120 [00:08<00:35,  2.81it/s]
train:  18%|█▊        | 21/120 [00:09<00:46,  2.13it/s]
train:  18%|█▊        | 22/120 [00:09<00:35,  2.77it/s]
train:  19%|█▉        | 23/120 [00:10<00:44,  2.16it/s]
train:  20%|██        | 24/120 [00:10<00:34,  2.75it/s]
train:  21%|██        | 25/120 [00:10<00:44,  2.13it/s]
train:  22%|██▏       | 26/120 [00:11<00:34,  2.73it/s]
train:  22%|██▎       | 27/120 [00:11<00:43,  2.15it/s]
train:  23%|██▎       | 28/120 [00:11<00:32,  2.79it/s]
train:  24%|██▍       | 29/120 [00:12<00:42,  2.14it/s]
train:  25%|██▌       | 30/120 [00:12<00:32,  2.76it/s]
train:  26%|██▌       | 31/120 [00:13<00:41,  2.13it/s]
train:  27%|██▋       | 32/120 [00:13<00:32,  2.70it/s]
train:  28%|██▊       | 33/120 [00:14<00:41,  2.10it/s]
train:  28%|██▊       | 34/120 [00:14<00:31,  2.70it/s]
train:  29%|██▉       | 35/120 [00:15<00:40,  2.12it/s]
train:  30%|███       | 36/120 [00:15<00:30,  2.73it/s]
train:  31%|███       | 37/120 [00:16<00:40,  2.04it/s]
train:  32%|███▏      | 38/120 [00:16<00:31,  2.64it/s]
train:  32%|███▎      | 39/120 [00:16<00:39,  2.07it/s]
train:  33%|███▎      | 40/120 [00:16<00:29,  2.71it/s]
train:  34%|███▍      | 41/120 [00:17<00:37,  2.11it/s]
train:  35%|███▌      | 42/120 [00:17<00:28,  2.73it/s]
train:  36%|███▌      | 43/120 [00:18<00:36,  2.09it/s]
train:  37%|███▋      | 44/120 [00:18<00:28,  2.70it/s]
train:  38%|███▊      | 45/120 [00:19<00:35,  2.09it/s]
train:  38%|███▊      | 46/120 [00:19<00:27,  2.70it/s]
train:  39%|███▉      | 47/120 [00:20<00:34,  2.11it/s]
train:  40%|████      | 48/120 [00:20<00:26,  2.76it/s]
train:  41%|████      | 49/120 [00:21<00:34,  2.06it/s]
train:  42%|████▏     | 50/120 [00:21<00:26,  2.68it/s]
train:  42%|████▎     | 51/120 [00:21<00:33,  2.06it/s]
train:  43%|████▎     | 52/120 [00:22<00:25,  2.68it/s]
train:  44%|████▍     | 53/120 [00:22<00:31,  2.13it/s]
train:  45%|████▌     | 54/120 [00:22<00:23,  2.77it/s]
train:  46%|████▌     | 55/120 [00:24<00:50,  1.29it/s]
train:  47%|████▋     | 56/120 [00:24<00:36,  1.74it/s]
train:  48%|████▊     | 57/120 [00:25<00:39,  1.61it/s]
train:  48%|████▊     | 58/120 [00:25<00:29,  2.13it/s]
train:  49%|████▉     | 59/120 [00:26<00:32,  1.87it/s]
train:  50%|█████     | 60/120 [00:26<00:25,  2.32it/s]
train:  51%|█████     | 61/120 [00:27<00:29,  2.02it/s]
train:  52%|█████▏    | 62/120 [00:27<00:23,  2.50it/s]
train:  52%|█████▎    | 63/120 [00:27<00:27,  2.07it/s]
train:  53%|█████▎    | 64/120 [00:28<00:21,  2.58it/s]
train:  54%|█████▍    | 65/120 [00:28<00:26,  2.11it/s]
train:  55%|█████▌    | 66/120 [00:28<00:20,  2.61it/s]
train:  56%|█████▌    | 67/120 [00:29<00:24,  2.18it/s]
train:  57%|█████▋    | 68/120 [00:29<00:19,  2.66it/s]
train:  57%|█████▊    | 69/120 [00:30<00:23,  2.21it/s]
train:  58%|█████▊    | 70/120 [00:30<00:18,  2.70it/s]
train:  59%|█████▉    | 71/120 [00:31<00:22,  2.19it/s]
train:  60%|██████    | 72/120 [00:31<00:17,  2.67it/s]
train:  61%|██████    | 73/120 [00:32<00:21,  2.20it/s]
train:  62%|██████▏   | 74/120 [00:32<00:17,  2.66it/s]
train:  62%|██████▎   | 75/120 [00:32<00:20,  2.22it/s]
train:  63%|██████▎   | 76/120 [00:33<00:16,  2.64it/s]
train:  64%|██████▍   | 77/120 [00:33<00:19,  2.17it/s]
train:  65%|██████▌   | 78/120 [00:33<00:16,  2.52it/s]
train:  66%|██████▌   | 79/120 [00:34<00:18,  2.21it/s]
train:  67%|██████▋   | 80/120 [00:34<00:16,  2.47it/s]
train:  68%|██████▊   | 81/120 [00:35<00:17,  2.21it/s]
train:  68%|██████▊   | 82/120 [00:35<00:14,  2.61it/s]
train:  69%|██████▉   | 83/120 [00:36<00:16,  2.18it/s]
train:  70%|███████   | 84/120 [00:36<00:14,  2.57it/s]
train:  71%|███████   | 85/120 [00:37<00:15,  2.23it/s]
train:  72%|███████▏  | 86/120 [00:37<00:13,  2.58it/s]
train:  72%|███████▎  | 87/120 [00:37<00:14,  2.21it/s]
train:  73%|███████▎  | 88/120 [00:38<00:12,  2.59it/s]
train:  74%|███████▍  | 89/120 [00:38<00:14,  2.18it/s]
train:  75%|███████▌  | 90/120 [00:39<00:11,  2.57it/s]
train:  76%|███████▌  | 91/120 [00:39<00:13,  2.13it/s]
train:  77%|███████▋  | 92/120 [00:39<00:10,  2.55it/s]
train:  78%|███████▊  | 93/120 [00:40<00:12,  2.14it/s]
train:  78%|███████▊  | 94/120 [00:40<00:10,  2.53it/s]
train:  79%|███████▉  | 95/120 [00:41<00:11,  2.17it/s]
train:  80%|████████  | 96/120 [00:41<00:09,  2.61it/s]
train:  81%|████████  | 97/120 [00:42<00:10,  2.23it/s]
train:  82%|████████▏ | 98/120 [00:42<00:08,  2.55it/s]
train:  82%|████████▎ | 99/120 [00:43<00:09,  2.20it/s]
train:  83%|████████▎ | 100/120 [00:43<00:07,  2.52it/s]
train:  84%|████████▍ | 101/120 [00:43<00:08,  2.23it/s]
train:  85%|████████▌ | 102/120 [00:44<00:07,  2.52it/s]
train:  86%|████████▌ | 103/120 [00:44<00:07,  2.26it/s]
train:  87%|████████▋ | 104/120 [00:45<00:06,  2.44it/s]
train:  88%|████████▊ | 105/120 [00:45<00:06,  2.24it/s]
train:  88%|████████▊ | 106/120 [00:45<00:05,  2.52it/s]
train:  89%|████████▉ | 107/120 [00:46<00:05,  2.29it/s]
train:  90%|█████████ | 108/120 [00:46<00:04,  2.51it/s]
train:  91%|█████████ | 109/120 [00:47<00:04,  2.24it/s]
train:  92%|█████████▏| 110/120 [00:47<00:04,  2.45it/s]
train:  92%|█████████▎| 111/120 [00:48<00:04,  2.24it/s]
train:  93%|█████████▎| 112/120 [00:48<00:03,  2.42it/s]
train:  94%|█████████▍| 113/120 [00:48<00:03,  2.24it/s]
train:  95%|█████████▌| 114/120 [00:49<00:02,  2.50it/s]
train:  96%|█████████▌| 115/120 [00:49<00:02,  2.27it/s]
train:  97%|█████████▋| 116/120 [00:50<00:01,  2.41it/s]
train:  98%|█████████▊| 117/120 [00:50<00:01,  2.26it/s]
train:  98%|█████████▊| 118/120 [00:50<00:00,  2.42it/s]
train:  99%|█████████▉| 119/120 [00:51<00:00,  2.30it/s]
train: 100%|██████████| 120/120 [00:51<00:00,  2.56it/s]
                                                        

eval:   0%|          | 0/30 [00:00<?, ?it/s]
eval:   3%|▎         | 1/30 [00:00<00:24,  1.17it/s]
eval:  10%|█         | 3/30 [00:01<00:13,  1.95it/s]
eval:  17%|█▋        | 5/30 [00:02<00:11,  2.15it/s]
eval:  23%|██▎       | 7/30 [00:03<00:09,  2.31it/s]
eval:  30%|███       | 9/30 [00:04<00:08,  2.41it/s]
eval:  37%|███▋      | 11/30 [00:05<00:11,  1.70it/s]
eval:  43%|████▎     | 13/30 [00:06<00:08,  1.91it/s]
eval:  50%|█████     | 15/30 [00:07<00:07,  2.07it/s]
eval:  57%|█████▋    | 17/30 [00:08<00:05,  2.18it/s]
eval:  63%|██████▎   | 19/30 [00:09<00:04,  2.30it/s]
eval:  70%|███████   | 21/30 [00:09<00:03,  2.39it/s]
eval:  77%|███████▋  | 23/30 [00:10<00:02,  2.43it/s]
eval:  83%|████████▎ | 25/30 [00:11<00:02,  2.42it/s]
eval:  90%|█████████ | 27/30 [00:12<00:01,  2.49it/s]
eval:  97%|█████████▋| 29/30 [00:12<00:00,  2.52it/s]
                                                     
Epoch 07 | stage 2 | train loss 0.6002 (cls 0.6002, ctr 0.0000) acc 0.8906 f1 0.8876 | val loss 8.0204 (cls 8.0204, ctr 0.0000) acc 0.5833 f1 0.5617 | lr [2.91e-04, 9.68e-06, 9.68e-06]

train:   0%|          | 0/120 [00:00<?, ?it/s]
train:   1%|          | 1/120 [00:00<01:51,  1.06it/s]
train:   2%|▎         | 3/120 [00:01<01:04,  1.80it/s]
train:   3%|▎         | 4/120 [00:01<00:47,  2.46it/s]
train:   4%|▍         | 5/120 [00:02<00:58,  1.95it/s]
train:   5%|▌         | 6/120 [00:02<00:44,  2.59it/s]
train:   6%|▌         | 7/120 [00:03<00:55,  2.02it/s]
train:   7%|▋         | 8/120 [00:03<00:42,  2.67it/s]
train:   8%|▊         | 9/120 [00:04<00:55,  2.00it/s]
train:   8%|▊         | 10/120 [00:04<00:42,  2.61it/s]
train:   9%|▉         | 11/120 [00:05<00:52,  2.08it/s]
train:  10%|█         | 12/120 [00:05<00:39,  2.73it/s]
train:  11%|█         | 13/120 [00:06<00:50,  2.10it/s]
train:  12%|█▏        | 14/120 [00:06<00:38,  2.73it/s]
train:  12%|█▎        | 15/120 [00:06<00:50,  2.10it/s]
train:  13%|█▎        | 16/120 [00:06<00:38,  2.71it/s]
train:  14%|█▍        | 17/120 [00:07<00:48,  2.11it/s]
train:  15%|█▌        | 18/120 [00:07<00:37,  2.75it/s]
train:  16%|█▌        | 19/120 [00:08<00:47,  2.13it/s]
train:  17%|█▋        | 20/120 [00:08<00:36,  2.76it/s]
train:  18%|█▊        | 21/120 [00:09<00:46,  2.15it/s]
train:  18%|█▊        | 22/120 [00:09<00:34,  2.80it/s]
train:  19%|█▉        | 23/120 [00:10<00:46,  2.10it/s]
train:  20%|██        | 24/120 [00:10<00:35,  2.74it/s]
train:  21%|██        | 25/120 [00:11<00:44,  2.12it/s]
train:  22%|██▏       | 26/120 [00:11<00:33,  2.77it/s]
train:  22%|██▎       | 27/120 [00:11<00:45,  2.06it/s]
train:  23%|██▎       | 28/120 [00:12<00:34,  2.66it/s]
train:  24%|██▍       | 29/120 [00:12<00:43,  2.08it/s]
train:  25%|██▌       | 30/120 [00:12<00:33,  2.70it/s]
train:  26%|██▌       | 31/120 [00:13<00:41,  2.15it/s]
train:  27%|██▋       | 32/120 [00:13<00:31,  2.81it/s]
train:  28%|██▊       | 33/120 [00:14<00:40,  2.12it/s]
train:  28%|██▊       | 34/120 [00:14<00:31,  2.74it/s]
train:  29%|██▉       | 35/120 [00:15<00:40,  2.10it/s]
train:  30%|███       | 36/120 [00:15<00:30,  2.72it/s]
train:  31%|███       | 37/120 [00:16<00:39,  2.09it/s]
train:  32%|███▏      | 38/120 [00:16<00:29,  2.73it/s]
train:  32%|███▎      | 39/120 [00:16<00:38,  2.09it/s]
train:  33%|███▎      | 40/120 [00:17<00:29,  2.72it/s]
train:  34%|███▍      | 41/120 [00:17<00:37,  2.11it/s]
train:  35%|███▌      | 42/120 [00:17<00:28,  2.76it/s]
train:  36%|███▌      | 43/120 [00:18<00:36,  2.10it/s]
train:  37%|███▋      | 44/120 [00:18<00:28,  2.71it/s]
train:  38%|███▊      | 45/120 [00:19<00:35,  2.11it/s]
train:  38%|███▊      | 46/120 [00:19<00:27,  2.73it/s]
train:  39%|███▉      | 47/120 [00:20<00:34,  2.10it/s]
train:  40%|████      | 48/120 [00:20<00:26,  2.74it/s]
train:  41%|████      | 49/120 [00:21<00:33,  2.09it/s]
train:  42%|████▏     | 50/120 [00:21<00:25,  2.71it/s]
train:  42%|████▎     | 51/120 [00:21<00:32,  2.15it/s]
train:  43%|████▎     | 52/120 [00:22<00:24,  2.80it/s]
train:  44%|████▍     | 53/120 [00:22<00:31,  2.13it/s]
train:  45%|████▌     | 54/120 [00:22<00:23,  2.76it/s]
train:  46%|████▌     | 55/120 [00:23<00:30,  2.10it/s]
train:  47%|████▋     | 56/120 [00:23<00:23,  2.72it/s]
train:  48%|████▊     | 57/120 [00:24<00:30,  2.10it/s]
train:  48%|████▊     | 58/120 [00:24<00:22,  2.71it/s]
train:  49%|████▉     | 59/120 [00:26<00:47,  1.27it/s]
train:  50%|█████     | 60/120 [00:26<00:35,  1.71it/s]
train:  51%|█████     | 61/120 [00:27<00:37,  1.59it/s]
train:  52%|█████▏    | 62/120 [00:27<00:27,  2.10it/s]
train:  52%|█████▎    | 63/120 [00:28<00:31,  1.82it/s]
train:  53%|█████▎    | 64/120 [00:28<00:23,  2.39it/s]
train:  54%|█████▍    | 65/120 [00:28<00:27,  1.97it/s]
train:  55%|█████▌    | 66/120 [00:28<00:21,  2.56it/s]
train:  56%|█████▌    | 67/120 [00:29<00:25,  2.05it/s]
train:  57%|█████▋    | 68/120 [00:29<00:19,  2.67it/s]
train:  57%|█████▊    | 69/120 [00:30<00:24,  2.10it/s]
train:  58%|█████▊    | 70/120 [00:30<00:18,  2.72it/s]
train:  59%|█████▉    | 71/120 [00:31<00:23,  2.09it/s]
train:  60%|██████    | 72/120 [00:31<00:17,  2.71it/s]
train:  61%|██████    | 73/120 [00:32<00:22,  2.09it/s]
train:  62%|██████▏   | 74/120 [00:32<00:16,  2.72it/s]
train:  62%|██████▎   | 75/120 [00:33<00:21,  2.08it/s]
train:  63%|██████▎   | 76/120 [00:33<00:16,  2.70it/s]
train:  64%|██████▍   | 77/120 [00:33<00:21,  2.05it/s]
train:  65%|██████▌   | 78/120 [00:34<00:15,  2.67it/s]
train:  66%|██████▌   | 79/120 [00:34<00:19,  2.11it/s]
train:  67%|██████▋   | 80/120 [00:34<00:14,  2.74it/s]
train:  68%|██████▊   | 81/120 [00:35<00:18,  2.13it/s]
train:  68%|██████▊   | 82/120 [00:35<00:13,  2.76it/s]
train:  69%|██████▉   | 83/120 [00:36<00:17,  2.15it/s]
train:  70%|███████   | 84/120 [00:36<00:12,  2.78it/s]
train:  71%|███████   | 85/120 [00:37<00:15,  2.20it/s]
train:  72%|███████▏  | 86/120 [00:37<00:12,  2.75it/s]
train:  72%|███████▎  | 87/120 [00:38<00:15,  2.10it/s]
train:  73%|███████▎  | 88/120 [00:38<00:12,  2.63it/s]
train:  74%|███████▍  | 89/120 [00:38<00:14,  2.15it/s]
train:  75%|███████▌  | 90/120 [00:39<00:11,  2.68it/s]
train:  76%|███████▌  | 91/120 [00:39<00:13,  2.10it/s]
train:  77%|███████▋  | 92/120 [00:39<00:10,  2.72it/s]
train:  78%|███████▊  | 93/120 [00:40<00:12,  2.10it/s]
train:  78%|███████▊  | 94/120 [00:40<00:09,  2.73it/s]
train:  79%|███████▉  | 95/120 [00:41<00:11,  2.10it/s]
train:  80%|████████  | 96/120 [00:41<00:08,  2.73it/s]
train:  81%|████████  | 97/120 [00:42<00:11,  2.03it/s]
train:  82%|████████▏ | 98/120 [00:42<00:08,  2.65it/s]
train:  82%|████████▎ | 99/120 [00:43<00:10,  2.09it/s]
train:  83%|████████▎ | 100/120 [00:43<00:07,  2.70it/s]
train:  84%|████████▍ | 101/120 [00:44<00:09,  2.04it/s]
train:  85%|████████▌ | 102/120 [00:44<00:06,  2.65it/s]
train:  86%|████████▌ | 103/120 [00:44<00:08,  2.06it/s]
train:  87%|████████▋ | 104/120 [00:45<00:06,  2.67it/s]
train:  88%|████████▊ | 105/120 [00:45<00:07,  2.14it/s]
train:  88%|████████▊ | 106/120 [00:45<00:05,  2.75it/s]
train:  89%|████████▉ | 107/120 [00:46<00:06,  2.17it/s]
train:  90%|█████████ | 108/120 [00:46<00:04,  2.76it/s]
train:  91%|█████████ | 109/120 [00:47<00:05,  2.20it/s]
train:  92%|█████████▏| 110/120 [00:47<00:03,  2.67it/s]
train:  92%|█████████▎| 111/120 [00:48<00:04,  2.19it/s]
train:  93%|█████████▎| 112/120 [00:48<00:03,  2.63it/s]
train:  94%|█████████▍| 113/120 [00:48<00:03,  2.24it/s]
train:  95%|█████████▌| 114/120 [00:49<00:02,  2.62it/s]
train:  96%|█████████▌| 115/120 [00:49<00:02,  2.18it/s]
train:  97%|█████████▋| 116/120 [00:50<00:01,  2.53it/s]
train:  98%|█████████▊| 117/120 [00:50<00:01,  2.23it/s]
train:  98%|█████████▊| 118/120 [00:50<00:00,  2.56it/s]
train:  99%|█████████▉| 119/120 [00:51<00:00,  2.23it/s]
train: 100%|██████████| 120/120 [00:51<00:00,  2.59it/s]
                                                        

eval:   0%|          | 0/30 [00:00<?, ?it/s]
eval:   3%|▎         | 1/30 [00:00<00:25,  1.15it/s]
eval:  10%|█         | 3/30 [00:01<00:14,  1.92it/s]
eval:  17%|█▋        | 5/30 [00:02<00:11,  2.12it/s]
eval:  23%|██▎       | 7/30 [00:03<00:09,  2.32it/s]
eval:  30%|███       | 9/30 [00:04<00:08,  2.39it/s]
eval:  37%|███▋      | 11/30 [00:04<00:07,  2.45it/s]
eval:  43%|████▎     | 13/30 [00:05<00:06,  2.46it/s]
eval:  50%|█████     | 15/30 [00:06<00:06,  2.47it/s]
eval:  57%|█████▋    | 17/30 [00:08<00:07,  1.76it/s]
eval:  63%|██████▎   | 19/30 [00:09<00:05,  1.97it/s]
eval:  70%|███████   | 21/30 [00:09<00:04,  2.12it/s]
eval:  77%|███████▋  | 23/30 [00:10<00:03,  2.21it/s]
eval:  83%|████████▎ | 25/30 [00:11<00:02,  2.26it/s]
eval:  90%|█████████ | 27/30 [00:12<00:01,  2.37it/s]
eval:  97%|█████████▋| 29/30 [00:12<00:00,  2.43it/s]
                                                     
Epoch 08 | stage 2 | train loss 0.4457 (cls 0.4457, ctr 0.0000) acc 0.9167 f1 0.9149 | val loss 8.2635 (cls 8.2635, ctr 0.0000) acc 0.6167 f1 0.5833 | lr [2.83e-04, 9.44e-06, 9.44e-06]

train:   0%|          | 0/120 [00:00<?, ?it/s]
train:   1%|          | 1/120 [00:00<01:45,  1.13it/s]
train:   2%|▏         | 2/120 [00:00<00:50,  2.33it/s]
train:   2%|▎         | 3/120 [00:01<01:06,  1.75it/s]
train:   3%|▎         | 4/120 [00:01<00:45,  2.56it/s]
train:   4%|▍         | 5/120 [00:02<01:01,  1.88it/s]
train:   5%|▌         | 6/120 [00:02<00:44,  2.55it/s]
train:   6%|▌         | 7/120 [00:03<00:56,  1.99it/s]
train:   7%|▋         | 8/120 [00:03<00:42,  2.65it/s]
train:   8%|▊         | 9/120 [00:04<00:53,  2.08it/s]
train:   8%|▊         | 10/120 [00:04<00:40,  2.71it/s]
train:   9%|▉         | 11/120 [00:05<00:51,  2.11it/s]
train:  10%|█         | 12/120 [00:05<00:39,  2.76it/s]
train:  11%|█         | 13/120 [00:06<00:53,  2.00it/s]
train:  12%|█▏        | 14/120 [00:06<00:40,  2.62it/s]
train:  12%|█▎        | 15/120 [00:06<00:53,  1.97it/s]
train:  13%|█▎        | 16/120 [00:07<00:40,  2.58it/s]
train:  14%|█▍        | 17/120 [00:07<00:51,  2.01it/s]
train:  15%|█▌        | 18/120 [00:07<00:38,  2.62it/s]
train:  16%|█▌        | 19/120 [00:08<00:49,  2.06it/s]
train:  17%|█▋        | 20/120 [00:08<00:37,  2.68it/s]
train:  18%|█▊        | 21/120 [00:09<00:47,  2.10it/s]
train:  18%|█▊        | 22/120 [00:09<00:35,  2.74it/s]
train:  19%|█▉        | 23/120 [00:10<00:46,  2.07it/s]
train:  20%|██        | 24/120 [00:10<00:35,  2.68it/s]
train:  21%|██        | 25/120 [00:11<00:44,  2.13it/s]
train:  22%|██▏       | 26/120 [00:11<00:33,  2.78it/s]
train:  22%|██▎       | 27/120 [00:11<00:43,  2.16it/s]
train:  23%|██▎       | 28/120 [00:12<00:32,  2.80it/s]
train:  24%|██▍       | 29/120 [00:12<00:42,  2.14it/s]
train:  25%|██▌       | 30/120 [00:12<00:32,  2.78it/s]
train:  26%|██▌       | 31/120 [00:13<00:41,  2.17it/s]
train:  27%|██▋       | 32/120 [00:13<00:31,  2.79it/s]
train:  28%|██▊       | 33/120 [00:14<00:39,  2.18it/s]
train:  28%|██▊       | 34/120 [00:14<00:30,  2.82it/s]
train:  29%|██▉       | 35/120 [00:15<00:41,  2.04it/s]
train:  30%|███       | 36/120 [00:15<00:31,  2.66it/s]
train:  31%|███       | 37/120 [00:16<00:41,  2.02it/s]
train:  32%|███▏      | 38/120 [00:16<00:31,  2.64it/s]
train:  32%|███▎      | 39/120 [00:17<00:39,  2.03it/s]
train:  33%|███▎      | 40/120 [00:17<00:30,  2.66it/s]
train:  34%|███▍      | 41/120 [00:17<00:38,  2.06it/s]
train:  35%|███▌      | 42/120 [00:18<00:29,  2.66it/s]
train:  36%|███▌      | 43/120 [00:18<00:37,  2.07it/s]
train:  37%|███▋      | 44/120 [00:18<00:28,  2.71it/s]
train:  38%|███▊      | 45/120 [00:19<00:35,  2.10it/s]
train:  38%|███▊      | 46/120 [00:19<00:27,  2.72it/s]
train:  39%|███▉      | 47/120 [00:20<00:34,  2.14it/s]
train:  40%|████      | 48/120 [00:20<00:25,  2.79it/s]
train:  41%|████      | 49/120 [00:21<00:33,  2.09it/s]
train:  42%|████▏     | 50/120 [00:21<00:25,  2.72it/s]
train:  42%|████▎     | 51/120 [00:22<00:33,  2.08it/s]
train:  43%|████▎     | 52/120 [00:22<00:25,  2.70it/s]
train:  44%|████▍     | 53/120 [00:22<00:31,  2.11it/s]
train:  45%|████▌     | 54/120 [00:23<00:24,  2.72it/s]
train:  46%|████▌     | 55/120 [00:23<00:31,  2.03it/s]
train:  47%|████▋     | 56/120 [00:23<00:24,  2.65it/s]
train:  48%|████▊     | 57/120 [00:24<00:31,  2.03it/s]
train:  48%|████▊     | 58/120 [00:24<00:23,  2.65it/s]
train:  49%|████▉     | 59/120 [00:25<00:29,  2.04it/s]
train:  50%|█████     | 60/120 [00:25<00:22,  2.66it/s]
train:  51%|█████     | 61/120 [00:26<00:28,  2.04it/s]
train:  52%|█████▏    | 62/120 [00:26<00:21,  2.64it/s]
train:  52%|█████▎    | 63/120 [00:28<00:44,  1.27it/s]
train:  53%|█████▎    | 64/120 [00:28<00:32,  1.71it/s]
train:  54%|█████▍    | 65/120 [00:29<00:34,  1.58it/s]
train:  55%|█████▌    | 66/120 [00:29<00:25,  2.11it/s]
train:  56%|█████▌    | 67/120 [00:30<00:29,  1.77it/s]
train:  57%|█████▋    | 68/120 [00:30<00:22,  2.32it/s]
train:  57%|█████▊    | 69/120 [00:30<00:27,  1.86it/s]
train:  58%|█████▊    | 70/120 [00:31<00:20,  2.46it/s]
train:  59%|█████▉    | 71/120 [00:31<00:24,  2.01it/s]
train:  60%|██████    | 72/120 [00:31<00:18,  2.63it/s]
train:  61%|██████    | 73/120 [00:32<00:22,  2.12it/s]
train:  62%|██████▏   | 74/120 [00:32<00:16,  2.76it/s]
train:  62%|██████▎   | 75/120 [00:33<00:21,  2.12it/s]
train:  63%|██████▎   | 76/120 [00:33<00:15,  2.76it/s]
train:  64%|██████▍   | 77/120 [00:34<00:20,  2.08it/s]
train:  65%|██████▌   | 78/120 [00:34<00:15,  2.69it/s]
train:  66%|██████▌   | 79/120 [00:35<00:19,  2.10it/s]
train:  67%|██████▋   | 80/120 [00:35<00:14,  2.73it/s]
train:  68%|██████▊   | 81/120 [00:35<00:17,  2.17it/s]
train:  68%|██████▊   | 82/120 [00:36<00:13,  2.82it/s]
train:  69%|██████▉   | 83/120 [00:36<00:16,  2.20it/s]
train:  70%|███████   | 84/120 [00:36<00:12,  2.84it/s]
train:  71%|███████   | 85/120 [00:37<00:15,  2.20it/s]
train:  72%|███████▏  | 86/120 [00:37<00:11,  2.85it/s]
train:  72%|███████▎  | 87/120 [00:38<00:15,  2.15it/s]
train:  73%|███████▎  | 88/120 [00:38<00:11,  2.80it/s]
train:  74%|███████▍  | 89/120 [00:39<00:14,  2.14it/s]
train:  75%|███████▌  | 90/120 [00:39<00:10,  2.78it/s]
train:  76%|███████▌  | 91/120 [00:40<00:13,  2.10it/s]
train:  77%|███████▋  | 92/120 [00:40<00:10,  2.75it/s]
train:  78%|███████▊  | 93/120 [00:40<00:12,  2.14it/s]
train:  79%|███████▉  | 95/120 [00:41<00:10,  2.28it/s]
train:  80%|████████  | 96/120 [00:41<00:08,  2.82it/s]
train:  81%|████████  | 97/120 [00:42<00:10,  2.23it/s]
train:  82%|████████▏ | 98/120 [00:42<00:07,  2.80it/s]
train:  82%|████████▎ | 99/120 [00:43<00:09,  2.16it/s]
train:  83%|████████▎ | 100/120 [00:43<00:07,  2.75it/s]
train:  84%|████████▍ | 101/120 [00:44<00:08,  2.15it/s]
train:  85%|████████▌ | 102/120 [00:44<00:06,  2.76it/s]
train:  86%|████████▌ | 103/120 [00:45<00:08,  2.09it/s]
train:  87%|████████▋ | 104/120 [00:45<00:05,  2.69it/s]
train:  88%|████████▊ | 105/120 [00:45<00:07,  2.09it/s]
train:  88%|████████▊ | 106/120 [00:45<00:05,  2.71it/s]
train:  89%|████████▉ | 107/120 [00:46<00:06,  2.09it/s]
train:  90%|█████████ | 108/120 [00:46<00:04,  2.70it/s]
train:  91%|█████████ | 109/120 [00:47<00:05,  2.10it/s]
train:  92%|█████████▏| 110/120 [00:47<00:03,  2.73it/s]
train:  92%|█████████▎| 111/120 [00:48<00:04,  2.09it/s]
train:  93%|█████████▎| 112/120 [00:48<00:02,  2.74it/s]
train:  94%|█████████▍| 113/120 [00:49<00:03,  2.03it/s]
train:  95%|█████████▌| 114/120 [00:49<00:02,  2.63it/s]
train:  96%|█████████▌| 115/120 [00:50<00:02,  2.04it/s]
train:  97%|█████████▋| 116/120 [00:50<00:01,  2.68it/s]
train:  98%|█████████▊| 117/120 [00:51<00:01,  2.05it/s]
train:  98%|█████████▊| 118/120 [00:51<00:00,  2.65it/s]
train:  99%|█████████▉| 119/120 [00:51<00:00,  2.12it/s]
train: 100%|██████████| 120/120 [00:51<00:00,  2.74it/s]
                                                        

eval:   0%|          | 0/30 [00:00<?, ?it/s]
eval:   3%|▎         | 1/30 [00:00<00:25,  1.14it/s]
eval:  10%|█         | 3/30 [00:01<00:14,  1.89it/s]
eval:  17%|█▋        | 5/30 [00:02<00:12,  2.07it/s]
eval:  23%|██▎       | 7/30 [00:03<00:10,  2.27it/s]
eval:  30%|███       | 9/30 [00:04<00:09,  2.33it/s]
eval:  37%|███▋      | 11/30 [00:04<00:07,  2.41it/s]
eval:  43%|████▎     | 13/30 [00:05<00:06,  2.43it/s]
eval:  50%|█████     | 15/30 [00:06<00:06,  2.43it/s]
eval:  57%|█████▋    | 17/30 [00:07<00:05,  2.44it/s]
eval:  63%|██████▎   | 19/30 [00:09<00:05,  1.85it/s]
eval:  70%|███████   | 21/30 [00:09<00:04,  2.03it/s]
eval:  77%|███████▋  | 23/30 [00:10<00:03,  2.16it/s]
eval:  83%|████████▎ | 25/30 [00:11<00:02,  2.22it/s]
eval:  90%|█████████ | 27/30 [00:12<00:01,  2.31it/s]
eval:  97%|█████████▋| 29/30 [00:12<00:00,  2.39it/s]
                                                     
Epoch 09 | stage 2 | train loss 0.8471 (cls 0.8471, ctr 0.0000) acc 0.8906 f1 0.8944 | val loss 7.4622 (cls 7.4622, ctr 0.0000) acc 0.6167 f1 0.6001 | lr [2.74e-04, 9.14e-06, 9.14e-06]

train:   0%|          | 0/120 [00:00<?, ?it/s]
train:   1%|          | 1/120 [00:00<01:56,  1.02it/s]
train:   2%|▏         | 2/120 [00:01<00:55,  2.12it/s]
train:   2%|▎         | 3/120 [00:01<01:09,  1.69it/s]
train:   3%|▎         | 4/120 [00:01<00:46,  2.50it/s]
train:   4%|▍         | 5/120 [00:02<00:59,  1.94it/s]
train:   5%|▌         | 6/120 [00:02<00:42,  2.65it/s]
train:   6%|▌         | 7/120 [00:03<00:56,  1.99it/s]
train:   7%|▋         | 8/120 [00:03<00:42,  2.65it/s]
train:   8%|▊         | 9/120 [00:04<00:55,  1.98it/s]
train:   8%|▊         | 10/120 [00:04<00:42,  2.60it/s]
train:   9%|▉         | 11/120 [00:05<00:53,  2.04it/s]
train:  11%|█         | 13/120 [00:06<00:50,  2.14it/s]
train:  12%|█▏        | 14/120 [00:06<00:40,  2.64it/s]
train:  12%|█▎        | 15/120 [00:06<00:49,  2.13it/s]
train:  13%|█▎        | 16/120 [00:07<00:38,  2.67it/s]
train:  14%|█▍        | 17/120 [00:07<00:47,  2.18it/s]
train:  15%|█▌        | 18/120 [00:07<00:36,  2.80it/s]
train:  16%|█▌        | 19/120 [00:08<00:46,  2.18it/s]
train:  17%|█▋        | 20/120 [00:08<00:35,  2.80it/s]
train:  18%|█▊        | 21/120 [00:09<00:45,  2.19it/s]
train:  18%|█▊        | 22/120 [00:09<00:34,  2.83it/s]
train:  19%|█▉        | 23/120 [00:10<00:45,  2.14it/s]
train:  20%|██        | 24/120 [00:10<00:34,  2.77it/s]
train:  21%|██        | 25/120 [00:11<00:44,  2.14it/s]
train:  22%|██▏       | 26/120 [00:11<00:33,  2.78it/s]
train:  22%|██▎       | 27/120 [00:11<00:43,  2.16it/s]
train:  24%|██▍       | 29/120 [00:12<00:40,  2.23it/s]
train:  25%|██▌       | 30/120 [00:12<00:33,  2.73it/s]
train:  26%|██▌       | 31/120 [00:13<00:39,  2.23it/s]
train:  27%|██▋       | 32/120 [00:13<00:31,  2.81it/s]
train:  28%|██▊       | 33/120 [00:14<00:40,  2.16it/s]
train:  28%|██▊       | 34/120 [00:14<00:30,  2.78it/s]
train:  29%|██▉       | 35/120 [00:15<00:39,  2.15it/s]
train:  30%|███       | 36/120 [00:15<00:30,  2.76it/s]
train:  31%|███       | 37/120 [00:16<00:37,  2.21it/s]
train:  32%|███▏      | 38/120 [00:16<00:28,  2.87it/s]
train:  32%|███▎      | 39/120 [00:16<00:36,  2.23it/s]
train:  33%|███▎      | 40/120 [00:16<00:27,  2.88it/s]
train:  34%|███▍      | 41/120 [00:17<00:36,  2.17it/s]
train:  35%|███▌      | 42/120 [00:17<00:27,  2.82it/s]
train:  36%|███▌      | 43/120 [00:18<00:35,  2.16it/s]
train:  37%|███▋      | 44/120 [00:18<00:27,  2.81it/s]
train:  38%|███▊      | 45/120 [00:19<00:33,  2.26it/s]
train:  38%|███▊      | 46/120 [00:19<00:25,  2.93it/s]
train:  39%|███▉      | 47/120 [00:19<00:32,  2.26it/s]
train:  40%|████      | 48/120 [00:20<00:24,  2.93it/s]
train:  41%|████      | 49/120 [00:20<00:33,  2.15it/s]
train:  42%|████▏     | 50/120 [00:20<00:25,  2.76it/s]
train:  42%|████▎     | 51/120 [00:21<00:32,  2.11it/s]
train:  43%|████▎     | 52/120 [00:21<00:25,  2.70it/s]
train:  44%|████▍     | 53/120 [00:22<00:31,  2.12it/s]
train:  45%|████▌     | 54/120 [00:22<00:23,  2.77it/s]
train:  46%|████▌     | 55/120 [00:23<00:29,  2.17it/s]
train:  48%|████▊     | 57/120 [00:24<00:27,  2.32it/s]
train:  48%|████▊     | 58/120 [00:24<00:21,  2.86it/s]
train:  49%|████▉     | 59/120 [00:24<00:26,  2.30it/s]
train:  51%|█████     | 61/120 [00:25<00:24,  2.39it/s]
train:  52%|█████▏    | 62/120 [00:25<00:20,  2.89it/s]
train:  52%|█████▎    | 63/120 [00:26<00:24,  2.32it/s]
train:  53%|█████▎    | 64/120 [00:26<00:19,  2.88it/s]
train:  54%|█████▍    | 65/120 [00:27<00:24,  2.23it/s]
train:  55%|█████▌    | 66/120 [00:27<00:19,  2.83it/s]
train:  56%|█████▌    | 67/120 [00:29<00:48,  1.09it/s]
train:  57%|█████▋    | 68/120 [00:29<00:35,  1.46it/s]
train:  57%|█████▊    | 69/120 [00:30<00:35,  1.42it/s]
train:  58%|█████▊    | 70/120 [00:30<00:26,  1.88it/s]
train:  59%|█████▉    | 71/120 [00:31<00:28,  1.71it/s]
train:  60%|██████    | 72/120 [00:31<00:21,  2.26it/s]
train:  61%|██████    | 73/120 [00:32<00:24,  1.89it/s]
train:  62%|██████▏   | 74/120 [00:32<00:18,  2.49it/s]
train:  62%|██████▎   | 75/120 [00:33<00:22,  1.98it/s]
train:  63%|██████▎   | 76/120 [00:33<00:17,  2.57it/s]
train:  64%|██████▍   | 77/120 [00:33<00:21,  2.02it/s]
train:  65%|██████▌   | 78/120 [00:34<00:15,  2.65it/s]
train:  66%|██████▌   | 79/120 [00:34<00:19,  2.06it/s]
train:  67%|██████▋   | 80/120 [00:34<00:14,  2.70it/s]
train:  68%|██████▊   | 81/120 [00:35<00:18,  2.09it/s]
train:  68%|██████▊   | 82/120 [00:35<00:13,  2.72it/s]
train:  69%|██████▉   | 83/120 [00:36<00:17,  2.07it/s]
train:  70%|███████   | 84/120 [00:36<00:13,  2.70it/s]
train:  71%|███████   | 85/120 [00:37<00:16,  2.11it/s]
train:  72%|███████▏  | 86/120 [00:37<00:12,  2.74it/s]
train:  72%|███████▎  | 87/120 [00:38<00:15,  2.13it/s]
train:  73%|███████▎  | 88/120 [00:38<00:11,  2.78it/s]
train:  74%|███████▍  | 89/120 [00:39<00:14,  2.08it/s]
train:  75%|███████▌  | 90/120 [00:39<00:11,  2.71it/s]
train:  76%|███████▌  | 91/120 [00:39<00:14,  2.02it/s]
train:  77%|███████▋  | 92/120 [00:40<00:10,  2.61it/s]
train:  78%|███████▊  | 93/120 [00:40<00:13,  2.07it/s]
train:  78%|███████▊  | 94/120 [00:40<00:09,  2.70it/s]
train:  79%|███████▉  | 95/120 [00:41<00:12,  2.05it/s]
train:  80%|████████  | 96/120 [00:41<00:09,  2.65it/s]
train:  81%|████████  | 97/120 [00:42<00:10,  2.11it/s]
train:  82%|████████▏ | 98/120 [00:42<00:08,  2.74it/s]
train:  82%|████████▎ | 99/120 [00:43<00:09,  2.16it/s]
train:  83%|████████▎ | 100/120 [00:43<00:07,  2.80it/s]
train:  84%|████████▍ | 101/120 [00:44<00:09,  2.08it/s]
train:  85%|████████▌ | 102/120 [00:44<00:06,  2.70it/s]
train:  86%|████████▌ | 103/120 [00:44<00:08,  2.11it/s]
train:  87%|████████▋ | 104/120 [00:45<00:05,  2.75it/s]
train:  88%|████████▊ | 105/120 [00:45<00:07,  2.11it/s]
train:  88%|████████▊ | 106/120 [00:45<00:05,  2.76it/s]
train:  89%|████████▉ | 107/120 [00:46<00:06,  2.15it/s]
train:  91%|█████████ | 109/120 [00:47<00:04,  2.24it/s]
train:  92%|█████████▏| 110/120 [00:47<00:03,  2.75it/s]
train:  92%|█████████▎| 111/120 [00:48<00:04,  2.16it/s]
train:  93%|█████████▎| 112/120 [00:48<00:02,  2.72it/s]
train:  94%|█████████▍| 113/120 [00:49<00:03,  2.16it/s]
train:  95%|█████████▌| 114/120 [00:49<00:02,  2.76it/s]
train:  96%|█████████▌| 115/120 [00:49<00:02,  2.14it/s]
train:  97%|█████████▋| 116/120 [00:50<00:01,  2.75it/s]
train:  98%|█████████▊| 117/120 [00:50<00:01,  2.07it/s]
train:  98%|█████████▊| 118/120 [00:50<00:00,  2.69it/s]
train:  99%|█████████▉| 119/120 [00:51<00:00,  2.12it/s]
train: 100%|██████████| 120/120 [00:51<00:00,  2.74it/s]
                                                        

eval:   0%|          | 0/30 [00:00<?, ?it/s]
eval:   3%|▎         | 1/30 [00:00<00:25,  1.15it/s]
eval:  10%|█         | 3/30 [00:01<00:13,  1.93it/s]
eval:  17%|█▋        | 5/30 [00:02<00:11,  2.12it/s]
eval:  23%|██▎       | 7/30 [00:03<00:09,  2.31it/s]
eval:  30%|███       | 9/30 [00:04<00:08,  2.38it/s]
eval:  37%|███▋      | 11/30 [00:04<00:07,  2.44it/s]
eval:  43%|████▎     | 13/30 [00:05<00:06,  2.47it/s]
eval:  50%|█████     | 15/30 [00:06<00:06,  2.50it/s]
eval:  57%|█████▋    | 17/30 [00:07<00:05,  2.50it/s]
eval:  63%|██████▎   | 19/30 [00:07<00:04,  2.56it/s]
eval:  70%|███████   | 21/30 [00:08<00:03,  2.58it/s]
eval:  77%|███████▋  | 23/30 [00:09<00:02,  2.58it/s]
eval:  83%|████████▎ | 25/30 [00:11<00:02,  1.79it/s]
eval:  90%|█████████ | 27/30 [00:12<00:01,  1.99it/s]
eval:  97%|█████████▋| 29/30 [00:12<00:00,  2.15it/s]
                                                     
Epoch 10 | stage 2 | train loss 0.3664 (cls 0.3664, ctr 0.0000) acc 0.9250 f1 0.9248 | val loss 7.7099 (cls 7.7099, ctr 0.0000) acc 0.6417 f1 0.6106 | lr [2.63e-04, 8.78e-06, 8.78e-06]

train:   0%|          | 0/120 [00:00<?, ?it/s]
train:   1%|          | 1/120 [00:00<01:54,  1.04it/s]
train:   2%|▏         | 2/120 [00:01<00:53,  2.19it/s]
train:   2%|▎         | 3/120 [00:01<01:08,  1.71it/s]
train:   3%|▎         | 4/120 [00:01<00:46,  2.52it/s]
train:   4%|▍         | 5/120 [00:02<00:59,  1.93it/s]
train:   5%|▌         | 6/120 [00:02<00:43,  2.62it/s]
train:   6%|▌         | 7/120 [00:03<00:57,  1.95it/s]
train:   7%|▋         | 8/120 [00:03<00:43,  2.60it/s]
train:   8%|▊         | 9/120 [00:04<00:54,  2.03it/s]
train:   8%|▊         | 10/120 [00:04<00:41,  2.68it/s]
train:   9%|▉         | 11/120 [00:05<00:53,  2.05it/s]
train:  10%|█         | 12/120 [00:05<00:40,  2.70it/s]
train:  11%|█         | 13/120 [00:06<00:50,  2.10it/s]
train:  12%|█▏        | 14/120 [00:06<00:38,  2.74it/s]
train:  12%|█▎        | 15/120 [00:06<00:49,  2.14it/s]
train:  13%|█▎        | 16/120 [00:06<00:37,  2.77it/s]
train:  14%|█▍        | 17/120 [00:07<00:48,  2.11it/s]
train:  15%|█▌        | 18/120 [00:07<00:36,  2.76it/s]
train:  16%|█▌        | 19/120 [00:08<00:47,  2.11it/s]
train:  17%|█▋        | 20/120 [00:08<00:36,  2.73it/s]
train:  18%|█▊        | 21/120 [00:09<00:48,  2.05it/s]
train:  18%|█▊        | 22/120 [00:09<00:36,  2.67it/s]
train:  19%|█▉        | 23/120 [00:10<00:46,  2.08it/s]
train:  21%|██        | 25/120 [00:11<00:42,  2.22it/s]
train:  22%|██▏       | 26/120 [00:11<00:34,  2.73it/s]
train:  22%|██▎       | 27/120 [00:11<00:43,  2.14it/s]
train:  23%|██▎       | 28/120 [00:12<00:33,  2.71it/s]
train:  24%|██▍       | 29/120 [00:12<00:42,  2.16it/s]
train:  25%|██▌       | 30/120 [00:12<00:32,  2.77it/s]
train:  26%|██▌       | 31/120 [00:13<00:41,  2.16it/s]
train:  27%|██▋       | 32/120 [00:13<00:31,  2.79it/s]
train:  28%|██▊       | 33/120 [00:14<00:41,  2.11it/s]
train:  28%|██▊       | 34/120 [00:14<00:31,  2.74it/s]
train:  29%|██▉       | 35/120 [00:15<00:40,  2.08it/s]
train:  30%|███       | 36/120 [00:15<00:31,  2.69it/s]
train:  31%|███       | 37/120 [00:16<00:39,  2.09it/s]
train:  32%|███▏      | 38/120 [00:16<00:30,  2.73it/s]
train:  32%|███▎      | 39/120 [00:17<00:38,  2.10it/s]
train:  33%|███▎      | 40/120 [00:17<00:29,  2.74it/s]
train:  34%|███▍      | 41/120 [00:17<00:37,  2.08it/s]
train:  35%|███▌      | 42/120 [00:17<00:28,  2.70it/s]
train:  36%|███▌      | 43/120 [00:18<00:36,  2.12it/s]
train:  37%|███▋      | 44/120 [00:18<00:27,  2.76it/s]
train:  38%|███▊      | 45/120 [00:19<00:34,  2.15it/s]
train:  38%|███▊      | 46/120 [00:19<00:26,  2.75it/s]
train:  39%|███▉      | 47/120 [00:20<00:34,  2.11it/s]
train:  40%|████      | 48/120 [00:20<00:26,  2.74it/s]
train:  41%|████      | 49/120 [00:21<00:33,  2.11it/s]
train:  42%|████▏     | 50/120 [00:21<00:25,  2.76it/s]
train:  42%|████▎     | 51/120 [00:22<00:32,  2.12it/s]
train:  43%|████▎     | 52/120 [00:22<00:24,  2.75it/s]
train:  44%|████▍     | 53/120 [00:22<00:30,  2.18it/s]
train:  45%|████▌     | 54/120 [00:22<00:23,  2.82it/s]
train:  46%|████▌     | 55/120 [00:23<00:29,  2.18it/s]
train:  47%|████▋     | 56/120 [00:23<00:22,  2.83it/s]
train:  48%|████▊     | 57/120 [00:24<00:30,  2.09it/s]
train:  48%|████▊     | 58/120 [00:24<00:22,  2.73it/s]
train:  49%|████▉     | 59/120 [00:25<00:28,  2.13it/s]
train:  50%|█████     | 60/120 [00:25<00:21,  2.75it/s]
train:  51%|█████     | 61/120 [00:26<00:28,  2.09it/s]
train:  52%|█████▏    | 62/120 [00:26<00:21,  2.70it/s]
train:  52%|█████▎    | 63/120 [00:27<00:26,  2.11it/s]
train:  53%|█████▎    | 64/120 [00:27<00:20,  2.74it/s]
train:  54%|█████▍    | 65/120 [00:27<00:26,  2.11it/s]
train:  55%|█████▌    | 66/120 [00:27<00:19,  2.72it/s]
train:  56%|█████▌    | 67/120 [00:28<00:25,  2.12it/s]
train:  57%|█████▋    | 68/120 [00:28<00:18,  2.76it/s]
train:  57%|█████▊    | 69/120 [00:29<00:24,  2.10it/s]
train:  58%|█████▊    | 70/120 [00:29<00:18,  2.74it/s]
train:  59%|█████▉    | 71/120 [00:31<00:39,  1.24it/s]
train:  60%|██████    | 72/120 [00:31<00:28,  1.66it/s]
train:  61%|██████    | 73/120 [00:32<00:29,  1.58it/s]
train:  62%|██████▏   | 74/120 [00:32<00:21,  2.10it/s]
train:  62%|██████▎   | 75/120 [00:33<00:25,  1.78it/s]
train:  63%|██████▎   | 76/120 [00:33<00:18,  2.36it/s]
train:  64%|██████▍   | 77/120 [00:34<00:22,  1.89it/s]
train:  65%|██████▌   | 78/120 [00:34<00:17,  2.47it/s]
train:  66%|██████▌   | 79/120 [00:34<00:19,  2.06it/s]
train:  67%|██████▋   | 80/120 [00:34<00:14,  2.67it/s]
train:  68%|██████▊   | 81/120 [00:35<00:18,  2.13it/s]
train:  68%|██████▊   | 82/120 [00:35<00:13,  2.78it/s]
train:  69%|██████▉   | 83/120 [00:36<00:17,  2.12it/s]
train:  70%|███████   | 84/120 [00:36<00:13,  2.75it/s]
train:  71%|███████   | 85/120 [00:37<00:16,  2.14it/s]
train:  72%|███████▏  | 86/120 [00:37<00:12,  2.79it/s]
train:  72%|███████▎  | 87/120 [00:38<00:15,  2.10it/s]
train:  73%|███████▎  | 88/120 [00:38<00:11,  2.73it/s]
train:  74%|███████▍  | 89/120 [00:38<00:14,  2.11it/s]
train:  75%|███████▌  | 90/120 [00:39<00:10,  2.74it/s]
train:  76%|███████▌  | 91/120 [00:39<00:13,  2.10it/s]
train:  77%|███████▋  | 92/120 [00:39<00:10,  2.69it/s]
train:  78%|███████▊  | 93/120 [00:40<00:13,  2.07it/s]
train:  78%|███████▊  | 94/120 [00:40<00:09,  2.66it/s]
train:  79%|███████▉  | 95/120 [00:41<00:11,  2.10it/s]
train:  80%|████████  | 96/120 [00:41<00:08,  2.72it/s]
train:  81%|████████  | 97/120 [00:42<00:10,  2.10it/s]
train:  82%|████████▏ | 98/120 [00:42<00:08,  2.68it/s]
train:  82%|████████▎ | 99/120 [00:43<00:09,  2.16it/s]
train:  83%|████████▎ | 100/120 [00:43<00:07,  2.75it/s]
train:  84%|████████▍ | 101/120 [00:43<00:08,  2.20it/s]
train:  85%|████████▌ | 102/120 [00:44<00:06,  2.78it/s]
train:  86%|████████▌ | 103/120 [00:44<00:07,  2.21it/s]
train:  87%|████████▋ | 104/120 [00:45<00:06,  2.61it/s]
train:  88%|████████▊ | 105/120 [00:45<00:06,  2.20it/s]
train:  88%|████████▊ | 106/120 [00:45<00:05,  2.60it/s]
train:  89%|████████▉ | 107/120 [00:46<00:05,  2.17it/s]
train:  90%|█████████ | 108/120 [00:46<00:04,  2.51it/s]
train:  91%|█████████ | 109/120 [00:47<00:05,  2.19it/s]
train:  92%|█████████▏| 110/120 [00:47<00:04,  2.48it/s]
train:  92%|█████████▎| 111/120 [00:48<00:04,  2.21it/s]
train:  93%|█████████▎| 112/120 [00:48<00:03,  2.54it/s]
train:  94%|█████████▍| 113/120 [00:48<00:03,  2.28it/s]
train:  95%|█████████▌| 114/120 [00:49<00:02,  2.52it/s]
train:  96%|█████████▌| 115/120 [00:49<00:02,  2.27it/s]
train:  97%|█████████▋| 116/120 [00:50<00:01,  2.53it/s]
train:  98%|█████████▊| 117/120 [00:50<00:01,  2.24it/s]
train:  98%|█████████▊| 118/120 [00:50<00:00,  2.55it/s]
train:  99%|█████████▉| 119/120 [00:51<00:00,  2.26it/s]
train: 100%|██████████| 120/120 [00:51<00:00,  2.64it/s]
                                                        

eval:   0%|          | 0/30 [00:00<?, ?it/s]
eval:   3%|▎         | 1/30 [00:00<00:24,  1.18it/s]
eval:  10%|█         | 3/30 [00:01<00:13,  1.96it/s]
eval:  17%|█▋        | 5/30 [00:02<00:11,  2.14it/s]
eval:  23%|██▎       | 7/30 [00:03<00:09,  2.34it/s]
eval:  30%|███       | 9/30 [00:04<00:08,  2.42it/s]
eval:  37%|███▋      | 11/30 [00:04<00:07,  2.49it/s]
eval:  43%|████▎     | 13/30 [00:05<00:06,  2.51it/s]
eval:  50%|█████     | 15/30 [00:06<00:05,  2.53it/s]
eval:  57%|█████▋    | 17/30 [00:07<00:05,  2.53it/s]
eval:  63%|██████▎   | 19/30 [00:07<00:04,  2.57it/s]
eval:  70%|███████   | 21/30 [00:08<00:03,  2.58it/s]
eval:  77%|███████▋  | 23/30 [00:09<00:02,  2.54it/s]
eval:  83%|████████▎ | 25/30 [00:10<00:02,  2.50it/s]
eval:  90%|█████████ | 27/30 [00:11<00:01,  2.56it/s]
eval:  97%|█████████▋| 29/30 [00:12<00:00,  1.81it/s]
                                                     
Epoch 11 | stage 2 | train loss 0.4109 (cls 0.4109, ctr 0.0000) acc 0.9302 f1 0.9307 | val loss 7.9284 (cls 7.9284, ctr 0.0000) acc 0.6375 f1 0.6154 | lr [2.51e-04, 8.37e-06, 8.37e-06]

train:   0%|          | 0/120 [00:00<?, ?it/s]
train:   1%|          | 1/120 [00:00<01:50,  1.08it/s]
train:   2%|▏         | 2/120 [00:01<00:52,  2.23it/s]
train:   2%|▎         | 3/120 [00:01<01:07,  1.73it/s]
train:   3%|▎         | 4/120 [00:01<00:46,  2.51it/s]
train:   4%|▍         | 5/120 [00:02<00:57,  1.99it/s]
train:   5%|▌         | 6/120 [00:02<00:42,  2.68it/s]
train:   6%|▌         | 7/120 [00:03<00:55,  2.05it/s]
train:   7%|▋         | 8/120 [00:03<00:41,  2.73it/s]
train:   8%|▊         | 9/120 [00:04<00:54,  2.04it/s]
train:   8%|▊         | 10/120 [00:04<00:41,  2.66it/s]
train:   9%|▉         | 11/120 [00:05<00:50,  2.14it/s]
train:  10%|█         | 12/120 [00:05<00:38,  2.78it/s]
train:  11%|█         | 13/120 [00:05<00:49,  2.15it/s]
train:  12%|█▏        | 14/120 [00:06<00:37,  2.79it/s]
train:  12%|█▎        | 15/120 [00:06<00:50,  2.09it/s]
train:  13%|█▎        | 16/120 [00:06<00:38,  2.72it/s]
train:  14%|█▍        | 17/120 [00:07<00:48,  2.11it/s]
train:  15%|█▌        | 18/120 [00:07<00:37,  2.74it/s]
train:  16%|█▌        | 19/120 [00:08<00:48,  2.07it/s]
train:  17%|█▋        | 20/120 [00:08<00:37,  2.69it/s]
train:  18%|█▊        | 21/120 [00:09<00:48,  2.03it/s]
train:  18%|█▊        | 22/120 [00:09<00:37,  2.62it/s]
train:  19%|█▉        | 23/120 [00:10<00:46,  2.11it/s]
train:  20%|██        | 24/120 [00:10<00:35,  2.74it/s]
train:  21%|██        | 25/120 [00:11<00:45,  2.10it/s]
train:  22%|██▏       | 26/120 [00:11<00:34,  2.73it/s]
train:  22%|██▎       | 27/120 [00:11<00:44,  2.11it/s]
train:  23%|██▎       | 28/120 [00:11<00:33,  2.75it/s]
train:  24%|██▍       | 29/120 [00:12<00:42,  2.12it/s]
train:  26%|██▌       | 31/120 [00:13<00:39,  2.26it/s]
train:  27%|██▋       | 32/120 [00:13<00:31,  2.77it/s]
train:  28%|██▊       | 33/120 [00:14<00:39,  2.18it/s]
train:  28%|██▊       | 34/120 [00:14<00:31,  2.75it/s]
train:  29%|██▉       | 35/120 [00:15<00:39,  2.17it/s]
train:  30%|███       | 36/120 [00:15<00:30,  2.76it/s]
train:  31%|███       | 37/120 [00:15<00:38,  2.17it/s]
train:  32%|███▏      | 38/120 [00:16<00:29,  2.79it/s]
train:  32%|███▎      | 39/120 [00:16<00:37,  2.16it/s]
train:  33%|███▎      | 40/120 [00:16<00:28,  2.78it/s]
train:  34%|███▍      | 41/120 [00:17<00:36,  2.17it/s]
train:  35%|███▌      | 42/120 [00:17<00:27,  2.80it/s]
train:  36%|███▌      | 43/120 [00:18<00:34,  2.21it/s]
train:  37%|███▋      | 44/120 [00:18<00:26,  2.87it/s]
train:  38%|███▊      | 45/120 [00:19<00:34,  2.16it/s]
train:  38%|███▊      | 46/120 [00:19<00:26,  2.82it/s]
train:  39%|███▉      | 47/120 [00:20<00:33,  2.19it/s]
train:  40%|████      | 48/120 [00:20<00:25,  2.79it/s]
train:  41%|████      | 49/120 [00:20<00:33,  2.13it/s]
train:  42%|████▏     | 50/120 [00:21<00:25,  2.77it/s]
train:  42%|████▎     | 51/120 [00:21<00:31,  2.19it/s]
train:  43%|████▎     | 52/120 [00:21<00:24,  2.82it/s]
train:  44%|████▍     | 53/120 [00:22<00:31,  2.11it/s]
train:  45%|████▌     | 54/120 [00:22<00:24,  2.74it/s]
train:  46%|████▌     | 55/120 [00:23<00:31,  2.09it/s]
train:  47%|████▋     | 56/120 [00:23<00:23,  2.70it/s]
train:  48%|████▊     | 57/120 [00:24<00:29,  2.14it/s]
train:  48%|████▊     | 58/120 [00:24<00:22,  2.80it/s]
train:  49%|████▉     | 59/120 [00:25<00:28,  2.12it/s]
train:  50%|█████     | 60/120 [00:25<00:21,  2.73it/s]
train:  51%|█████     | 61/120 [00:25<00:28,  2.08it/s]
train:  52%|█████▏    | 62/120 [00:26<00:21,  2.70it/s]
train:  52%|█████▎    | 63/120 [00:26<00:27,  2.10it/s]
train:  53%|█████▎    | 64/120 [00:26<00:20,  2.68it/s]
train:  54%|█████▍    | 65/120 [00:27<00:25,  2.12it/s]
train:  55%|█████▌    | 66/120 [00:27<00:20,  2.69it/s]
train:  56%|█████▌    | 67/120 [00:28<00:24,  2.16it/s]
train:  57%|█████▋    | 68/120 [00:28<00:19,  2.63it/s]
train:  57%|█████▊    | 69/120 [00:29<00:23,  2.19it/s]
train:  58%|█████▊    | 70/120 [00:29<00:19,  2.56it/s]
train:  59%|█████▉    | 71/120 [00:30<00:22,  2.18it/s]
train:  60%|██████    | 72/120 [00:30<00:18,  2.63it/s]
train:  61%|██████    | 73/120 [00:30<00:21,  2.19it/s]
train:  62%|██████▏   | 74/120 [00:31<00:17,  2.62it/s]
train:  62%|██████▎   | 75/120 [00:33<00:39,  1.14it/s]
train:  63%|██████▎   | 76/120 [00:33<00:29,  1.48it/s]
train:  64%|██████▍   | 77/120 [00:34<00:28,  1.49it/s]
train:  65%|██████▌   | 78/120 [00:34<00:22,  1.87it/s]
train:  66%|██████▌   | 79/120 [00:34<00:22,  1.80it/s]
train:  67%|██████▋   | 80/120 [00:35<00:18,  2.21it/s]
train:  68%|██████▊   | 81/120 [00:35<00:19,  2.04it/s]
train:  68%|██████▊   | 82/120 [00:35<00:15,  2.44it/s]
train:  69%|██████▉   | 83/120 [00:36<00:17,  2.11it/s]
train:  70%|███████   | 84/120 [00:36<00:14,  2.49it/s]
train:  71%|███████   | 85/120 [00:37<00:16,  2.12it/s]
train:  72%|███████▏  | 86/120 [00:37<00:13,  2.55it/s]
train:  72%|███████▎  | 87/120 [00:38<00:15,  2.15it/s]
train:  73%|███████▎  | 88/120 [00:38<00:12,  2.52it/s]
train:  74%|███████▍  | 89/120 [00:39<00:14,  2.15it/s]
train:  75%|███████▌  | 90/120 [00:39<00:11,  2.59it/s]
train:  76%|███████▌  | 91/120 [00:39<00:13,  2.10it/s]
train:  77%|███████▋  | 92/120 [00:40<00:10,  2.56it/s]
train:  78%|███████▊  | 93/120 [00:40<00:12,  2.16it/s]
train:  78%|███████▊  | 94/120 [00:40<00:10,  2.60it/s]
train:  79%|███████▉  | 95/120 [00:41<00:11,  2.20it/s]
train:  80%|████████  | 96/120 [00:41<00:09,  2.64it/s]
train:  81%|████████  | 97/120 [00:42<00:10,  2.21it/s]
train:  82%|████████▏ | 98/120 [00:42<00:08,  2.62it/s]
train:  82%|████████▎ | 99/120 [00:43<00:09,  2.23it/s]
train:  83%|████████▎ | 100/120 [00:43<00:07,  2.65it/s]
train:  84%|████████▍ | 101/120 [00:44<00:08,  2.24it/s]
train:  85%|████████▌ | 102/120 [00:44<00:06,  2.59it/s]
train:  86%|████████▌ | 103/120 [00:44<00:07,  2.25it/s]
train:  87%|████████▋ | 104/120 [00:45<00:06,  2.61it/s]
train:  88%|████████▊ | 105/120 [00:45<00:06,  2.28it/s]
train:  88%|████████▊ | 106/120 [00:45<00:05,  2.62it/s]
train:  89%|████████▉ | 107/120 [00:46<00:05,  2.24it/s]
train:  90%|█████████ | 108/120 [00:46<00:04,  2.57it/s]
train:  91%|█████████ | 109/120 [00:47<00:04,  2.23it/s]
train:  92%|█████████▏| 110/120 [00:47<00:03,  2.58it/s]
train:  92%|█████████▎| 111/120 [00:48<00:04,  2.21it/s]
train:  93%|█████████▎| 112/120 [00:48<00:03,  2.60it/s]
train:  94%|█████████▍| 113/120 [00:49<00:03,  2.16it/s]
train:  95%|█████████▌| 114/120 [00:49<00:02,  2.56it/s]
train:  96%|█████████▌| 115/120 [00:49<00:02,  2.20it/s]
train:  97%|█████████▋| 116/120 [00:50<00:01,  2.55it/s]
train:  98%|█████████▊| 117/120 [00:50<00:01,  2.23it/s]
train:  98%|█████████▊| 118/120 [00:50<00:00,  2.67it/s]
train:  99%|█████████▉| 119/120 [00:51<00:00,  2.28it/s]
train: 100%|██████████| 120/120 [00:51<00:00,  2.78it/s]
                                                        

eval:   0%|          | 0/30 [00:00<?, ?it/s]
eval:   3%|▎         | 1/30 [00:00<00:23,  1.23it/s]
eval:  10%|█         | 3/30 [00:01<00:13,  2.00it/s]
eval:  17%|█▋        | 5/30 [00:02<00:11,  2.20it/s]
eval:  23%|██▎       | 7/30 [00:03<00:09,  2.39it/s]
eval:  30%|███       | 9/30 [00:03<00:08,  2.47it/s]
eval:  37%|███▋      | 11/30 [00:04<00:07,  2.53it/s]
eval:  43%|████▎     | 13/30 [00:05<00:06,  2.51it/s]
eval:  50%|█████     | 15/30 [00:06<00:05,  2.53it/s]
eval:  57%|█████▋    | 17/30 [00:07<00:05,  2.52it/s]
eval:  63%|██████▎   | 19/30 [00:07<00:04,  2.54it/s]
eval:  70%|███████   | 21/30 [00:08<00:03,  2.56it/s]
eval:  77%|███████▋  | 23/30 [00:09<00:02,  2.54it/s]
eval:  83%|████████▎ | 25/30 [00:10<00:01,  2.50it/s]
eval:  90%|█████████ | 27/30 [00:10<00:01,  2.53it/s]
eval:  97%|█████████▋| 29/30 [00:11<00:00,  2.56it/s]
                                                     
Epoch 12 | stage 2 | train loss 0.4054 (cls 0.4054, ctr 0.0000) acc 0.9333 f1 0.9312 | val loss 7.3122 (cls 7.3122, ctr 0.0000) acc 0.5708 f1 0.5524 | lr [2.37e-04, 7.91e-06, 7.91e-06]

train:   0%|          | 0/120 [00:00<?, ?it/s]
train:   1%|          | 1/120 [00:00<01:53,  1.04it/s]
train:   2%|▏         | 2/120 [00:01<00:54,  2.16it/s]
train:   2%|▎         | 3/120 [00:03<02:17,  1.18s/it]
train:   3%|▎         | 4/120 [00:03<01:28,  1.32it/s]
train:   4%|▍         | 5/120 [00:03<01:24,  1.36it/s]
train:   5%|▌         | 6/120 [00:04<00:59,  1.90it/s]
train:   6%|▌         | 7/120 [00:04<01:09,  1.63it/s]
train:   7%|▋         | 8/120 [00:04<00:51,  2.19it/s]
train:   8%|▊         | 9/120 [00:05<00:59,  1.87it/s]
train:   8%|▊         | 10/120 [00:05<00:44,  2.48it/s]
train:   9%|▉         | 11/120 [00:06<00:54,  1.99it/s]
train:  10%|█         | 12/120 [00:06<00:41,  2.60it/s]
train:  11%|█         | 13/120 [00:07<00:52,  2.03it/s]
train:  12%|█▏        | 14/120 [00:07<00:40,  2.63it/s]
train:  12%|█▎        | 15/120 [00:08<00:51,  2.03it/s]
train:  13%|█▎        | 16/120 [00:08<00:39,  2.65it/s]
train:  14%|█▍        | 17/120 [00:09<00:50,  2.06it/s]
train:  15%|█▌        | 18/120 [00:09<00:38,  2.66it/s]
train:  16%|█▌        | 19/120 [00:09<00:49,  2.04it/s]
train:  17%|█▋        | 20/120 [00:10<00:37,  2.65it/s]
train:  18%|█▊        | 21/120 [00:10<00:48,  2.02it/s]
train:  18%|█▊        | 22/120 [00:10<00:37,  2.65it/s]
train:  19%|█▉        | 23/120 [00:11<00:48,  1.99it/s]
train:  20%|██        | 24/120 [00:11<00:37,  2.58it/s]
train:  21%|██        | 25/120 [00:12<00:45,  2.08it/s]
train:  22%|██▏       | 26/120 [00:12<00:34,  2.73it/s]
train:  22%|██▎       | 27/120 [00:13<00:43,  2.15it/s]
train:  24%|██▍       | 29/120 [00:14<00:39,  2.30it/s]
train:  26%|██▌       | 31/120 [00:14<00:36,  2.42it/s]
train:  27%|██▋       | 32/120 [00:14<00:30,  2.91it/s]
train:  28%|██▊       | 33/120 [00:15<00:36,  2.39it/s]
train:  28%|██▊       | 34/120 [00:15<00:29,  2.94it/s]
train:  29%|██▉       | 35/120 [00:16<00:35,  2.36it/s]
train:  30%|███       | 36/120 [00:16<00:28,  2.98it/s]
train:  31%|███       | 37/120 [00:17<00:35,  2.32it/s]
train:  32%|███▏      | 38/120 [00:17<00:27,  2.96it/s]
train:  32%|███▎      | 39/120 [00:18<00:36,  2.21it/s]
train:  33%|███▎      | 40/120 [00:18<00:27,  2.86it/s]
train:  34%|███▍      | 41/120 [00:18<00:36,  2.15it/s]
train:  35%|███▌      | 42/120 [00:18<00:27,  2.80it/s]
train:  36%|███▌      | 43/120 [00:19<00:35,  2.15it/s]
train:  37%|███▋      | 44/120 [00:19<00:27,  2.78it/s]
train:  38%|███▊      | 45/120 [00:20<00:36,  2.07it/s]
train:  38%|███▊      | 46/120 [00:20<00:27,  2.70it/s]
train:  39%|███▉      | 47/120 [00:21<00:34,  2.11it/s]
train:  40%|████      | 48/120 [00:21<00:26,  2.74it/s]
train:  41%|████      | 49/120 [00:22<00:33,  2.12it/s]
train:  42%|████▏     | 50/120 [00:22<00:25,  2.74it/s]
train:  42%|████▎     | 51/120 [00:23<00:32,  2.13it/s]
train:  44%|████▍     | 53/120 [00:23<00:30,  2.18it/s]
train:  45%|████▌     | 54/120 [00:24<00:24,  2.67it/s]
train:  46%|████▌     | 55/120 [00:24<00:29,  2.17it/s]
train:  47%|████▋     | 56/120 [00:24<00:23,  2.74it/s]
train:  48%|████▊     | 57/120 [00:25<00:29,  2.14it/s]
train:  48%|████▊     | 58/120 [00:25<00:22,  2.74it/s]
train:  49%|████▉     | 59/120 [00:26<00:28,  2.12it/s]
train:  50%|█████     | 60/120 [00:26<00:22,  2.72it/s]
train:  51%|█████     | 61/120 [00:27<00:27,  2.15it/s]
train:  52%|█████▏    | 62/120 [00:27<00:20,  2.80it/s]
train:  52%|█████▎    | 63/120 [00:28<00:26,  2.17it/s]
train:  53%|█████▎    | 64/120 [00:28<00:19,  2.82it/s]
train:  54%|█████▍    | 65/120 [00:28<00:25,  2.13it/s]
train:  55%|█████▌    | 66/120 [00:29<00:19,  2.74it/s]
train:  56%|█████▌    | 67/120 [00:29<00:24,  2.15it/s]
train:  57%|█████▋    | 68/120 [00:29<00:18,  2.79it/s]
train:  57%|█████▊    | 69/120 [00:30<00:24,  2.11it/s]
train:  58%|█████▊    | 70/120 [00:30<00:18,  2.74it/s]
train:  59%|█████▉    | 71/120 [00:31<00:22,  2.13it/s]
train:  60%|██████    | 72/120 [00:31<00:17,  2.78it/s]
train:  61%|██████    | 73/120 [00:32<00:23,  2.02it/s]
train:  62%|██████▏   | 74/120 [00:32<00:17,  2.61it/s]
train:  62%|██████▎   | 75/120 [00:33<00:21,  2.07it/s]
train:  63%|██████▎   | 76/120 [00:33<00:16,  2.70it/s]
train:  64%|██████▍   | 77/120 [00:34<00:21,  2.04it/s]
train:  65%|██████▌   | 78/120 [00:34<00:16,  2.62it/s]
train:  66%|██████▌   | 79/120 [00:34<00:19,  2.06it/s]
train:  67%|██████▋   | 80/120 [00:36<00:30,  1.32it/s]
train:  68%|██████▊   | 81/120 [00:37<00:29,  1.33it/s]
train:  68%|██████▊   | 82/120 [00:37<00:21,  1.79it/s]
train:  69%|██████▉   | 83/120 [00:37<00:22,  1.65it/s]
train:  70%|███████   | 84/120 [00:37<00:16,  2.18it/s]
train:  71%|███████   | 85/120 [00:38<00:19,  1.84it/s]
train:  72%|███████▏  | 86/120 [00:38<00:14,  2.41it/s]
train:  72%|███████▎  | 87/120 [00:39<00:16,  1.95it/s]
train:  73%|███████▎  | 88/120 [00:39<00:12,  2.53it/s]
train:  74%|███████▍  | 89/120 [00:40<00:14,  2.08it/s]
train:  75%|███████▌  | 90/120 [00:40<00:11,  2.70it/s]
train:  76%|███████▌  | 91/120 [00:41<00:13,  2.09it/s]
train:  77%|███████▋  | 92/120 [00:41<00:10,  2.73it/s]
train:  78%|███████▊  | 93/120 [00:42<00:13,  2.06it/s]
train:  78%|███████▊  | 94/120 [00:42<00:09,  2.69it/s]
train:  79%|███████▉  | 95/120 [00:42<00:11,  2.11it/s]
train:  80%|████████  | 96/120 [00:43<00:08,  2.74it/s]
train:  81%|████████  | 97/120 [00:43<00:10,  2.09it/s]
train:  82%|████████▏ | 98/120 [00:43<00:08,  2.71it/s]
train:  82%|████████▎ | 99/120 [00:44<00:09,  2.11it/s]
train:  83%|████████▎ | 100/120 [00:44<00:07,  2.73it/s]
train:  84%|████████▍ | 101/120 [00:45<00:08,  2.12it/s]
train:  85%|████████▌ | 102/120 [00:45<00:06,  2.77it/s]
train:  86%|████████▌ | 103/120 [00:46<00:08,  2.11it/s]
train:  87%|████████▋ | 104/120 [00:46<00:05,  2.76it/s]
train:  88%|████████▊ | 105/120 [00:47<00:06,  2.17it/s]
train:  88%|████████▊ | 106/120 [00:47<00:04,  2.83it/s]
train:  89%|████████▉ | 107/120 [00:47<00:06,  2.17it/s]
train:  90%|█████████ | 108/120 [00:47<00:04,  2.82it/s]
train:  91%|█████████ | 109/120 [00:48<00:05,  2.17it/s]
train:  92%|█████████▏| 110/120 [00:48<00:03,  2.82it/s]
train:  92%|█████████▎| 111/120 [00:49<00:04,  2.24it/s]
train:  94%|█████████▍| 113/120 [00:50<00:02,  2.35it/s]
train:  95%|█████████▌| 114/120 [00:50<00:02,  2.87it/s]
train:  96%|█████████▌| 115/120 [00:51<00:02,  2.26it/s]
train:  97%|█████████▋| 116/120 [00:51<00:01,  2.84it/s]
train:  98%|█████████▊| 117/120 [00:51<00:01,  2.16it/s]
train:  98%|█████████▊| 118/120 [00:52<00:00,  2.75it/s]
train:  99%|█████████▉| 119/120 [00:52<00:00,  2.15it/s]
train: 100%|██████████| 120/120 [00:52<00:00,  2.75it/s]
                                                        

eval:   0%|          | 0/30 [00:00<?, ?it/s]
eval:   3%|▎         | 1/30 [00:00<00:25,  1.15it/s]
eval:  10%|█         | 3/30 [00:01<00:14,  1.92it/s]
eval:  17%|█▋        | 5/30 [00:02<00:11,  2.09it/s]
eval:  23%|██▎       | 7/30 [00:03<00:10,  2.27it/s]
eval:  30%|███       | 9/30 [00:04<00:08,  2.36it/s]
eval:  37%|███▋      | 11/30 [00:04<00:07,  2.44it/s]
eval:  43%|████▎     | 13/30 [00:05<00:06,  2.45it/s]
eval:  50%|█████     | 15/30 [00:06<00:06,  2.46it/s]
eval:  57%|█████▋    | 17/30 [00:07<00:05,  2.45it/s]
eval:  63%|██████▎   | 19/30 [00:08<00:04,  2.49it/s]
eval:  70%|███████   | 21/30 [00:08<00:03,  2.51it/s]
eval:  77%|███████▋  | 23/30 [00:09<00:02,  2.50it/s]
eval:  83%|████████▎ | 25/30 [00:10<00:02,  2.45it/s]
eval:  90%|█████████ | 27/30 [00:11<00:01,  2.50it/s]
eval:  97%|█████████▋| 29/30 [00:12<00:00,  2.52it/s]
                                                     
Epoch 13 | stage 2 | train loss 0.3744 (cls 0.3744, ctr 0.0000) acc 0.9260 f1 0.9237 | val loss 7.4615 (cls 7.4615, ctr 0.0000) acc 0.5833 f1 0.5359 | lr [2.22e-04, 7.42e-06, 7.42e-06]

train:   0%|          | 0/120 [00:00<?, ?it/s]
train:   1%|          | 1/120 [00:00<01:54,  1.04it/s]
train:   2%|▏         | 2/120 [00:01<00:54,  2.18it/s]
train:   2%|▎         | 3/120 [00:01<01:09,  1.69it/s]
train:   3%|▎         | 4/120 [00:01<00:46,  2.48it/s]
train:   4%|▍         | 5/120 [00:02<01:00,  1.90it/s]
train:   5%|▌         | 6/120 [00:02<00:44,  2.59it/s]
train:   6%|▌         | 7/120 [00:04<01:47,  1.05it/s]
train:   7%|▋         | 8/120 [00:05<01:16,  1.47it/s]
train:   8%|▊         | 9/120 [00:05<01:17,  1.43it/s]
train:   8%|▊         | 10/120 [00:05<00:57,  1.93it/s]
train:   9%|▉         | 11/120 [00:06<01:03,  1.71it/s]
train:  10%|█         | 12/120 [00:06<00:47,  2.27it/s]
train:  11%|█         | 13/120 [00:07<00:56,  1.89it/s]
train:  12%|█▏        | 14/120 [00:07<00:42,  2.48it/s]
train:  12%|█▎        | 15/120 [00:08<00:52,  1.99it/s]
train:  13%|█▎        | 16/120 [00:08<00:40,  2.59it/s]
train:  14%|█▍        | 17/120 [00:09<00:51,  2.02it/s]
train:  15%|█▌        | 18/120 [00:09<00:38,  2.62it/s]
train:  16%|█▌        | 19/120 [00:10<00:49,  2.03it/s]
train:  17%|█▋        | 20/120 [00:10<00:37,  2.67it/s]
train:  18%|█▊        | 21/120 [00:10<00:47,  2.06it/s]
train:  18%|█▊        | 22/120 [00:10<00:36,  2.68it/s]
train:  19%|█▉        | 23/120 [00:11<00:49,  1.95it/s]
train:  20%|██        | 24/120 [00:11<00:37,  2.55it/s]
train:  21%|██        | 25/120 [00:12<00:48,  1.96it/s]
train:  22%|██▏       | 26/120 [00:12<00:36,  2.57it/s]
train:  22%|██▎       | 27/120 [00:13<00:46,  2.01it/s]
train:  23%|██▎       | 28/120 [00:13<00:35,  2.61it/s]
train:  24%|██▍       | 29/120 [00:14<00:43,  2.09it/s]
train:  25%|██▌       | 30/120 [00:14<00:33,  2.73it/s]
train:  26%|██▌       | 31/120 [00:15<00:41,  2.14it/s]
train:  27%|██▋       | 32/120 [00:15<00:31,  2.79it/s]
train:  28%|██▊       | 33/120 [00:15<00:38,  2.26it/s]
train:  29%|██▉       | 35/120 [00:16<00:36,  2.33it/s]
train:  30%|███       | 36/120 [00:16<00:29,  2.88it/s]
train:  31%|███       | 37/120 [00:17<00:35,  2.32it/s]
train:  32%|███▏      | 38/120 [00:17<00:27,  2.93it/s]
train:  32%|███▎      | 39/120 [00:18<00:35,  2.30it/s]
train:  33%|███▎      | 40/120 [00:18<00:27,  2.93it/s]
train:  34%|███▍      | 41/120 [00:19<00:33,  2.33it/s]
train:  35%|███▌      | 42/120 [00:19<00:26,  2.98it/s]
train:  36%|███▌      | 43/120 [00:19<00:35,  2.18it/s]
train:  37%|███▋      | 44/120 [00:20<00:27,  2.79it/s]
train:  38%|███▊      | 45/120 [00:20<00:35,  2.12it/s]
train:  38%|███▊      | 46/120 [00:20<00:27,  2.74it/s]
train:  39%|███▉      | 47/120 [00:21<00:34,  2.14it/s]
train:  40%|████      | 48/120 [00:21<00:25,  2.77it/s]
train:  41%|████      | 49/120 [00:22<00:33,  2.14it/s]
train:  42%|████▏     | 50/120 [00:22<00:25,  2.79it/s]
train:  42%|████▎     | 51/120 [00:23<00:32,  2.15it/s]
train:  43%|████▎     | 52/120 [00:23<00:24,  2.79it/s]
train:  44%|████▍     | 53/120 [00:24<00:31,  2.11it/s]
train:  45%|████▌     | 54/120 [00:24<00:23,  2.75it/s]
train:  46%|████▌     | 55/120 [00:24<00:31,  2.07it/s]
train:  47%|████▋     | 56/120 [00:25<00:23,  2.70it/s]
train:  48%|████▊     | 57/120 [00:25<00:30,  2.08it/s]
train:  48%|████▊     | 58/120 [00:25<00:23,  2.68it/s]
train:  49%|████▉     | 59/120 [00:26<00:29,  2.06it/s]
train:  50%|█████     | 60/120 [00:26<00:22,  2.70it/s]
train:  51%|█████     | 61/120 [00:27<00:28,  2.06it/s]
train:  52%|█████▏    | 62/120 [00:27<00:21,  2.66it/s]
train:  52%|█████▎    | 63/120 [00:28<00:27,  2.07it/s]
train:  53%|█████▎    | 64/120 [00:28<00:20,  2.71it/s]
train:  54%|█████▍    | 65/120 [00:29<00:26,  2.09it/s]
train:  55%|█████▌    | 66/120 [00:29<00:19,  2.71it/s]
train:  56%|█████▌    | 67/120 [00:30<00:24,  2.13it/s]
train:  57%|█████▋    | 68/120 [00:30<00:18,  2.77it/s]
train:  57%|█████▊    | 69/120 [00:30<00:24,  2.10it/s]
train:  58%|█████▊    | 70/120 [00:30<00:18,  2.75it/s]
train:  59%|█████▉    | 71/120 [00:31<00:23,  2.09it/s]
train:  60%|██████    | 72/120 [00:31<00:17,  2.73it/s]
train:  61%|██████    | 73/120 [00:32<00:22,  2.08it/s]
train:  62%|██████▏   | 74/120 [00:32<00:17,  2.69it/s]
train:  62%|██████▎   | 75/120 [00:33<00:21,  2.12it/s]
train:  63%|██████▎   | 76/120 [00:33<00:15,  2.76it/s]
train:  64%|██████▍   | 77/120 [00:34<00:20,  2.10it/s]
train:  65%|██████▌   | 78/120 [00:34<00:15,  2.71it/s]
train:  66%|██████▌   | 79/120 [00:35<00:19,  2.11it/s]
train:  67%|██████▋   | 80/120 [00:35<00:14,  2.71it/s]
train:  68%|██████▊   | 81/120 [00:35<00:18,  2.10it/s]
train:  68%|██████▊   | 82/120 [00:36<00:13,  2.73it/s]
train:  69%|██████▉   | 83/120 [00:36<00:18,  2.04it/s]
train:  70%|███████   | 84/120 [00:36<00:13,  2.65it/s]
train:  71%|███████   | 85/120 [00:37<00:17,  2.04it/s]
train:  72%|███████▏  | 86/120 [00:37<00:12,  2.65it/s]
train:  72%|███████▎  | 87/120 [00:38<00:16,  2.03it/s]
train:  73%|███████▎  | 88/120 [00:38<00:12,  2.63it/s]
train:  74%|███████▍  | 89/120 [00:39<00:15,  2.03it/s]
train:  75%|███████▌  | 90/120 [00:39<00:11,  2.62it/s]
train:  76%|███████▌  | 91/120 [00:40<00:14,  1.98it/s]
train:  77%|███████▋  | 92/120 [00:40<00:10,  2.58it/s]
train:  78%|███████▊  | 93/120 [00:41<00:13,  1.94it/s]
train:  78%|███████▊  | 94/120 [00:41<00:10,  2.53it/s]
train:  79%|███████▉  | 95/120 [00:42<00:12,  2.01it/s]
train:  80%|████████  | 96/120 [00:42<00:09,  2.62it/s]
train:  81%|████████  | 97/120 [00:43<00:11,  2.03it/s]
train:  82%|████████▏ | 98/120 [00:43<00:08,  2.63it/s]
train:  82%|████████▎ | 99/120 [00:43<00:10,  2.05it/s]
train:  83%|████████▎ | 100/120 [00:43<00:07,  2.66it/s]
train:  84%|████████▍ | 101/120 [00:44<00:09,  2.08it/s]
train:  85%|████████▌ | 102/120 [00:44<00:06,  2.69it/s]
train:  86%|████████▌ | 103/120 [00:45<00:08,  2.04it/s]
train:  87%|████████▋ | 104/120 [00:45<00:06,  2.64it/s]
train:  88%|████████▊ | 105/120 [00:46<00:07,  2.03it/s]
train:  88%|████████▊ | 106/120 [00:46<00:05,  2.66it/s]
train:  89%|████████▉ | 107/120 [00:47<00:06,  2.01it/s]
train:  90%|█████████ | 108/120 [00:47<00:04,  2.60it/s]
train:  91%|█████████ | 109/120 [00:48<00:05,  2.07it/s]
train:  92%|█████████▏| 110/120 [00:48<00:03,  2.71it/s]
train:  92%|█████████▎| 111/120 [00:49<00:04,  2.11it/s]
train:  93%|█████████▎| 112/120 [00:49<00:02,  2.73it/s]
train:  94%|█████████▍| 113/120 [00:49<00:03,  2.12it/s]
train:  95%|█████████▌| 114/120 [00:49<00:02,  2.76it/s]
train:  96%|█████████▌| 115/120 [00:50<00:02,  2.06it/s]
train:  97%|█████████▋| 116/120 [00:50<00:01,  2.68it/s]
train:  98%|█████████▊| 117/120 [00:51<00:01,  2.05it/s]
train:  98%|█████████▊| 118/120 [00:51<00:00,  2.66it/s]
train:  99%|█████████▉| 119/120 [00:52<00:00,  2.06it/s]
train: 100%|██████████| 120/120 [00:52<00:00,  2.68it/s]
                                                        

eval:   0%|          | 0/30 [00:00<?, ?it/s]
eval:   3%|▎         | 1/30 [00:00<00:26,  1.11it/s]
eval:  10%|█         | 3/30 [00:01<00:14,  1.81it/s]
eval:  17%|█▋        | 5/30 [00:02<00:12,  1.94it/s]
eval:  23%|██▎       | 7/30 [00:03<00:11,  2.08it/s]
eval:  30%|███       | 9/30 [00:04<00:09,  2.14it/s]
eval:  37%|███▋      | 11/30 [00:05<00:08,  2.18it/s]
eval:  43%|████▎     | 13/30 [00:06<00:07,  2.20it/s]
eval:  50%|█████     | 15/30 [00:07<00:06,  2.21it/s]
eval:  57%|█████▋    | 17/30 [00:08<00:05,  2.22it/s]
eval:  63%|██████▎   | 19/30 [00:08<00:04,  2.23it/s]
eval:  70%|███████   | 21/30 [00:09<00:04,  2.25it/s]
eval:  77%|███████▋  | 23/30 [00:10<00:03,  2.23it/s]
eval:  83%|████████▎ | 25/30 [00:11<00:02,  2.19it/s]
eval:  90%|█████████ | 27/30 [00:12<00:01,  2.23it/s]
eval:  97%|█████████▋| 29/30 [00:13<00:00,  2.30it/s]
                                                     
Epoch 14 | stage 2 | train loss 0.2933 (cls 0.2933, ctr 0.0000) acc 0.9375 f1 0.9354 | val loss 5.9151 (cls 5.9151, ctr 0.0000) acc 0.6333 f1 0.6153 | lr [2.07e-04, 6.89e-06, 6.89e-06]

train:   0%|          | 0/120 [00:00<?, ?it/s]
train:   1%|          | 1/120 [00:00<01:55,  1.03it/s]
train:   2%|▏         | 2/120 [00:01<00:55,  2.12it/s]
train:   2%|▎         | 3/120 [00:01<01:11,  1.65it/s]
train:   3%|▎         | 4/120 [00:01<00:48,  2.38it/s]
train:   4%|▍         | 5/120 [00:02<01:01,  1.87it/s]
train:   5%|▌         | 6/120 [00:02<00:45,  2.52it/s]
train:   6%|▌         | 7/120 [00:03<00:55,  2.02it/s]
train:   7%|▋         | 8/120 [00:03<00:41,  2.68it/s]
train:   8%|▊         | 9/120 [00:04<00:54,  2.05it/s]
train:   8%|▊         | 10/120 [00:04<00:40,  2.70it/s]
train:   9%|▉         | 11/120 [00:05<00:53,  2.04it/s]
train:  10%|█         | 12/120 [00:05<00:40,  2.68it/s]
train:  11%|█         | 13/120 [00:06<00:52,  2.05it/s]
train:  12%|█▏        | 14/120 [00:06<00:39,  2.67it/s]
train:  12%|█▎        | 15/120 [00:07<00:51,  2.03it/s]
train:  13%|█▎        | 16/120 [00:07<00:39,  2.62it/s]
train:  14%|█▍        | 17/120 [00:07<00:50,  2.03it/s]
train:  15%|█▌        | 18/120 [00:07<00:38,  2.65it/s]
train:  16%|█▌        | 19/120 [00:08<00:50,  2.00it/s]
train:  17%|█▋        | 20/120 [00:08<00:38,  2.59it/s]
train:  18%|█▊        | 21/120 [00:09<00:50,  1.98it/s]
train:  18%|█▊        | 22/120 [00:09<00:38,  2.57it/s]
train:  19%|█▉        | 23/120 [00:10<00:47,  2.06it/s]
train:  20%|██        | 24/120 [00:10<00:35,  2.67it/s]
train:  21%|██        | 25/120 [00:11<00:46,  2.06it/s]
train:  22%|██▏       | 26/120 [00:11<00:35,  2.66it/s]
train:  22%|██▎       | 27/120 [00:12<00:45,  2.04it/s]
train:  23%|██▎       | 28/120 [00:12<00:34,  2.65it/s]
train:  24%|██▍       | 29/120 [00:13<00:44,  2.04it/s]
train:  25%|██▌       | 30/120 [00:13<00:34,  2.62it/s]
train:  26%|██▌       | 31/120 [00:13<00:43,  2.06it/s]
train:  27%|██▋       | 32/120 [00:14<00:33,  2.62it/s]
train:  28%|██▊       | 33/120 [00:14<00:41,  2.09it/s]
train:  28%|██▊       | 34/120 [00:15<00:33,  2.56it/s]
train:  29%|██▉       | 35/120 [00:15<00:41,  2.07it/s]
train:  30%|███       | 36/120 [00:15<00:33,  2.49it/s]
train:  31%|███       | 37/120 [00:16<00:40,  2.03it/s]
train:  32%|███▏      | 38/120 [00:17<00:54,  1.51it/s]
train:  32%|███▎      | 39/120 [00:18<00:53,  1.52it/s]
train:  33%|███▎      | 40/120 [00:18<00:42,  1.88it/s]
train:  34%|███▍      | 41/120 [00:19<00:44,  1.78it/s]
train:  35%|███▌      | 42/120 [00:19<00:36,  2.12it/s]
train:  36%|███▌      | 43/120 [00:20<00:39,  1.97it/s]
train:  37%|███▋      | 44/120 [00:20<00:33,  2.30it/s]
train:  38%|███▊      | 45/120 [00:20<00:36,  2.05it/s]
train:  38%|███▊      | 46/120 [00:21<00:30,  2.41it/s]
train:  39%|███▉      | 47/120 [00:21<00:35,  2.04it/s]
train:  40%|████      | 48/120 [00:22<00:29,  2.44it/s]
train:  41%|████      | 49/120 [00:22<00:35,  2.00it/s]
train:  42%|████▏     | 50/120 [00:22<00:28,  2.43it/s]
train:  42%|████▎     | 51/120 [00:23<00:33,  2.05it/s]
train:  43%|████▎     | 52/120 [00:23<00:27,  2.47it/s]
train:  44%|████▍     | 53/120 [00:24<00:32,  2.09it/s]
train:  45%|████▌     | 54/120 [00:24<00:27,  2.43it/s]
train:  46%|████▌     | 55/120 [00:25<00:31,  2.08it/s]
train:  47%|████▋     | 56/120 [00:25<00:25,  2.51it/s]
train:  48%|████▊     | 57/120 [00:26<00:30,  2.07it/s]
train:  48%|████▊     | 58/120 [00:26<00:24,  2.51it/s]
train:  49%|████▉     | 59/120 [00:27<00:29,  2.08it/s]
train:  50%|█████     | 60/120 [00:27<00:23,  2.60it/s]
train:  51%|█████     | 61/120 [00:27<00:27,  2.12it/s]
train:  52%|█████▏    | 62/120 [00:28<00:21,  2.65it/s]
train:  52%|█████▎    | 63/120 [00:28<00:26,  2.14it/s]
train:  53%|█████▎    | 64/120 [00:29<00:22,  2.53it/s]
train:  54%|█████▍    | 65/120 [00:29<00:26,  2.06it/s]
train:  55%|█████▌    | 66/120 [00:30<00:22,  2.41it/s]
train:  56%|█████▌    | 67/120 [00:30<00:25,  2.06it/s]
train:  57%|█████▋    | 68/120 [00:30<00:20,  2.50it/s]
train:  57%|█████▊    | 69/120 [00:31<00:24,  2.04it/s]
train:  58%|█████▊    | 70/120 [00:31<00:20,  2.49it/s]
train:  59%|█████▉    | 71/120 [00:32<00:24,  2.04it/s]
train:  60%|██████    | 72/120 [00:32<00:19,  2.48it/s]
train:  61%|██████    | 73/120 [00:33<00:22,  2.08it/s]
train:  62%|██████▏   | 74/120 [00:33<00:18,  2.42it/s]
train:  62%|██████▎   | 75/120 [00:34<00:21,  2.14it/s]
train:  63%|██████▎   | 76/120 [00:34<00:17,  2.46it/s]
train:  64%|██████▍   | 77/120 [00:34<00:19,  2.20it/s]
train:  65%|██████▌   | 78/120 [00:35<00:17,  2.44it/s]
train:  66%|██████▌   | 79/120 [00:35<00:18,  2.20it/s]
train:  67%|██████▋   | 80/120 [00:36<00:16,  2.46it/s]
train:  68%|██████▊   | 81/120 [00:36<00:17,  2.20it/s]
train:  68%|██████▊   | 82/120 [00:36<00:15,  2.52it/s]
train:  69%|██████▉   | 83/120 [00:37<00:16,  2.20it/s]
train:  70%|███████   | 84/120 [00:37<00:14,  2.50it/s]
train:  71%|███████   | 85/120 [00:38<00:16,  2.08it/s]
train:  72%|███████▏  | 86/120 [00:38<00:14,  2.41it/s]
train:  72%|███████▎  | 87/120 [00:39<00:15,  2.07it/s]
train:  73%|███████▎  | 88/120 [00:39<00:12,  2.48it/s]
train:  74%|███████▍  | 89/120 [00:40<00:14,  2.09it/s]
train:  75%|███████▌  | 90/120 [00:40<00:12,  2.50it/s]
train:  76%|███████▌  | 91/120 [00:41<00:13,  2.09it/s]
train:  77%|███████▋  | 92/120 [00:41<00:11,  2.46it/s]
train:  78%|███████▊  | 93/120 [00:42<00:12,  2.12it/s]
train:  78%|███████▊  | 94/120 [00:42<00:10,  2.48it/s]
train:  79%|███████▉  | 95/120 [00:42<00:11,  2.19it/s]
train:  80%|████████  | 96/120 [00:43<00:09,  2.47it/s]
train:  81%|████████  | 97/120 [00:43<00:10,  2.16it/s]
train:  82%|████████▏ | 98/120 [00:44<00:09,  2.42it/s]
train:  82%|████████▎ | 99/120 [00:44<00:09,  2.14it/s]
train:  83%|████████▎ | 100/120 [00:44<00:08,  2.45it/s]
train:  84%|████████▍ | 101/120 [00:45<00:08,  2.24it/s]
train:  85%|████████▌ | 102/120 [00:45<00:06,  2.64it/s]
train:  86%|████████▌ | 103/120 [00:46<00:07,  2.28it/s]
train:  87%|████████▋ | 104/120 [00:46<00:06,  2.67it/s]
train:  88%|████████▊ | 105/120 [00:47<00:06,  2.31it/s]
train:  88%|████████▊ | 106/120 [00:47<00:05,  2.69it/s]
train:  89%|████████▉ | 107/120 [00:47<00:05,  2.26it/s]
train:  90%|█████████ | 108/120 [00:48<00:04,  2.69it/s]
train:  91%|█████████ | 109/120 [00:48<00:04,  2.24it/s]
train:  92%|█████████▏| 110/120 [00:48<00:03,  2.67it/s]
train:  92%|█████████▎| 111/120 [00:49<00:03,  2.33it/s]
train:  93%|█████████▎| 112/120 [00:49<00:03,  2.65it/s]
train:  94%|█████████▍| 113/120 [00:50<00:04,  1.68it/s]
train:  95%|█████████▌| 114/120 [00:51<00:02,  2.00it/s]
train:  96%|█████████▌| 115/120 [00:51<00:02,  1.89it/s]
train:  97%|█████████▋| 116/120 [00:51<00:01,  2.27it/s]
train:  98%|█████████▊| 117/120 [00:52<00:01,  2.09it/s]
train:  98%|█████████▊| 118/120 [00:52<00:00,  2.45it/s]
train:  99%|█████████▉| 119/120 [00:53<00:00,  2.14it/s]
train: 100%|██████████| 120/120 [00:53<00:00,  2.59it/s]
                                                        

eval:   0%|          | 0/30 [00:00<?, ?it/s]
eval:   3%|▎         | 1/30 [00:00<00:23,  1.23it/s]
eval:  10%|█         | 3/30 [00:01<00:13,  2.03it/s]
eval:  17%|█▋        | 5/30 [00:02<00:11,  2.23it/s]
eval:  23%|██▎       | 7/30 [00:03<00:09,  2.44it/s]
eval:  30%|███       | 9/30 [00:03<00:08,  2.50it/s]
eval:  37%|███▋      | 11/30 [00:04<00:07,  2.53it/s]
eval:  43%|████▎     | 13/30 [00:05<00:06,  2.56it/s]
eval:  50%|█████     | 15/30 [00:06<00:05,  2.52it/s]
eval:  57%|█████▋    | 17/30 [00:07<00:05,  2.48it/s]
eval:  63%|██████▎   | 19/30 [00:07<00:04,  2.51it/s]
eval:  70%|███████   | 21/30 [00:08<00:03,  2.52it/s]
eval:  77%|███████▋  | 23/30 [00:09<00:02,  2.49it/s]
eval:  83%|████████▎ | 25/30 [00:10<00:02,  2.44it/s]
eval:  90%|█████████ | 27/30 [00:11<00:01,  2.45it/s]
eval:  97%|█████████▋| 29/30 [00:11<00:00,  2.47it/s]
                                                     
Epoch 15 | stage 2 | train loss 0.1819 (cls 0.1819, ctr 0.0000) acc 0.9573 f1 0.9561 | val loss 6.6501 (cls 6.6501, ctr 0.0000) acc 0.6250 f1 0.5984 | lr [1.90e-04, 6.34e-06, 6.34e-06]

train:   0%|          | 0/120 [00:00<?, ?it/s]
train:   1%|          | 1/120 [00:00<01:57,  1.02it/s]
train:   2%|▏         | 2/120 [00:01<00:55,  2.13it/s]
train:   2%|▎         | 3/120 [00:01<01:08,  1.72it/s]
train:   3%|▎         | 4/120 [00:01<00:46,  2.52it/s]
train:   4%|▍         | 5/120 [00:02<01:00,  1.91it/s]
train:   5%|▌         | 6/120 [00:02<00:43,  2.60it/s]
train:   6%|▌         | 7/120 [00:03<00:57,  1.97it/s]
train:   7%|▋         | 8/120 [00:03<00:43,  2.59it/s]
train:   8%|▊         | 9/120 [00:04<00:55,  2.01it/s]
train:   8%|▊         | 10/120 [00:04<00:41,  2.64it/s]
train:   9%|▉         | 11/120 [00:05<00:52,  2.08it/s]
train:  10%|█         | 12/120 [00:05<00:39,  2.73it/s]
train:  11%|█         | 13/120 [00:06<00:51,  2.08it/s]
train:  12%|█▏        | 14/120 [00:06<00:39,  2.69it/s]
train:  12%|█▎        | 15/120 [00:06<00:50,  2.09it/s]
train:  13%|█▎        | 16/120 [00:07<00:39,  2.66it/s]
train:  14%|█▍        | 17/120 [00:07<00:50,  2.04it/s]
train:  15%|█▌        | 18/120 [00:07<00:39,  2.61it/s]
train:  16%|█▌        | 19/120 [00:08<00:49,  2.06it/s]
train:  17%|█▋        | 20/120 [00:08<00:38,  2.58it/s]
train:  18%|█▊        | 21/120 [00:09<00:47,  2.09it/s]
train:  18%|█▊        | 22/120 [00:09<00:39,  2.48it/s]
train:  19%|█▉        | 23/120 [00:10<00:46,  2.09it/s]
train:  20%|██        | 24/120 [00:10<00:39,  2.46it/s]
train:  21%|██        | 25/120 [00:11<00:46,  2.06it/s]
train:  22%|██▏       | 26/120 [00:11<00:39,  2.36it/s]
train:  22%|██▎       | 27/120 [00:12<00:47,  1.96it/s]
train:  23%|██▎       | 28/120 [00:12<00:39,  2.34it/s]
train:  24%|██▍       | 29/120 [00:13<00:45,  2.02it/s]
train:  25%|██▌       | 30/120 [00:13<00:37,  2.40it/s]
train:  26%|██▌       | 31/120 [00:14<00:43,  2.04it/s]
train:  27%|██▋       | 32/120 [00:14<00:36,  2.38it/s]
train:  28%|██▊       | 33/120 [00:14<00:41,  2.10it/s]
train:  28%|██▊       | 34/120 [00:15<00:35,  2.45it/s]
train:  29%|██▉       | 35/120 [00:15<00:40,  2.11it/s]
train:  30%|███       | 36/120 [00:16<00:34,  2.45it/s]
train:  31%|███       | 37/120 [00:16<00:39,  2.09it/s]
train:  32%|███▏      | 38/120 [00:16<00:33,  2.44it/s]
train:  32%|███▎      | 39/120 [00:18<01:01,  1.32it/s]
train:  33%|███▎      | 40/120 [00:18<00:47,  1.70it/s]
train:  34%|███▍      | 41/120 [00:19<00:48,  1.63it/s]
train:  35%|███▌      | 42/120 [00:19<00:38,  2.02it/s]
train:  36%|███▌      | 43/120 [00:20<00:41,  1.85it/s]
train:  37%|███▋      | 44/120 [00:20<00:34,  2.21it/s]
train:  38%|███▊      | 45/120 [00:21<00:37,  1.98it/s]
train:  38%|███▊      | 46/120 [00:21<00:30,  2.41it/s]
train:  39%|███▉      | 47/120 [00:22<00:35,  2.07it/s]
train:  40%|████      | 48/120 [00:22<00:28,  2.49it/s]
train:  41%|████      | 49/120 [00:22<00:34,  2.06it/s]
train:  42%|████▏     | 50/120 [00:23<00:28,  2.47it/s]
train:  42%|████▎     | 51/120 [00:23<00:32,  2.12it/s]
train:  43%|████▎     | 52/120 [00:23<00:27,  2.46it/s]
train:  44%|████▍     | 53/120 [00:24<00:30,  2.18it/s]
train:  45%|████▌     | 54/120 [00:24<00:27,  2.40it/s]
train:  46%|████▌     | 55/120 [00:25<00:29,  2.19it/s]
train:  47%|████▋     | 56/120 [00:25<00:26,  2.40it/s]
train:  48%|████▊     | 57/120 [00:26<00:28,  2.24it/s]
train:  48%|████▊     | 58/120 [00:26<00:25,  2.45it/s]
train:  49%|████▉     | 59/120 [00:27<00:27,  2.21it/s]
train:  50%|█████     | 60/120 [00:27<00:24,  2.44it/s]
train:  51%|█████     | 61/120 [00:28<00:27,  2.18it/s]
train:  52%|█████▏    | 62/120 [00:28<00:24,  2.37it/s]
train:  52%|█████▎    | 63/120 [00:28<00:26,  2.17it/s]
train:  53%|█████▎    | 64/120 [00:29<00:22,  2.44it/s]
train:  54%|█████▍    | 65/120 [00:29<00:25,  2.19it/s]
train:  55%|█████▌    | 66/120 [00:30<00:22,  2.39it/s]
train:  56%|█████▌    | 67/120 [00:30<00:23,  2.22it/s]
train:  57%|█████▋    | 68/120 [00:30<00:21,  2.43it/s]
train:  57%|█████▊    | 69/120 [00:31<00:23,  2.13it/s]
train:  58%|█████▊    | 70/120 [00:31<00:20,  2.49it/s]
train:  59%|█████▉    | 71/120 [00:32<00:21,  2.24it/s]
train:  60%|██████    | 72/120 [00:32<00:19,  2.52it/s]
train:  61%|██████    | 73/120 [00:33<00:21,  2.24it/s]
train:  62%|██████▏   | 74/120 [00:33<00:18,  2.46it/s]
train:  62%|██████▎   | 75/120 [00:34<00:19,  2.28it/s]
train:  63%|██████▎   | 76/120 [00:34<00:17,  2.52it/s]
train:  64%|██████▍   | 77/120 [00:34<00:19,  2.21it/s]
train:  65%|██████▌   | 78/120 [00:35<00:17,  2.35it/s]
train:  66%|██████▌   | 79/120 [00:35<00:18,  2.26it/s]
train:  67%|██████▋   | 80/120 [00:36<00:17,  2.34it/s]
train:  68%|██████▊   | 81/120 [00:36<00:16,  2.33it/s]
train:  68%|██████▊   | 82/120 [00:36<00:16,  2.35it/s]
train:  69%|██████▉   | 83/120 [00:37<00:15,  2.39it/s]
train:  70%|███████   | 84/120 [00:37<00:15,  2.37it/s]
train:  71%|███████   | 85/120 [00:38<00:14,  2.42it/s]
train:  72%|███████▏  | 86/120 [00:38<00:14,  2.35it/s]
train:  72%|███████▎  | 87/120 [00:39<00:13,  2.41it/s]
train:  73%|███████▎  | 88/120 [00:39<00:13,  2.31it/s]
train:  74%|███████▍  | 89/120 [00:39<00:13,  2.32it/s]
train:  75%|███████▌  | 90/120 [00:40<00:12,  2.33it/s]
train:  76%|███████▌  | 91/120 [00:40<00:12,  2.33it/s]
train:  77%|███████▋  | 92/120 [00:41<00:12,  2.32it/s]
train:  78%|███████▊  | 93/120 [00:41<00:11,  2.35it/s]
train:  78%|███████▊  | 94/120 [00:42<00:11,  2.33it/s]
train:  79%|███████▉  | 95/120 [00:42<00:10,  2.39it/s]
train:  80%|████████  | 96/120 [00:42<00:10,  2.39it/s]
train:  81%|████████  | 97/120 [00:43<00:09,  2.44it/s]
train:  82%|████████▏ | 98/120 [00:43<00:09,  2.30it/s]
train:  82%|████████▎ | 99/120 [00:44<00:08,  2.40it/s]
train:  83%|████████▎ | 100/120 [00:44<00:08,  2.29it/s]
train:  84%|████████▍ | 101/120 [00:45<00:08,  2.36it/s]
train:  85%|████████▌ | 102/120 [00:45<00:07,  2.28it/s]
train:  86%|████████▌ | 103/120 [00:46<00:07,  2.22it/s]
train:  87%|████████▋ | 104/120 [00:46<00:07,  2.28it/s]
train:  88%|████████▊ | 105/120 [00:46<00:06,  2.25it/s]
train:  88%|████████▊ | 106/120 [00:47<00:05,  2.34it/s]
train:  89%|████████▉ | 107/120 [00:47<00:05,  2.36it/s]
train:  90%|█████████ | 108/120 [00:48<00:05,  2.38it/s]
train:  91%|█████████ | 109/120 [00:48<00:04,  2.30it/s]
train:  92%|█████████▏| 110/120 [00:48<00:04,  2.32it/s]
train:  92%|█████████▎| 111/120 [00:49<00:03,  2.29it/s]
train:  93%|█████████▎| 112/120 [00:49<00:03,  2.25it/s]
train:  94%|█████████▍| 113/120 [00:50<00:03,  2.22it/s]
train:  95%|█████████▌| 114/120 [00:50<00:02,  2.30it/s]
train:  96%|█████████▌| 115/120 [00:51<00:02,  2.27it/s]
train:  97%|█████████▋| 116/120 [00:51<00:01,  2.38it/s]
train:  98%|█████████▊| 117/120 [00:52<00:01,  2.24it/s]
train:  98%|█████████▊| 118/120 [00:52<00:00,  2.36it/s]
train:  99%|█████████▉| 119/120 [00:52<00:00,  2.25it/s]
train: 100%|██████████| 120/120 [00:53<00:00,  2.48it/s]
                                                        

eval:   0%|          | 0/30 [00:00<?, ?it/s]
eval:   3%|▎         | 1/30 [00:00<00:24,  1.20it/s]
eval:  10%|█         | 3/30 [00:01<00:13,  1.94it/s]
eval:  17%|█▋        | 5/30 [00:02<00:11,  2.13it/s]
eval:  23%|██▎       | 7/30 [00:03<00:09,  2.33it/s]
eval:  30%|███       | 9/30 [00:04<00:08,  2.39it/s]
eval:  37%|███▋      | 11/30 [00:04<00:07,  2.41it/s]
eval:  43%|████▎     | 13/30 [00:05<00:07,  2.41it/s]
eval:  50%|█████     | 15/30 [00:06<00:06,  2.39it/s]
eval:  57%|█████▋    | 17/30 [00:07<00:05,  2.39it/s]
eval:  63%|██████▎   | 19/30 [00:08<00:04,  2.44it/s]
eval:  70%|███████   | 21/30 [00:08<00:03,  2.46it/s]
eval:  77%|███████▋  | 23/30 [00:09<00:02,  2.43it/s]
eval:  83%|████████▎ | 25/30 [00:10<00:02,  2.40it/s]
eval:  90%|█████████ | 27/30 [00:11<00:01,  2.42it/s]
eval:  97%|█████████▋| 29/30 [00:12<00:00,  2.45it/s]
eval: 100%|██████████| 30/30 [00:13<00:00,  1.94it/s]
                                                     
Epoch 16 | stage 2 | train loss 0.1816 (cls 0.1816, ctr 0.0000) acc 0.9615 f1 0.9602 | val loss 6.0160 (cls 6.0160, ctr 0.0000) acc 0.6458 f1 0.6214 | lr [1.73e-04, 5.78e-06, 5.78e-06]

train:   0%|          | 0/120 [00:00<?, ?it/s]
train:   1%|          | 1/120 [00:01<02:07,  1.07s/it]
train:   2%|▏         | 2/120 [00:01<00:59,  1.99it/s]
train:   2%|▎         | 3/120 [00:01<01:12,  1.62it/s]
train:   3%|▎         | 4/120 [00:02<00:48,  2.39it/s]
train:   4%|▍         | 5/120 [00:02<01:01,  1.86it/s]
train:   5%|▌         | 6/120 [00:02<00:44,  2.55it/s]
train:   6%|▌         | 7/120 [00:03<00:55,  2.03it/s]
train:   7%|▋         | 8/120 [00:03<00:41,  2.70it/s]
train:   8%|▊         | 9/120 [00:04<00:55,  2.01it/s]
train:   8%|▊         | 10/120 [00:04<00:41,  2.62it/s]
train:   9%|▉         | 11/120 [00:05<00:53,  2.04it/s]
train:  10%|█         | 12/120 [00:05<00:40,  2.69it/s]
train:  11%|█         | 13/120 [00:06<00:51,  2.10it/s]
train:  12%|█▏        | 14/120 [00:06<00:39,  2.72it/s]
train:  12%|█▎        | 15/120 [00:07<00:50,  2.07it/s]
train:  13%|█▎        | 16/120 [00:07<00:38,  2.71it/s]
train:  14%|█▍        | 17/120 [00:07<00:49,  2.07it/s]
train:  15%|█▌        | 18/120 [00:07<00:37,  2.71it/s]
train:  16%|█▌        | 19/120 [00:08<00:48,  2.07it/s]
train:  17%|█▋        | 20/120 [00:08<00:37,  2.68it/s]
train:  18%|█▊        | 21/120 [00:09<00:49,  2.01it/s]
train:  18%|█▊        | 22/120 [00:09<00:37,  2.61it/s]
train:  19%|█▉        | 23/120 [00:10<00:48,  2.01it/s]
train:  20%|██        | 24/120 [00:10<00:36,  2.64it/s]
train:  21%|██        | 25/120 [00:11<00:47,  2.02it/s]
train:  22%|██▏       | 26/120 [00:11<00:35,  2.63it/s]
train:  22%|██▎       | 27/120 [00:12<00:46,  1.99it/s]
train:  23%|██▎       | 28/120 [00:12<00:35,  2.58it/s]
train:  24%|██▍       | 29/120 [00:13<00:44,  2.04it/s]
train:  25%|██▌       | 30/120 [00:13<00:33,  2.68it/s]
train:  26%|██▌       | 31/120 [00:13<00:41,  2.15it/s]
train:  27%|██▋       | 32/120 [00:14<00:31,  2.79it/s]
train:  28%|██▊       | 33/120 [00:14<00:41,  2.10it/s]
train:  28%|██▊       | 34/120 [00:14<00:31,  2.72it/s]
train:  29%|██▉       | 35/120 [00:15<00:39,  2.13it/s]
train:  30%|███       | 36/120 [00:15<00:30,  2.76it/s]
train:  31%|███       | 37/120 [00:16<00:40,  2.05it/s]
train:  32%|███▏      | 38/120 [00:16<00:30,  2.65it/s]
train:  32%|███▎      | 39/120 [00:17<00:39,  2.04it/s]
train:  33%|███▎      | 40/120 [00:17<00:30,  2.66it/s]
train:  34%|███▍      | 41/120 [00:18<00:38,  2.05it/s]
train:  35%|███▌      | 42/120 [00:18<00:29,  2.67it/s]
train:  36%|███▌      | 43/120 [00:19<00:36,  2.09it/s]
train:  37%|███▋      | 44/120 [00:19<00:27,  2.72it/s]
train:  38%|███▊      | 45/120 [00:19<00:35,  2.12it/s]
train:  38%|███▊      | 46/120 [00:19<00:26,  2.76it/s]
train:  39%|███▉      | 47/120 [00:20<00:34,  2.12it/s]
train:  40%|████      | 48/120 [00:20<00:27,  2.64it/s]
train:  41%|████      | 49/120 [00:21<00:33,  2.09it/s]
train:  42%|████▏     | 50/120 [00:21<00:26,  2.63it/s]
train:  42%|████▎     | 51/120 [00:22<00:33,  2.09it/s]
train:  43%|████▎     | 52/120 [00:22<00:25,  2.66it/s]
train:  44%|████▍     | 53/120 [00:23<00:31,  2.15it/s]
train:  45%|████▌     | 54/120 [00:23<00:24,  2.74it/s]
train:  46%|████▌     | 55/120 [00:24<00:30,  2.15it/s]
train:  47%|████▋     | 56/120 [00:24<00:24,  2.57it/s]
train:  48%|████▊     | 57/120 [00:24<00:29,  2.11it/s]
train:  48%|████▊     | 58/120 [00:25<00:24,  2.53it/s]
train:  49%|████▉     | 59/120 [00:25<00:29,  2.07it/s]
train:  50%|█████     | 60/120 [00:26<00:23,  2.52it/s]
train:  51%|█████     | 61/120 [00:26<00:28,  2.08it/s]
train:  52%|█████▏    | 62/120 [00:26<00:22,  2.53it/s]
train:  52%|█████▎    | 63/120 [00:27<00:27,  2.10it/s]
train:  53%|█████▎    | 64/120 [00:27<00:21,  2.57it/s]
train:  54%|█████▍    | 65/120 [00:28<00:25,  2.14it/s]
train:  55%|█████▌    | 66/120 [00:28<00:20,  2.57it/s]
train:  56%|█████▌    | 67/120 [00:29<00:24,  2.17it/s]
train:  57%|█████▋    | 68/120 [00:29<00:19,  2.62it/s]
train:  57%|█████▊    | 69/120 [00:30<00:23,  2.20it/s]
train:  58%|█████▊    | 70/120 [00:30<00:19,  2.58it/s]
train:  59%|█████▉    | 71/120 [00:30<00:23,  2.13it/s]
train:  60%|██████    | 72/120 [00:31<00:19,  2.46it/s]
train:  61%|██████    | 73/120 [00:32<00:33,  1.41it/s]
train:  62%|██████▏   | 74/120 [00:32<00:26,  1.74it/s]
train:  62%|██████▎   | 75/120 [00:33<00:26,  1.70it/s]
train:  63%|██████▎   | 76/120 [00:33<00:21,  2.04it/s]
train:  64%|██████▍   | 77/120 [00:34<00:22,  1.94it/s]
train:  65%|██████▌   | 78/120 [00:34<00:18,  2.23it/s]
train:  66%|██████▌   | 79/120 [00:35<00:19,  2.12it/s]
train:  67%|██████▋   | 80/120 [00:35<00:17,  2.27it/s]
train:  68%|██████▊   | 81/120 [00:36<00:18,  2.14it/s]
train:  68%|██████▊   | 82/120 [00:36<00:15,  2.44it/s]
train:  69%|██████▉   | 83/120 [00:36<00:16,  2.29it/s]
train:  70%|███████   | 84/120 [00:37<00:14,  2.49it/s]
train:  71%|███████   | 85/120 [00:37<00:14,  2.36it/s]
train:  72%|███████▏  | 86/120 [00:37<00:13,  2.56it/s]
train:  72%|███████▎  | 87/120 [00:38<00:14,  2.36it/s]
train:  73%|███████▎  | 88/120 [00:38<00:12,  2.55it/s]
train:  74%|███████▍  | 89/120 [00:39<00:13,  2.36it/s]
train:  75%|███████▌  | 90/120 [00:39<00:12,  2.48it/s]
train:  76%|███████▌  | 91/120 [00:40<00:12,  2.32it/s]
train:  77%|███████▋  | 92/120 [00:40<00:10,  2.56it/s]
train:  78%|███████▊  | 93/120 [00:40<00:11,  2.35it/s]
train:  78%|███████▊  | 94/120 [00:41<00:10,  2.59it/s]
train:  79%|███████▉  | 95/120 [00:41<00:10,  2.36it/s]
train:  80%|████████  | 96/120 [00:42<00:09,  2.59it/s]
train:  81%|████████  | 97/120 [00:42<00:09,  2.36it/s]
train:  82%|████████▏ | 98/120 [00:42<00:08,  2.62it/s]
train:  82%|████████▎ | 99/120 [00:43<00:09,  2.23it/s]
train:  83%|████████▎ | 100/120 [00:43<00:07,  2.55it/s]
train:  84%|████████▍ | 101/120 [00:44<00:08,  2.20it/s]
train:  85%|████████▌ | 102/120 [00:44<00:07,  2.55it/s]
train:  86%|████████▌ | 103/120 [00:45<00:07,  2.21it/s]
train:  87%|████████▋ | 104/120 [00:45<00:06,  2.53it/s]
train:  88%|████████▊ | 105/120 [00:45<00:06,  2.26it/s]
train:  88%|████████▊ | 106/120 [00:46<00:05,  2.58it/s]
train:  89%|████████▉ | 107/120 [00:46<00:05,  2.20it/s]
train:  90%|█████████ | 108/120 [00:47<00:04,  2.59it/s]
train:  91%|█████████ | 109/120 [00:47<00:04,  2.24it/s]
train:  92%|█████████▏| 110/120 [00:47<00:03,  2.59it/s]
train:  92%|█████████▎| 111/120 [00:48<00:03,  2.27it/s]
train:  93%|█████████▎| 112/120 [00:48<00:03,  2.60it/s]
train:  94%|█████████▍| 113/120 [00:49<00:03,  2.25it/s]
train:  95%|█████████▌| 114/120 [00:49<00:02,  2.43it/s]
train:  96%|█████████▌| 115/120 [00:50<00:02,  2.18it/s]
train:  97%|█████████▋| 116/120 [00:50<00:01,  2.37it/s]
train:  98%|█████████▊| 117/120 [00:51<00:01,  2.16it/s]
train:  98%|█████████▊| 118/120 [00:51<00:00,  2.36it/s]
train:  99%|█████████▉| 119/120 [00:51<00:00,  2.15it/s]
train: 100%|██████████| 120/120 [00:52<00:00,  2.42it/s]
                                                        

eval:   0%|          | 0/30 [00:00<?, ?it/s]
eval:   3%|▎         | 1/30 [00:00<00:26,  1.10it/s]
eval:  10%|█         | 3/30 [00:01<00:14,  1.86it/s]
eval:  17%|█▋        | 5/30 [00:02<00:12,  2.03it/s]
eval:  23%|██▎       | 7/30 [00:03<00:10,  2.21it/s]
eval:  30%|███       | 9/30 [00:04<00:09,  2.29it/s]
eval:  37%|███▋      | 11/30 [00:05<00:08,  2.35it/s]
eval:  43%|████▎     | 13/30 [00:05<00:07,  2.37it/s]
eval:  50%|█████     | 15/30 [00:06<00:06,  2.35it/s]
eval:  57%|█████▋    | 17/30 [00:07<00:05,  2.37it/s]
eval:  63%|██████▎   | 19/30 [00:08<00:04,  2.41it/s]
eval:  70%|███████   | 21/30 [00:09<00:03,  2.43it/s]
eval:  77%|███████▋  | 23/30 [00:10<00:02,  2.41it/s]
eval:  83%|████████▎ | 25/30 [00:10<00:02,  2.37it/s]
eval:  90%|█████████ | 27/30 [00:11<00:01,  2.43it/s]
eval:  97%|█████████▋| 29/30 [00:12<00:00,  2.45it/s]
                                                     
Epoch 17 | stage 2 | train loss 0.2699 (cls 0.2699, ctr 0.0000) acc 0.9500 f1 0.9483 | val loss 6.0894 (cls 6.0894, ctr 0.0000) acc 0.6125 f1 0.5708 | lr [1.57e-04, 5.22e-06, 5.22e-06]

train:   0%|          | 0/120 [00:00<?, ?it/s]
train:   1%|          | 1/120 [00:00<01:51,  1.06it/s]
train:   2%|▏         | 2/120 [00:01<00:52,  2.23it/s]
train:   2%|▎         | 3/120 [00:01<01:11,  1.64it/s]
train:   3%|▎         | 4/120 [00:01<00:48,  2.41it/s]
train:   4%|▍         | 5/120 [00:02<01:03,  1.81it/s]
train:   5%|▌         | 6/120 [00:02<00:45,  2.49it/s]
train:   6%|▌         | 7/120 [00:03<00:56,  2.00it/s]
train:   7%|▋         | 8/120 [00:03<00:42,  2.66it/s]
train:   8%|▊         | 9/120 [00:04<00:56,  1.97it/s]
train:   8%|▊         | 10/120 [00:04<00:42,  2.60it/s]
train:   9%|▉         | 11/120 [00:05<00:54,  2.02it/s]
train:  11%|█         | 13/120 [00:06<00:49,  2.16it/s]
train:  12%|█▏        | 14/120 [00:06<00:39,  2.69it/s]
train:  12%|█▎        | 15/120 [00:07<00:48,  2.16it/s]
train:  13%|█▎        | 16/120 [00:07<00:37,  2.74it/s]
train:  14%|█▍        | 17/120 [00:07<00:49,  2.10it/s]
train:  15%|█▌        | 18/120 [00:07<00:38,  2.66it/s]
train:  16%|█▌        | 19/120 [00:08<00:47,  2.13it/s]
train:  17%|█▋        | 20/120 [00:08<00:36,  2.73it/s]
train:  18%|█▊        | 21/120 [00:09<00:47,  2.10it/s]
train:  18%|█▊        | 22/120 [00:09<00:36,  2.70it/s]
train:  19%|█▉        | 23/120 [00:10<00:46,  2.07it/s]
train:  20%|██        | 24/120 [00:10<00:35,  2.68it/s]
train:  21%|██        | 25/120 [00:11<00:45,  2.07it/s]
train:  22%|██▏       | 26/120 [00:11<00:34,  2.70it/s]
train:  22%|██▎       | 27/120 [00:12<00:44,  2.07it/s]
train:  23%|██▎       | 28/120 [00:12<00:34,  2.70it/s]
train:  24%|██▍       | 29/120 [00:12<00:43,  2.07it/s]
train:  25%|██▌       | 30/120 [00:13<00:33,  2.68it/s]
train:  26%|██▌       | 31/120 [00:13<00:42,  2.09it/s]
train:  27%|██▋       | 32/120 [00:13<00:32,  2.74it/s]
train:  28%|██▊       | 33/120 [00:14<00:42,  2.03it/s]
train:  28%|██▊       | 34/120 [00:14<00:32,  2.64it/s]
train:  29%|██▉       | 35/120 [00:15<00:40,  2.08it/s]
train:  30%|███       | 36/120 [00:15<00:31,  2.69it/s]
train:  31%|███       | 37/120 [00:16<00:39,  2.08it/s]
train:  32%|███▎      | 39/120 [00:17<00:37,  2.16it/s]
train:  33%|███▎      | 40/120 [00:17<00:30,  2.66it/s]
train:  34%|███▍      | 41/120 [00:18<00:37,  2.10it/s]
train:  35%|███▌      | 42/120 [00:18<00:29,  2.65it/s]
train:  36%|███▌      | 43/120 [00:19<00:37,  2.07it/s]
train:  37%|███▋      | 44/120 [00:19<00:28,  2.66it/s]
train:  38%|███▊      | 45/120 [00:19<00:36,  2.06it/s]
train:  38%|███▊      | 46/120 [00:19<00:27,  2.66it/s]
train:  39%|███▉      | 47/120 [00:20<00:35,  2.07it/s]
train:  40%|████      | 48/120 [00:20<00:26,  2.68it/s]
train:  41%|████      | 49/120 [00:21<00:34,  2.07it/s]
train:  42%|████▏     | 50/120 [00:21<00:26,  2.67it/s]
train:  42%|████▎     | 51/120 [00:22<00:33,  2.07it/s]
train:  43%|████▎     | 52/120 [00:22<00:25,  2.69it/s]
train:  44%|████▍     | 53/120 [00:23<00:32,  2.03it/s]
train:  45%|████▌     | 54/120 [00:23<00:25,  2.64it/s]
train:  46%|████▌     | 55/120 [00:24<00:31,  2.05it/s]
train:  47%|████▋     | 56/120 [00:24<00:24,  2.66it/s]
train:  48%|████▊     | 57/120 [00:25<00:30,  2.08it/s]
train:  48%|████▊     | 58/120 [00:25<00:23,  2.69it/s]
train:  49%|████▉     | 59/120 [00:25<00:29,  2.08it/s]
train:  50%|█████     | 60/120 [00:25<00:22,  2.72it/s]
train:  51%|█████     | 61/120 [00:26<00:28,  2.04it/s]
train:  52%|█████▏    | 62/120 [00:26<00:22,  2.63it/s]
train:  52%|█████▎    | 63/120 [00:27<00:27,  2.08it/s]
train:  53%|█████▎    | 64/120 [00:27<00:20,  2.69it/s]
train:  54%|█████▍    | 65/120 [00:28<00:26,  2.06it/s]
train:  55%|█████▌    | 66/120 [00:28<00:20,  2.69it/s]
train:  56%|█████▌    | 67/120 [00:29<00:26,  2.02it/s]
train:  57%|█████▋    | 68/120 [00:29<00:19,  2.64it/s]
train:  57%|█████▊    | 69/120 [00:30<00:25,  2.04it/s]
train:  58%|█████▊    | 70/120 [00:30<00:18,  2.65it/s]
train:  59%|█████▉    | 71/120 [00:31<00:23,  2.04it/s]
train:  60%|██████    | 72/120 [00:31<00:18,  2.64it/s]
train:  61%|██████    | 73/120 [00:31<00:22,  2.08it/s]
train:  62%|██████▏   | 74/120 [00:32<00:17,  2.65it/s]
train:  62%|██████▎   | 75/120 [00:33<00:32,  1.40it/s]
train:  63%|██████▎   | 76/120 [00:33<00:23,  1.88it/s]
train:  64%|██████▍   | 77/120 [00:34<00:25,  1.70it/s]
train:  65%|██████▌   | 78/120 [00:34<00:19,  2.19it/s]
train:  66%|██████▌   | 79/120 [00:35<00:21,  1.90it/s]
train:  67%|██████▋   | 80/120 [00:35<00:16,  2.41it/s]
train:  68%|██████▊   | 81/120 [00:36<00:19,  2.00it/s]
train:  68%|██████▊   | 82/120 [00:36<00:15,  2.48it/s]
train:  69%|██████▉   | 83/120 [00:36<00:18,  2.05it/s]
train:  70%|███████   | 84/120 [00:37<00:14,  2.50it/s]
train:  71%|███████   | 85/120 [00:37<00:16,  2.12it/s]
train:  72%|███████▏  | 86/120 [00:37<00:13,  2.49it/s]
train:  72%|███████▎  | 87/120 [00:38<00:15,  2.12it/s]
train:  73%|███████▎  | 88/120 [00:38<00:12,  2.53it/s]
train:  74%|███████▍  | 89/120 [00:39<00:14,  2.10it/s]
train:  75%|███████▌  | 90/120 [00:39<00:12,  2.46it/s]
train:  76%|███████▌  | 91/120 [00:40<00:13,  2.08it/s]
train:  77%|███████▋  | 92/120 [00:40<00:10,  2.55it/s]
train:  78%|███████▊  | 93/120 [00:41<00:12,  2.14it/s]
train:  78%|███████▊  | 94/120 [00:41<00:10,  2.49it/s]
train:  79%|███████▉  | 95/120 [00:42<00:11,  2.18it/s]
train:  80%|████████  | 96/120 [00:42<00:09,  2.45it/s]
train:  81%|████████  | 97/120 [00:42<00:10,  2.20it/s]
train:  82%|████████▏ | 98/120 [00:43<00:09,  2.37it/s]
train:  82%|████████▎ | 99/120 [00:43<00:09,  2.13it/s]
train:  83%|████████▎ | 100/120 [00:44<00:08,  2.34it/s]
train:  84%|████████▍ | 101/120 [00:44<00:08,  2.21it/s]
train:  85%|████████▌ | 102/120 [00:45<00:07,  2.37it/s]
train:  86%|████████▌ | 103/120 [00:45<00:07,  2.22it/s]
train:  87%|████████▋ | 104/120 [00:45<00:06,  2.39it/s]
train:  88%|████████▊ | 105/120 [00:46<00:06,  2.21it/s]
train:  88%|████████▊ | 106/120 [00:46<00:05,  2.34it/s]
train:  89%|████████▉ | 107/120 [00:47<00:05,  2.19it/s]
train:  90%|█████████ | 108/120 [00:47<00:05,  2.35it/s]
train:  91%|█████████ | 109/120 [00:48<00:04,  2.20it/s]
train:  92%|█████████▏| 110/120 [00:48<00:04,  2.44it/s]
train:  92%|█████████▎| 111/120 [00:49<00:04,  2.24it/s]
train:  93%|█████████▎| 112/120 [00:49<00:03,  2.43it/s]
train:  94%|█████████▍| 113/120 [00:49<00:03,  2.23it/s]
train:  95%|█████████▌| 114/120 [00:50<00:02,  2.43it/s]
train:  96%|█████████▌| 115/120 [00:50<00:02,  2.27it/s]
train:  97%|█████████▋| 116/120 [00:51<00:01,  2.41it/s]
train:  98%|█████████▊| 117/120 [00:51<00:01,  2.31it/s]
train:  98%|█████████▊| 118/120 [00:51<00:00,  2.47it/s]
train:  99%|█████████▉| 119/120 [00:52<00:00,  2.40it/s]
train: 100%|██████████| 120/120 [00:52<00:00,  2.57it/s]
                                                        

eval:   0%|          | 0/30 [00:00<?, ?it/s]
eval:   3%|▎         | 1/30 [00:00<00:24,  1.18it/s]
eval:  10%|█         | 3/30 [00:01<00:13,  1.98it/s]
eval:  17%|█▋        | 5/30 [00:02<00:11,  2.18it/s]
eval:  23%|██▎       | 7/30 [00:03<00:09,  2.34it/s]
eval:  30%|███       | 9/30 [00:04<00:08,  2.36it/s]
eval:  37%|███▋      | 11/30 [00:04<00:07,  2.40it/s]
eval:  43%|████▎     | 13/30 [00:05<00:07,  2.41it/s]
eval:  50%|█████     | 15/30 [00:06<00:06,  2.40it/s]
eval:  57%|█████▋    | 17/30 [00:07<00:05,  2.43it/s]
eval:  63%|██████▎   | 19/30 [00:08<00:04,  2.51it/s]
eval:  70%|███████   | 21/30 [00:08<00:03,  2.58it/s]
eval:  77%|███████▋  | 23/30 [00:09<00:02,  2.59it/s]
eval:  83%|████████▎ | 25/30 [00:10<00:02,  2.50it/s]
eval:  90%|█████████ | 27/30 [00:11<00:01,  2.51it/s]
eval:  97%|█████████▋| 29/30 [00:12<00:00,  2.50it/s]
                                                     
Epoch 18 | stage 2 | train loss 0.2375 (cls 0.2375, ctr 0.0000) acc 0.9448 f1 0.9433 | val loss 5.0151 (cls 5.0151, ctr 0.0000) acc 0.6500 f1 0.6207 | lr [1.40e-04, 4.66e-06, 4.66e-06]

train:   0%|          | 0/120 [00:00<?, ?it/s]
train:   1%|          | 1/120 [00:02<04:08,  2.08s/it]
train:   2%|▏         | 2/120 [00:02<01:49,  1.08it/s]
train:   2%|▎         | 3/120 [00:02<01:39,  1.17it/s]
train:   3%|▎         | 4/120 [00:03<01:05,  1.77it/s]
train:   4%|▍         | 5/120 [00:03<01:13,  1.57it/s]
train:   5%|▌         | 6/120 [00:03<00:52,  2.17it/s]
train:   6%|▌         | 7/120 [00:04<01:00,  1.87it/s]
train:   7%|▋         | 8/120 [00:04<00:45,  2.48it/s]
train:   8%|▊         | 9/120 [00:05<00:56,  1.95it/s]
train:   8%|▊         | 10/120 [00:05<00:42,  2.57it/s]
train:   9%|▉         | 11/120 [00:06<00:52,  2.08it/s]
train:  10%|█         | 12/120 [00:06<00:39,  2.73it/s]
train:  11%|█         | 13/120 [00:07<00:52,  2.04it/s]
train:  12%|█▏        | 14/120 [00:07<00:39,  2.68it/s]
train:  12%|█▎        | 15/120 [00:08<00:51,  2.06it/s]
train:  13%|█▎        | 16/120 [00:08<00:39,  2.66it/s]
train:  14%|█▍        | 17/120 [00:08<00:50,  2.02it/s]
train:  15%|█▌        | 18/120 [00:09<00:38,  2.64it/s]
train:  16%|█▌        | 19/120 [00:09<00:50,  2.00it/s]
train:  17%|█▋        | 20/120 [00:09<00:38,  2.59it/s]
train:  18%|█▊        | 21/120 [00:10<00:51,  1.94it/s]
train:  18%|█▊        | 22/120 [00:10<00:38,  2.52it/s]
train:  19%|█▉        | 23/120 [00:11<00:50,  1.93it/s]
train:  20%|██        | 24/120 [00:11<00:38,  2.52it/s]
train:  21%|██        | 25/120 [00:12<00:46,  2.06it/s]
train:  22%|██▏       | 26/120 [00:12<00:34,  2.70it/s]
train:  22%|██▎       | 27/120 [00:13<00:42,  2.18it/s]
train:  23%|██▎       | 28/120 [00:13<00:32,  2.85it/s]
train:  24%|██▍       | 29/120 [00:14<00:42,  2.12it/s]
train:  25%|██▌       | 30/120 [00:14<00:32,  2.77it/s]
train:  26%|██▌       | 31/120 [00:14<00:41,  2.15it/s]
train:  27%|██▋       | 32/120 [00:15<00:31,  2.79it/s]
train:  28%|██▊       | 33/120 [00:15<00:39,  2.21it/s]
train:  28%|██▊       | 34/120 [00:15<00:29,  2.87it/s]
train:  29%|██▉       | 35/120 [00:16<00:38,  2.23it/s]
train:  30%|███       | 36/120 [00:16<00:28,  2.90it/s]
train:  31%|███       | 37/120 [00:17<00:37,  2.20it/s]
train:  32%|███▏      | 38/120 [00:17<00:28,  2.85it/s]
train:  32%|███▎      | 39/120 [00:18<00:38,  2.10it/s]
train:  33%|███▎      | 40/120 [00:18<00:29,  2.72it/s]
train:  34%|███▍      | 41/120 [00:19<00:38,  2.04it/s]
train:  35%|███▌      | 42/120 [00:19<00:29,  2.63it/s]
train:  36%|███▌      | 43/120 [00:20<00:38,  1.98it/s]
train:  37%|███▋      | 44/120 [00:20<00:29,  2.59it/s]
train:  38%|███▊      | 45/120 [00:20<00:37,  2.01it/s]
train:  38%|███▊      | 46/120 [00:20<00:28,  2.61it/s]
train:  39%|███▉      | 47/120 [00:21<00:36,  2.03it/s]
train:  40%|████      | 48/120 [00:21<00:27,  2.65it/s]
train:  41%|████      | 49/120 [00:22<00:34,  2.08it/s]
train:  42%|████▏     | 50/120 [00:22<00:26,  2.69it/s]
train:  42%|████▎     | 51/120 [00:23<00:33,  2.06it/s]
train:  43%|████▎     | 52/120 [00:23<00:25,  2.68it/s]
train:  44%|████▍     | 53/120 [00:24<00:32,  2.05it/s]
train:  45%|████▌     | 54/120 [00:24<00:24,  2.66it/s]
train:  46%|████▌     | 55/120 [00:25<00:31,  2.04it/s]
train:  47%|████▋     | 56/120 [00:25<00:24,  2.65it/s]
train:  48%|████▊     | 57/120 [00:26<00:30,  2.08it/s]
train:  49%|████▉     | 59/120 [00:26<00:27,  2.18it/s]
train:  50%|█████     | 60/120 [00:26<00:22,  2.68it/s]
train:  51%|█████     | 61/120 [00:27<00:27,  2.12it/s]
train:  52%|█████▏    | 62/120 [00:27<00:21,  2.66it/s]
train:  52%|█████▎    | 63/120 [00:28<00:27,  2.09it/s]
train:  53%|█████▎    | 64/120 [00:28<00:20,  2.68it/s]
train:  54%|█████▍    | 65/120 [00:29<00:27,  2.00it/s]
train:  55%|█████▌    | 66/120 [00:29<00:20,  2.58it/s]
train:  56%|█████▌    | 67/120 [00:30<00:26,  2.03it/s]
train:  57%|█████▋    | 68/120 [00:30<00:19,  2.63it/s]
train:  57%|█████▊    | 69/120 [00:31<00:25,  1.99it/s]
train:  58%|█████▊    | 70/120 [00:31<00:19,  2.58it/s]
train:  59%|█████▉    | 71/120 [00:32<00:24,  2.01it/s]
train:  60%|██████    | 72/120 [00:32<00:18,  2.59it/s]
train:  61%|██████    | 73/120 [00:33<00:23,  2.03it/s]
train:  62%|██████▏   | 74/120 [00:33<00:17,  2.60it/s]
train:  62%|██████▎   | 75/120 [00:34<00:35,  1.28it/s]
train:  63%|██████▎   | 76/120 [00:34<00:25,  1.72it/s]
train:  64%|██████▍   | 77/120 [00:35<00:27,  1.57it/s]
train:  65%|██████▌   | 78/120 [00:35<00:20,  2.09it/s]
train:  66%|██████▌   | 79/120 [00:36<00:23,  1.78it/s]
train:  67%|██████▋   | 80/120 [00:36<00:17,  2.34it/s]
train:  68%|██████▊   | 81/120 [00:37<00:20,  1.93it/s]
train:  69%|██████▉   | 83/120 [00:38<00:17,  2.11it/s]
train:  70%|███████   | 84/120 [00:38<00:13,  2.61it/s]
train:  71%|███████   | 85/120 [00:39<00:16,  2.11it/s]
train:  72%|███████▏  | 86/120 [00:39<00:12,  2.68it/s]
train:  72%|███████▎  | 87/120 [00:39<00:15,  2.11it/s]
train:  73%|███████▎  | 88/120 [00:40<00:11,  2.70it/s]
train:  74%|███████▍  | 89/120 [00:40<00:14,  2.07it/s]
train:  75%|███████▌  | 90/120 [00:40<00:11,  2.66it/s]
train:  76%|███████▌  | 91/120 [00:41<00:13,  2.10it/s]
train:  77%|███████▋  | 92/120 [00:41<00:10,  2.72it/s]
train:  78%|███████▊  | 93/120 [00:42<00:12,  2.09it/s]
train:  78%|███████▊  | 94/120 [00:42<00:09,  2.72it/s]
train:  79%|███████▉  | 95/120 [00:43<00:11,  2.09it/s]
train:  80%|████████  | 96/120 [00:43<00:08,  2.71it/s]
train:  81%|████████  | 97/120 [00:44<00:11,  2.08it/s]
train:  82%|████████▏ | 98/120 [00:44<00:08,  2.69it/s]
train:  82%|████████▎ | 99/120 [00:45<00:10,  2.02it/s]
train:  83%|████████▎ | 100/120 [00:45<00:07,  2.64it/s]
train:  84%|████████▍ | 101/120 [00:45<00:09,  2.07it/s]
train:  85%|████████▌ | 102/120 [00:46<00:06,  2.71it/s]
train:  86%|████████▌ | 103/120 [00:46<00:07,  2.17it/s]
train:  87%|████████▋ | 104/120 [00:46<00:05,  2.82it/s]
train:  88%|████████▊ | 105/120 [00:47<00:06,  2.15it/s]
train:  88%|████████▊ | 106/120 [00:47<00:05,  2.80it/s]
train:  89%|████████▉ | 107/120 [00:48<00:06,  2.12it/s]
train:  90%|█████████ | 108/120 [00:48<00:04,  2.76it/s]
train:  91%|█████████ | 109/120 [00:49<00:05,  2.10it/s]
train:  92%|█████████▏| 110/120 [00:49<00:03,  2.71it/s]
train:  92%|█████████▎| 111/120 [00:50<00:04,  2.09it/s]
train:  93%|█████████▎| 112/120 [00:50<00:02,  2.72it/s]
train:  94%|█████████▍| 113/120 [00:51<00:03,  2.04it/s]
train:  95%|█████████▌| 114/120 [00:51<00:02,  2.65it/s]
train:  96%|█████████▌| 115/120 [00:51<00:02,  2.04it/s]
train:  97%|█████████▋| 116/120 [00:51<00:01,  2.64it/s]
train:  98%|█████████▊| 117/120 [00:52<00:01,  2.07it/s]
train:  98%|█████████▊| 118/120 [00:52<00:00,  2.69it/s]
train:  99%|█████████▉| 119/120 [00:53<00:00,  2.06it/s]
                                                        

eval:   0%|          | 0/30 [00:00<?, ?it/s]
eval:   3%|▎         | 1/30 [00:00<00:24,  1.18it/s]
eval:  10%|█         | 3/30 [00:01<00:13,  1.94it/s]
eval:  17%|█▋        | 5/30 [00:02<00:11,  2.12it/s]
eval:  23%|██▎       | 7/30 [00:03<00:09,  2.31it/s]
eval:  30%|███       | 9/30 [00:04<00:08,  2.39it/s]
eval:  37%|███▋      | 11/30 [00:04<00:07,  2.46it/s]
eval:  43%|████▎     | 13/30 [00:05<00:06,  2.44it/s]
eval:  50%|█████     | 15/30 [00:06<00:06,  2.42it/s]
eval:  57%|█████▋    | 17/30 [00:07<00:05,  2.41it/s]
eval:  63%|██████▎   | 19/30 [00:08<00:04,  2.46it/s]
eval:  70%|███████   | 21/30 [00:08<00:03,  2.48it/s]
eval:  77%|███████▋  | 23/30 [00:09<00:02,  2.47it/s]
eval:  83%|████████▎ | 25/30 [00:10<00:02,  2.42it/s]
eval:  90%|█████████ | 27/30 [00:11<00:01,  2.47it/s]
eval:  97%|█████████▋| 29/30 [00:12<00:00,  2.51it/s]
                                                     
Epoch 19 | stage 2 | train loss 0.1318 (cls 0.1318, ctr 0.0000) acc 0.9646 f1 0.9634 | val loss 4.6966 (cls 4.6966, ctr 0.0000) acc 0.6167 f1 0.6067 | lr [1.23e-04, 4.11e-06, 4.11e-06]

train:   0%|          | 0/120 [00:00<?, ?it/s]
train:   1%|          | 1/120 [00:00<01:51,  1.07it/s]
train:   2%|▏         | 2/120 [00:01<00:53,  2.21it/s]
train:   2%|▎         | 3/120 [00:02<02:01,  1.04s/it]
train:   3%|▎         | 4/120 [00:02<01:18,  1.48it/s]
train:   4%|▍         | 5/120 [00:03<01:20,  1.43it/s]
train:   5%|▌         | 6/120 [00:03<00:57,  1.99it/s]
train:   6%|▌         | 7/120 [00:04<01:05,  1.72it/s]
train:   7%|▋         | 8/120 [00:04<00:48,  2.31it/s]
train:   8%|▊         | 9/120 [00:05<00:57,  1.93it/s]
train:   8%|▊         | 10/120 [00:05<00:42,  2.56it/s]
train:   9%|▉         | 11/120 [00:06<00:54,  1.99it/s]
train:  10%|█         | 12/120 [00:06<00:41,  2.61it/s]
train:  11%|█         | 13/120 [00:07<00:52,  2.04it/s]
train:  12%|█▏        | 14/120 [00:07<00:39,  2.67it/s]
train:  12%|█▎        | 15/120 [00:07<00:51,  2.06it/s]
train:  13%|█▎        | 16/120 [00:07<00:38,  2.70it/s]
train:  14%|█▍        | 17/120 [00:08<00:48,  2.15it/s]
train:  15%|█▌        | 18/120 [00:08<00:36,  2.80it/s]
train:  16%|█▌        | 19/120 [00:09<00:48,  2.09it/s]
train:  17%|█▋        | 20/120 [00:09<00:36,  2.71it/s]
train:  18%|█▊        | 21/120 [00:10<00:48,  2.03it/s]
train:  18%|█▊        | 22/120 [00:10<00:37,  2.63it/s]
train:  19%|█▉        | 23/120 [00:11<00:47,  2.05it/s]
train:  20%|██        | 24/120 [00:11<00:36,  2.66it/s]
train:  21%|██        | 25/120 [00:12<00:46,  2.03it/s]
train:  22%|██▏       | 26/120 [00:12<00:35,  2.66it/s]
train:  22%|██▎       | 27/120 [00:13<00:45,  2.04it/s]
train:  23%|██▎       | 28/120 [00:13<00:34,  2.67it/s]
train:  24%|██▍       | 29/120 [00:13<00:43,  2.10it/s]
train:  25%|██▌       | 30/120 [00:13<00:32,  2.73it/s]
train:  26%|██▌       | 31/120 [00:14<00:40,  2.18it/s]
train:  27%|██▋       | 32/120 [00:14<00:31,  2.83it/s]
train:  28%|██▊       | 33/120 [00:15<00:39,  2.20it/s]
train:  28%|██▊       | 34/120 [00:15<00:30,  2.86it/s]
train:  29%|██▉       | 35/120 [00:16<00:39,  2.17it/s]
train:  30%|███       | 36/120 [00:16<00:29,  2.81it/s]
train:  31%|███       | 37/120 [00:17<00:38,  2.14it/s]
train:  32%|███▏      | 38/120 [00:17<00:29,  2.79it/s]
train:  32%|███▎      | 39/120 [00:17<00:39,  2.06it/s]
train:  33%|███▎      | 40/120 [00:18<00:29,  2.67it/s]
train:  34%|███▍      | 41/120 [00:18<00:37,  2.08it/s]
train:  35%|███▌      | 42/120 [00:18<00:28,  2.70it/s]
train:  36%|███▌      | 43/120 [00:19<00:37,  2.07it/s]
train:  37%|███▋      | 44/120 [00:19<00:28,  2.69it/s]
train:  38%|███▊      | 45/120 [00:20<00:37,  2.02it/s]
train:  38%|███▊      | 46/120 [00:20<00:28,  2.63it/s]
train:  39%|███▉      | 47/120 [00:21<00:36,  2.00it/s]
train:  40%|████      | 48/120 [00:21<00:27,  2.59it/s]
train:  41%|████      | 49/120 [00:22<00:34,  2.05it/s]
train:  42%|████▏     | 50/120 [00:22<00:26,  2.66it/s]
train:  42%|████▎     | 51/120 [00:23<00:32,  2.10it/s]
train:  43%|████▎     | 52/120 [00:23<00:24,  2.73it/s]
train:  44%|████▍     | 53/120 [00:24<00:32,  2.06it/s]
train:  45%|████▌     | 54/120 [00:24<00:24,  2.69it/s]
train:  46%|████▌     | 55/120 [00:24<00:30,  2.12it/s]
train:  48%|████▊     | 57/120 [00:25<00:28,  2.18it/s]
train:  48%|████▊     | 58/120 [00:25<00:23,  2.68it/s]
train:  49%|████▉     | 59/120 [00:26<00:28,  2.17it/s]
train:  50%|█████     | 60/120 [00:26<00:21,  2.73it/s]
train:  51%|█████     | 61/120 [00:27<00:28,  2.07it/s]
train:  52%|█████▏    | 62/120 [00:27<00:21,  2.65it/s]
train:  52%|█████▎    | 63/120 [00:28<00:28,  2.03it/s]
train:  53%|█████▎    | 64/120 [00:28<00:21,  2.62it/s]
train:  54%|█████▍    | 65/120 [00:29<00:26,  2.06it/s]
train:  55%|█████▌    | 66/120 [00:29<00:20,  2.68it/s]
train:  56%|█████▌    | 67/120 [00:30<00:26,  2.03it/s]
train:  57%|█████▋    | 68/120 [00:30<00:19,  2.63it/s]
train:  57%|█████▊    | 69/120 [00:30<00:24,  2.06it/s]
train:  58%|█████▊    | 70/120 [00:31<00:18,  2.69it/s]
train:  59%|█████▉    | 71/120 [00:31<00:24,  2.03it/s]
train:  60%|██████    | 72/120 [00:31<00:18,  2.62it/s]
train:  61%|██████    | 73/120 [00:32<00:23,  2.03it/s]
train:  62%|██████▏   | 74/120 [00:32<00:17,  2.64it/s]
train:  62%|██████▎   | 75/120 [00:33<00:21,  2.05it/s]
train:  63%|██████▎   | 76/120 [00:33<00:16,  2.67it/s]
train:  64%|██████▍   | 77/120 [00:34<00:21,  2.04it/s]
train:  65%|██████▌   | 78/120 [00:34<00:15,  2.66it/s]
train:  66%|██████▌   | 79/120 [00:35<00:20,  1.98it/s]
train:  67%|██████▋   | 80/120 [00:35<00:15,  2.57it/s]
train:  68%|██████▊   | 81/120 [00:36<00:19,  2.01it/s]
train:  68%|██████▊   | 82/120 [00:36<00:14,  2.62it/s]
train:  69%|██████▉   | 83/120 [00:37<00:18,  1.96it/s]
train:  70%|███████   | 84/120 [00:37<00:14,  2.54it/s]
train:  71%|███████   | 85/120 [00:37<00:17,  1.98it/s]
train:  72%|███████▏  | 86/120 [00:38<00:13,  2.58it/s]
train:  72%|███████▎  | 87/120 [00:38<00:16,  2.00it/s]
train:  73%|███████▎  | 88/120 [00:38<00:12,  2.59it/s]
train:  74%|███████▍  | 89/120 [00:39<00:15,  2.02it/s]
train:  75%|███████▌  | 90/120 [00:39<00:11,  2.62it/s]
train:  76%|███████▌  | 91/120 [00:40<00:14,  2.02it/s]
train:  77%|███████▋  | 92/120 [00:40<00:10,  2.63it/s]
train:  78%|███████▊  | 93/120 [00:41<00:13,  2.01it/s]
train:  78%|███████▊  | 94/120 [00:41<00:09,  2.60it/s]
train:  79%|███████▉  | 95/120 [00:42<00:12,  2.06it/s]
train:  80%|████████  | 96/120 [00:42<00:08,  2.68it/s]
train:  81%|████████  | 97/120 [00:43<00:10,  2.09it/s]
train:  82%|████████▏ | 98/120 [00:43<00:08,  2.63it/s]
train:  82%|████████▎ | 99/120 [00:44<00:10,  2.05it/s]
train:  83%|████████▎ | 100/120 [00:44<00:07,  2.65it/s]
train:  84%|████████▍ | 101/120 [00:44<00:09,  1.98it/s]
train:  85%|████████▌ | 102/120 [00:45<00:07,  2.51it/s]
train:  86%|████████▌ | 103/120 [00:45<00:08,  1.91it/s]
train:  87%|████████▋ | 104/120 [00:46<00:06,  2.42it/s]
train:  88%|████████▊ | 105/120 [00:46<00:07,  1.88it/s]
train:  88%|████████▊ | 106/120 [00:47<00:05,  2.42it/s]
train:  89%|████████▉ | 107/120 [00:47<00:06,  1.87it/s]
train:  90%|█████████ | 108/120 [00:47<00:04,  2.45it/s]
train:  91%|█████████ | 109/120 [00:48<00:05,  1.92it/s]
train:  92%|█████████▏| 110/120 [00:48<00:04,  2.48it/s]
train:  92%|█████████▎| 111/120 [00:50<00:06,  1.33it/s]
train:  93%|█████████▎| 112/120 [00:50<00:04,  1.76it/s]
train:  94%|█████████▍| 113/120 [00:51<00:04,  1.56it/s]
train:  95%|█████████▌| 114/120 [00:51<00:02,  2.07it/s]
train:  96%|█████████▌| 115/120 [00:52<00:02,  1.77it/s]
train:  97%|█████████▋| 116/120 [00:52<00:01,  2.32it/s]
train:  98%|█████████▊| 117/120 [00:53<00:01,  1.86it/s]
train:  98%|█████████▊| 118/120 [00:53<00:00,  2.43it/s]
train:  99%|█████████▉| 119/120 [00:54<00:00,  1.95it/s]
train: 100%|██████████| 120/120 [00:54<00:00,  2.55it/s]
                                                        

eval:   0%|          | 0/30 [00:00<?, ?it/s]
eval:   3%|▎         | 1/30 [00:00<00:25,  1.15it/s]
eval:  10%|█         | 3/30 [00:01<00:14,  1.88it/s]
eval:  17%|█▋        | 5/30 [00:02<00:12,  2.05it/s]
eval:  23%|██▎       | 7/30 [00:03<00:10,  2.24it/s]
eval:  30%|███       | 9/30 [00:04<00:09,  2.30it/s]
eval:  37%|███▋      | 11/30 [00:05<00:08,  2.36it/s]
eval:  43%|████▎     | 13/30 [00:05<00:07,  2.38it/s]
eval:  50%|█████     | 15/30 [00:06<00:06,  2.40it/s]
eval:  57%|█████▋    | 17/30 [00:07<00:05,  2.45it/s]
eval:  63%|██████▎   | 19/30 [00:08<00:04,  2.55it/s]
eval:  70%|███████   | 21/30 [00:08<00:03,  2.61it/s]
eval:  77%|███████▋  | 23/30 [00:09<00:02,  2.62it/s]
eval:  83%|████████▎ | 25/30 [00:10<00:01,  2.59it/s]
eval:  90%|█████████ | 27/30 [00:11<00:01,  2.64it/s]
eval:  97%|█████████▋| 29/30 [00:11<00:00,  2.66it/s]
                                                     
Epoch 20 | stage 2 | train loss 0.3021 (cls 0.3021, ctr 0.0000) acc 0.9354 f1 0.9307 | val loss 5.3515 (cls 5.3515, ctr 0.0000) acc 0.6250 f1 0.5961 | lr [1.08e-04, 3.58e-06, 3.58e-06]

train:   0%|          | 0/120 [00:00<?, ?it/s]
train:   1%|          | 1/120 [00:00<01:45,  1.13it/s]
train:   2%|▏         | 2/120 [00:00<00:50,  2.34it/s]
train:   2%|▎         | 3/120 [00:01<01:05,  1.79it/s]
train:   3%|▎         | 4/120 [00:01<00:44,  2.59it/s]
train:   4%|▍         | 5/120 [00:02<00:59,  1.94it/s]
train:   5%|▌         | 6/120 [00:02<00:43,  2.62it/s]
train:   6%|▌         | 7/120 [00:03<00:57,  1.95it/s]
train:   7%|▋         | 8/120 [00:03<00:43,  2.60it/s]
train:   8%|▊         | 9/120 [00:04<00:54,  2.04it/s]
train:   8%|▊         | 10/120 [00:04<00:41,  2.68it/s]
train:   9%|▉         | 11/120 [00:05<00:54,  1.99it/s]
train:  10%|█         | 12/120 [00:05<00:41,  2.60it/s]
train:  11%|█         | 13/120 [00:06<00:52,  2.03it/s]
train:  12%|█▏        | 14/120 [00:06<00:39,  2.66it/s]
train:  12%|█▎        | 15/120 [00:06<00:52,  2.02it/s]
train:  13%|█▎        | 16/120 [00:07<00:39,  2.62it/s]
train:  14%|█▍        | 17/120 [00:07<00:50,  2.04it/s]
train:  15%|█▌        | 18/120 [00:07<00:38,  2.66it/s]
train:  16%|█▌        | 19/120 [00:08<00:49,  2.03it/s]
train:  17%|█▋        | 20/120 [00:08<00:37,  2.63it/s]
train:  18%|█▊        | 21/120 [00:09<00:47,  2.08it/s]
train:  18%|█▊        | 22/120 [00:09<00:36,  2.65it/s]
train:  19%|█▉        | 23/120 [00:10<00:46,  2.08it/s]
train:  20%|██        | 24/120 [00:10<00:36,  2.64it/s]
train:  21%|██        | 25/120 [00:11<00:46,  2.06it/s]
train:  22%|██▏       | 26/120 [00:11<00:35,  2.66it/s]
train:  22%|██▎       | 27/120 [00:12<00:46,  2.01it/s]
train:  23%|██▎       | 28/120 [00:12<00:35,  2.61it/s]
train:  24%|██▍       | 29/120 [00:13<00:44,  2.03it/s]
train:  25%|██▌       | 30/120 [00:13<00:34,  2.63it/s]
train:  26%|██▌       | 31/120 [00:13<00:43,  2.04it/s]
train:  27%|██▋       | 32/120 [00:14<00:33,  2.63it/s]
train:  28%|██▊       | 33/120 [00:14<00:42,  2.05it/s]
train:  28%|██▊       | 34/120 [00:14<00:32,  2.65it/s]
train:  29%|██▉       | 35/120 [00:15<00:41,  2.05it/s]
train:  30%|███       | 36/120 [00:15<00:31,  2.65it/s]
train:  31%|███       | 37/120 [00:16<00:39,  2.10it/s]
train:  32%|███▏      | 38/120 [00:16<00:29,  2.74it/s]
train:  32%|███▎      | 39/120 [00:18<00:59,  1.36it/s]
train:  33%|███▎      | 40/120 [00:18<00:43,  1.83it/s]
train:  34%|███▍      | 41/120 [00:18<00:47,  1.66it/s]
train:  35%|███▌      | 42/120 [00:19<00:35,  2.19it/s]
train:  36%|███▌      | 43/120 [00:19<00:42,  1.80it/s]
train:  37%|███▋      | 44/120 [00:20<00:32,  2.36it/s]
train:  38%|███▊      | 45/120 [00:20<00:39,  1.91it/s]
train:  38%|███▊      | 46/120 [00:20<00:29,  2.49it/s]
train:  39%|███▉      | 47/120 [00:21<00:36,  2.00it/s]
train:  40%|████      | 48/120 [00:21<00:27,  2.60it/s]
train:  41%|████      | 49/120 [00:22<00:35,  2.02it/s]
train:  42%|████▏     | 50/120 [00:22<00:26,  2.63it/s]
train:  42%|████▎     | 51/120 [00:23<00:33,  2.04it/s]
train:  43%|████▎     | 52/120 [00:23<00:25,  2.64it/s]
train:  44%|████▍     | 53/120 [00:24<00:32,  2.05it/s]
train:  45%|████▌     | 54/120 [00:24<00:24,  2.67it/s]
train:  46%|████▌     | 55/120 [00:25<00:31,  2.05it/s]
train:  47%|████▋     | 56/120 [00:25<00:24,  2.64it/s]
train:  48%|████▊     | 57/120 [00:25<00:30,  2.06it/s]
train:  48%|████▊     | 58/120 [00:26<00:23,  2.63it/s]
train:  49%|████▉     | 59/120 [00:26<00:29,  2.09it/s]
train:  50%|█████     | 60/120 [00:26<00:23,  2.60it/s]
train:  51%|█████     | 61/120 [00:27<00:27,  2.13it/s]
train:  52%|█████▏    | 62/120 [00:27<00:22,  2.63it/s]
train:  52%|█████▎    | 63/120 [00:28<00:26,  2.17it/s]
train:  53%|█████▎    | 64/120 [00:28<00:20,  2.69it/s]
train:  54%|█████▍    | 65/120 [00:29<00:24,  2.26it/s]
train:  55%|█████▌    | 66/120 [00:29<00:20,  2.67it/s]
train:  56%|█████▌    | 67/120 [00:30<00:24,  2.19it/s]
train:  57%|█████▋    | 68/120 [00:30<00:19,  2.65it/s]
train:  57%|█████▊    | 69/120 [00:30<00:22,  2.23it/s]
train:  58%|█████▊    | 70/120 [00:31<00:18,  2.67it/s]
train:  59%|█████▉    | 71/120 [00:31<00:21,  2.23it/s]
train:  60%|██████    | 72/120 [00:31<00:17,  2.72it/s]
train:  61%|██████    | 73/120 [00:32<00:21,  2.16it/s]
train:  62%|██████▏   | 74/120 [00:32<00:17,  2.61it/s]
train:  62%|██████▎   | 75/120 [00:33<00:21,  2.14it/s]
train:  63%|██████▎   | 76/120 [00:33<00:17,  2.57it/s]
train:  64%|██████▍   | 77/120 [00:34<00:21,  2.04it/s]
train:  65%|██████▌   | 78/120 [00:34<00:16,  2.48it/s]
train:  66%|██████▌   | 79/120 [00:35<00:19,  2.08it/s]
train:  67%|██████▋   | 80/120 [00:35<00:15,  2.56it/s]
train:  68%|██████▊   | 81/120 [00:36<00:18,  2.15it/s]
train:  68%|██████▊   | 82/120 [00:36<00:14,  2.59it/s]
train:  69%|██████▉   | 83/120 [00:36<00:17,  2.13it/s]
train:  70%|███████   | 84/120 [00:37<00:14,  2.52it/s]
train:  71%|███████   | 85/120 [00:37<00:16,  2.13it/s]
train:  72%|███████▏  | 86/120 [00:37<00:13,  2.51it/s]
train:  72%|███████▎  | 87/120 [00:38<00:15,  2.11it/s]
train:  73%|███████▎  | 88/120 [00:38<00:12,  2.52it/s]
train:  74%|███████▍  | 89/120 [00:39<00:14,  2.10it/s]
train:  75%|███████▌  | 90/120 [00:39<00:11,  2.51it/s]
train:  76%|███████▌  | 91/120 [00:40<00:13,  2.14it/s]
train:  77%|███████▋  | 92/120 [00:40<00:11,  2.50it/s]
train:  78%|███████▊  | 93/120 [00:41<00:12,  2.19it/s]
train:  78%|███████▊  | 94/120 [00:41<00:10,  2.53it/s]
train:  79%|███████▉  | 95/120 [00:42<00:11,  2.14it/s]
train:  80%|████████  | 96/120 [00:42<00:09,  2.62it/s]
train:  81%|████████  | 97/120 [00:42<00:10,  2.11it/s]
train:  82%|████████▏ | 98/120 [00:43<00:08,  2.67it/s]
train:  82%|████████▎ | 99/120 [00:43<00:10,  2.05it/s]
train:  83%|████████▎ | 100/120 [00:43<00:07,  2.63it/s]
train:  84%|████████▍ | 101/120 [00:44<00:09,  2.03it/s]
train:  85%|████████▌ | 102/120 [00:44<00:06,  2.61it/s]
train:  86%|████████▌ | 103/120 [00:45<00:08,  2.08it/s]
train:  87%|████████▋ | 104/120 [00:45<00:05,  2.69it/s]
train:  88%|████████▊ | 105/120 [00:46<00:07,  2.04it/s]
train:  88%|████████▊ | 106/120 [00:46<00:05,  2.59it/s]
train:  89%|████████▉ | 107/120 [00:47<00:06,  2.04it/s]
train:  90%|█████████ | 108/120 [00:47<00:04,  2.53it/s]
train:  91%|█████████ | 109/120 [00:48<00:05,  2.09it/s]
train:  92%|█████████▏| 110/120 [00:48<00:03,  2.54it/s]
train:  92%|█████████▎| 111/120 [00:49<00:04,  2.10it/s]
train:  93%|█████████▎| 112/120 [00:49<00:03,  2.55it/s]
train:  94%|█████████▍| 113/120 [00:50<00:05,  1.35it/s]
train:  95%|█████████▌| 114/120 [00:50<00:03,  1.74it/s]
train:  96%|█████████▌| 115/120 [00:51<00:03,  1.65it/s]
train:  97%|█████████▋| 116/120 [00:51<00:01,  2.02it/s]
train:  98%|█████████▊| 117/120 [00:52<00:01,  1.84it/s]
train:  98%|█████████▊| 118/120 [00:52<00:00,  2.21it/s]
train:  99%|█████████▉| 119/120 [00:53<00:00,  1.98it/s]
train: 100%|██████████| 120/120 [00:53<00:00,  2.40it/s]
                                                        

eval:   0%|          | 0/30 [00:00<?, ?it/s]
eval:   3%|▎         | 1/30 [00:00<00:25,  1.16it/s]
eval:  10%|█         | 3/30 [00:01<00:14,  1.90it/s]
eval:  17%|█▋        | 5/30 [00:02<00:12,  2.08it/s]
eval:  23%|██▎       | 7/30 [00:03<00:10,  2.26it/s]
eval:  30%|███       | 9/30 [00:04<00:08,  2.34it/s]
eval:  37%|███▋      | 11/30 [00:04<00:07,  2.40it/s]
eval:  43%|████▎     | 13/30 [00:05<00:07,  2.42it/s]
eval:  50%|█████     | 15/30 [00:06<00:06,  2.42it/s]
eval:  57%|█████▋    | 17/30 [00:07<00:05,  2.44it/s]
eval:  63%|██████▎   | 19/30 [00:08<00:04,  2.51it/s]
eval:  70%|███████   | 21/30 [00:08<00:03,  2.53it/s]
eval:  77%|███████▋  | 23/30 [00:09<00:02,  2.55it/s]
eval:  83%|████████▎ | 25/30 [00:10<00:01,  2.51it/s]
eval:  90%|█████████ | 27/30 [00:11<00:01,  2.55it/s]
eval:  97%|█████████▋| 29/30 [00:12<00:00,  2.55it/s]
                                                     
Epoch 21 | stage 2 | train loss 0.1617 (cls 0.1617, ctr 0.0000) acc 0.9604 f1 0.9595 | val loss 4.4249 (cls 4.4249, ctr 0.0000) acc 0.6375 f1 0.6179 | lr [9.27e-05, 3.09e-06, 3.09e-06]

train:   0%|          | 0/120 [00:00<?, ?it/s]
train:   1%|          | 1/120 [00:00<01:58,  1.00it/s]
train:   2%|▏         | 2/120 [00:01<00:56,  2.08it/s]
train:   2%|▎         | 3/120 [00:01<01:09,  1.68it/s]
train:   3%|▎         | 4/120 [00:01<00:47,  2.46it/s]
train:   4%|▍         | 5/120 [00:02<01:00,  1.89it/s]
train:   5%|▌         | 6/120 [00:02<00:44,  2.57it/s]
train:   6%|▌         | 7/120 [00:03<00:56,  1.99it/s]
train:   7%|▋         | 8/120 [00:03<00:42,  2.64it/s]
train:   8%|▊         | 9/120 [00:04<00:55,  2.02it/s]
train:   8%|▊         | 10/120 [00:04<00:42,  2.60it/s]
train:   9%|▉         | 11/120 [00:05<00:54,  2.00it/s]
train:  10%|█         | 12/120 [00:05<00:42,  2.57it/s]
train:  11%|█         | 13/120 [00:06<00:52,  2.04it/s]
train:  12%|█▏        | 14/120 [00:06<00:41,  2.55it/s]
train:  12%|█▎        | 15/120 [00:07<00:50,  2.06it/s]
train:  13%|█▎        | 16/120 [00:07<00:39,  2.65it/s]
train:  14%|█▍        | 17/120 [00:07<00:51,  2.01it/s]
train:  15%|█▌        | 18/120 [00:08<00:39,  2.61it/s]
train:  16%|█▌        | 19/120 [00:08<00:50,  1.99it/s]
train:  17%|█▋        | 20/120 [00:08<00:38,  2.59it/s]
train:  18%|█▊        | 21/120 [00:09<00:49,  2.02it/s]
train:  18%|█▊        | 22/120 [00:09<00:37,  2.59it/s]
train:  19%|█▉        | 23/120 [00:10<00:47,  2.03it/s]
train:  20%|██        | 24/120 [00:10<00:37,  2.58it/s]
train:  21%|██        | 25/120 [00:11<00:47,  2.01it/s]
train:  22%|██▏       | 26/120 [00:11<00:36,  2.60it/s]
train:  22%|██▎       | 27/120 [00:12<00:45,  2.06it/s]
train:  23%|██▎       | 28/120 [00:12<00:35,  2.61it/s]
train:  24%|██▍       | 29/120 [00:13<00:44,  2.06it/s]
train:  25%|██▌       | 30/120 [00:13<00:34,  2.63it/s]
train:  26%|██▌       | 31/120 [00:14<00:43,  2.05it/s]
train:  27%|██▋       | 32/120 [00:14<00:33,  2.63it/s]
train:  28%|██▊       | 33/120 [00:14<00:42,  2.07it/s]
train:  28%|██▊       | 34/120 [00:15<00:32,  2.63it/s]
train:  29%|██▉       | 35/120 [00:15<00:41,  2.06it/s]
train:  30%|███       | 36/120 [00:15<00:31,  2.63it/s]
train:  31%|███       | 37/120 [00:16<00:41,  2.00it/s]
train:  32%|███▏      | 38/120 [00:16<00:32,  2.54it/s]
train:  32%|███▎      | 39/120 [00:18<01:02,  1.30it/s]
train:  33%|███▎      | 40/120 [00:18<00:45,  1.74it/s]
train:  34%|███▍      | 41/120 [00:19<00:49,  1.59it/s]
train:  35%|███▌      | 42/120 [00:19<00:37,  2.07it/s]
train:  36%|███▌      | 43/120 [00:20<00:42,  1.82it/s]
train:  37%|███▋      | 44/120 [00:20<00:32,  2.32it/s]
train:  38%|███▊      | 45/120 [00:21<00:39,  1.91it/s]
train:  38%|███▊      | 46/120 [00:21<00:30,  2.46it/s]
train:  39%|███▉      | 47/120 [00:21<00:36,  2.00it/s]
train:  40%|████      | 48/120 [00:22<00:27,  2.58it/s]
train:  41%|████      | 49/120 [00:22<00:34,  2.08it/s]
train:  42%|████▏     | 50/120 [00:22<00:26,  2.66it/s]
train:  42%|████▎     | 51/120 [00:23<00:33,  2.05it/s]
train:  43%|████▎     | 52/120 [00:23<00:25,  2.68it/s]
train:  44%|████▍     | 53/120 [00:24<00:32,  2.09it/s]
train:  45%|████▌     | 54/120 [00:24<00:24,  2.70it/s]
train:  46%|████▌     | 55/120 [00:25<00:30,  2.12it/s]
train:  47%|████▋     | 56/120 [00:25<00:23,  2.75it/s]
train:  48%|████▊     | 57/120 [00:26<00:29,  2.16it/s]
train:  48%|████▊     | 58/120 [00:26<00:22,  2.75it/s]
train:  49%|████▉     | 59/120 [00:26<00:27,  2.18it/s]
train:  50%|█████     | 60/120 [00:27<00:22,  2.68it/s]
train:  51%|█████     | 61/120 [00:27<00:27,  2.13it/s]
train:  52%|█████▏    | 62/120 [00:27<00:21,  2.66it/s]
train:  52%|█████▎    | 63/120 [00:28<00:26,  2.16it/s]
train:  53%|█████▎    | 64/120 [00:28<00:20,  2.69it/s]
train:  54%|█████▍    | 65/120 [00:29<00:24,  2.21it/s]
train:  55%|█████▌    | 66/120 [00:29<00:19,  2.74it/s]
train:  56%|█████▌    | 67/120 [00:30<00:23,  2.27it/s]
train:  57%|█████▋    | 68/120 [00:30<00:19,  2.70it/s]
train:  57%|█████▊    | 69/120 [00:31<00:23,  2.22it/s]
train:  58%|█████▊    | 70/120 [00:31<00:18,  2.71it/s]
train:  59%|█████▉    | 71/120 [00:31<00:22,  2.21it/s]
train:  60%|██████    | 72/120 [00:32<00:18,  2.58it/s]
train:  61%|██████    | 73/120 [00:32<00:21,  2.19it/s]
train:  62%|██████▏   | 74/120 [00:32<00:18,  2.52it/s]
train:  62%|██████▎   | 75/120 [00:33<00:20,  2.22it/s]
train:  63%|██████▎   | 76/120 [00:33<00:17,  2.55it/s]
train:  64%|██████▍   | 77/120 [00:34<00:19,  2.15it/s]
train:  65%|██████▌   | 78/120 [00:34<00:16,  2.54it/s]
train:  66%|██████▌   | 79/120 [00:35<00:19,  2.15it/s]
train:  67%|██████▋   | 80/120 [00:35<00:15,  2.51it/s]
train:  68%|██████▊   | 81/120 [00:36<00:18,  2.16it/s]
train:  68%|██████▊   | 82/120 [00:36<00:14,  2.60it/s]
train:  69%|██████▉   | 83/120 [00:36<00:16,  2.21it/s]
train:  70%|███████   | 84/120 [00:37<00:14,  2.52it/s]
train:  71%|███████   | 85/120 [00:37<00:15,  2.22it/s]
train:  72%|███████▏  | 86/120 [00:38<00:13,  2.52it/s]
train:  72%|███████▎  | 87/120 [00:38<00:14,  2.22it/s]
train:  73%|███████▎  | 88/120 [00:38<00:12,  2.55it/s]
train:  74%|███████▍  | 89/120 [00:39<00:13,  2.24it/s]
train:  75%|███████▌  | 90/120 [00:39<00:11,  2.56it/s]
train:  76%|███████▌  | 91/120 [00:40<00:12,  2.23it/s]
train:  77%|███████▋  | 92/120 [00:40<00:10,  2.59it/s]
train:  78%|███████▊  | 93/120 [00:41<00:12,  2.16it/s]
train:  78%|███████▊  | 94/120 [00:41<00:09,  2.65it/s]
train:  79%|███████▉  | 95/120 [00:42<00:11,  2.16it/s]
train:  80%|████████  | 96/120 [00:42<00:09,  2.58it/s]
train:  81%|████████  | 97/120 [00:42<00:10,  2.10it/s]
train:  82%|████████▏ | 98/120 [00:43<00:08,  2.54it/s]
train:  82%|████████▎ | 99/120 [00:43<00:10,  2.08it/s]
train:  83%|████████▎ | 100/120 [00:44<00:08,  2.50it/s]
train:  84%|████████▍ | 101/120 [00:44<00:08,  2.14it/s]
train:  85%|████████▌ | 102/120 [00:44<00:07,  2.46it/s]
train:  86%|████████▌ | 103/120 [00:45<00:07,  2.13it/s]
train:  87%|████████▋ | 104/120 [00:45<00:06,  2.50it/s]
train:  88%|████████▊ | 105/120 [00:46<00:07,  2.07it/s]
train:  88%|████████▊ | 106/120 [00:46<00:05,  2.49it/s]
train:  89%|████████▉ | 107/120 [00:47<00:06,  2.15it/s]
train:  90%|█████████ | 108/120 [00:47<00:04,  2.53it/s]
train:  91%|█████████ | 109/120 [00:48<00:05,  2.12it/s]
train:  92%|█████████▏| 110/120 [00:48<00:04,  2.44it/s]
train:  92%|█████████▎| 111/120 [00:49<00:04,  2.13it/s]
train:  93%|█████████▎| 112/120 [00:49<00:03,  2.51it/s]
train:  94%|█████████▍| 113/120 [00:49<00:03,  2.09it/s]
train:  95%|█████████▌| 114/120 [00:51<00:04,  1.43it/s]
train:  96%|█████████▌| 115/120 [00:51<00:03,  1.47it/s]
train:  97%|█████████▋| 116/120 [00:52<00:02,  1.82it/s]
train:  98%|█████████▊| 117/120 [00:52<00:01,  1.77it/s]
train:  98%|█████████▊| 118/120 [00:52<00:00,  2.11it/s]
train:  99%|█████████▉| 119/120 [00:53<00:00,  2.03it/s]
train: 100%|██████████| 120/120 [00:53<00:00,  2.39it/s]
                                                        

eval:   0%|          | 0/30 [00:00<?, ?it/s]
eval:   3%|▎         | 1/30 [00:00<00:23,  1.22it/s]
eval:  10%|█         | 3/30 [00:01<00:13,  1.98it/s]
eval:  17%|█▋        | 5/30 [00:02<00:11,  2.16it/s]
eval:  23%|██▎       | 7/30 [00:03<00:09,  2.35it/s]
eval:  30%|███       | 9/30 [00:03<00:08,  2.44it/s]
eval:  37%|███▋      | 11/30 [00:04<00:07,  2.46it/s]
eval:  43%|████▎     | 13/30 [00:05<00:06,  2.46it/s]
eval:  50%|█████     | 15/30 [00:06<00:06,  2.44it/s]
eval:  57%|█████▋    | 17/30 [00:07<00:05,  2.45it/s]
eval:  63%|██████▎   | 19/30 [00:07<00:04,  2.54it/s]
eval:  70%|███████   | 21/30 [00:08<00:03,  2.59it/s]
eval:  77%|███████▋  | 23/30 [00:09<00:02,  2.59it/s]
eval:  83%|████████▎ | 25/30 [00:10<00:01,  2.56it/s]
eval:  90%|█████████ | 27/30 [00:10<00:01,  2.62it/s]
eval:  97%|█████████▋| 29/30 [00:11<00:00,  2.66it/s]
                                                     
Epoch 22 | stage 2 | train loss 0.1404 (cls 0.1404, ctr 0.0000) acc 0.9594 f1 0.9580 | val loss 4.1353 (cls 4.1353, ctr 0.0000) acc 0.6500 f1 0.6325 | lr [7.89e-05, 2.63e-06, 2.63e-06]

train:   0%|          | 0/120 [00:00<?, ?it/s]
train:   1%|          | 1/120 [00:01<02:01,  1.02s/it]
train:   2%|▏         | 2/120 [00:01<00:57,  2.06it/s]
train:   2%|▎         | 3/120 [00:01<01:10,  1.66it/s]
train:   3%|▎         | 4/120 [00:01<00:47,  2.43it/s]
train:   4%|▍         | 5/120 [00:02<01:01,  1.87it/s]
train:   5%|▌         | 6/120 [00:02<00:44,  2.57it/s]
train:   6%|▌         | 7/120 [00:03<00:58,  1.94it/s]
train:   7%|▋         | 8/120 [00:03<00:43,  2.58it/s]
train:   8%|▊         | 9/120 [00:04<00:54,  2.03it/s]
train:   8%|▊         | 10/120 [00:04<00:41,  2.67it/s]
train:   9%|▉         | 11/120 [00:05<00:53,  2.03it/s]
train:  10%|█         | 12/120 [00:05<00:40,  2.66it/s]
train:  11%|█         | 13/120 [00:06<00:53,  2.01it/s]
train:  12%|█▏        | 14/120 [00:06<00:40,  2.63it/s]
train:  12%|█▎        | 15/120 [00:07<00:50,  2.06it/s]
train:  14%|█▍        | 17/120 [00:07<00:47,  2.18it/s]
train:  15%|█▌        | 18/120 [00:08<00:38,  2.67it/s]
train:  16%|█▌        | 19/120 [00:08<00:47,  2.13it/s]
train:  17%|█▋        | 20/120 [00:08<00:37,  2.68it/s]
train:  18%|█▊        | 21/120 [00:09<00:48,  2.05it/s]
train:  18%|█▊        | 22/120 [00:09<00:37,  2.61it/s]
train:  19%|█▉        | 23/120 [00:10<00:48,  2.00it/s]
train:  20%|██        | 24/120 [00:10<00:37,  2.58it/s]
train:  21%|██        | 25/120 [00:11<00:46,  2.03it/s]
train:  22%|██▏       | 26/120 [00:11<00:35,  2.64it/s]
train:  22%|██▎       | 27/120 [00:12<00:45,  2.06it/s]
train:  23%|██▎       | 28/120 [00:12<00:34,  2.70it/s]
train:  24%|██▍       | 29/120 [00:13<00:43,  2.07it/s]
train:  25%|██▌       | 30/120 [00:13<00:33,  2.67it/s]
train:  26%|██▌       | 31/120 [00:14<00:44,  2.01it/s]
train:  27%|██▋       | 32/120 [00:14<00:33,  2.60it/s]
train:  28%|██▊       | 33/120 [00:14<00:42,  2.04it/s]
train:  28%|██▊       | 34/120 [00:15<00:32,  2.66it/s]
train:  29%|██▉       | 35/120 [00:15<00:41,  2.06it/s]
train:  30%|███       | 36/120 [00:15<00:31,  2.67it/s]
train:  31%|███       | 37/120 [00:16<00:40,  2.05it/s]
train:  32%|███▏      | 38/120 [00:16<00:30,  2.66it/s]
train:  32%|███▎      | 39/120 [00:17<00:39,  2.03it/s]
train:  33%|███▎      | 40/120 [00:18<00:54,  1.46it/s]
train:  34%|███▍      | 41/120 [00:19<00:56,  1.40it/s]
train:  35%|███▌      | 42/120 [00:19<00:41,  1.86it/s]
train:  36%|███▌      | 43/120 [00:20<00:45,  1.68it/s]
train:  37%|███▋      | 44/120 [00:20<00:34,  2.22it/s]
train:  38%|███▊      | 45/120 [00:21<00:40,  1.84it/s]
train:  38%|███▊      | 46/120 [00:21<00:30,  2.41it/s]
train:  39%|███▉      | 47/120 [00:22<00:37,  1.94it/s]
train:  40%|████      | 48/120 [00:22<00:28,  2.55it/s]
train:  41%|████      | 49/120 [00:22<00:35,  2.01it/s]
train:  42%|████▏     | 50/120 [00:22<00:27,  2.59it/s]
train:  42%|████▎     | 51/120 [00:23<00:34,  1.97it/s]
train:  43%|████▎     | 52/120 [00:23<00:26,  2.56it/s]
train:  44%|████▍     | 53/120 [00:24<00:33,  2.01it/s]
train:  45%|████▌     | 54/120 [00:24<00:25,  2.54it/s]
train:  46%|████▌     | 55/120 [00:25<00:33,  1.96it/s]
train:  47%|████▋     | 56/120 [00:25<00:25,  2.51it/s]
train:  48%|████▊     | 57/120 [00:26<00:31,  1.97it/s]
train:  48%|████▊     | 58/120 [00:26<00:24,  2.54it/s]
train:  49%|████▉     | 59/120 [00:27<00:30,  1.97it/s]
train:  50%|█████     | 60/120 [00:27<00:23,  2.54it/s]
train:  51%|█████     | 61/120 [00:28<00:29,  2.01it/s]
train:  52%|█████▏    | 62/120 [00:28<00:22,  2.60it/s]
train:  52%|█████▎    | 63/120 [00:29<00:26,  2.13it/s]
train:  53%|█████▎    | 64/120 [00:29<00:20,  2.69it/s]
train:  54%|█████▍    | 65/120 [00:29<00:25,  2.18it/s]
train:  55%|█████▌    | 66/120 [00:29<00:20,  2.69it/s]
train:  56%|█████▌    | 67/120 [00:30<00:24,  2.19it/s]
train:  57%|█████▋    | 68/120 [00:30<00:19,  2.68it/s]
train:  57%|█████▊    | 69/120 [00:31<00:23,  2.16it/s]
train:  58%|█████▊    | 70/120 [00:31<00:19,  2.63it/s]
train:  59%|█████▉    | 71/120 [00:32<00:22,  2.20it/s]
train:  60%|██████    | 72/120 [00:32<00:17,  2.74it/s]
train:  61%|██████    | 73/120 [00:33<00:20,  2.26it/s]
train:  62%|██████▏   | 74/120 [00:33<00:17,  2.66it/s]
train:  62%|██████▎   | 75/120 [00:33<00:19,  2.34it/s]
train:  63%|██████▎   | 76/120 [00:34<00:16,  2.68it/s]
train:  64%|██████▍   | 77/120 [00:34<00:19,  2.23it/s]
train:  65%|██████▌   | 78/120 [00:34<00:15,  2.70it/s]
train:  66%|██████▌   | 79/120 [00:35<00:18,  2.27it/s]
train:  67%|██████▋   | 80/120 [00:35<00:14,  2.67it/s]
train:  68%|██████▊   | 81/120 [00:36<00:17,  2.26it/s]
train:  68%|██████▊   | 82/120 [00:36<00:14,  2.61it/s]
train:  69%|██████▉   | 83/120 [00:37<00:16,  2.29it/s]
train:  70%|███████   | 84/120 [00:37<00:14,  2.54it/s]
train:  71%|███████   | 85/120 [00:38<00:15,  2.26it/s]
train:  72%|███████▏  | 86/120 [00:38<00:13,  2.50it/s]
train:  72%|███████▎  | 87/120 [00:38<00:14,  2.26it/s]
train:  73%|███████▎  | 88/120 [00:39<00:12,  2.47it/s]
train:  74%|███████▍  | 89/120 [00:39<00:13,  2.29it/s]
train:  75%|███████▌  | 90/120 [00:40<00:12,  2.41it/s]
train:  76%|███████▌  | 91/120 [00:40<00:12,  2.30it/s]
train:  77%|███████▋  | 92/120 [00:40<00:11,  2.46it/s]
train:  78%|███████▊  | 93/120 [00:41<00:11,  2.33it/s]
train:  78%|███████▊  | 94/120 [00:41<00:10,  2.46it/s]
train:  79%|███████▉  | 95/120 [00:42<00:10,  2.37it/s]
train:  80%|████████  | 96/120 [00:42<00:09,  2.48it/s]
train:  81%|████████  | 97/120 [00:43<00:09,  2.30it/s]
train:  82%|████████▏ | 98/120 [00:43<00:09,  2.42it/s]
train:  82%|████████▎ | 99/120 [00:43<00:09,  2.20it/s]
train:  83%|████████▎ | 100/120 [00:44<00:08,  2.34it/s]
train:  84%|████████▍ | 101/120 [00:44<00:08,  2.21it/s]
train:  85%|████████▌ | 102/120 [00:45<00:07,  2.40it/s]
train:  86%|████████▌ | 103/120 [00:45<00:07,  2.30it/s]
train:  87%|████████▋ | 104/120 [00:45<00:06,  2.49it/s]
train:  88%|████████▊ | 105/120 [00:46<00:06,  2.24it/s]
train:  88%|████████▊ | 106/120 [00:46<00:05,  2.42it/s]
train:  89%|████████▉ | 107/120 [00:47<00:05,  2.17it/s]
train:  90%|█████████ | 108/120 [00:47<00:04,  2.49it/s]
train:  91%|█████████ | 109/120 [00:48<00:04,  2.22it/s]
train:  92%|█████████▏| 110/120 [00:48<00:03,  2.51it/s]
train:  92%|█████████▎| 111/120 [00:49<00:04,  2.22it/s]
train:  93%|█████████▎| 112/120 [00:49<00:03,  2.40it/s]
train:  94%|█████████▍| 113/120 [00:49<00:03,  2.22it/s]
train:  95%|█████████▌| 114/120 [00:50<00:02,  2.40it/s]
train:  96%|█████████▌| 115/120 [00:50<00:02,  2.27it/s]
train:  97%|█████████▋| 116/120 [00:52<00:03,  1.33it/s]
train:  98%|█████████▊| 117/120 [00:52<00:02,  1.46it/s]
train:  98%|█████████▊| 118/120 [00:53<00:01,  1.68it/s]
train:  99%|█████████▉| 119/120 [00:53<00:00,  1.78it/s]
train: 100%|██████████| 120/120 [00:54<00:00,  2.01it/s]
                                                        

eval:   0%|          | 0/30 [00:00<?, ?it/s]
eval:   3%|▎         | 1/30 [00:00<00:25,  1.15it/s]
eval:  10%|█         | 3/30 [00:01<00:14,  1.86it/s]
eval:  17%|█▋        | 5/30 [00:02<00:12,  2.02it/s]
eval:  23%|██▎       | 7/30 [00:03<00:10,  2.21it/s]
eval:  30%|███       | 9/30 [00:04<00:09,  2.26it/s]
eval:  37%|███▋      | 11/30 [00:05<00:08,  2.33it/s]
eval:  43%|████▎     | 13/30 [00:05<00:07,  2.35it/s]
eval:  50%|█████     | 15/30 [00:06<00:06,  2.35it/s]
eval:  57%|█████▋    | 17/30 [00:07<00:05,  2.38it/s]
eval:  63%|██████▎   | 19/30 [00:08<00:04,  2.48it/s]
eval:  70%|███████   | 21/30 [00:09<00:03,  2.56it/s]
eval:  77%|███████▋  | 23/30 [00:09<00:02,  2.57it/s]
eval:  83%|████████▎ | 25/30 [00:10<00:01,  2.53it/s]
eval:  90%|█████████ | 27/30 [00:11<00:01,  2.60it/s]
eval:  97%|█████████▋| 29/30 [00:12<00:00,  2.62it/s]
                                                     
Epoch 23 | stage 2 | train loss 0.1790 (cls 0.1790, ctr 0.0000) acc 0.9604 f1 0.9590 | val loss 4.9877 (cls 4.9877, ctr 0.0000) acc 0.6375 f1 0.6116 | lr [6.66e-05, 2.22e-06, 2.22e-06]

train:   0%|          | 0/120 [00:00<?, ?it/s]
train:   1%|          | 1/120 [00:00<01:48,  1.10it/s]
train:   2%|▏         | 2/120 [00:01<00:52,  2.26it/s]
train:   2%|▎         | 3/120 [00:01<01:07,  1.74it/s]
train:   3%|▎         | 4/120 [00:01<00:44,  2.59it/s]
train:   4%|▍         | 5/120 [00:02<00:57,  1.99it/s]
train:   5%|▌         | 6/120 [00:02<00:41,  2.73it/s]
train:   6%|▌         | 7/120 [00:03<00:54,  2.06it/s]
train:   7%|▋         | 8/120 [00:03<00:40,  2.76it/s]
train:   8%|▊         | 9/120 [00:04<00:52,  2.11it/s]
train:   8%|▊         | 10/120 [00:04<00:39,  2.79it/s]
train:   9%|▉         | 11/120 [00:05<00:52,  2.09it/s]
train:  10%|█         | 12/120 [00:05<00:39,  2.74it/s]
train:  11%|█         | 13/120 [00:05<00:50,  2.13it/s]
train:  12%|█▏        | 14/120 [00:05<00:38,  2.76it/s]
train:  12%|█▎        | 15/120 [00:06<00:49,  2.14it/s]
train:  13%|█▎        | 16/120 [00:06<00:37,  2.77it/s]
train:  14%|█▍        | 17/120 [00:07<00:46,  2.22it/s]
train:  15%|█▌        | 18/120 [00:07<00:35,  2.89it/s]
train:  16%|█▌        | 19/120 [00:08<00:47,  2.15it/s]
train:  17%|█▋        | 20/120 [00:08<00:35,  2.80it/s]
train:  18%|█▊        | 21/120 [00:09<00:47,  2.09it/s]
train:  18%|█▊        | 22/120 [00:09<00:36,  2.70it/s]
train:  19%|█▉        | 23/120 [00:10<00:48,  2.01it/s]
train:  20%|██        | 24/120 [00:10<00:37,  2.59it/s]
train:  21%|██        | 25/120 [00:10<00:47,  2.00it/s]
train:  22%|██▏       | 26/120 [00:11<00:36,  2.61it/s]
train:  22%|██▎       | 27/120 [00:11<00:46,  1.98it/s]
train:  23%|██▎       | 28/120 [00:12<00:35,  2.57it/s]
train:  24%|██▍       | 29/120 [00:12<00:46,  1.98it/s]
train:  25%|██▌       | 30/120 [00:12<00:34,  2.58it/s]
train:  26%|██▌       | 31/120 [00:13<00:44,  2.00it/s]
train:  27%|██▋       | 32/120 [00:13<00:33,  2.60it/s]
train:  28%|██▊       | 33/120 [00:14<00:43,  2.00it/s]
train:  28%|██▊       | 34/120 [00:14<00:32,  2.63it/s]
train:  29%|██▉       | 35/120 [00:15<00:42,  2.00it/s]
train:  30%|███       | 36/120 [00:15<00:32,  2.59it/s]
train:  31%|███       | 37/120 [00:16<00:40,  2.04it/s]
train:  32%|███▏      | 38/120 [00:16<00:30,  2.66it/s]
train:  32%|███▎      | 39/120 [00:17<00:39,  2.04it/s]
train:  33%|███▎      | 40/120 [00:17<00:30,  2.65it/s]
train:  34%|███▍      | 41/120 [00:17<00:37,  2.09it/s]
train:  35%|███▌      | 42/120 [00:18<00:28,  2.71it/s]
train:  36%|███▌      | 43/120 [00:19<01:03,  1.21it/s]
train:  37%|███▋      | 44/120 [00:20<00:46,  1.63it/s]
train:  38%|███▊      | 45/120 [00:20<00:49,  1.52it/s]
train:  39%|███▉      | 47/120 [00:21<00:40,  1.79it/s]
train:  40%|████      | 48/120 [00:21<00:32,  2.25it/s]
train:  41%|████      | 49/120 [00:22<00:37,  1.90it/s]
train:  42%|████▏     | 50/120 [00:22<00:28,  2.42it/s]
train:  42%|████▎     | 51/120 [00:23<00:35,  1.95it/s]
train:  43%|████▎     | 52/120 [00:23<00:27,  2.50it/s]
train:  44%|████▍     | 53/120 [00:24<00:34,  1.95it/s]
train:  45%|████▌     | 54/120 [00:24<00:26,  2.52it/s]
train:  46%|████▌     | 55/120 [00:25<00:33,  1.94it/s]
train:  47%|████▋     | 56/120 [00:25<00:25,  2.54it/s]
train:  48%|████▊     | 57/120 [00:26<00:31,  1.99it/s]
train:  48%|████▊     | 58/120 [00:26<00:24,  2.57it/s]
train:  49%|████▉     | 59/120 [00:27<00:29,  2.04it/s]
train:  50%|█████     | 60/120 [00:27<00:22,  2.63it/s]
train:  51%|█████     | 61/120 [00:27<00:29,  2.01it/s]
train:  52%|█████▏    | 62/120 [00:28<00:22,  2.61it/s]
train:  52%|█████▎    | 63/120 [00:28<00:27,  2.08it/s]
train:  53%|█████▎    | 64/120 [00:28<00:20,  2.71it/s]
train:  54%|█████▍    | 65/120 [00:29<00:26,  2.10it/s]
train:  55%|█████▌    | 66/120 [00:29<00:19,  2.73it/s]
train:  56%|█████▌    | 67/120 [00:30<00:24,  2.13it/s]
train:  57%|█████▋    | 68/120 [00:30<00:18,  2.77it/s]
train:  57%|█████▊    | 69/120 [00:31<00:23,  2.15it/s]
train:  58%|█████▊    | 70/120 [00:31<00:17,  2.80it/s]
train:  59%|█████▉    | 71/120 [00:32<00:22,  2.19it/s]
train:  60%|██████    | 72/120 [00:32<00:16,  2.83it/s]
train:  61%|██████    | 73/120 [00:32<00:21,  2.17it/s]
train:  62%|██████▏   | 74/120 [00:32<00:16,  2.82it/s]
train:  62%|██████▎   | 75/120 [00:33<00:20,  2.15it/s]
train:  63%|██████▎   | 76/120 [00:33<00:15,  2.78it/s]
train:  64%|██████▍   | 77/120 [00:34<00:20,  2.14it/s]
train:  65%|██████▌   | 78/120 [00:34<00:15,  2.79it/s]
train:  66%|██████▌   | 79/120 [00:35<00:19,  2.10it/s]
train:  67%|██████▋   | 80/120 [00:35<00:14,  2.71it/s]
train:  68%|██████▊   | 81/120 [00:36<00:18,  2.09it/s]
train:  68%|██████▊   | 82/120 [00:36<00:14,  2.71it/s]
train:  69%|██████▉   | 83/120 [00:37<00:17,  2.08it/s]
train:  70%|███████   | 84/120 [00:37<00:13,  2.73it/s]
train:  71%|███████   | 85/120 [00:37<00:16,  2.08it/s]
train:  72%|███████▏  | 86/120 [00:38<00:12,  2.70it/s]
train:  72%|███████▎  | 87/120 [00:38<00:16,  2.03it/s]
train:  73%|███████▎  | 88/120 [00:38<00:12,  2.64it/s]
train:  74%|███████▍  | 89/120 [00:39<00:15,  2.07it/s]
train:  75%|███████▌  | 90/120 [00:39<00:11,  2.67it/s]
train:  76%|███████▌  | 91/120 [00:40<00:14,  1.99it/s]
train:  77%|███████▋  | 92/120 [00:40<00:10,  2.61it/s]
train:  78%|███████▊  | 93/120 [00:41<00:13,  2.06it/s]
train:  78%|███████▊  | 94/120 [00:41<00:09,  2.68it/s]
train:  79%|███████▉  | 95/120 [00:42<00:12,  2.07it/s]
train:  80%|████████  | 96/120 [00:42<00:08,  2.71it/s]
train:  81%|████████  | 97/120 [00:43<00:11,  2.09it/s]
train:  82%|████████▏ | 98/120 [00:43<00:08,  2.71it/s]
train:  82%|████████▎ | 99/120 [00:43<00:10,  2.04it/s]
train:  83%|████████▎ | 100/120 [00:44<00:07,  2.67it/s]
train:  84%|████████▍ | 101/120 [00:44<00:09,  2.04it/s]
train:  85%|████████▌ | 102/120 [00:44<00:06,  2.66it/s]
train:  86%|████████▌ | 103/120 [00:45<00:08,  2.01it/s]
train:  87%|████████▋ | 104/120 [00:45<00:06,  2.61it/s]
train:  88%|████████▊ | 105/120 [00:46<00:07,  1.97it/s]
train:  88%|████████▊ | 106/120 [00:46<00:05,  2.58it/s]
train:  89%|████████▉ | 107/120 [00:47<00:06,  1.98it/s]
train:  90%|█████████ | 108/120 [00:47<00:04,  2.59it/s]
train:  91%|█████████ | 109/120 [00:48<00:05,  1.97it/s]
train:  92%|█████████▏| 110/120 [00:48<00:03,  2.56it/s]
train:  92%|█████████▎| 111/120 [00:49<00:04,  1.93it/s]
train:  93%|█████████▎| 112/120 [00:49<00:03,  2.53it/s]
train:  94%|█████████▍| 113/120 [00:50<00:03,  1.93it/s]
train:  95%|█████████▌| 114/120 [00:50<00:02,  2.52it/s]
train:  96%|█████████▌| 115/120 [00:51<00:02,  1.98it/s]
train:  97%|█████████▋| 116/120 [00:51<00:01,  2.57it/s]
train:  98%|█████████▊| 117/120 [00:53<00:02,  1.22it/s]
train:  98%|█████████▊| 118/120 [00:53<00:01,  1.63it/s]
train:  99%|█████████▉| 119/120 [00:53<00:00,  1.57it/s]
train: 100%|██████████| 120/120 [00:54<00:00,  2.09it/s]
                                                        

eval:   0%|          | 0/30 [00:00<?, ?it/s]
eval:   3%|▎         | 1/30 [00:00<00:25,  1.13it/s]
eval:  10%|█         | 3/30 [00:01<00:14,  1.87it/s]
eval:  17%|█▋        | 5/30 [00:02<00:12,  2.05it/s]
eval:  23%|██▎       | 7/30 [00:03<00:10,  2.22it/s]
eval:  30%|███       | 9/30 [00:04<00:09,  2.29it/s]
eval:  37%|███▋      | 11/30 [00:05<00:08,  2.36it/s]
eval:  43%|████▎     | 13/30 [00:05<00:07,  2.35it/s]
eval:  50%|█████     | 15/30 [00:06<00:06,  2.37it/s]
eval:  57%|█████▋    | 17/30 [00:07<00:05,  2.38it/s]
eval:  63%|██████▎   | 19/30 [00:08<00:04,  2.48it/s]
eval:  70%|███████   | 21/30 [00:09<00:03,  2.55it/s]
eval:  77%|███████▋  | 23/30 [00:09<00:02,  2.55it/s]
eval:  83%|████████▎ | 25/30 [00:10<00:01,  2.53it/s]
eval:  90%|█████████ | 27/30 [00:11<00:01,  2.59it/s]
eval:  97%|█████████▋| 29/30 [00:12<00:00,  2.65it/s]
                                                     
Epoch 24 | stage 2 | train loss 0.1239 (cls 0.1239, ctr 0.0000) acc 0.9688 f1 0.9692 | val loss 5.1059 (cls 5.1059, ctr 0.0000) acc 0.5792 f1 0.5684 | lr [5.58e-05, 1.86e-06, 1.86e-06]

train:   0%|          | 0/120 [00:00<?, ?it/s]
train:   1%|          | 1/120 [00:00<01:50,  1.08it/s]
train:   2%|▏         | 2/120 [00:01<00:53,  2.22it/s]
train:   2%|▎         | 3/120 [00:01<01:04,  1.81it/s]
train:   3%|▎         | 4/120 [00:01<00:44,  2.61it/s]
train:   4%|▍         | 5/120 [00:02<00:58,  1.96it/s]
train:   5%|▌         | 6/120 [00:02<00:42,  2.67it/s]
train:   6%|▌         | 7/120 [00:03<00:56,  2.01it/s]
train:   7%|▋         | 8/120 [00:03<00:41,  2.68it/s]
train:   8%|▊         | 9/120 [00:04<00:53,  2.09it/s]
train:   8%|▊         | 10/120 [00:04<00:39,  2.77it/s]
train:   9%|▉         | 11/120 [00:05<00:52,  2.07it/s]
train:  10%|█         | 12/120 [00:05<00:39,  2.72it/s]
train:  11%|█         | 13/120 [00:05<00:52,  2.05it/s]
train:  12%|█▏        | 14/120 [00:06<00:39,  2.68it/s]
train:  12%|█▎        | 15/120 [00:06<00:50,  2.07it/s]
train:  13%|█▎        | 16/120 [00:06<00:38,  2.70it/s]
train:  14%|█▍        | 17/120 [00:07<00:48,  2.11it/s]
train:  15%|█▌        | 18/120 [00:07<00:37,  2.72it/s]
train:  16%|█▌        | 19/120 [00:08<00:47,  2.12it/s]
train:  17%|█▋        | 20/120 [00:08<00:36,  2.74it/s]
train:  18%|█▊        | 21/120 [00:09<00:46,  2.12it/s]
train:  18%|█▊        | 22/120 [00:09<00:35,  2.74it/s]
train:  19%|█▉        | 23/120 [00:10<00:48,  2.01it/s]
train:  20%|██        | 24/120 [00:10<00:36,  2.64it/s]
train:  21%|██        | 25/120 [00:11<00:47,  1.99it/s]
train:  22%|██▏       | 26/120 [00:11<00:36,  2.59it/s]
train:  22%|██▎       | 27/120 [00:11<00:45,  2.06it/s]
train:  23%|██▎       | 28/120 [00:12<00:34,  2.68it/s]
train:  24%|██▍       | 29/120 [00:12<00:44,  2.06it/s]
train:  25%|██▌       | 30/120 [00:12<00:33,  2.68it/s]
train:  26%|██▌       | 31/120 [00:13<00:42,  2.07it/s]
train:  27%|██▋       | 32/120 [00:13<00:32,  2.70it/s]
train:  28%|██▊       | 33/120 [00:14<00:42,  2.03it/s]
train:  28%|██▊       | 34/120 [00:14<00:32,  2.62it/s]
train:  29%|██▉       | 35/120 [00:15<00:41,  2.04it/s]
train:  30%|███       | 36/120 [00:15<00:31,  2.65it/s]
train:  31%|███       | 37/120 [00:16<00:41,  2.01it/s]
train:  32%|███▏      | 38/120 [00:16<00:31,  2.63it/s]
train:  32%|███▎      | 39/120 [00:17<00:40,  2.01it/s]
train:  33%|███▎      | 40/120 [00:17<00:30,  2.63it/s]
train:  34%|███▍      | 41/120 [00:18<00:38,  2.04it/s]
train:  35%|███▌      | 42/120 [00:18<00:29,  2.65it/s]
train:  36%|███▌      | 43/120 [00:20<01:02,  1.23it/s]
train:  37%|███▋      | 44/120 [00:20<00:45,  1.65it/s]
train:  38%|███▊      | 45/120 [00:20<00:48,  1.55it/s]
train:  38%|███▊      | 46/120 [00:20<00:36,  2.05it/s]
train:  39%|███▉      | 47/120 [00:21<00:41,  1.75it/s]
train:  40%|████      | 48/120 [00:21<00:31,  2.30it/s]
train:  41%|████      | 49/120 [00:22<00:37,  1.89it/s]
train:  42%|████▏     | 50/120 [00:22<00:28,  2.46it/s]
train:  42%|████▎     | 51/120 [00:23<00:35,  1.94it/s]
train:  43%|████▎     | 52/120 [00:23<00:26,  2.52it/s]
train:  44%|████▍     | 53/120 [00:24<00:33,  1.98it/s]
train:  45%|████▌     | 54/120 [00:24<00:25,  2.57it/s]
train:  46%|████▌     | 55/120 [00:25<00:33,  1.97it/s]
train:  47%|████▋     | 56/120 [00:25<00:25,  2.55it/s]
train:  48%|████▊     | 57/120 [00:26<00:31,  1.98it/s]
train:  48%|████▊     | 58/120 [00:26<00:24,  2.58it/s]
train:  49%|████▉     | 59/120 [00:27<00:30,  1.99it/s]
train:  50%|█████     | 60/120 [00:27<00:23,  2.60it/s]
train:  51%|█████     | 61/120 [00:27<00:30,  1.97it/s]
train:  52%|█████▏    | 62/120 [00:28<00:22,  2.55it/s]
train:  52%|█████▎    | 63/120 [00:28<00:28,  2.03it/s]
train:  53%|█████▎    | 64/120 [00:28<00:21,  2.66it/s]
train:  54%|█████▍    | 65/120 [00:29<00:25,  2.13it/s]
train:  56%|█████▌    | 67/120 [00:30<00:23,  2.28it/s]
train:  57%|█████▋    | 68/120 [00:30<00:18,  2.81it/s]
train:  57%|█████▊    | 69/120 [00:31<00:22,  2.24it/s]
train:  58%|█████▊    | 70/120 [00:31<00:17,  2.82it/s]
train:  59%|█████▉    | 71/120 [00:32<00:22,  2.22it/s]
train:  60%|██████    | 72/120 [00:32<00:16,  2.83it/s]
train:  61%|██████    | 73/120 [00:32<00:21,  2.20it/s]
train:  62%|██████▏   | 74/120 [00:32<00:16,  2.83it/s]
train:  62%|██████▎   | 75/120 [00:33<00:20,  2.16it/s]
train:  64%|██████▍   | 77/120 [00:34<00:18,  2.28it/s]
train:  65%|██████▌   | 78/120 [00:34<00:15,  2.79it/s]
train:  66%|██████▌   | 79/120 [00:35<00:18,  2.20it/s]
train:  67%|██████▋   | 80/120 [00:35<00:14,  2.75it/s]
train:  68%|██████▊   | 81/120 [00:36<00:18,  2.06it/s]
train:  68%|██████▊   | 82/120 [00:36<00:14,  2.64it/s]
train:  69%|██████▉   | 83/120 [00:37<00:17,  2.08it/s]
train:  70%|███████   | 84/120 [00:37<00:13,  2.69it/s]
train:  71%|███████   | 85/120 [00:38<00:17,  1.99it/s]
train:  72%|███████▏  | 86/120 [00:38<00:13,  2.59it/s]
train:  72%|███████▎  | 87/120 [00:38<00:16,  2.04it/s]
train:  73%|███████▎  | 88/120 [00:38<00:12,  2.66it/s]
train:  74%|███████▍  | 89/120 [00:39<00:15,  2.06it/s]
train:  76%|███████▌  | 91/120 [00:40<00:13,  2.20it/s]
train:  78%|███████▊  | 93/120 [00:41<00:12,  2.23it/s]
train:  78%|███████▊  | 94/120 [00:41<00:09,  2.66it/s]
train:  79%|███████▉  | 95/120 [00:42<00:11,  2.19it/s]
train:  80%|████████  | 96/120 [00:42<00:08,  2.69it/s]
train:  81%|████████  | 97/120 [00:43<00:11,  2.09it/s]
train:  82%|████████▏ | 98/120 [00:43<00:08,  2.64it/s]
train:  82%|████████▎ | 99/120 [00:44<00:10,  2.05it/s]
train:  83%|████████▎ | 100/120 [00:44<00:07,  2.65it/s]
train:  84%|████████▍ | 101/120 [00:44<00:09,  1.97it/s]
train:  85%|████████▌ | 102/120 [00:45<00:07,  2.53it/s]
train:  86%|████████▌ | 103/120 [00:45<00:08,  2.01it/s]
train:  87%|████████▋ | 104/120 [00:45<00:06,  2.61it/s]
train:  88%|████████▊ | 105/120 [00:46<00:07,  2.07it/s]
train:  88%|████████▊ | 106/120 [00:46<00:05,  2.70it/s]
train:  89%|████████▉ | 107/120 [00:47<00:06,  2.04it/s]
train:  90%|█████████ | 108/120 [00:47<00:04,  2.64it/s]
train:  91%|█████████ | 109/120 [00:48<00:05,  1.96it/s]
train:  92%|█████████▏| 110/120 [00:48<00:03,  2.56it/s]
train:  92%|█████████▎| 111/120 [00:49<00:04,  2.02it/s]
train:  93%|█████████▎| 112/120 [00:49<00:03,  2.61it/s]
train:  94%|█████████▍| 113/120 [00:50<00:03,  2.06it/s]
train:  95%|█████████▌| 114/120 [00:50<00:02,  2.67it/s]
train:  96%|█████████▌| 115/120 [00:51<00:02,  1.98it/s]
train:  97%|█████████▋| 116/120 [00:51<00:01,  2.57it/s]
train:  98%|█████████▊| 117/120 [00:53<00:02,  1.18it/s]
train:  98%|█████████▊| 118/120 [00:53<00:01,  1.60it/s]
train:  99%|█████████▉| 119/120 [00:53<00:00,  1.56it/s]
train: 100%|██████████| 120/120 [00:54<00:00,  2.06it/s]
                                                        

eval:   0%|          | 0/30 [00:00<?, ?it/s]
eval:   3%|▎         | 1/30 [00:00<00:25,  1.13it/s]
eval:  10%|█         | 3/30 [00:01<00:14,  1.87it/s]
eval:  17%|█▋        | 5/30 [00:02<00:12,  2.04it/s]
eval:  23%|██▎       | 7/30 [00:03<00:10,  2.21it/s]
eval:  30%|███       | 9/30 [00:04<00:09,  2.26it/s]
eval:  37%|███▋      | 11/30 [00:05<00:08,  2.34it/s]
eval:  43%|████▎     | 13/30 [00:05<00:07,  2.34it/s]
eval:  50%|█████     | 15/30 [00:06<00:06,  2.35it/s]
eval:  57%|█████▋    | 17/30 [00:07<00:05,  2.38it/s]
eval:  63%|██████▎   | 19/30 [00:08<00:04,  2.48it/s]
eval:  70%|███████   | 21/30 [00:09<00:03,  2.56it/s]
eval:  77%|███████▋  | 23/30 [00:09<00:02,  2.59it/s]
eval:  83%|████████▎ | 25/30 [00:10<00:01,  2.57it/s]
eval:  90%|█████████ | 27/30 [00:11<00:01,  2.62it/s]
eval:  97%|█████████▋| 29/30 [00:12<00:00,  2.65it/s]
                                                     
Epoch 25 | stage 2 | train loss 0.1397 (cls 0.1397, ctr 0.0000) acc 0.9573 f1 0.9585 | val loss 5.1013 (cls 5.1013, ctr 0.0000) acc 0.5833 f1 0.5727 | lr [4.67e-05, 1.56e-06, 1.56e-06]

train:   0%|          | 0/120 [00:00<?, ?it/s]
train:   1%|          | 1/120 [00:00<01:47,  1.10it/s]
train:   2%|▏         | 2/120 [00:01<00:51,  2.31it/s]
train:   2%|▎         | 3/120 [00:01<01:08,  1.72it/s]
train:   3%|▎         | 4/120 [00:01<00:46,  2.52it/s]
train:   4%|▍         | 5/120 [00:02<01:00,  1.89it/s]
train:   5%|▌         | 6/120 [00:02<00:44,  2.59it/s]
train:   6%|▌         | 7/120 [00:03<00:58,  1.94it/s]
train:   8%|▊         | 9/120 [00:04<00:53,  2.06it/s]
train:   8%|▊         | 10/120 [00:04<00:42,  2.56it/s]
train:   9%|▉         | 11/120 [00:05<00:52,  2.08it/s]
train:  10%|█         | 12/120 [00:05<00:40,  2.65it/s]
train:  11%|█         | 13/120 [00:06<00:51,  2.07it/s]
train:  12%|█▏        | 14/120 [00:06<00:39,  2.67it/s]
train:  12%|█▎        | 15/120 [00:07<00:50,  2.06it/s]
train:  13%|█▎        | 16/120 [00:07<00:39,  2.66it/s]
train:  14%|█▍        | 17/120 [00:07<00:49,  2.07it/s]
train:  15%|█▌        | 18/120 [00:07<00:38,  2.67it/s]
train:  16%|█▌        | 19/120 [00:08<00:48,  2.07it/s]
train:  17%|█▋        | 20/120 [00:08<00:37,  2.68it/s]
train:  18%|█▊        | 21/120 [00:09<00:49,  2.01it/s]
train:  18%|█▊        | 22/120 [00:09<00:37,  2.62it/s]
train:  19%|█▉        | 23/120 [00:10<00:48,  1.98it/s]
train:  20%|██        | 24/120 [00:10<00:37,  2.57it/s]
train:  21%|██        | 25/120 [00:11<00:47,  1.98it/s]
train:  22%|██▏       | 26/120 [00:11<00:36,  2.59it/s]
train:  22%|██▎       | 27/120 [00:12<00:46,  2.00it/s]
train:  23%|██▎       | 28/120 [00:12<00:35,  2.59it/s]
train:  24%|██▍       | 29/120 [00:13<00:43,  2.07it/s]
train:  25%|██▌       | 30/120 [00:13<00:33,  2.70it/s]
train:  26%|██▌       | 31/120 [00:14<00:44,  2.00it/s]
train:  27%|██▋       | 32/120 [00:14<00:33,  2.60it/s]
train:  28%|██▊       | 33/120 [00:14<00:42,  2.05it/s]
train:  28%|██▊       | 34/120 [00:14<00:32,  2.67it/s]
train:  29%|██▉       | 35/120 [00:15<00:42,  2.01it/s]
train:  30%|███       | 36/120 [00:15<00:32,  2.62it/s]
train:  31%|███       | 37/120 [00:16<00:40,  2.04it/s]
train:  32%|███▏      | 38/120 [00:16<00:31,  2.64it/s]
train:  32%|███▎      | 39/120 [00:17<00:39,  2.05it/s]
train:  33%|███▎      | 40/120 [00:17<00:30,  2.64it/s]
train:  34%|███▍      | 41/120 [00:18<00:38,  2.05it/s]
train:  35%|███▌      | 42/120 [00:18<00:29,  2.65it/s]
train:  36%|███▌      | 43/120 [00:20<01:03,  1.21it/s]
train:  37%|███▋      | 44/120 [00:20<00:46,  1.63it/s]
train:  38%|███▊      | 45/120 [00:21<00:48,  1.56it/s]
train:  39%|███▉      | 47/120 [00:22<00:40,  1.82it/s]
train:  40%|████      | 48/120 [00:22<00:31,  2.27it/s]
train:  41%|████      | 49/120 [00:22<00:37,  1.87it/s]
train:  42%|████▏     | 50/120 [00:23<00:29,  2.39it/s]
train:  42%|████▎     | 51/120 [00:23<00:34,  1.99it/s]
train:  43%|████▎     | 52/120 [00:23<00:26,  2.55it/s]
train:  44%|████▍     | 53/120 [00:24<00:32,  2.04it/s]
train:  45%|████▌     | 54/120 [00:24<00:24,  2.65it/s]
train:  46%|████▌     | 55/120 [00:25<00:31,  2.07it/s]
train:  47%|████▋     | 56/120 [00:25<00:23,  2.70it/s]
train:  48%|████▊     | 57/120 [00:26<00:30,  2.04it/s]
train:  48%|████▊     | 58/120 [00:26<00:23,  2.66it/s]
train:  49%|████▉     | 59/120 [00:27<00:30,  2.02it/s]
train:  50%|█████     | 60/120 [00:27<00:22,  2.63it/s]
train:  51%|█████     | 61/120 [00:28<00:29,  2.00it/s]
train:  52%|█████▏    | 62/120 [00:28<00:22,  2.57it/s]
train:  52%|█████▎    | 63/120 [00:28<00:27,  2.07it/s]
train:  53%|█████▎    | 64/120 [00:29<00:20,  2.71it/s]
train:  54%|█████▍    | 65/120 [00:29<00:26,  2.09it/s]
train:  55%|█████▌    | 66/120 [00:29<00:19,  2.70it/s]
train:  56%|█████▌    | 67/120 [00:30<00:25,  2.12it/s]
train:  57%|█████▋    | 68/120 [00:30<00:18,  2.77it/s]
train:  57%|█████▊    | 69/120 [00:31<00:24,  2.11it/s]
train:  58%|█████▊    | 70/120 [00:31<00:18,  2.76it/s]
train:  59%|█████▉    | 71/120 [00:32<00:23,  2.08it/s]
train:  60%|██████    | 72/120 [00:32<00:17,  2.70it/s]
train:  61%|██████    | 73/120 [00:33<00:22,  2.04it/s]
train:  62%|██████▏   | 74/120 [00:33<00:17,  2.65it/s]
train:  62%|██████▎   | 75/120 [00:34<00:22,  2.00it/s]
train:  63%|██████▎   | 76/120 [00:34<00:17,  2.59it/s]
train:  64%|██████▍   | 77/120 [00:35<00:21,  1.97it/s]
train:  65%|██████▌   | 78/120 [00:35<00:16,  2.56it/s]
train:  66%|██████▌   | 79/120 [00:35<00:20,  1.98it/s]
train:  67%|██████▋   | 80/120 [00:36<00:15,  2.60it/s]
train:  68%|██████▊   | 81/120 [00:36<00:19,  2.01it/s]
train:  68%|██████▊   | 82/120 [00:36<00:14,  2.62it/s]
train:  69%|██████▉   | 83/120 [00:37<00:17,  2.06it/s]
train:  71%|███████   | 85/120 [00:38<00:16,  2.17it/s]
train:  72%|███████▏  | 86/120 [00:38<00:12,  2.67it/s]
train:  72%|███████▎  | 87/120 [00:39<00:15,  2.10it/s]
train:  73%|███████▎  | 88/120 [00:39<00:12,  2.66it/s]
train:  74%|███████▍  | 89/120 [00:40<00:14,  2.08it/s]
train:  76%|███████▌  | 91/120 [00:41<00:13,  2.16it/s]
train:  77%|███████▋  | 92/120 [00:41<00:10,  2.63it/s]
train:  78%|███████▊  | 93/120 [00:41<00:13,  2.07it/s]
train:  78%|███████▊  | 94/120 [00:42<00:09,  2.61it/s]
train:  79%|███████▉  | 95/120 [00:42<00:12,  2.04it/s]
train:  80%|████████  | 96/120 [00:42<00:09,  2.61it/s]
train:  81%|████████  | 97/120 [00:43<00:11,  2.02it/s]
train:  82%|████████▏ | 98/120 [00:43<00:08,  2.62it/s]
train:  82%|████████▎ | 99/120 [00:44<00:10,  1.99it/s]
train:  83%|████████▎ | 100/120 [00:44<00:07,  2.60it/s]
train:  84%|████████▍ | 101/120 [00:45<00:09,  2.04it/s]
train:  85%|████████▌ | 102/120 [00:45<00:06,  2.67it/s]
train:  86%|████████▌ | 103/120 [00:46<00:08,  2.06it/s]
train:  87%|████████▋ | 104/120 [00:46<00:05,  2.68it/s]
train:  88%|████████▊ | 105/120 [00:47<00:07,  2.01it/s]
train:  88%|████████▊ | 106/120 [00:47<00:05,  2.61it/s]
train:  89%|████████▉ | 107/120 [00:48<00:06,  2.06it/s]
train:  90%|█████████ | 108/120 [00:48<00:04,  2.68it/s]
train:  91%|█████████ | 109/120 [00:48<00:05,  2.04it/s]
train:  92%|█████████▏| 110/120 [00:49<00:03,  2.66it/s]
train:  92%|█████████▎| 111/120 [00:49<00:04,  2.06it/s]
train:  93%|█████████▎| 112/120 [00:49<00:02,  2.68it/s]
train:  94%|█████████▍| 113/120 [00:50<00:03,  2.06it/s]
train:  95%|█████████▌| 114/120 [00:50<00:02,  2.66it/s]
train:  96%|█████████▌| 115/120 [00:51<00:02,  1.98it/s]
train:  97%|█████████▋| 116/120 [00:51<00:01,  2.57it/s]
train:  98%|█████████▊| 117/120 [00:53<00:02,  1.21it/s]
train:  98%|█████████▊| 118/120 [00:53<00:01,  1.64it/s]
train:  99%|█████████▉| 119/120 [00:54<00:00,  1.61it/s]
train: 100%|██████████| 120/120 [00:54<00:00,  2.15it/s]
                                                        

eval:   0%|          | 0/30 [00:00<?, ?it/s]
eval:   3%|▎         | 1/30 [00:00<00:25,  1.16it/s]
eval:  10%|█         | 3/30 [00:01<00:14,  1.91it/s]
eval:  17%|█▋        | 5/30 [00:02<00:11,  2.08it/s]
eval:  23%|██▎       | 7/30 [00:03<00:10,  2.24it/s]
eval:  30%|███       | 9/30 [00:04<00:09,  2.32it/s]
eval:  37%|███▋      | 11/30 [00:04<00:08,  2.36it/s]
eval:  43%|████▎     | 13/30 [00:05<00:07,  2.39it/s]
eval:  50%|█████     | 15/30 [00:06<00:06,  2.41it/s]
eval:  57%|█████▋    | 17/30 [00:07<00:05,  2.45it/s]
eval:  63%|██████▎   | 19/30 [00:08<00:04,  2.54it/s]
eval:  70%|███████   | 21/30 [00:08<00:03,  2.61it/s]
eval:  77%|███████▋  | 23/30 [00:09<00:02,  2.60it/s]
eval:  83%|████████▎ | 25/30 [00:10<00:01,  2.59it/s]
eval:  90%|█████████ | 27/30 [00:11<00:01,  2.62it/s]
eval:  97%|█████████▋| 29/30 [00:11<00:00,  2.58it/s]
                                                     
Epoch 26 | stage 2 | train loss 0.1183 (cls 0.1183, ctr 0.0000) acc 0.9740 f1 0.9742 | val loss 4.8291 (cls 4.8291, ctr 0.0000) acc 0.6208 f1 0.6069 | lr [3.95e-05, 1.32e-06, 1.32e-06]

train:   0%|          | 0/120 [00:00<?, ?it/s]
train:   1%|          | 1/120 [00:01<02:01,  1.02s/it]
train:   2%|▏         | 2/120 [00:01<00:58,  2.03it/s]
train:   2%|▎         | 3/120 [00:01<01:11,  1.63it/s]
train:   3%|▎         | 4/120 [00:02<00:48,  2.40it/s]
train:   4%|▍         | 5/120 [00:02<01:01,  1.88it/s]
train:   5%|▌         | 6/120 [00:02<00:44,  2.56it/s]
train:   6%|▌         | 7/120 [00:03<00:55,  2.04it/s]
train:   7%|▋         | 8/120 [00:03<00:41,  2.68it/s]
train:   8%|▊         | 9/120 [00:04<00:51,  2.16it/s]
train:   9%|▉         | 11/120 [00:05<00:48,  2.26it/s]
train:  10%|█         | 12/120 [00:05<00:38,  2.80it/s]
train:  11%|█         | 13/120 [00:05<00:47,  2.23it/s]
train:  12%|█▏        | 14/120 [00:06<00:37,  2.81it/s]
train:  12%|█▎        | 15/120 [00:06<00:49,  2.13it/s]
train:  13%|█▎        | 16/120 [00:06<00:38,  2.71it/s]
train:  14%|█▍        | 17/120 [00:07<00:49,  2.09it/s]
train:  15%|█▌        | 18/120 [00:07<00:37,  2.69it/s]
train:  16%|█▌        | 19/120 [00:08<00:51,  1.97it/s]
train:  17%|█▋        | 20/120 [00:08<00:38,  2.57it/s]
train:  18%|█▊        | 21/120 [00:09<00:50,  1.97it/s]
train:  18%|█▊        | 22/120 [00:09<00:38,  2.55it/s]
train:  19%|█▉        | 23/120 [00:10<00:47,  2.03it/s]
train:  20%|██        | 24/120 [00:10<00:36,  2.64it/s]
train:  21%|██        | 25/120 [00:11<00:47,  2.00it/s]
train:  22%|██▏       | 26/120 [00:11<00:36,  2.61it/s]
train:  22%|██▎       | 27/120 [00:12<00:46,  2.02it/s]
train:  23%|██▎       | 28/120 [00:12<00:34,  2.64it/s]
train:  24%|██▍       | 29/120 [00:13<00:43,  2.08it/s]
train:  25%|██▌       | 30/120 [00:13<00:33,  2.71it/s]
train:  26%|██▌       | 31/120 [00:13<00:42,  2.08it/s]
train:  27%|██▋       | 32/120 [00:13<00:32,  2.67it/s]
train:  28%|██▊       | 33/120 [00:14<00:43,  2.01it/s]
train:  28%|██▊       | 34/120 [00:14<00:32,  2.62it/s]
train:  29%|██▉       | 35/120 [00:15<00:41,  2.03it/s]
train:  30%|███       | 36/120 [00:15<00:31,  2.63it/s]
train:  31%|███       | 37/120 [00:16<00:41,  2.00it/s]
train:  32%|███▏      | 38/120 [00:16<00:31,  2.59it/s]
train:  32%|███▎      | 39/120 [00:17<00:39,  2.03it/s]
train:  33%|███▎      | 40/120 [00:17<00:30,  2.66it/s]
train:  34%|███▍      | 41/120 [00:18<00:39,  1.98it/s]
train:  35%|███▌      | 42/120 [00:18<00:30,  2.56it/s]
train:  36%|███▌      | 43/120 [00:19<00:38,  1.98it/s]
train:  37%|███▋      | 44/120 [00:19<00:29,  2.57it/s]
train:  38%|███▊      | 45/120 [00:20<00:37,  2.01it/s]
train:  38%|███▊      | 46/120 [00:20<00:28,  2.62it/s]
train:  39%|███▉      | 47/120 [00:20<00:36,  2.01it/s]
train:  40%|████      | 48/120 [00:21<00:27,  2.61it/s]
train:  41%|████      | 49/120 [00:21<00:34,  2.08it/s]
train:  42%|████▏     | 50/120 [00:21<00:25,  2.71it/s]
train:  42%|████▎     | 51/120 [00:22<00:34,  1.98it/s]
train:  43%|████▎     | 52/120 [00:22<00:26,  2.58it/s]
train:  44%|████▍     | 53/120 [00:23<00:33,  2.00it/s]
train:  45%|████▌     | 54/120 [00:23<00:25,  2.62it/s]
train:  46%|████▌     | 55/120 [00:24<00:31,  2.06it/s]
train:  47%|████▋     | 56/120 [00:24<00:23,  2.68it/s]
train:  48%|████▊     | 57/120 [00:25<00:30,  2.06it/s]
train:  48%|████▊     | 58/120 [00:25<00:23,  2.68it/s]
train:  49%|████▉     | 59/120 [00:26<00:29,  2.06it/s]
train:  50%|█████     | 60/120 [00:26<00:22,  2.66it/s]
train:  51%|█████     | 61/120 [00:27<00:30,  1.91it/s]
train:  52%|█████▏    | 62/120 [00:27<00:23,  2.48it/s]
train:  52%|█████▎    | 63/120 [00:27<00:28,  1.98it/s]
train:  53%|█████▎    | 64/120 [00:28<00:21,  2.57it/s]
train:  54%|█████▍    | 65/120 [00:28<00:27,  1.99it/s]
train:  55%|█████▌    | 66/120 [00:28<00:20,  2.60it/s]
train:  56%|█████▌    | 67/120 [00:29<00:26,  1.97it/s]
train:  57%|█████▋    | 68/120 [00:29<00:20,  2.55it/s]
train:  57%|█████▊    | 69/120 [00:30<00:25,  2.01it/s]
train:  58%|█████▊    | 70/120 [00:30<00:19,  2.63it/s]
train:  59%|█████▉    | 71/120 [00:31<00:24,  2.02it/s]
train:  60%|██████    | 72/120 [00:31<00:18,  2.61it/s]
train:  61%|██████    | 73/120 [00:32<00:23,  2.02it/s]
train:  62%|██████▏   | 74/120 [00:32<00:17,  2.61it/s]
train:  62%|██████▎   | 75/120 [00:33<00:21,  2.05it/s]
train:  63%|██████▎   | 76/120 [00:33<00:16,  2.65it/s]
train:  64%|██████▍   | 77/120 [00:34<00:20,  2.08it/s]
train:  65%|██████▌   | 78/120 [00:34<00:15,  2.70it/s]
train:  66%|██████▌   | 79/120 [00:36<00:36,  1.11it/s]
train:  67%|██████▋   | 80/120 [00:36<00:26,  1.50it/s]
train:  68%|██████▊   | 81/120 [00:37<00:26,  1.46it/s]
train:  69%|██████▉   | 83/120 [00:38<00:20,  1.76it/s]
train:  70%|███████   | 84/120 [00:38<00:16,  2.20it/s]
train:  71%|███████   | 85/120 [00:38<00:18,  1.88it/s]
train:  72%|███████▏  | 86/120 [00:39<00:14,  2.41it/s]
train:  72%|███████▎  | 87/120 [00:39<00:16,  2.00it/s]
train:  73%|███████▎  | 88/120 [00:39<00:12,  2.59it/s]
train:  74%|███████▍  | 89/120 [00:40<00:15,  2.02it/s]
train:  75%|███████▌  | 90/120 [00:40<00:11,  2.61it/s]
train:  76%|███████▌  | 91/120 [00:41<00:14,  1.99it/s]
train:  77%|███████▋  | 92/120 [00:41<00:10,  2.57it/s]
train:  78%|███████▊  | 93/120 [00:42<00:13,  1.99it/s]
train:  78%|███████▊  | 94/120 [00:42<00:10,  2.58it/s]
train:  79%|███████▉  | 95/120 [00:43<00:12,  1.99it/s]
train:  80%|████████  | 96/120 [00:43<00:09,  2.58it/s]
train:  81%|████████  | 97/120 [00:44<00:11,  1.94it/s]
train:  82%|████████▏ | 98/120 [00:44<00:08,  2.52it/s]
train:  82%|████████▎ | 99/120 [00:45<00:10,  2.03it/s]
train:  83%|████████▎ | 100/120 [00:45<00:07,  2.65it/s]
train:  84%|████████▍ | 101/120 [00:45<00:08,  2.15it/s]
train:  86%|████████▌ | 103/120 [00:46<00:07,  2.27it/s]
train:  87%|████████▋ | 104/120 [00:46<00:05,  2.80it/s]
train:  88%|████████▊ | 105/120 [00:47<00:06,  2.26it/s]
train:  88%|████████▊ | 106/120 [00:47<00:04,  2.84it/s]
train:  89%|████████▉ | 107/120 [00:48<00:05,  2.20it/s]
train:  90%|█████████ | 108/120 [00:48<00:04,  2.81it/s]
train:  91%|█████████ | 109/120 [00:49<00:05,  2.07it/s]
train:  92%|█████████▏| 110/120 [00:49<00:03,  2.67it/s]
train:  92%|█████████▎| 111/120 [00:50<00:04,  2.06it/s]
train:  93%|█████████▎| 112/120 [00:50<00:02,  2.67it/s]
train:  94%|█████████▍| 113/120 [00:50<00:03,  2.01it/s]
train:  95%|█████████▌| 114/120 [00:51<00:02,  2.59it/s]
train:  96%|█████████▌| 115/120 [00:51<00:02,  2.02it/s]
train:  97%|█████████▋| 116/120 [00:51<00:01,  2.64it/s]
train:  98%|█████████▊| 117/120 [00:52<00:01,  2.01it/s]
train:  98%|█████████▊| 118/120 [00:52<00:00,  2.62it/s]
train:  99%|█████████▉| 119/120 [00:53<00:00,  2.20it/s]
train: 100%|██████████| 120/120 [00:53<00:00,  2.86it/s]
                                                        

eval:   0%|          | 0/30 [00:00<?, ?it/s]
eval:   3%|▎         | 1/30 [00:00<00:24,  1.21it/s]
eval:  10%|█         | 3/30 [00:01<00:13,  1.96it/s]
eval:  17%|█▋        | 5/30 [00:02<00:11,  2.15it/s]
eval:  23%|██▎       | 7/30 [00:03<00:10,  2.29it/s]
eval:  30%|███       | 9/30 [00:04<00:08,  2.34it/s]
eval:  37%|███▋      | 11/30 [00:04<00:07,  2.38it/s]
eval:  43%|████▎     | 13/30 [00:05<00:07,  2.37it/s]
eval:  50%|█████     | 15/30 [00:06<00:06,  2.36it/s]
eval:  57%|█████▋    | 17/30 [00:07<00:05,  2.38it/s]
eval:  63%|██████▎   | 19/30 [00:08<00:04,  2.44it/s]
eval:  70%|███████   | 21/30 [00:08<00:03,  2.48it/s]
eval:  77%|███████▋  | 23/30 [00:09<00:02,  2.48it/s]
eval:  83%|████████▎ | 25/30 [00:10<00:02,  2.43it/s]
eval:  90%|█████████ | 27/30 [00:11<00:01,  2.48it/s]
eval:  97%|█████████▋| 29/30 [00:12<00:00,  2.49it/s]
                                                     
Epoch 27 | stage 2 | train loss 0.1227 (cls 0.1227, ctr 0.0000) acc 0.9677 f1 0.9673 | val loss 5.1641 (cls 5.1641, ctr 0.0000) acc 0.5958 f1 0.5860 | lr [3.42e-05, 1.14e-06, 1.14e-06]

train:   0%|          | 0/120 [00:00<?, ?it/s]
train:   1%|          | 1/120 [00:01<02:07,  1.07s/it]
train:   2%|▎         | 3/120 [00:01<01:12,  1.61it/s]
train:   3%|▎         | 4/120 [00:02<00:51,  2.23it/s]
train:   4%|▍         | 5/120 [00:03<01:44,  1.10it/s]
train:   5%|▌         | 6/120 [00:04<01:14,  1.52it/s]
train:   6%|▌         | 7/120 [00:04<01:17,  1.46it/s]
train:   7%|▋         | 8/120 [00:04<00:56,  1.97it/s]
train:   8%|▊         | 9/120 [00:05<01:05,  1.71it/s]
train:   8%|▊         | 10/120 [00:05<00:48,  2.26it/s]
train:   9%|▉         | 11/120 [00:06<00:59,  1.82it/s]
train:  10%|█         | 12/120 [00:06<00:45,  2.40it/s]
train:  11%|█         | 13/120 [00:07<00:56,  1.90it/s]
train:  12%|█▏        | 14/120 [00:07<00:42,  2.49it/s]
train:  12%|█▎        | 15/120 [00:08<00:53,  1.96it/s]
train:  13%|█▎        | 16/120 [00:08<00:41,  2.53it/s]
train:  14%|█▍        | 17/120 [00:09<00:51,  1.99it/s]
train:  15%|█▌        | 18/120 [00:09<00:39,  2.59it/s]
train:  16%|█▌        | 19/120 [00:10<00:52,  1.92it/s]
train:  17%|█▋        | 20/120 [00:10<00:40,  2.48it/s]
train:  18%|█▊        | 21/120 [00:11<00:50,  1.97it/s]
train:  18%|█▊        | 22/120 [00:11<00:37,  2.58it/s]
train:  19%|█▉        | 23/120 [00:11<00:47,  2.04it/s]
train:  20%|██        | 24/120 [00:12<00:36,  2.67it/s]
train:  21%|██        | 25/120 [00:12<00:46,  2.06it/s]
train:  22%|██▏       | 26/120 [00:12<00:34,  2.71it/s]
train:  22%|██▎       | 27/120 [00:13<00:43,  2.12it/s]
train:  23%|██▎       | 28/120 [00:13<00:33,  2.75it/s]
train:  24%|██▍       | 29/120 [00:14<00:42,  2.15it/s]
train:  25%|██▌       | 30/120 [00:14<00:32,  2.81it/s]
train:  26%|██▌       | 31/120 [00:15<00:41,  2.15it/s]
train:  27%|██▋       | 32/120 [00:15<00:31,  2.79it/s]
train:  28%|██▊       | 33/120 [00:16<00:40,  2.15it/s]
train:  28%|██▊       | 34/120 [00:16<00:30,  2.78it/s]
train:  29%|██▉       | 35/120 [00:16<00:38,  2.18it/s]
train:  30%|███       | 36/120 [00:16<00:29,  2.84it/s]
train:  31%|███       | 37/120 [00:17<00:38,  2.16it/s]
train:  32%|███▏      | 38/120 [00:17<00:29,  2.81it/s]
train:  32%|███▎      | 39/120 [00:18<00:36,  2.19it/s]
train:  33%|███▎      | 40/120 [00:18<00:28,  2.85it/s]
train:  34%|███▍      | 41/120 [00:19<00:35,  2.23it/s]
train:  35%|███▌      | 42/120 [00:19<00:27,  2.87it/s]
train:  36%|███▌      | 43/120 [00:20<00:36,  2.14it/s]
train:  37%|███▋      | 44/120 [00:20<00:27,  2.77it/s]
train:  38%|███▊      | 45/120 [00:20<00:35,  2.10it/s]
train:  38%|███▊      | 46/120 [00:21<00:27,  2.72it/s]
train:  39%|███▉      | 47/120 [00:21<00:34,  2.09it/s]
train:  40%|████      | 48/120 [00:21<00:26,  2.72it/s]
train:  41%|████      | 49/120 [00:22<00:34,  2.03it/s]
train:  42%|████▏     | 50/120 [00:22<00:26,  2.66it/s]
train:  42%|████▎     | 51/120 [00:23<00:33,  2.07it/s]
train:  44%|████▍     | 53/120 [00:24<00:31,  2.16it/s]
train:  45%|████▌     | 54/120 [00:24<00:24,  2.66it/s]
train:  46%|████▌     | 55/120 [00:25<00:30,  2.10it/s]
train:  47%|████▋     | 56/120 [00:25<00:24,  2.66it/s]
train:  48%|████▊     | 57/120 [00:26<00:30,  2.10it/s]
train:  48%|████▊     | 58/120 [00:26<00:23,  2.67it/s]
train:  49%|████▉     | 59/120 [00:27<00:30,  2.03it/s]
train:  50%|█████     | 60/120 [00:27<00:22,  2.63it/s]
train:  51%|█████     | 61/120 [00:27<00:29,  2.01it/s]
train:  52%|█████▏    | 62/120 [00:28<00:22,  2.60it/s]
train:  52%|█████▎    | 63/120 [00:28<00:28,  2.00it/s]
train:  53%|█████▎    | 64/120 [00:28<00:21,  2.60it/s]
train:  54%|█████▍    | 65/120 [00:29<00:27,  2.00it/s]
train:  55%|█████▌    | 66/120 [00:29<00:20,  2.63it/s]
train:  56%|█████▌    | 67/120 [00:30<00:26,  2.00it/s]
train:  57%|█████▋    | 68/120 [00:30<00:19,  2.60it/s]
train:  57%|█████▊    | 69/120 [00:31<00:25,  2.00it/s]
train:  59%|█████▉    | 71/120 [00:32<00:23,  2.09it/s]
train:  60%|██████    | 72/120 [00:32<00:18,  2.58it/s]
train:  61%|██████    | 73/120 [00:33<00:22,  2.08it/s]
train:  62%|██████▏   | 74/120 [00:33<00:17,  2.64it/s]
train:  62%|██████▎   | 75/120 [00:34<00:21,  2.08it/s]
train:  63%|██████▎   | 76/120 [00:34<00:16,  2.66it/s]
train:  64%|██████▍   | 77/120 [00:34<00:20,  2.06it/s]
train:  65%|██████▌   | 78/120 [00:35<00:15,  2.65it/s]
train:  66%|██████▌   | 79/120 [00:35<00:20,  2.01it/s]
train:  67%|██████▋   | 80/120 [00:35<00:15,  2.60it/s]
train:  68%|██████▊   | 81/120 [00:36<00:19,  1.96it/s]
train:  68%|██████▊   | 82/120 [00:36<00:14,  2.54it/s]
train:  69%|██████▉   | 83/120 [00:37<00:18,  2.05it/s]
train:  70%|███████   | 84/120 [00:37<00:13,  2.63it/s]
train:  71%|███████   | 85/120 [00:38<00:17,  1.98it/s]
train:  72%|███████▏  | 86/120 [00:38<00:13,  2.55it/s]
train:  72%|███████▎  | 87/120 [00:39<00:16,  1.95it/s]
train:  73%|███████▎  | 88/120 [00:39<00:12,  2.53it/s]
train:  74%|███████▍  | 89/120 [00:40<00:16,  1.92it/s]
train:  75%|███████▌  | 90/120 [00:40<00:12,  2.50it/s]
train:  76%|███████▌  | 91/120 [00:41<00:15,  1.93it/s]
train:  77%|███████▋  | 92/120 [00:41<00:11,  2.49it/s]
train:  78%|███████▊  | 93/120 [00:42<00:13,  1.95it/s]
train:  78%|███████▊  | 94/120 [00:42<00:10,  2.55it/s]
train:  79%|███████▉  | 95/120 [00:43<00:13,  1.91it/s]
train:  80%|████████  | 96/120 [00:43<00:09,  2.48it/s]
train:  81%|████████  | 97/120 [00:44<00:12,  1.89it/s]
train:  82%|████████▏ | 98/120 [00:44<00:08,  2.47it/s]
train:  82%|████████▎ | 99/120 [00:45<00:11,  1.88it/s]
train:  83%|████████▎ | 100/120 [00:45<00:08,  2.45it/s]
train:  84%|████████▍ | 101/120 [00:45<00:09,  1.95it/s]
train:  85%|████████▌ | 102/120 [00:46<00:07,  2.55it/s]
train:  86%|████████▌ | 103/120 [00:46<00:08,  1.99it/s]
train:  87%|████████▋ | 104/120 [00:46<00:06,  2.59it/s]
train:  88%|████████▊ | 105/120 [00:47<00:07,  1.97it/s]
train:  88%|████████▊ | 106/120 [00:47<00:05,  2.57it/s]
train:  89%|████████▉ | 107/120 [00:48<00:06,  1.93it/s]
train:  90%|█████████ | 108/120 [00:48<00:04,  2.52it/s]
train:  91%|█████████ | 109/120 [00:49<00:05,  1.93it/s]
train:  92%|█████████▏| 110/120 [00:49<00:03,  2.52it/s]
train:  92%|█████████▎| 111/120 [00:50<00:04,  1.89it/s]
train:  93%|█████████▎| 112/120 [00:50<00:03,  2.47it/s]
train:  94%|█████████▍| 113/120 [00:52<00:05,  1.22it/s]
train:  95%|█████████▌| 114/120 [00:52<00:03,  1.64it/s]
train:  96%|█████████▌| 115/120 [00:53<00:03,  1.49it/s]
train:  97%|█████████▋| 116/120 [00:53<00:02,  1.97it/s]
train:  98%|█████████▊| 117/120 [00:54<00:01,  1.70it/s]
train:  98%|█████████▊| 118/120 [00:54<00:00,  2.24it/s]
train:  99%|█████████▉| 119/120 [00:55<00:00,  1.91it/s]
train: 100%|██████████| 120/120 [00:55<00:00,  2.48it/s]
                                                        

eval:   0%|          | 0/30 [00:00<?, ?it/s]
eval:   3%|▎         | 1/30 [00:00<00:25,  1.12it/s]
eval:  10%|█         | 3/30 [00:01<00:14,  1.87it/s]
eval:  17%|█▋        | 5/30 [00:02<00:12,  2.05it/s]
eval:  23%|██▎       | 7/30 [00:03<00:10,  2.20it/s]
eval:  30%|███       | 9/30 [00:04<00:09,  2.28it/s]
eval:  37%|███▋      | 11/30 [00:05<00:08,  2.33it/s]
eval:  43%|████▎     | 13/30 [00:05<00:07,  2.38it/s]
eval:  50%|█████     | 15/30 [00:06<00:06,  2.45it/s]
eval:  57%|█████▋    | 17/30 [00:07<00:05,  2.48it/s]
eval:  63%|██████▎   | 19/30 [00:08<00:04,  2.55it/s]
eval:  70%|███████   | 21/30 [00:08<00:03,  2.56it/s]
eval:  77%|███████▋  | 23/30 [00:09<00:02,  2.59it/s]
eval:  83%|████████▎ | 25/30 [00:10<00:01,  2.56it/s]
eval:  90%|█████████ | 27/30 [00:11<00:01,  2.60it/s]
eval:  97%|█████████▋| 29/30 [00:11<00:00,  2.65it/s]
                                                     
Epoch 28 | stage 2 | train loss 0.0766 (cls 0.0766, ctr 0.0000) acc 0.9719 f1 0.9717 | val loss 5.5788 (cls 5.5788, ctr 0.0000) acc 0.5917 f1 0.5568 | lr [3.11e-05, 1.04e-06, 1.04e-06]

train:   0%|          | 0/120 [00:00<?, ?it/s]
train:   1%|          | 1/120 [00:00<01:50,  1.08it/s]
train:   2%|▏         | 2/120 [00:01<00:52,  2.26it/s]
train:   2%|▎         | 3/120 [00:01<01:09,  1.69it/s]
train:   3%|▎         | 4/120 [00:01<00:46,  2.47it/s]
train:   4%|▍         | 5/120 [00:02<00:59,  1.93it/s]
train:   5%|▌         | 6/120 [00:02<00:43,  2.61it/s]
train:   6%|▌         | 7/120 [00:03<00:56,  1.99it/s]
train:   7%|▋         | 8/120 [00:03<00:42,  2.63it/s]
train:   8%|▊         | 9/120 [00:04<00:55,  2.01it/s]
train:   9%|▉         | 11/120 [00:05<00:51,  2.10it/s]
train:  10%|█         | 12/120 [00:05<00:41,  2.60it/s]
train:  11%|█         | 13/120 [00:06<00:50,  2.12it/s]
train:  12%|█▏        | 14/120 [00:06<00:39,  2.67it/s]
train:  12%|█▎        | 15/120 [00:06<00:50,  2.06it/s]
train:  13%|█▎        | 16/120 [00:07<00:39,  2.66it/s]
train:  14%|█▍        | 17/120 [00:07<00:51,  2.02it/s]
train:  15%|█▌        | 18/120 [00:07<00:38,  2.62it/s]
train:  16%|█▌        | 19/120 [00:08<00:50,  2.00it/s]
train:  17%|█▋        | 20/120 [00:08<00:38,  2.60it/s]
train:  18%|█▊        | 21/120 [00:09<00:49,  1.99it/s]
train:  18%|█▊        | 22/120 [00:09<00:37,  2.58it/s]
train:  19%|█▉        | 23/120 [00:10<00:49,  1.97it/s]
train:  20%|██        | 24/120 [00:10<00:37,  2.56it/s]
train:  21%|██        | 25/120 [00:11<00:47,  2.01it/s]
train:  22%|██▏       | 26/120 [00:11<00:35,  2.61it/s]
train:  22%|██▎       | 27/120 [00:12<00:45,  2.02it/s]
train:  23%|██▎       | 28/120 [00:12<00:34,  2.63it/s]
train:  24%|██▍       | 29/120 [00:13<00:46,  1.96it/s]
train:  25%|██▌       | 30/120 [00:13<00:35,  2.56it/s]
train:  26%|██▌       | 31/120 [00:14<00:44,  2.00it/s]
train:  27%|██▋       | 32/120 [00:14<00:33,  2.59it/s]
train:  28%|██▊       | 33/120 [00:14<00:43,  2.01it/s]
train:  28%|██▊       | 34/120 [00:15<00:32,  2.63it/s]
train:  29%|██▉       | 35/120 [00:15<00:42,  1.98it/s]
train:  30%|███       | 36/120 [00:15<00:32,  2.59it/s]
train:  31%|███       | 37/120 [00:16<00:43,  1.93it/s]
train:  32%|███▏      | 38/120 [00:16<00:32,  2.51it/s]
train:  32%|███▎      | 39/120 [00:18<01:03,  1.27it/s]
train:  33%|███▎      | 40/120 [00:18<00:46,  1.71it/s]
train:  34%|███▍      | 41/120 [00:19<00:49,  1.58it/s]
train:  35%|███▌      | 42/120 [00:19<00:37,  2.09it/s]
train:  36%|███▌      | 43/120 [00:20<00:44,  1.74it/s]
train:  37%|███▋      | 44/120 [00:20<00:33,  2.29it/s]
train:  38%|███▊      | 45/120 [00:21<00:39,  1.88it/s]
train:  38%|███▊      | 46/120 [00:21<00:30,  2.45it/s]
train:  39%|███▉      | 47/120 [00:22<00:37,  1.93it/s]
train:  40%|████      | 48/120 [00:22<00:28,  2.53it/s]
train:  41%|████      | 49/120 [00:23<00:36,  1.95it/s]
train:  42%|████▏     | 50/120 [00:23<00:27,  2.57it/s]
train:  42%|████▎     | 51/120 [00:24<00:36,  1.90it/s]
train:  43%|████▎     | 52/120 [00:24<00:27,  2.46it/s]
train:  44%|████▍     | 53/120 [00:24<00:33,  2.00it/s]
train:  45%|████▌     | 54/120 [00:24<00:25,  2.60it/s]
train:  46%|████▌     | 55/120 [00:25<00:32,  1.99it/s]
train:  47%|████▋     | 56/120 [00:25<00:24,  2.58it/s]
train:  48%|████▊     | 57/120 [00:26<00:31,  2.01it/s]
train:  48%|████▊     | 58/120 [00:26<00:23,  2.64it/s]
train:  49%|████▉     | 59/120 [00:27<00:29,  2.05it/s]
train:  50%|█████     | 60/120 [00:27<00:22,  2.67it/s]
train:  51%|█████     | 61/120 [00:28<00:27,  2.12it/s]
train:  52%|█████▏    | 62/120 [00:28<00:20,  2.77it/s]
train:  52%|█████▎    | 63/120 [00:29<00:26,  2.14it/s]
train:  53%|█████▎    | 64/120 [00:29<00:20,  2.77it/s]
train:  54%|█████▍    | 65/120 [00:29<00:25,  2.13it/s]
train:  56%|█████▌    | 67/120 [00:30<00:23,  2.27it/s]
train:  57%|█████▋    | 68/120 [00:30<00:18,  2.79it/s]
train:  57%|█████▊    | 69/120 [00:31<00:22,  2.24it/s]
train:  58%|█████▊    | 70/120 [00:31<00:17,  2.82it/s]
train:  59%|█████▉    | 71/120 [00:32<00:23,  2.13it/s]
train:  60%|██████    | 72/120 [00:32<00:17,  2.71it/s]
train:  61%|██████    | 73/120 [00:33<00:21,  2.18it/s]
train:  62%|██████▏   | 74/120 [00:33<00:16,  2.80it/s]
train:  62%|██████▎   | 75/120 [00:34<00:21,  2.07it/s]
train:  63%|██████▎   | 76/120 [00:34<00:16,  2.65it/s]
train:  64%|██████▍   | 77/120 [00:35<00:21,  1.97it/s]
train:  65%|██████▌   | 78/120 [00:35<00:16,  2.58it/s]
train:  66%|██████▌   | 79/120 [00:35<00:20,  1.98it/s]
train:  67%|██████▋   | 80/120 [00:36<00:15,  2.59it/s]
train:  68%|██████▊   | 81/120 [00:36<00:19,  1.99it/s]
train:  68%|██████▊   | 82/120 [00:36<00:14,  2.59it/s]
train:  69%|██████▉   | 83/120 [00:37<00:17,  2.07it/s]
train:  70%|███████   | 84/120 [00:37<00:13,  2.70it/s]
train:  71%|███████   | 85/120 [00:38<00:17,  2.02it/s]
train:  72%|███████▏  | 86/120 [00:38<00:12,  2.63it/s]
train:  72%|███████▎  | 87/120 [00:39<00:16,  2.02it/s]
train:  73%|███████▎  | 88/120 [00:39<00:12,  2.63it/s]
train:  74%|███████▍  | 89/120 [00:40<00:15,  2.06it/s]
train:  75%|███████▌  | 90/120 [00:40<00:11,  2.69it/s]
train:  76%|███████▌  | 91/120 [00:41<00:14,  2.07it/s]
train:  77%|███████▋  | 92/120 [00:41<00:10,  2.70it/s]
train:  78%|███████▊  | 93/120 [00:41<00:13,  2.04it/s]
train:  78%|███████▊  | 94/120 [00:42<00:09,  2.63it/s]
train:  79%|███████▉  | 95/120 [00:42<00:12,  2.00it/s]
train:  80%|████████  | 96/120 [00:42<00:09,  2.59it/s]
train:  81%|████████  | 97/120 [00:43<00:11,  2.04it/s]
train:  82%|████████▏ | 98/120 [00:43<00:08,  2.64it/s]
train:  82%|████████▎ | 99/120 [00:44<00:10,  2.02it/s]
train:  83%|████████▎ | 100/120 [00:44<00:07,  2.63it/s]
train:  84%|████████▍ | 101/120 [00:45<00:09,  2.01it/s]
train:  85%|████████▌ | 102/120 [00:45<00:06,  2.63it/s]
train:  86%|████████▌ | 103/120 [00:46<00:08,  1.99it/s]
train:  87%|████████▋ | 104/120 [00:46<00:06,  2.60it/s]
train:  88%|████████▊ | 105/120 [00:47<00:07,  2.02it/s]
train:  88%|████████▊ | 106/120 [00:47<00:05,  2.64it/s]
train:  89%|████████▉ | 107/120 [00:48<00:06,  1.97it/s]
train:  90%|█████████ | 108/120 [00:48<00:04,  2.56it/s]
train:  91%|█████████ | 109/120 [00:49<00:05,  1.99it/s]
train:  92%|█████████▏| 110/120 [00:49<00:03,  2.59it/s]
train:  92%|█████████▎| 111/120 [00:49<00:04,  2.00it/s]
train:  93%|█████████▎| 112/120 [00:50<00:03,  2.61it/s]
train:  94%|█████████▍| 113/120 [00:51<00:05,  1.26it/s]
train:  95%|█████████▌| 114/120 [00:51<00:03,  1.69it/s]
train:  96%|█████████▌| 115/120 [00:52<00:03,  1.56it/s]
train:  97%|█████████▋| 116/120 [00:52<00:01,  2.06it/s]
train:  98%|█████████▊| 117/120 [00:53<00:01,  1.73it/s]
train:  98%|█████████▊| 118/120 [00:53<00:00,  2.26it/s]
train:  99%|█████████▉| 119/120 [00:54<00:00,  1.99it/s]
train: 100%|██████████| 120/120 [00:54<00:00,  2.61it/s]
                                                        

eval:   0%|          | 0/30 [00:00<?, ?it/s]
eval:   3%|▎         | 1/30 [00:00<00:26,  1.10it/s]
eval:  10%|█         | 3/30 [00:01<00:14,  1.83it/s]
eval:  17%|█▋        | 5/30 [00:02<00:12,  2.01it/s]
eval:  23%|██▎       | 7/30 [00:03<00:10,  2.20it/s]
eval:  30%|███       | 9/30 [00:04<00:09,  2.27it/s]
eval:  37%|███▋      | 11/30 [00:05<00:08,  2.34it/s]
eval:  43%|████▎     | 13/30 [00:05<00:06,  2.44it/s]
eval:  50%|█████     | 15/30 [00:06<00:06,  2.49it/s]
eval:  57%|█████▋    | 17/30 [00:07<00:05,  2.52it/s]
eval:  63%|██████▎   | 19/30 [00:08<00:04,  2.59it/s]
eval:  70%|███████   | 21/30 [00:08<00:03,  2.63it/s]
eval:  77%|███████▋  | 23/30 [00:09<00:02,  2.62it/s]
eval:  83%|████████▎ | 25/30 [00:10<00:01,  2.58it/s]
eval:  90%|█████████ | 27/30 [00:11<00:01,  2.62it/s]
eval:  97%|█████████▋| 29/30 [00:11<00:00,  2.62it/s]
                                                     
Epoch 29 | stage 2 | train loss 0.0509 (cls 0.0509, ctr 0.0000) acc 0.9823 f1 0.9823 | val loss 4.7181 (cls 4.7181, ctr 0.0000) acc 0.6167 f1 0.6065 | lr [3.00e-05, 1.00e-06, 1.00e-06]

train:   0%|          | 0/120 [00:00<?, ?it/s]
train:   1%|          | 1/120 [00:01<02:00,  1.01s/it]
train:   2%|▏         | 2/120 [00:01<00:57,  2.06it/s]
train:   2%|▎         | 3/120 [00:01<01:10,  1.65it/s]
train:   3%|▎         | 4/120 [00:01<00:47,  2.43it/s]
train:   4%|▍         | 5/120 [00:02<01:01,  1.87it/s]
train:   5%|▌         | 6/120 [00:02<00:44,  2.55it/s]
train:   6%|▌         | 7/120 [00:03<00:58,  1.94it/s]
train:   7%|▋         | 8/120 [00:03<00:43,  2.58it/s]
train:   8%|▊         | 9/120 [00:04<00:55,  2.00it/s]
train:   8%|▊         | 10/120 [00:04<00:41,  2.63it/s]
train:   9%|▉         | 11/120 [00:05<00:53,  2.02it/s]
train:  10%|█         | 12/120 [00:05<00:41,  2.63it/s]
train:  11%|█         | 13/120 [00:06<00:52,  2.04it/s]
train:  12%|█▏        | 14/120 [00:06<00:39,  2.67it/s]
train:  12%|█▎        | 15/120 [00:07<00:51,  2.03it/s]
train:  13%|█▎        | 16/120 [00:07<00:39,  2.62it/s]
train:  14%|█▍        | 17/120 [00:07<00:50,  2.04it/s]
train:  15%|█▌        | 18/120 [00:08<00:38,  2.64it/s]
train:  16%|█▌        | 19/120 [00:08<00:50,  2.00it/s]
train:  17%|█▋        | 20/120 [00:08<00:38,  2.60it/s]
train:  18%|█▊        | 21/120 [00:09<00:49,  2.00it/s]
train:  18%|█▊        | 22/120 [00:09<00:37,  2.62it/s]
train:  19%|█▉        | 23/120 [00:10<00:47,  2.05it/s]
train:  20%|██        | 24/120 [00:10<00:36,  2.65it/s]
train:  21%|██        | 25/120 [00:11<00:46,  2.04it/s]
train:  22%|██▏       | 26/120 [00:11<00:35,  2.65it/s]
train:  22%|██▎       | 27/120 [00:12<00:46,  2.01it/s]
train:  23%|██▎       | 28/120 [00:12<00:35,  2.62it/s]
train:  24%|██▍       | 29/120 [00:13<00:44,  2.05it/s]
train:  25%|██▌       | 30/120 [00:13<00:33,  2.66it/s]
train:  26%|██▌       | 31/120 [00:14<00:44,  1.98it/s]
train:  27%|██▋       | 32/120 [00:14<00:33,  2.60it/s]
train:  28%|██▊       | 33/120 [00:15<00:44,  1.94it/s]
train:  28%|██▊       | 34/120 [00:15<00:33,  2.54it/s]
train:  29%|██▉       | 35/120 [00:15<00:44,  1.93it/s]
train:  30%|███       | 36/120 [00:16<00:33,  2.52it/s]
train:  31%|███       | 37/120 [00:17<01:08,  1.21it/s]
train:  32%|███▏      | 38/120 [00:18<00:50,  1.64it/s]
train:  32%|███▎      | 39/120 [00:18<00:53,  1.52it/s]
train:  33%|███▎      | 40/120 [00:18<00:39,  2.02it/s]
train:  34%|███▍      | 41/120 [00:19<00:46,  1.70it/s]
train:  35%|███▌      | 42/120 [00:19<00:34,  2.23it/s]
train:  36%|███▌      | 43/120 [00:20<00:41,  1.85it/s]
train:  37%|███▋      | 44/120 [00:20<00:31,  2.42it/s]
train:  38%|███▊      | 45/120 [00:21<00:38,  1.94it/s]
train:  39%|███▉      | 47/120 [00:22<00:36,  2.01it/s]
train:  40%|████      | 48/120 [00:22<00:29,  2.47it/s]
train:  41%|████      | 49/120 [00:23<00:35,  2.00it/s]
train:  42%|████▏     | 50/120 [00:23<00:27,  2.55it/s]
train:  42%|████▎     | 51/120 [00:24<00:34,  2.00it/s]
train:  43%|████▎     | 52/120 [00:24<00:26,  2.56it/s]
train:  44%|████▍     | 53/120 [00:25<00:33,  2.02it/s]
train:  45%|████▌     | 54/120 [00:25<00:25,  2.61it/s]
train:  46%|████▌     | 55/120 [00:25<00:31,  2.06it/s]
train:  47%|████▋     | 56/120 [00:25<00:23,  2.68it/s]
train:  48%|████▊     | 57/120 [00:26<00:29,  2.11it/s]
train:  48%|████▊     | 58/120 [00:26<00:22,  2.74it/s]
train:  49%|████▉     | 59/120 [00:27<00:28,  2.16it/s]
train:  50%|█████     | 60/120 [00:27<00:21,  2.81it/s]
train:  51%|█████     | 61/120 [00:28<00:27,  2.16it/s]
train:  52%|█████▏    | 62/120 [00:28<00:20,  2.80it/s]
train:  52%|█████▎    | 63/120 [00:29<00:26,  2.14it/s]
train:  54%|█████▍    | 65/120 [00:30<00:24,  2.21it/s]
train:  55%|█████▌    | 66/120 [00:30<00:19,  2.73it/s]
train:  56%|█████▌    | 67/120 [00:30<00:23,  2.26it/s]
train:  57%|█████▋    | 68/120 [00:30<00:18,  2.85it/s]
train:  57%|█████▊    | 69/120 [00:31<00:23,  2.17it/s]
train:  58%|█████▊    | 70/120 [00:31<00:18,  2.77it/s]
train:  59%|█████▉    | 71/120 [00:32<00:23,  2.13it/s]
train:  61%|██████    | 73/120 [00:33<00:20,  2.26it/s]
train:  62%|██████▏   | 74/120 [00:33<00:16,  2.75it/s]
train:  62%|██████▎   | 75/120 [00:34<00:21,  2.14it/s]
train:  63%|██████▎   | 76/120 [00:34<00:16,  2.69it/s]
train:  64%|██████▍   | 77/120 [00:35<00:20,  2.12it/s]
train:  65%|██████▌   | 78/120 [00:35<00:15,  2.69it/s]
train:  66%|██████▌   | 79/120 [00:35<00:19,  2.14it/s]
train:  67%|██████▋   | 80/120 [00:35<00:14,  2.75it/s]
train:  68%|██████▊   | 81/120 [00:36<00:19,  2.03it/s]
train:  68%|██████▊   | 82/120 [00:36<00:14,  2.62it/s]
train:  69%|██████▉   | 83/120 [00:37<00:17,  2.07it/s]
train:  70%|███████   | 84/120 [00:37<00:13,  2.69it/s]
train:  71%|███████   | 85/120 [00:38<00:17,  2.04it/s]
train:  72%|███████▏  | 86/120 [00:38<00:12,  2.66it/s]
train:  72%|███████▎  | 87/120 [00:39<00:15,  2.06it/s]
train:  73%|███████▎  | 88/120 [00:39<00:11,  2.68it/s]
train:  74%|███████▍  | 89/120 [00:40<00:14,  2.07it/s]
train:  75%|███████▌  | 90/120 [00:40<00:11,  2.70it/s]
train:  76%|███████▌  | 91/120 [00:41<00:14,  2.01it/s]
train:  77%|███████▋  | 92/120 [00:41<00:10,  2.61it/s]
train:  78%|███████▊  | 93/120 [00:41<00:13,  2.01it/s]
train:  78%|███████▊  | 94/120 [00:42<00:09,  2.61it/s]
train:  79%|███████▉  | 95/120 [00:42<00:12,  1.99it/s]
train:  80%|████████  | 96/120 [00:42<00:09,  2.60it/s]
train:  81%|████████  | 97/120 [00:43<00:11,  1.98it/s]
train:  82%|████████▏ | 98/120 [00:43<00:08,  2.58it/s]
train:  82%|████████▎ | 99/120 [00:44<00:10,  1.96it/s]
train:  83%|████████▎ | 100/120 [00:44<00:07,  2.56it/s]
train:  84%|████████▍ | 101/120 [00:45<00:09,  1.97it/s]
train:  85%|████████▌ | 102/120 [00:45<00:07,  2.56it/s]
train:  86%|████████▌ | 103/120 [00:46<00:08,  2.00it/s]
train:  87%|████████▋ | 104/120 [00:46<00:06,  2.63it/s]
train:  88%|████████▊ | 105/120 [00:47<00:07,  1.97it/s]
train:  88%|████████▊ | 106/120 [00:47<00:05,  2.57it/s]
train:  89%|████████▉ | 107/120 [00:48<00:06,  1.99it/s]
train:  90%|█████████ | 108/120 [00:48<00:04,  2.59it/s]
train:  91%|█████████ | 109/120 [00:49<00:05,  2.03it/s]
train:  92%|█████████▏| 110/120 [00:49<00:03,  2.64it/s]
train:  92%|█████████▎| 111/120 [00:49<00:04,  2.00it/s]
train:  93%|█████████▎| 112/120 [00:50<00:03,  2.57it/s]
train:  94%|█████████▍| 113/120 [00:51<00:05,  1.27it/s]
train:  95%|█████████▌| 114/120 [00:51<00:03,  1.70it/s]
train:  96%|█████████▌| 115/120 [00:52<00:03,  1.55it/s]
train:  97%|█████████▋| 116/120 [00:52<00:01,  2.06it/s]
train:  98%|█████████▊| 117/120 [00:53<00:01,  1.75it/s]
train:  98%|█████████▊| 118/120 [00:53<00:00,  2.31it/s]
train:  99%|█████████▉| 119/120 [00:54<00:00,  1.94it/s]
train: 100%|██████████| 120/120 [00:54<00:00,  2.50it/s]
                                                        

eval:   0%|          | 0/30 [00:00<?, ?it/s]
eval:   3%|▎         | 1/30 [00:00<00:25,  1.12it/s]
eval:  10%|█         | 3/30 [00:01<00:14,  1.85it/s]
eval:  17%|█▋        | 5/30 [00:02<00:12,  2.02it/s]
eval:  23%|██▎       | 7/30 [00:03<00:10,  2.22it/s]
eval:  30%|███       | 9/30 [00:04<00:09,  2.29it/s]
eval:  37%|███▋      | 11/30 [00:05<00:07,  2.39it/s]
eval:  43%|████▎     | 13/30 [00:05<00:06,  2.46it/s]
eval:  50%|█████     | 15/30 [00:06<00:06,  2.49it/s]
eval:  57%|█████▋    | 17/30 [00:07<00:05,  2.52it/s]
eval:  63%|██████▎   | 19/30 [00:08<00:04,  2.56it/s]
eval:  70%|███████   | 21/30 [00:08<00:03,  2.61it/s]
eval:  77%|███████▋  | 23/30 [00:09<00:02,  2.60it/s]
eval:  83%|████████▎ | 25/30 [00:10<00:01,  2.55it/s]
eval:  90%|█████████ | 27/30 [00:11<00:01,  2.60it/s]
eval:  97%|█████████▋| 29/30 [00:11<00:00,  2.58it/s]
                                                     
Epoch 30 | stage 2 | train loss 0.0785 (cls 0.0785, ctr 0.0000) acc 0.9802 f1 0.9790 | val loss 4.8841 (cls 4.8841, ctr 0.0000) acc 0.6042 f1 0.5976 | lr [3.00e-05, 1.00e-06, 1.00e-06]

Early stopping triggered! No improvement for 8 epochs.
Best val F1: 0.6325
[INFO] Reloaded best validation checkpoint: /home/louis/projects/MultimodalEmotionRecognition/outputs/speaker_independent_tracked_v1/fold_01/chumachenko_ia/best.pt (epoch 22)

eval:   0%|          | 0/30 [00:00<?, ?it/s]libEGL warning: DRI3 error: Could not get DRI3 device
libEGL warning: Ensure your X server supports DRI3 to get accelerated rendering
libEGL warning: DRI3 error: Could not get DRI3 device
libEGL warning: Ensure your X server supports DRI3 to get accelerated rendering
WARNING: All log messages before absl::InitializeLog() is called are written to STDERR
WARNING: All log messages before absl::InitializeLog() is called are written to STDERR
I0000 00:00:1791463371.756958   28669 gl_context_egl.cc:85] Successfully initialized EGL. Major : 1 Minor: 5
I0000 00:00:1791463371.756956   28668 gl_context_egl.cc:85] Successfully initialized EGL. Major : 1 Minor: 5
I0000 00:00:1791463371.770163   28894 gl_context.cc:369] GL version: 3.2 (OpenGL ES 3.2 Mesa 25.2.8-0ubuntu0.24.04.2), renderer: llvmpipe (LLVM 20.1.2, 256 bits)
I0000 00:00:1791463371.770163   28893 gl_context.cc:369] GL version: 3.2 (OpenGL ES 3.2 Mesa 25.2.8-0ubuntu0.24.04.2), renderer: llvmpipe (LLVM 20.1.2, 256 bits)
INFO: Created TensorFlow Lite XNNPACK delegate for CPU.
INFO: Created TensorFlow Lite XNNPACK delegate for CPU.
W0000 00:00:1791463371.787822   28785 inference_feedback_manager.cc:114] Feedback manager requires a model with a single signature inference. Disabling support for feedback tensors.
W0000 00:00:1791463371.788692   28791 inference_feedback_manager.cc:114] Feedback manager requires a model with a single signature inference. Disabling support for feedback tensors.

eval:   3%|▎         | 1/30 [00:02<00:59,  2.07s/it]
eval:  10%|█         | 3/30 [00:02<00:22,  1.21it/s]
eval:  17%|█▋        | 5/30 [00:03<00:15,  1.60it/s]
eval:  23%|██▎       | 7/30 [00:04<00:12,  1.85it/s]
eval:  30%|███       | 9/30 [00:05<00:10,  2.04it/s]
eval:  37%|███▋      | 11/30 [00:06<00:08,  2.18it/s]
eval:  43%|████▎     | 13/30 [00:06<00:07,  2.28it/s]
eval:  50%|█████     | 15/30 [00:07<00:06,  2.31it/s]
eval:  57%|█████▋    | 17/30 [00:08<00:05,  2.32it/s]
eval:  63%|██████▎   | 19/30 [00:09<00:04,  2.36it/s]
eval:  70%|███████   | 21/30 [00:10<00:03,  2.37it/s]
eval:  77%|███████▋  | 23/30 [00:11<00:02,  2.39it/s]
eval:  83%|████████▎ | 25/30 [00:12<00:02,  2.38it/s]
eval:  90%|█████████ | 27/30 [00:12<00:01,  2.44it/s]
eval:  97%|█████████▋| 29/30 [00:13<00:00,  2.49it/s]
                                                     
Test | loss 4.9251 (cls 4.9251, ctr 0.0000) acc 0.5417 f1 0.4876
Best val macro-F1: 0.6325 | checkpoint: /home/louis/projects/MultimodalEmotionRecognition/outputs/speaker_independent_tracked_v1/fold_01/chumachenko_ia/best.pt
wandb: 
wandb: Run history:
wandb: best/val_macro_f1 ▁
wandb:             epoch ▁▁▁▂▂▂▂▃▃▃▃▄▄▄▄▅▅▅▅▆▆▆▆▇▇▇▇███
wandb:        lr/group_0 ▇▆▃▂▁████▇▇▇▆▆▆▅▅▄▄▃▃▃▂▂▂▁▁▁▁▁
wandb:        lr/group_1 ████▇▇▇▆▆▆▅▅▄▄▃▃▃▂▂▂▁▁▁▁▁
wandb:        lr/group_2 ████▇▇▇▆▆▆▅▅▄▄▃▃▃▂▂▂▁▁▁▁▁
wandb:             stage ▁▁▁▁▁█████████████████████████
wandb:          test/acc ▁
wandb:     test/accuracy ▁
wandb:   test/best_epoch ▁
wandb:     test/cls_loss ▁
wandb:               +16 ...
wandb: 
wandb: Run summary:
wandb: best/val_macro_f1 0.63246
wandb:             epoch 30
wandb:        lr/group_0 3e-05
wandb:        lr/group_1 0.0
wandb:        lr/group_2 0.0
wandb:             stage 2
wandb:          test/acc 0.54167
wandb:     test/accuracy 0.54167
wandb:   test/best_epoch 22
wandb:     test/cls_loss 4.92508
wandb:               +16 ...
wandb: 
wandb: You can sync this run to the cloud by running:
wandb: wandb sync /home/louis/projects/MultimodalEmotionRecognition/outputs/speaker_independent_tracked_v1/fold_01/chumachenko_ia/wandb/offline-run-20261008_200959-b7a5f118b1b24b72a59e3ec0b9c6c423
wandb: Find logs at: ./outputs/speaker_independent_tracked_v1/fold_01/chumachenko_ia/wandb/offline-run-20261008_200959-b7a5f118b1b24b72a59e3ec0b9c6c423/logs
