[REVISION] fold=1 model=audio smoke=False
[REVISION] profile=spmb2026-audio-v1 resolved={"audio_backbone_lr": 1e-05, "audio_n_mels": 64, "backbone_lr": 3e-05, "batch_size": 16, "cosine_stage2_only": false, "early_stopping_patience": 10, "epochs": 20, "frames": 8, "fusion": "audio", "fusion_align_dim": 256, "fusion_align_mode": "none", "fusion_align_temperature": 0.07, "fusion_align_weight": 0.1, "fusion_unfreeze_audio": true, "fusion_unfreeze_video_blocks": 1, "fusion_unfreeze_wavlm_layers": 2, "label_smoothing": 0.0, "lr": 0.001, "no_pretrained_video": false, "num_classes": 8, "num_workers": -1, "seed": 42, "smoke": false, "split_mode": "actor", "stage1_epochs": 5, "temporal_dropout": 0.1, "temporal_num_heads": 4, "temporal_num_layers": 1, "temporal_pooling": "mean", "train_ratio": 0.7, "two_stage_training": false, "use_cosine_annealing": true, "use_face_crop": true, "use_resnet_audio": false, "use_wavlm": true, "val_ratio": 0.15, "video_backbone_lr": 1e-05, "wandb": false, "wavlm_stage": 2, "weight_decay": 0.0001, "xattn_attn_dropout": 0.1, "xattn_d_model": 128, "xattn_emotion_prior_dim": 8, "xattn_emotion_prior_dropout": 0.1, "xattn_emotion_prior_hidden_dim": 64, "xattn_head": "concat", "xattn_heads": 4, "xattn_stochastic_depth": 0.1, "xattn_use_emotion_prior": false}
[REVISION] disjoint split={'fold': 1, 'train_actors': [9, 10, 11, 12, 13, 14, 15, 16, 17, 18, 19, 20, 21, 22, 23, 24], 'val_actors': [5, 6, 7, 8], 'test_actors': [1, 2, 3, 4]}
[REVISION] audio_ckpt=none video_ckpt=none
wandb: WARNING `resume` will be ignored since W&B syncing is set to `offline`. Starting a new run with run id 56c9f0f827da458095e992881d785563.
wandb: Tracking run with wandb version 0.24.1
wandb: W&B syncing is set to `offline` in this directory. Run `wandb online` or set WANDB_MODE=online to enable cloud syncing.
wandb: Run data is saved locally in /home/louis/projects/MultimodalEmotionRecognition/outputs/speaker_independent_tracked_v1/fold_01/audio/wandb/offline-run-20261008_185533-56c9f0f827da458095e992881d785563
Total pairs: 1440
Sample pair: actor=1 emotion=1 intensity=1 statement=1 repetition=1
Sample pair: actor=2 emotion=1 intensity=1 statement=1 repetition=1
Sample pair: actor=3 emotion=1 intensity=1 statement=1 repetition=1
Using actor-based split
Train pairs: 960 | Val pairs: 240 | Test pairs: 240
Train class distribution: {0: 64, 1: 128, 2: 128, 3: 128, 4: 128, 5: 128, 6: 128, 7: 128}
Val class distribution: {0: 16, 1: 32, 2: 32, 3: 32, 4: 32, 5: 32, 6: 32, 7: 32}
Test class distribution: {0: 16, 1: 32, 2: 32, 3: 32, 4: 32, 5: 32, 6: 32, 7: 32}
DataLoader config: num_workers=2, pin_memory=True, persistent_workers=True

============================================================
CUDA available: True
GPU device: NVIDIA GeForce RTX 5080 Laptop GPU
GPU memory: 17.07 GB
Device: cuda
============================================================

Warning: You are sending unauthenticated requests to the HF Hub. Please set a HF_TOKEN to enable higher rate limits and faster downloads.

Loading weights:   0%|          | 0/248 [00:00<?, ?it/s]
Loading weights:   0%|          | 1/248 [00:00<00:00, 21845.33it/s, Materializing param=encoder.layer_norm.bias]
Loading weights:   0%|          | 1/248 [00:00<00:00, 7639.90it/s, Materializing param=encoder.layer_norm.bias] 
Loading weights:   1%|          | 2/248 [00:00<00:00, 7231.56it/s, Materializing param=encoder.layer_norm.weight]
Loading weights:   1%|          | 2/248 [00:00<00:00, 5895.02it/s, Materializing param=encoder.layer_norm.weight]
Loading weights:   1%|          | 3/248 [00:00<00:00, 6963.43it/s, Materializing param=encoder.layers.0.attention.gru_rel_pos_const]
Loading weights:   1%|          | 3/248 [00:00<00:00, 6129.04it/s, Materializing param=encoder.layers.0.attention.gru_rel_pos_const]
Loading weights:   2%|▏         | 4/248 [00:00<00:00, 6859.04it/s, Materializing param=encoder.layers.0.attention.gru_rel_pos_linear.bias]
Loading weights:   2%|▏         | 4/248 [00:00<00:00, 3443.60it/s, Materializing param=encoder.layers.0.attention.gru_rel_pos_linear.bias]
Loading weights:   2%|▏         | 5/248 [00:00<00:00, 3793.69it/s, Materializing param=encoder.layers.0.attention.gru_rel_pos_linear.weight]
Loading weights:   2%|▏         | 5/248 [00:00<00:00, 3600.88it/s, Materializing param=encoder.layers.0.attention.gru_rel_pos_linear.weight]
Loading weights:   2%|▏         | 6/248 [00:00<00:00, 3688.92it/s, Materializing param=encoder.layers.0.attention.k_proj.bias]              
Loading weights:   2%|▏         | 6/248 [00:00<00:00, 3502.55it/s, Materializing param=encoder.layers.0.attention.k_proj.bias]
Loading weights:   3%|▎         | 7/248 [00:00<00:00, 3843.95it/s, Materializing param=encoder.layers.0.attention.k_proj.weight]
Loading weights:   3%|▎         | 7/248 [00:00<00:00, 3724.96it/s, Materializing param=encoder.layers.0.attention.k_proj.weight]
Loading weights:   3%|▎         | 8/248 [00:00<00:00, 4065.23it/s, Materializing param=encoder.layers.0.attention.out_proj.bias]
Loading weights:   3%|▎         | 8/248 [00:00<00:00, 3955.96it/s, Materializing param=encoder.layers.0.attention.out_proj.bias]
Loading weights:   4%|▎         | 9/248 [00:00<00:00, 4275.06it/s, Materializing param=encoder.layers.0.attention.out_proj.weight]
Loading weights:   4%|▎         | 9/248 [00:00<00:00, 4167.45it/s, Materializing param=encoder.layers.0.attention.out_proj.weight]
Loading weights:   4%|▍         | 10/248 [00:00<00:00, 4463.93it/s, Materializing param=encoder.layers.0.attention.q_proj.bias]   
Loading weights:   4%|▍         | 10/248 [00:00<00:00, 4363.61it/s, Materializing param=encoder.layers.0.attention.q_proj.bias]
Loading weights:   4%|▍         | 11/248 [00:00<00:00, 4637.85it/s, Materializing param=encoder.layers.0.attention.q_proj.weight]
Loading weights:   4%|▍         | 11/248 [00:00<00:00, 4542.87it/s, Materializing param=encoder.layers.0.attention.q_proj.weight]
Loading weights:   5%|▍         | 12/248 [00:00<00:00, 4802.18it/s, Materializing param=encoder.layers.0.attention.rel_attn_embed.weight]
Loading weights:   5%|▍         | 12/248 [00:00<00:00, 4708.29it/s, Materializing param=encoder.layers.0.attention.rel_attn_embed.weight]
Loading weights:   5%|▌         | 13/248 [00:00<00:00, 4944.77it/s, Materializing param=encoder.layers.0.attention.v_proj.bias]          
Loading weights:   5%|▌         | 13/248 [00:00<00:00, 4852.79it/s, Materializing param=encoder.layers.0.attention.v_proj.bias]
Loading weights:   6%|▌         | 14/248 [00:00<00:00, 5076.09it/s, Materializing param=encoder.layers.0.attention.v_proj.weight]
Loading weights:   6%|▌         | 14/248 [00:00<00:00, 4909.72it/s, Materializing param=encoder.layers.0.attention.v_proj.weight]
Loading weights:   6%|▌         | 15/248 [00:00<00:00, 5074.98it/s, Materializing param=encoder.layers.0.feed_forward.intermediate_dense.bias]
Loading weights:   6%|▌         | 15/248 [00:00<00:00, 4980.96it/s, Materializing param=encoder.layers.0.feed_forward.intermediate_dense.bias]
Loading weights:   6%|▋         | 16/248 [00:00<00:00, 5108.39it/s, Materializing param=encoder.layers.0.feed_forward.intermediate_dense.weight]
Loading weights:   6%|▋         | 16/248 [00:00<00:00, 5020.49it/s, Materializing param=encoder.layers.0.feed_forward.intermediate_dense.weight]
Loading weights:   7%|▋         | 17/248 [00:00<00:00, 5208.03it/s, Materializing param=encoder.layers.0.feed_forward.output_dense.bias]        
Loading weights:   7%|▋         | 17/248 [00:00<00:00, 5091.63it/s, Materializing param=encoder.layers.0.feed_forward.output_dense.bias]
Loading weights:   7%|▋         | 18/248 [00:00<00:00, 4758.44it/s, Materializing param=encoder.layers.0.feed_forward.output_dense.weight]
Loading weights:   7%|▋         | 18/248 [00:00<00:00, 4611.94it/s, Materializing param=encoder.layers.0.feed_forward.output_dense.weight]
Loading weights:   8%|▊         | 19/248 [00:00<00:00, 4731.17it/s, Materializing param=encoder.layers.0.final_layer_norm.bias]           
Loading weights:   8%|▊         | 19/248 [00:00<00:00, 4654.89it/s, Materializing param=encoder.layers.0.final_layer_norm.bias]
Loading weights:   8%|▊         | 20/248 [00:00<00:00, 4792.12it/s, Materializing param=encoder.layers.0.final_layer_norm.weight]
Loading weights:   8%|▊         | 20/248 [00:00<00:00, 4725.44it/s, Materializing param=encoder.layers.0.final_layer_norm.weight]
Loading weights:   8%|▊         | 21/248 [00:00<00:00, 4866.05it/s, Materializing param=encoder.layers.0.layer_norm.bias]        
Loading weights:   8%|▊         | 21/248 [00:00<00:00, 4684.13it/s, Materializing param=encoder.layers.0.layer_norm.bias]
Loading weights:   9%|▉         | 22/248 [00:00<00:00, 4744.20it/s, Materializing param=encoder.layers.0.layer_norm.weight]
Loading weights:   9%|▉         | 22/248 [00:00<00:00, 4685.66it/s, Materializing param=encoder.layers.0.layer_norm.weight]
Loading weights:   9%|▉         | 23/248 [00:00<00:00, 4816.47it/s, Materializing param=encoder.layers.1.attention.gru_rel_pos_const]
Loading weights:   9%|▉         | 23/248 [00:00<00:00, 4760.14it/s, Materializing param=encoder.layers.1.attention.gru_rel_pos_const]
Loading weights:  10%|▉         | 24/248 [00:00<00:00, 4886.57it/s, Materializing param=encoder.layers.1.attention.gru_rel_pos_linear.bias]
Loading weights:  10%|▉         | 24/248 [00:00<00:00, 4835.16it/s, Materializing param=encoder.layers.1.attention.gru_rel_pos_linear.bias]
Loading weights:  10%|█         | 25/248 [00:00<00:00, 4954.99it/s, Materializing param=encoder.layers.1.attention.gru_rel_pos_linear.weight]
Loading weights:  10%|█         | 25/248 [00:00<00:00, 4904.70it/s, Materializing param=encoder.layers.1.attention.gru_rel_pos_linear.weight]
Loading weights:  10%|█         | 26/248 [00:00<00:00, 5025.43it/s, Materializing param=encoder.layers.1.attention.k_proj.bias]              
Loading weights:  10%|█         | 26/248 [00:00<00:00, 4977.72it/s, Materializing param=encoder.layers.1.attention.k_proj.bias]
Loading weights:  11%|█         | 27/248 [00:00<00:00, 5095.44it/s, Materializing param=encoder.layers.1.attention.k_proj.weight]
Loading weights:  11%|█         | 27/248 [00:00<00:00, 5048.42it/s, Materializing param=encoder.layers.1.attention.k_proj.weight]
Loading weights:  11%|█▏        | 28/248 [00:00<00:00, 5157.91it/s, Materializing param=encoder.layers.1.attention.out_proj.bias]
Loading weights:  11%|█▏        | 28/248 [00:00<00:00, 5109.89it/s, Materializing param=encoder.layers.1.attention.out_proj.bias]
Loading weights:  12%|█▏        | 29/248 [00:00<00:00, 5207.42it/s, Materializing param=encoder.layers.1.attention.out_proj.weight]
Loading weights:  12%|█▏        | 29/248 [00:00<00:00, 5141.82it/s, Materializing param=encoder.layers.1.attention.out_proj.weight]
Loading weights:  12%|█▏        | 30/248 [00:00<00:00, 5240.48it/s, Materializing param=encoder.layers.1.attention.q_proj.bias]    
Loading weights:  12%|█▏        | 30/248 [00:00<00:00, 5193.76it/s, Materializing param=encoder.layers.1.attention.q_proj.bias]
Loading weights:  12%|█▎        | 31/248 [00:00<00:00, 5296.05it/s, Materializing param=encoder.layers.1.attention.q_proj.weight]
Loading weights:  12%|█▎        | 31/248 [00:00<00:00, 5250.93it/s, Materializing param=encoder.layers.1.attention.q_proj.weight]
Loading weights:  13%|█▎        | 32/248 [00:00<00:00, 5348.81it/s, Materializing param=encoder.layers.1.attention.v_proj.bias]  
Loading weights:  13%|█▎        | 32/248 [00:00<00:00, 5304.21it/s, Materializing param=encoder.layers.1.attention.v_proj.bias]
Loading weights:  13%|█▎        | 33/248 [00:00<00:00, 5403.55it/s, Materializing param=encoder.layers.1.attention.v_proj.weight]
Loading weights:  13%|█▎        | 33/248 [00:00<00:00, 5344.51it/s, Materializing param=encoder.layers.1.attention.v_proj.weight]
Loading weights:  14%|█▎        | 34/248 [00:00<00:00, 5435.31it/s, Materializing param=encoder.layers.1.feed_forward.intermediate_dense.bias]
Loading weights:  14%|█▎        | 34/248 [00:00<00:00, 5391.34it/s, Materializing param=encoder.layers.1.feed_forward.intermediate_dense.bias]
Loading weights:  14%|█▍        | 35/248 [00:00<00:00, 5451.19it/s, Materializing param=encoder.layers.1.feed_forward.intermediate_dense.weight]
Loading weights:  14%|█▍        | 35/248 [00:00<00:00, 5072.94it/s, Materializing param=encoder.layers.1.feed_forward.intermediate_dense.weight]
Loading weights:  15%|█▍        | 36/248 [00:00<00:00, 4998.01it/s, Materializing param=encoder.layers.1.feed_forward.output_dense.bias]        
Loading weights:  15%|█▍        | 36/248 [00:00<00:00, 4916.32it/s, Materializing param=encoder.layers.1.feed_forward.output_dense.bias]
Loading weights:  15%|█▍        | 37/248 [00:00<00:00, 4872.35it/s, Materializing param=encoder.layers.1.feed_forward.output_dense.weight]
Loading weights:  15%|█▍        | 37/248 [00:00<00:00, 4802.24it/s, Materializing param=encoder.layers.1.feed_forward.output_dense.weight]
Loading weights:  15%|█▌        | 38/248 [00:00<00:00, 4859.70it/s, Materializing param=encoder.layers.1.final_layer_norm.bias]           
Loading weights:  15%|█▌        | 38/248 [00:00<00:00, 4818.85it/s, Materializing param=encoder.layers.1.final_layer_norm.bias]
Loading weights:  16%|█▌        | 39/248 [00:00<00:00, 4886.28it/s, Materializing param=encoder.layers.1.final_layer_norm.weight]
Loading weights:  16%|█▌        | 39/248 [00:00<00:00, 4848.19it/s, Materializing param=encoder.layers.1.final_layer_norm.weight]
Loading weights:  16%|█▌        | 40/248 [00:00<00:00, 4920.44it/s, Materializing param=encoder.layers.1.layer_norm.bias]        
Loading weights:  16%|█▌        | 40/248 [00:00<00:00, 4883.77it/s, Materializing param=encoder.layers.1.layer_norm.bias]
Loading weights:  17%|█▋        | 41/248 [00:00<00:00, 4952.38it/s, Materializing param=encoder.layers.1.layer_norm.weight]
Loading weights:  17%|█▋        | 41/248 [00:00<00:00, 4919.23it/s, Materializing param=encoder.layers.1.layer_norm.weight]
Loading weights:  17%|█▋        | 42/248 [00:00<00:00, 4989.68it/s, Materializing param=encoder.layers.2.attention.gru_rel_pos_const]
Loading weights:  17%|█▋        | 42/248 [00:00<00:00, 4958.22it/s, Materializing param=encoder.layers.2.attention.gru_rel_pos_const]
Loading weights:  17%|█▋        | 43/248 [00:00<00:00, 5027.60it/s, Materializing param=encoder.layers.2.attention.gru_rel_pos_linear.bias]
Loading weights:  17%|█▋        | 43/248 [00:00<00:00, 4995.57it/s, Materializing param=encoder.layers.2.attention.gru_rel_pos_linear.bias]
Loading weights:  18%|█▊        | 44/248 [00:00<00:00, 5064.19it/s, Materializing param=encoder.layers.2.attention.gru_rel_pos_linear.weight]
Loading weights:  18%|█▊        | 44/248 [00:00<00:00, 5033.26it/s, Materializing param=encoder.layers.2.attention.gru_rel_pos_linear.weight]
Loading weights:  18%|█▊        | 45/248 [00:00<00:00, 5101.18it/s, Materializing param=encoder.layers.2.attention.k_proj.bias]              
Loading weights:  18%|█▊        | 45/248 [00:00<00:00, 5071.16it/s, Materializing param=encoder.layers.2.attention.k_proj.bias]
Loading weights:  19%|█▊        | 46/248 [00:00<00:00, 5136.11it/s, Materializing param=encoder.layers.2.attention.k_proj.weight]
Loading weights:  19%|█▊        | 46/248 [00:00<00:00, 5106.48it/s, Materializing param=encoder.layers.2.attention.k_proj.weight]
Loading weights:  19%|█▉        | 47/248 [00:00<00:00, 5172.85it/s, Materializing param=encoder.layers.2.attention.out_proj.bias]
Loading weights:  19%|█▉        | 47/248 [00:00<00:00, 5144.10it/s, Materializing param=encoder.layers.2.attention.out_proj.bias]
Loading weights:  19%|█▉        | 48/248 [00:00<00:00, 5173.23it/s, Materializing param=encoder.layers.2.attention.out_proj.weight]
Loading weights:  19%|█▉        | 48/248 [00:00<00:00, 5096.75it/s, Materializing param=encoder.layers.2.attention.out_proj.weight]
Loading weights:  20%|█▉        | 49/248 [00:00<00:00, 5145.61it/s, Materializing param=encoder.layers.2.attention.q_proj.bias]    
Loading weights:  20%|█▉        | 49/248 [00:00<00:00, 5109.54it/s, Materializing param=encoder.layers.2.attention.q_proj.bias]
Loading weights:  20%|██        | 50/248 [00:00<00:00, 5167.31it/s, Materializing param=encoder.layers.2.attention.q_proj.weight]
Loading weights:  20%|██        | 50/248 [00:00<00:00, 5137.56it/s, Materializing param=encoder.layers.2.attention.q_proj.weight]
Loading weights:  21%|██        | 51/248 [00:00<00:00, 5197.02it/s, Materializing param=encoder.layers.2.attention.v_proj.bias]  
Loading weights:  21%|██        | 51/248 [00:00<00:00, 5170.14it/s, Materializing param=encoder.layers.2.attention.v_proj.bias]
Loading weights:  21%|██        | 52/248 [00:00<00:00, 5207.45it/s, Materializing param=encoder.layers.2.attention.v_proj.weight]
Loading weights:  21%|██        | 52/248 [00:00<00:00, 5179.14it/s, Materializing param=encoder.layers.2.attention.v_proj.weight]
Loading weights:  21%|██▏       | 53/248 [00:00<00:00, 5236.83it/s, Materializing param=encoder.layers.2.feed_forward.intermediate_dense.bias]
Loading weights:  21%|██▏       | 53/248 [00:00<00:00, 5207.87it/s, Materializing param=encoder.layers.2.feed_forward.intermediate_dense.bias]
Loading weights:  22%|██▏       | 54/248 [00:00<00:00, 5265.31it/s, Materializing param=encoder.layers.2.feed_forward.intermediate_dense.weight]
Loading weights:  22%|██▏       | 54/248 [00:00<00:00, 5238.88it/s, Materializing param=encoder.layers.2.feed_forward.intermediate_dense.weight]
Loading weights:  22%|██▏       | 55/248 [00:00<00:00, 5295.72it/s, Materializing param=encoder.layers.2.feed_forward.output_dense.bias]        
Loading weights:  22%|██▏       | 55/248 [00:00<00:00, 5270.19it/s, Materializing param=encoder.layers.2.feed_forward.output_dense.bias]
Loading weights:  23%|██▎       | 56/248 [00:00<00:00, 5324.53it/s, Materializing param=encoder.layers.2.feed_forward.output_dense.weight]
Loading weights:  23%|██▎       | 56/248 [00:00<00:00, 5299.30it/s, Materializing param=encoder.layers.2.feed_forward.output_dense.weight]
Loading weights:  23%|██▎       | 57/248 [00:00<00:00, 5334.95it/s, Materializing param=encoder.layers.2.final_layer_norm.bias]           
Loading weights:  23%|██▎       | 57/248 [00:00<00:00, 5308.66it/s, Materializing param=encoder.layers.2.final_layer_norm.bias]
Loading weights:  23%|██▎       | 58/248 [00:00<00:00, 5321.79it/s, Materializing param=encoder.layers.2.final_layer_norm.weight]
Loading weights:  23%|██▎       | 58/248 [00:00<00:00, 5272.42it/s, Materializing param=encoder.layers.2.final_layer_norm.weight]
Loading weights:  24%|██▍       | 59/248 [00:00<00:00, 5284.53it/s, Materializing param=encoder.layers.2.layer_norm.bias]        
Loading weights:  24%|██▍       | 59/248 [00:00<00:00, 5231.24it/s, Materializing param=encoder.layers.2.layer_norm.bias]
Loading weights:  24%|██▍       | 60/248 [00:00<00:00, 5268.67it/s, Materializing param=encoder.layers.2.layer_norm.weight]
Loading weights:  24%|██▍       | 60/248 [00:00<00:00, 5240.48it/s, Materializing param=encoder.layers.2.layer_norm.weight]
Loading weights:  25%|██▍       | 61/248 [00:00<00:00, 5287.41it/s, Materializing param=encoder.layers.3.attention.gru_rel_pos_const]
Loading weights:  25%|██▍       | 61/248 [00:00<00:00, 5206.92it/s, Materializing param=encoder.layers.3.attention.gru_rel_pos_const]
Loading weights:  25%|██▌       | 62/248 [00:00<00:00, 5227.39it/s, Materializing param=encoder.layers.3.attention.gru_rel_pos_linear.bias]
Loading weights:  25%|██▌       | 62/248 [00:00<00:00, 5199.48it/s, Materializing param=encoder.layers.3.attention.gru_rel_pos_linear.bias]
Loading weights:  25%|██▌       | 63/248 [00:00<00:00, 5245.59it/s, Materializing param=encoder.layers.3.attention.gru_rel_pos_linear.weight]
Loading weights:  25%|██▌       | 63/248 [00:00<00:00, 5216.90it/s, Materializing param=encoder.layers.3.attention.gru_rel_pos_linear.weight]
Loading weights:  26%|██▌       | 64/248 [00:00<00:00, 5249.44it/s, Materializing param=encoder.layers.3.attention.k_proj.bias]              
Loading weights:  26%|██▌       | 64/248 [00:00<00:00, 5211.53it/s, Materializing param=encoder.layers.3.attention.k_proj.bias]
Loading weights:  26%|██▌       | 65/248 [00:00<00:00, 5252.48it/s, Materializing param=encoder.layers.3.attention.k_proj.weight]
Loading weights:  26%|██▌       | 65/248 [00:00<00:00, 5230.71it/s, Materializing param=encoder.layers.3.attention.k_proj.weight]
Loading weights:  27%|██▋       | 66/248 [00:00<00:00, 5277.06it/s, Materializing param=encoder.layers.3.attention.out_proj.bias]
Loading weights:  27%|██▋       | 66/248 [00:00<00:00, 5255.52it/s, Materializing param=encoder.layers.3.attention.out_proj.bias]
Loading weights:  27%|██▋       | 67/248 [00:00<00:00, 5287.27it/s, Materializing param=encoder.layers.3.attention.out_proj.weight]
Loading weights:  27%|██▋       | 67/248 [00:00<00:00, 5265.08it/s, Materializing param=encoder.layers.3.attention.out_proj.weight]
Loading weights:  27%|██▋       | 68/248 [00:00<00:00, 5303.62it/s, Materializing param=encoder.layers.3.attention.q_proj.bias]    
Loading weights:  27%|██▋       | 68/248 [00:00<00:00, 5280.25it/s, Materializing param=encoder.layers.3.attention.q_proj.bias]
Loading weights:  28%|██▊       | 69/248 [00:00<00:00, 5323.70it/s, Materializing param=encoder.layers.3.attention.q_proj.weight]
Loading weights:  28%|██▊       | 69/248 [00:00<00:00, 5301.17it/s, Materializing param=encoder.layers.3.attention.q_proj.weight]
Loading weights:  28%|██▊       | 70/248 [00:00<00:00, 5344.62it/s, Materializing param=encoder.layers.3.attention.v_proj.bias]  
Loading weights:  28%|██▊       | 70/248 [00:00<00:00, 5323.98it/s, Materializing param=encoder.layers.3.attention.v_proj.bias]
Loading weights:  29%|██▊       | 71/248 [00:00<00:00, 5367.81it/s, Materializing param=encoder.layers.3.attention.v_proj.weight]
Loading weights:  29%|██▊       | 71/248 [00:00<00:00, 5347.19it/s, Materializing param=encoder.layers.3.attention.v_proj.weight]
Loading weights:  29%|██▉       | 72/248 [00:00<00:00, 5333.34it/s, Materializing param=encoder.layers.3.feed_forward.intermediate_dense.bias]
Loading weights:  29%|██▉       | 72/248 [00:00<00:00, 5295.37it/s, Materializing param=encoder.layers.3.feed_forward.intermediate_dense.bias]
Loading weights:  29%|██▉       | 73/248 [00:00<00:00, 5112.19it/s, Materializing param=encoder.layers.3.feed_forward.intermediate_dense.weight]
Loading weights:  29%|██▉       | 73/248 [00:00<00:00, 5079.03it/s, Materializing param=encoder.layers.3.feed_forward.intermediate_dense.weight]
Loading weights:  30%|██▉       | 74/248 [00:00<00:00, 5113.15it/s, Materializing param=encoder.layers.3.feed_forward.output_dense.bias]        
Loading weights:  30%|██▉       | 74/248 [00:00<00:00, 5059.56it/s, Materializing param=encoder.layers.3.feed_forward.output_dense.bias]
Loading weights:  30%|███       | 75/248 [00:00<00:00, 5069.67it/s, Materializing param=encoder.layers.3.feed_forward.output_dense.weight]
Loading weights:  30%|███       | 75/248 [00:00<00:00, 5041.23it/s, Materializing param=encoder.layers.3.feed_forward.output_dense.weight]
Loading weights:  31%|███       | 76/248 [00:00<00:00, 5074.05it/s, Materializing param=encoder.layers.3.final_layer_norm.bias]           
Loading weights:  31%|███       | 76/248 [00:00<00:00, 5054.26it/s, Materializing param=encoder.layers.3.final_layer_norm.bias]
Loading weights:  31%|███       | 77/248 [00:00<00:00, 5091.06it/s, Materializing param=encoder.layers.3.final_layer_norm.weight]
Loading weights:  31%|███       | 77/248 [00:00<00:00, 5067.41it/s, Materializing param=encoder.layers.3.final_layer_norm.weight]
Loading weights:  31%|███▏      | 78/248 [00:00<00:00, 5011.04it/s, Materializing param=encoder.layers.3.layer_norm.bias]        
Loading weights:  31%|███▏      | 78/248 [00:00<00:00, 4947.76it/s, Materializing param=encoder.layers.3.layer_norm.bias]
Loading weights:  32%|███▏      | 79/248 [00:00<00:00, 4970.60it/s, Materializing param=encoder.layers.3.layer_norm.weight]
Loading weights:  32%|███▏      | 79/248 [00:00<00:00, 4953.06it/s, Materializing param=encoder.layers.3.layer_norm.weight]
Loading weights:  32%|███▏      | 80/248 [00:00<00:00, 4990.47it/s, Materializing param=encoder.layers.4.attention.gru_rel_pos_const]
Loading weights:  32%|███▏      | 80/248 [00:00<00:00, 4969.63it/s, Materializing param=encoder.layers.4.attention.gru_rel_pos_const]
Loading weights:  33%|███▎      | 81/248 [00:00<00:00, 4996.67it/s, Materializing param=encoder.layers.4.attention.gru_rel_pos_linear.bias]
Loading weights:  33%|███▎      | 81/248 [00:00<00:00, 4957.08it/s, Materializing param=encoder.layers.4.attention.gru_rel_pos_linear.bias]
Loading weights:  33%|███▎      | 82/248 [00:00<00:00, 4943.34it/s, Materializing param=encoder.layers.4.attention.gru_rel_pos_linear.weight]
Loading weights:  33%|███▎      | 82/248 [00:00<00:00, 4910.24it/s, Materializing param=encoder.layers.4.attention.gru_rel_pos_linear.weight]
Loading weights:  33%|███▎      | 83/248 [00:00<00:00, 4935.31it/s, Materializing param=encoder.layers.4.attention.k_proj.bias]              
Loading weights:  33%|███▎      | 83/248 [00:00<00:00, 4918.09it/s, Materializing param=encoder.layers.4.attention.k_proj.bias]
Loading weights:  34%|███▍      | 84/248 [00:00<00:00, 4948.96it/s, Materializing param=encoder.layers.4.attention.k_proj.weight]
Loading weights:  34%|███▍      | 84/248 [00:00<00:00, 4931.71it/s, Materializing param=encoder.layers.4.attention.k_proj.weight]
Loading weights:  34%|███▍      | 85/248 [00:00<00:00, 4966.23it/s, Materializing param=encoder.layers.4.attention.out_proj.bias]
Loading weights:  34%|███▍      | 85/248 [00:00<00:00, 4950.92it/s, Materializing param=encoder.layers.4.attention.out_proj.bias]
Loading weights:  35%|███▍      | 86/248 [00:00<00:00, 4985.77it/s, Materializing param=encoder.layers.4.attention.out_proj.weight]
Loading weights:  35%|███▍      | 86/248 [00:00<00:00, 4970.31it/s, Materializing param=encoder.layers.4.attention.out_proj.weight]
Loading weights:  35%|███▌      | 87/248 [00:00<00:00, 5004.31it/s, Materializing param=encoder.layers.4.attention.q_proj.bias]    
Loading weights:  35%|███▌      | 87/248 [00:00<00:00, 4988.85it/s, Materializing param=encoder.layers.4.attention.q_proj.bias]
Loading weights:  35%|███▌      | 88/248 [00:00<00:00, 5022.91it/s, Materializing param=encoder.layers.4.attention.q_proj.weight]
Loading weights:  35%|███▌      | 88/248 [00:00<00:00, 5005.27it/s, Materializing param=encoder.layers.4.attention.q_proj.weight]
Loading weights:  36%|███▌      | 89/248 [00:00<00:00, 5025.69it/s, Materializing param=encoder.layers.4.attention.v_proj.bias]  
Loading weights:  36%|███▌      | 89/248 [00:00<00:00, 5008.76it/s, Materializing param=encoder.layers.4.attention.v_proj.bias]
Loading weights:  36%|███▋      | 90/248 [00:00<00:00, 5041.03it/s, Materializing param=encoder.layers.4.attention.v_proj.weight]
Loading weights:  36%|███▋      | 90/248 [00:00<00:00, 5026.06it/s, Materializing param=encoder.layers.4.attention.v_proj.weight]
Loading weights:  37%|███▋      | 91/248 [00:00<00:00, 5059.27it/s, Materializing param=encoder.layers.4.feed_forward.intermediate_dense.bias]
Loading weights:  37%|███▋      | 91/248 [00:00<00:00, 5044.03it/s, Materializing param=encoder.layers.4.feed_forward.intermediate_dense.bias]
Loading weights:  37%|███▋      | 92/248 [00:00<00:00, 5076.45it/s, Materializing param=encoder.layers.4.feed_forward.intermediate_dense.weight]
Loading weights:  37%|███▋      | 92/248 [00:00<00:00, 5061.73it/s, Materializing param=encoder.layers.4.feed_forward.intermediate_dense.weight]
Loading weights:  38%|███▊      | 93/248 [00:00<00:00, 5075.27it/s, Materializing param=encoder.layers.4.feed_forward.output_dense.bias]        
Loading weights:  38%|███▊      | 93/248 [00:00<00:00, 5059.15it/s, Materializing param=encoder.layers.4.feed_forward.output_dense.bias]
Loading weights:  38%|███▊      | 94/248 [00:00<00:00, 5090.44it/s, Materializing param=encoder.layers.4.feed_forward.output_dense.weight]
Loading weights:  38%|███▊      | 94/248 [00:00<00:00, 5075.89it/s, Materializing param=encoder.layers.4.feed_forward.output_dense.weight]
Loading weights:  38%|███▊      | 95/248 [00:00<00:00, 5103.02it/s, Materializing param=encoder.layers.4.final_layer_norm.bias]           
Loading weights:  38%|███▊      | 95/248 [00:00<00:00, 5088.81it/s, Materializing param=encoder.layers.4.final_layer_norm.bias]
Loading weights:  39%|███▊      | 96/248 [00:00<00:00, 5119.88it/s, Materializing param=encoder.layers.4.final_layer_norm.weight]
Loading weights:  39%|███▊      | 96/248 [00:00<00:00, 5098.81it/s, Materializing param=encoder.layers.4.final_layer_norm.weight]
Loading weights:  39%|███▉      | 97/248 [00:00<00:00, 5079.94it/s, Materializing param=encoder.layers.4.layer_norm.bias]        
Loading weights:  39%|███▉      | 97/248 [00:00<00:00, 5061.55it/s, Materializing param=encoder.layers.4.layer_norm.bias]
Loading weights:  40%|███▉      | 98/248 [00:00<00:00, 5053.88it/s, Materializing param=encoder.layers.4.layer_norm.weight]
Loading weights:  40%|███▉      | 98/248 [00:00<00:00, 5023.92it/s, Materializing param=encoder.layers.4.layer_norm.weight]
Loading weights:  40%|███▉      | 99/248 [00:00<00:00, 5042.39it/s, Materializing param=encoder.layers.5.attention.gru_rel_pos_const]
Loading weights:  40%|███▉      | 99/248 [00:00<00:00, 5006.28it/s, Materializing param=encoder.layers.5.attention.gru_rel_pos_const]
Loading weights:  40%|████      | 100/248 [00:00<00:00, 5024.26it/s, Materializing param=encoder.layers.5.attention.gru_rel_pos_linear.bias]
Loading weights:  40%|████      | 100/248 [00:00<00:00, 4997.92it/s, Materializing param=encoder.layers.5.attention.gru_rel_pos_linear.bias]
Loading weights:  41%|████      | 101/248 [00:00<00:00, 5020.08it/s, Materializing param=encoder.layers.5.attention.gru_rel_pos_linear.weight]
Loading weights:  41%|████      | 101/248 [00:00<00:00, 5004.60it/s, Materializing param=encoder.layers.5.attention.gru_rel_pos_linear.weight]
Loading weights:  41%|████      | 102/248 [00:00<00:00, 5031.86it/s, Materializing param=encoder.layers.5.attention.k_proj.bias]              
Loading weights:  41%|████      | 102/248 [00:00<00:00, 5017.17it/s, Materializing param=encoder.layers.5.attention.k_proj.bias]
Loading weights:  42%|████▏     | 103/248 [00:00<00:00, 5045.18it/s, Materializing param=encoder.layers.5.attention.k_proj.weight]
Loading weights:  42%|████▏     | 103/248 [00:00<00:00, 5030.90it/s, Materializing param=encoder.layers.5.attention.k_proj.weight]
Loading weights:  42%|████▏     | 104/248 [00:00<00:00, 5058.89it/s, Materializing param=encoder.layers.5.attention.out_proj.bias]
Loading weights:  42%|████▏     | 104/248 [00:00<00:00, 5045.31it/s, Materializing param=encoder.layers.5.attention.out_proj.bias]
Loading weights:  42%|████▏     | 105/248 [00:00<00:00, 5073.05it/s, Materializing param=encoder.layers.5.attention.out_proj.weight]
Loading weights:  42%|████▏     | 105/248 [00:00<00:00, 5059.13it/s, Materializing param=encoder.layers.5.attention.out_proj.weight]
Loading weights:  43%|████▎     | 106/248 [00:00<00:00, 5087.03it/s, Materializing param=encoder.layers.5.attention.q_proj.bias]    
Loading weights:  43%|████▎     | 106/248 [00:00<00:00, 5074.31it/s, Materializing param=encoder.layers.5.attention.q_proj.bias]
Loading weights:  43%|████▎     | 107/248 [00:00<00:00, 5102.04it/s, Materializing param=encoder.layers.5.attention.q_proj.weight]
Loading weights:  43%|████▎     | 107/248 [00:00<00:00, 5089.19it/s, Materializing param=encoder.layers.5.attention.q_proj.weight]
Loading weights:  44%|████▎     | 108/248 [00:00<00:00, 5117.78it/s, Materializing param=encoder.layers.5.attention.v_proj.bias]  
Loading weights:  44%|████▎     | 108/248 [00:00<00:00, 5104.51it/s, Materializing param=encoder.layers.5.attention.v_proj.bias]
Loading weights:  44%|████▍     | 109/248 [00:00<00:00, 5125.61it/s, Materializing param=encoder.layers.5.attention.v_proj.weight]
Loading weights:  44%|████▍     | 109/248 [00:00<00:00, 5098.24it/s, Materializing param=encoder.layers.5.attention.v_proj.weight]
Loading weights:  44%|████▍     | 110/248 [00:00<00:00, 5122.10it/s, Materializing param=encoder.layers.5.feed_forward.intermediate_dense.bias]
Loading weights:  44%|████▍     | 110/248 [00:00<00:00, 5109.40it/s, Materializing param=encoder.layers.5.feed_forward.intermediate_dense.bias]
Loading weights:  45%|████▍     | 111/248 [00:00<00:00, 5131.81it/s, Materializing param=encoder.layers.5.feed_forward.intermediate_dense.weight]
Loading weights:  45%|████▍     | 111/248 [00:00<00:00, 5119.73it/s, Materializing param=encoder.layers.5.feed_forward.intermediate_dense.weight]
Loading weights:  45%|████▌     | 112/248 [00:00<00:00, 5146.84it/s, Materializing param=encoder.layers.5.feed_forward.output_dense.bias]        
Loading weights:  45%|████▌     | 112/248 [00:00<00:00, 5134.57it/s, Materializing param=encoder.layers.5.feed_forward.output_dense.bias]
Loading weights:  46%|████▌     | 113/248 [00:00<00:00, 5160.67it/s, Materializing param=encoder.layers.5.feed_forward.output_dense.weight]
Loading weights:  46%|████▌     | 113/248 [00:00<00:00, 5148.79it/s, Materializing param=encoder.layers.5.feed_forward.output_dense.weight]
Loading weights:  46%|████▌     | 114/248 [00:00<00:00, 5174.34it/s, Materializing param=encoder.layers.5.final_layer_norm.bias]           
Loading weights:  46%|████▌     | 114/248 [00:00<00:00, 5162.83it/s, Materializing param=encoder.layers.5.final_layer_norm.bias]
Loading weights:  46%|████▋     | 115/248 [00:00<00:00, 5190.13it/s, Materializing param=encoder.layers.5.final_layer_norm.weight]
Loading weights:  46%|████▋     | 115/248 [00:00<00:00, 5178.82it/s, Materializing param=encoder.layers.5.final_layer_norm.weight]
Loading weights:  47%|████▋     | 116/248 [00:00<00:00, 5205.19it/s, Materializing param=encoder.layers.5.layer_norm.bias]        
Loading weights:  47%|████▋     | 116/248 [00:00<00:00, 5193.19it/s, Materializing param=encoder.layers.5.layer_norm.bias]
Loading weights:  47%|████▋     | 117/248 [00:00<00:00, 5219.85it/s, Materializing param=encoder.layers.5.layer_norm.weight]
Loading weights:  47%|████▋     | 117/248 [00:00<00:00, 5200.93it/s, Materializing param=encoder.layers.5.layer_norm.weight]
Loading weights:  48%|████▊     | 118/248 [00:00<00:00, 5226.49it/s, Materializing param=encoder.layers.6.attention.gru_rel_pos_const]
Loading weights:  48%|████▊     | 118/248 [00:00<00:00, 5214.65it/s, Materializing param=encoder.layers.6.attention.gru_rel_pos_const]
Loading weights:  48%|████▊     | 119/248 [00:00<00:00, 5240.46it/s, Materializing param=encoder.layers.6.attention.gru_rel_pos_linear.bias]
Loading weights:  48%|████▊     | 119/248 [00:00<00:00, 5225.10it/s, Materializing param=encoder.layers.6.attention.gru_rel_pos_linear.bias]
Loading weights:  48%|████▊     | 120/248 [00:00<00:00, 5247.80it/s, Materializing param=encoder.layers.6.attention.gru_rel_pos_linear.weight]
Loading weights:  48%|████▊     | 120/248 [00:00<00:00, 5235.30it/s, Materializing param=encoder.layers.6.attention.gru_rel_pos_linear.weight]
Loading weights:  49%|████▉     | 121/248 [00:00<00:00, 5260.71it/s, Materializing param=encoder.layers.6.attention.k_proj.bias]              
Loading weights:  49%|████▉     | 121/248 [00:00<00:00, 5248.03it/s, Materializing param=encoder.layers.6.attention.k_proj.bias]
Loading weights:  49%|████▉     | 122/248 [00:00<00:00, 5273.14it/s, Materializing param=encoder.layers.6.attention.k_proj.weight]
Loading weights:  49%|████▉     | 122/248 [00:00<00:00, 5260.99it/s, Materializing param=encoder.layers.6.attention.k_proj.weight]
Loading weights:  50%|████▉     | 123/248 [00:00<00:00, 5281.36it/s, Materializing param=encoder.layers.6.attention.out_proj.bias]
Loading weights:  50%|████▉     | 123/248 [00:00<00:00, 5267.50it/s, Materializing param=encoder.layers.6.attention.out_proj.bias]
Loading weights:  50%|█████     | 124/248 [00:00<00:00, 5284.22it/s, Materializing param=encoder.layers.6.attention.out_proj.weight]
Loading weights:  50%|█████     | 124/248 [00:00<00:00, 5271.63it/s, Materializing param=encoder.layers.6.attention.out_proj.weight]
Loading weights:  50%|█████     | 125/248 [00:00<00:00, 5295.30it/s, Materializing param=encoder.layers.6.attention.q_proj.bias]    
Loading weights:  50%|█████     | 125/248 [00:00<00:00, 5279.15it/s, Materializing param=encoder.layers.6.attention.q_proj.bias]
Loading weights:  51%|█████     | 126/248 [00:00<00:00, 5292.13it/s, Materializing param=encoder.layers.6.attention.q_proj.weight]
Loading weights:  51%|█████     | 126/248 [00:00<00:00, 5276.64it/s, Materializing param=encoder.layers.6.attention.q_proj.weight]
Loading weights:  51%|█████     | 127/248 [00:00<00:00, 5299.42it/s, Materializing param=encoder.layers.6.attention.v_proj.bias]  
Loading weights:  51%|█████     | 127/248 [00:00<00:00, 5284.44it/s, Materializing param=encoder.layers.6.attention.v_proj.bias]
Loading weights:  52%|█████▏    | 128/248 [00:00<00:00, 5302.32it/s, Materializing param=encoder.layers.6.attention.v_proj.weight]
Loading weights:  52%|█████▏    | 128/248 [00:00<00:00, 5290.57it/s, Materializing param=encoder.layers.6.attention.v_proj.weight]
Loading weights:  52%|█████▏    | 129/248 [00:00<00:00, 5315.03it/s, Materializing param=encoder.layers.6.feed_forward.intermediate_dense.bias]
Loading weights:  52%|█████▏    | 129/248 [00:00<00:00, 5303.73it/s, Materializing param=encoder.layers.6.feed_forward.intermediate_dense.bias]
Loading weights:  52%|█████▏    | 130/248 [00:00<00:00, 5327.45it/s, Materializing param=encoder.layers.6.feed_forward.intermediate_dense.weight]
Loading weights:  52%|█████▏    | 130/248 [00:00<00:00, 5316.03it/s, Materializing param=encoder.layers.6.feed_forward.intermediate_dense.weight]
Loading weights:  53%|█████▎    | 131/248 [00:00<00:00, 5339.89it/s, Materializing param=encoder.layers.6.feed_forward.output_dense.bias]        
Loading weights:  53%|█████▎    | 131/248 [00:00<00:00, 5328.55it/s, Materializing param=encoder.layers.6.feed_forward.output_dense.bias]
Loading weights:  53%|█████▎    | 132/248 [00:00<00:00, 5351.48it/s, Materializing param=encoder.layers.6.feed_forward.output_dense.weight]
Loading weights:  53%|█████▎    | 132/248 [00:00<00:00, 5340.49it/s, Materializing param=encoder.layers.6.feed_forward.output_dense.weight]
Loading weights:  54%|█████▎    | 133/248 [00:00<00:00, 5363.92it/s, Materializing param=encoder.layers.6.final_layer_norm.bias]           
Loading weights:  54%|█████▎    | 133/248 [00:00<00:00, 5352.70it/s, Materializing param=encoder.layers.6.final_layer_norm.bias]
Loading weights:  54%|█████▍    | 134/248 [00:00<00:00, 5367.45it/s, Materializing param=encoder.layers.6.final_layer_norm.weight]
Loading weights:  54%|█████▍    | 134/248 [00:00<00:00, 5356.05it/s, Materializing param=encoder.layers.6.final_layer_norm.weight]
Loading weights:  54%|█████▍    | 135/248 [00:00<00:00, 5379.25it/s, Materializing param=encoder.layers.6.layer_norm.bias]        
Loading weights:  54%|█████▍    | 135/248 [00:00<00:00, 5368.29it/s, Materializing param=encoder.layers.6.layer_norm.bias]
Loading weights:  55%|█████▍    | 136/248 [00:00<00:00, 5387.11it/s, Materializing param=encoder.layers.6.layer_norm.weight]
Loading weights:  55%|█████▍    | 136/248 [00:00<00:00, 5375.84it/s, Materializing param=encoder.layers.6.layer_norm.weight]
Loading weights:  55%|█████▌    | 137/248 [00:00<00:00, 5398.43it/s, Materializing param=encoder.layers.7.attention.gru_rel_pos_const]
Loading weights:  55%|█████▌    | 137/248 [00:00<00:00, 5387.24it/s, Materializing param=encoder.layers.7.attention.gru_rel_pos_const]
Loading weights:  56%|█████▌    | 138/248 [00:00<00:00, 5400.59it/s, Materializing param=encoder.layers.7.attention.gru_rel_pos_linear.bias]
Loading weights:  56%|█████▌    | 138/248 [00:00<00:00, 5388.33it/s, Materializing param=encoder.layers.7.attention.gru_rel_pos_linear.bias]
Loading weights:  56%|█████▌    | 139/248 [00:00<00:00, 5409.90it/s, Materializing param=encoder.layers.7.attention.gru_rel_pos_linear.weight]
Loading weights:  56%|█████▌    | 139/248 [00:00<00:00, 5399.22it/s, Materializing param=encoder.layers.7.attention.gru_rel_pos_linear.weight]
Loading weights:  56%|█████▋    | 140/248 [00:00<00:00, 5421.70it/s, Materializing param=encoder.layers.7.attention.k_proj.bias]              
Loading weights:  56%|█████▋    | 140/248 [00:00<00:00, 5410.81it/s, Materializing param=encoder.layers.7.attention.k_proj.bias]
Loading weights:  57%|█████▋    | 141/248 [00:00<00:00, 5432.94it/s, Materializing param=encoder.layers.7.attention.k_proj.weight]
Loading weights:  57%|█████▋    | 141/248 [00:00<00:00, 5421.43it/s, Materializing param=encoder.layers.7.attention.k_proj.weight]
Loading weights:  57%|█████▋    | 142/248 [00:00<00:00, 5437.05it/s, Materializing param=encoder.layers.7.attention.out_proj.bias]
Loading weights:  57%|█████▋    | 142/248 [00:00<00:00, 5425.27it/s, Materializing param=encoder.layers.7.attention.out_proj.bias]
Loading weights:  58%|█████▊    | 143/248 [00:00<00:00, 5446.85it/s, Materializing param=encoder.layers.7.attention.out_proj.weight]
Loading weights:  58%|█████▊    | 143/248 [00:00<00:00, 5435.99it/s, Materializing param=encoder.layers.7.attention.out_proj.weight]
Loading weights:  58%|█████▊    | 144/248 [00:00<00:00, 5458.03it/s, Materializing param=encoder.layers.7.attention.q_proj.bias]    
Loading weights:  58%|█████▊    | 144/248 [00:00<00:00, 5447.25it/s, Materializing param=encoder.layers.7.attention.q_proj.bias]
Loading weights:  58%|█████▊    | 145/248 [00:00<00:00, 5468.31it/s, Materializing param=encoder.layers.7.attention.q_proj.weight]
Loading weights:  58%|█████▊    | 145/248 [00:00<00:00, 5457.66it/s, Materializing param=encoder.layers.7.attention.q_proj.weight]
Loading weights:  59%|█████▉    | 146/248 [00:00<00:00, 5479.46it/s, Materializing param=encoder.layers.7.attention.v_proj.bias]  
Loading weights:  59%|█████▉    | 146/248 [00:00<00:00, 5468.40it/s, Materializing param=encoder.layers.7.attention.v_proj.bias]
Loading weights:  59%|█████▉    | 147/248 [00:00<00:00, 5453.75it/s, Materializing param=encoder.layers.7.attention.v_proj.weight]
Loading weights:  59%|█████▉    | 147/248 [00:00<00:00, 5431.65it/s, Materializing param=encoder.layers.7.attention.v_proj.weight]
Loading weights:  60%|█████▉    | 148/248 [00:00<00:00, 5400.52it/s, Materializing param=encoder.layers.7.feed_forward.intermediate_dense.bias]
Loading weights:  60%|█████▉    | 148/248 [00:00<00:00, 5380.20it/s, Materializing param=encoder.layers.7.feed_forward.intermediate_dense.bias]
Loading weights:  60%|██████    | 149/248 [00:00<00:00, 5391.46it/s, Materializing param=encoder.layers.7.feed_forward.intermediate_dense.weight]
Loading weights:  60%|██████    | 149/248 [00:00<00:00, 5378.84it/s, Materializing param=encoder.layers.7.feed_forward.intermediate_dense.weight]
Loading weights:  60%|██████    | 150/248 [00:00<00:00, 5396.45it/s, Materializing param=encoder.layers.7.feed_forward.output_dense.bias]        
Loading weights:  60%|██████    | 150/248 [00:00<00:00, 5384.95it/s, Materializing param=encoder.layers.7.feed_forward.output_dense.bias]
Loading weights:  61%|██████    | 151/248 [00:00<00:00, 5403.00it/s, Materializing param=encoder.layers.7.feed_forward.output_dense.weight]
Loading weights:  61%|██████    | 151/248 [00:00<00:00, 5375.35it/s, Materializing param=encoder.layers.7.feed_forward.output_dense.weight]
Loading weights:  61%|██████▏   | 152/248 [00:00<00:00, 5390.59it/s, Materializing param=encoder.layers.7.final_layer_norm.bias]           
Loading weights:  61%|██████▏   | 152/248 [00:00<00:00, 5370.61it/s, Materializing param=encoder.layers.7.final_layer_norm.bias]
Loading weights:  62%|██████▏   | 153/248 [00:00<00:00, 5388.96it/s, Materializing param=encoder.layers.7.final_layer_norm.weight]
Loading weights:  62%|██████▏   | 153/248 [00:00<00:00, 5377.27it/s, Materializing param=encoder.layers.7.final_layer_norm.weight]
Loading weights:  62%|██████▏   | 154/248 [00:00<00:00, 5396.50it/s, Materializing param=encoder.layers.7.layer_norm.bias]        
Loading weights:  62%|██████▏   | 154/248 [00:00<00:00, 5386.55it/s, Materializing param=encoder.layers.7.layer_norm.bias]
Loading weights:  62%|██████▎   | 155/248 [00:00<00:00, 5406.20it/s, Materializing param=encoder.layers.7.layer_norm.weight]
Loading weights:  62%|██████▎   | 155/248 [00:00<00:00, 5396.42it/s, Materializing param=encoder.layers.7.layer_norm.weight]
Loading weights:  63%|██████▎   | 156/248 [00:00<00:00, 5415.63it/s, Materializing param=encoder.layers.8.attention.gru_rel_pos_const]
Loading weights:  63%|██████▎   | 156/248 [00:00<00:00, 5405.88it/s, Materializing param=encoder.layers.8.attention.gru_rel_pos_const]
Loading weights:  63%|██████▎   | 157/248 [00:00<00:00, 5424.85it/s, Materializing param=encoder.layers.8.attention.gru_rel_pos_linear.bias]
Loading weights:  63%|██████▎   | 157/248 [00:00<00:00, 5414.45it/s, Materializing param=encoder.layers.8.attention.gru_rel_pos_linear.bias]
Loading weights:  64%|██████▎   | 158/248 [00:00<00:00, 5428.85it/s, Materializing param=encoder.layers.8.attention.gru_rel_pos_linear.weight]
Loading weights:  64%|██████▎   | 158/248 [00:00<00:00, 5417.40it/s, Materializing param=encoder.layers.8.attention.gru_rel_pos_linear.weight]
Loading weights:  64%|██████▍   | 159/248 [00:00<00:00, 5436.62it/s, Materializing param=encoder.layers.8.attention.k_proj.bias]              
Loading weights:  64%|██████▍   | 159/248 [00:00<00:00, 5426.76it/s, Materializing param=encoder.layers.8.attention.k_proj.bias]
Loading weights:  65%|██████▍   | 160/248 [00:00<00:00, 5436.51it/s, Materializing param=encoder.layers.8.attention.k_proj.weight]
Loading weights:  65%|██████▍   | 160/248 [00:00<00:00, 5426.23it/s, Materializing param=encoder.layers.8.attention.k_proj.weight]
Loading weights:  65%|██████▍   | 161/248 [00:00<00:00, 5443.15it/s, Materializing param=encoder.layers.8.attention.out_proj.bias]
Loading weights:  65%|██████▍   | 161/248 [00:00<00:00, 5433.30it/s, Materializing param=encoder.layers.8.attention.out_proj.bias]
Loading weights:  65%|██████▌   | 162/248 [00:00<00:00, 5452.57it/s, Materializing param=encoder.layers.8.attention.out_proj.weight]
Loading weights:  65%|██████▌   | 162/248 [00:00<00:00, 5443.13it/s, Materializing param=encoder.layers.8.attention.out_proj.weight]
Loading weights:  66%|██████▌   | 163/248 [00:00<00:00, 5462.47it/s, Materializing param=encoder.layers.8.attention.q_proj.bias]    
Loading weights:  66%|██████▌   | 163/248 [00:00<00:00, 5453.36it/s, Materializing param=encoder.layers.8.attention.q_proj.bias]
Loading weights:  66%|██████▌   | 164/248 [00:00<00:00, 5472.67it/s, Materializing param=encoder.layers.8.attention.q_proj.weight]
Loading weights:  66%|██████▌   | 164/248 [00:00<00:00, 5463.46it/s, Materializing param=encoder.layers.8.attention.q_proj.weight]
Loading weights:  67%|██████▋   | 165/248 [00:00<00:00, 5482.36it/s, Materializing param=encoder.layers.8.attention.v_proj.bias]  
Loading weights:  67%|██████▋   | 165/248 [00:00<00:00, 5472.86it/s, Materializing param=encoder.layers.8.attention.v_proj.bias]
Loading weights:  67%|██████▋   | 166/248 [00:00<00:00, 5491.05it/s, Materializing param=encoder.layers.8.attention.v_proj.weight]
Loading weights:  67%|██████▋   | 166/248 [00:00<00:00, 5476.76it/s, Materializing param=encoder.layers.8.attention.v_proj.weight]
Loading weights:  67%|██████▋   | 167/248 [00:00<00:00, 5463.29it/s, Materializing param=encoder.layers.8.feed_forward.intermediate_dense.bias]
Loading weights:  67%|██████▋   | 167/248 [00:00<00:00, 5410.67it/s, Materializing param=encoder.layers.8.feed_forward.intermediate_dense.bias]
Loading weights:  68%|██████▊   | 168/248 [00:00<00:00, 5385.90it/s, Materializing param=encoder.layers.8.feed_forward.intermediate_dense.weight]
Loading weights:  68%|██████▊   | 168/248 [00:00<00:00, 5368.05it/s, Materializing param=encoder.layers.8.feed_forward.intermediate_dense.weight]
Loading weights:  68%|██████▊   | 169/248 [00:00<00:00, 5348.18it/s, Materializing param=encoder.layers.8.feed_forward.output_dense.bias]        
Loading weights:  68%|██████▊   | 169/248 [00:00<00:00, 5331.29it/s, Materializing param=encoder.layers.8.feed_forward.output_dense.bias]
Loading weights:  69%|██████▊   | 170/248 [00:00<00:00, 5344.94it/s, Materializing param=encoder.layers.8.feed_forward.output_dense.weight]
Loading weights:  69%|██████▊   | 170/248 [00:00<00:00, 5334.51it/s, Materializing param=encoder.layers.8.feed_forward.output_dense.weight]
Loading weights:  69%|██████▉   | 171/248 [00:00<00:00, 5351.43it/s, Materializing param=encoder.layers.8.final_layer_norm.bias]           
Loading weights:  69%|██████▉   | 171/248 [00:00<00:00, 5342.31it/s, Materializing param=encoder.layers.8.final_layer_norm.bias]
Loading weights:  69%|██████▉   | 172/248 [00:00<00:00, 5359.50it/s, Materializing param=encoder.layers.8.final_layer_norm.weight]
Loading weights:  69%|██████▉   | 172/248 [00:00<00:00, 5350.67it/s, Materializing param=encoder.layers.8.final_layer_norm.weight]
Loading weights:  70%|██████▉   | 173/248 [00:00<00:00, 5369.00it/s, Materializing param=encoder.layers.8.layer_norm.bias]        
Loading weights:  70%|██████▉   | 173/248 [00:00<00:00, 5359.95it/s, Materializing param=encoder.layers.8.layer_norm.bias]
Loading weights:  70%|███████   | 174/248 [00:00<00:00, 5377.79it/s, Materializing param=encoder.layers.8.layer_norm.weight]
Loading weights:  70%|███████   | 174/248 [00:00<00:00, 5369.40it/s, Materializing param=encoder.layers.8.layer_norm.weight]
Loading weights:  71%|███████   | 175/248 [00:00<00:00, 5385.99it/s, Materializing param=encoder.layers.9.attention.gru_rel_pos_const]
Loading weights:  71%|███████   | 175/248 [00:00<00:00, 5376.80it/s, Materializing param=encoder.layers.9.attention.gru_rel_pos_const]
Loading weights:  71%|███████   | 176/248 [00:00<00:00, 5393.62it/s, Materializing param=encoder.layers.9.attention.gru_rel_pos_linear.bias]
Loading weights:  71%|███████   | 176/248 [00:00<00:00, 5384.45it/s, Materializing param=encoder.layers.9.attention.gru_rel_pos_linear.bias]
Loading weights:  71%|███████▏  | 177/248 [00:00<00:00, 5401.18it/s, Materializing param=encoder.layers.9.attention.gru_rel_pos_linear.weight]
Loading weights:  71%|███████▏  | 177/248 [00:00<00:00, 5392.23it/s, Materializing param=encoder.layers.9.attention.gru_rel_pos_linear.weight]
Loading weights:  72%|███████▏  | 178/248 [00:00<00:00, 5409.50it/s, Materializing param=encoder.layers.9.attention.k_proj.bias]              
Loading weights:  72%|███████▏  | 178/248 [00:00<00:00, 5400.34it/s, Materializing param=encoder.layers.9.attention.k_proj.bias]
Loading weights:  72%|███████▏  | 179/248 [00:00<00:00, 5410.25it/s, Materializing param=encoder.layers.9.attention.k_proj.weight]
Loading weights:  72%|███████▏  | 179/248 [00:00<00:00, 5400.21it/s, Materializing param=encoder.layers.9.attention.k_proj.weight]
Loading weights:  73%|███████▎  | 180/248 [00:00<00:00, 5412.70it/s, Materializing param=encoder.layers.9.attention.out_proj.bias]
Loading weights:  73%|███████▎  | 180/248 [00:00<00:00, 5403.68it/s, Materializing param=encoder.layers.9.attention.out_proj.bias]
Loading weights:  73%|███████▎  | 181/248 [00:00<00:00, 5400.53it/s, Materializing param=encoder.layers.9.attention.out_proj.weight]
Loading weights:  73%|███████▎  | 181/248 [00:00<00:00, 5383.22it/s, Materializing param=encoder.layers.9.attention.out_proj.weight]
Loading weights:  73%|███████▎  | 182/248 [00:00<00:00, 5387.26it/s, Materializing param=encoder.layers.9.attention.q_proj.bias]    
Loading weights:  73%|███████▎  | 182/248 [00:00<00:00, 5376.56it/s, Materializing param=encoder.layers.9.attention.q_proj.bias]
Loading weights:  74%|███████▍  | 183/248 [00:00<00:00, 5388.03it/s, Materializing param=encoder.layers.9.attention.q_proj.weight]
Loading weights:  74%|███████▍  | 183/248 [00:00<00:00, 5379.35it/s, Materializing param=encoder.layers.9.attention.q_proj.weight]
Loading weights:  74%|███████▍  | 184/248 [00:00<00:00, 5396.23it/s, Materializing param=encoder.layers.9.attention.v_proj.bias]  
Loading weights:  74%|███████▍  | 184/248 [00:00<00:00, 5388.01it/s, Materializing param=encoder.layers.9.attention.v_proj.bias]
Loading weights:  75%|███████▍  | 185/248 [00:00<00:00, 5404.81it/s, Materializing param=encoder.layers.9.attention.v_proj.weight]
Loading weights:  75%|███████▍  | 185/248 [00:00<00:00, 5396.05it/s, Materializing param=encoder.layers.9.attention.v_proj.weight]
Loading weights:  75%|███████▌  | 186/248 [00:00<00:00, 5412.38it/s, Materializing param=encoder.layers.9.feed_forward.intermediate_dense.bias]
Loading weights:  75%|███████▌  | 186/248 [00:00<00:00, 5403.91it/s, Materializing param=encoder.layers.9.feed_forward.intermediate_dense.bias]
Loading weights:  75%|███████▌  | 187/248 [00:00<00:00, 5420.08it/s, Materializing param=encoder.layers.9.feed_forward.intermediate_dense.weight]
Loading weights:  75%|███████▌  | 187/248 [00:00<00:00, 5409.88it/s, Materializing param=encoder.layers.9.feed_forward.intermediate_dense.weight]
Loading weights:  76%|███████▌  | 188/248 [00:00<00:00, 5424.25it/s, Materializing param=encoder.layers.9.feed_forward.output_dense.bias]        
Loading weights:  76%|███████▌  | 188/248 [00:00<00:00, 5413.42it/s, Materializing param=encoder.layers.9.feed_forward.output_dense.bias]
Loading weights:  76%|███████▌  | 189/248 [00:00<00:00, 5399.07it/s, Materializing param=encoder.layers.9.feed_forward.output_dense.weight]
Loading weights:  76%|███████▌  | 189/248 [00:00<00:00, 5386.92it/s, Materializing param=encoder.layers.9.feed_forward.output_dense.weight]
Loading weights:  77%|███████▋  | 190/248 [00:00<00:00, 5401.88it/s, Materializing param=encoder.layers.9.final_layer_norm.bias]           
Loading weights:  77%|███████▋  | 190/248 [00:00<00:00, 5384.54it/s, Materializing param=encoder.layers.9.final_layer_norm.bias]
Loading weights:  77%|███████▋  | 191/248 [00:00<00:00, 5398.11it/s, Materializing param=encoder.layers.9.final_layer_norm.weight]
Loading weights:  77%|███████▋  | 191/248 [00:00<00:00, 5387.29it/s, Materializing param=encoder.layers.9.final_layer_norm.weight]
Loading weights:  77%|███████▋  | 192/248 [00:00<00:00, 5402.02it/s, Materializing param=encoder.layers.9.layer_norm.bias]        
Loading weights:  77%|███████▋  | 192/248 [00:00<00:00, 5393.84it/s, Materializing param=encoder.layers.9.layer_norm.bias]
Loading weights:  78%|███████▊  | 193/248 [00:00<00:00, 5410.05it/s, Materializing param=encoder.layers.9.layer_norm.weight]
Loading weights:  78%|███████▊  | 193/248 [00:00<00:00, 5402.00it/s, Materializing param=encoder.layers.9.layer_norm.weight]
Loading weights:  78%|███████▊  | 194/248 [00:00<00:00, 5418.20it/s, Materializing param=encoder.layers.10.attention.gru_rel_pos_const]
Loading weights:  78%|███████▊  | 194/248 [00:00<00:00, 5410.17it/s, Materializing param=encoder.layers.10.attention.gru_rel_pos_const]
Loading weights:  79%|███████▊  | 195/248 [00:00<00:00, 5426.37it/s, Materializing param=encoder.layers.10.attention.gru_rel_pos_linear.bias]
Loading weights:  79%|███████▊  | 195/248 [00:00<00:00, 5417.38it/s, Materializing param=encoder.layers.10.attention.gru_rel_pos_linear.bias]
Loading weights:  79%|███████▉  | 196/248 [00:00<00:00, 5403.93it/s, Materializing param=encoder.layers.10.attention.gru_rel_pos_linear.weight]
Loading weights:  79%|███████▉  | 196/248 [00:00<00:00, 5387.00it/s, Materializing param=encoder.layers.10.attention.gru_rel_pos_linear.weight]
Loading weights:  79%|███████▉  | 197/248 [00:00<00:00, 5398.18it/s, Materializing param=encoder.layers.10.attention.k_proj.bias]              
Loading weights:  79%|███████▉  | 197/248 [00:00<00:00, 5388.96it/s, Materializing param=encoder.layers.10.attention.k_proj.bias]
Loading weights:  80%|███████▉  | 198/248 [00:00<00:00, 5334.41it/s, Materializing param=encoder.layers.10.attention.k_proj.weight]
Loading weights:  80%|███████▉  | 198/248 [00:00<00:00, 5314.78it/s, Materializing param=encoder.layers.10.attention.k_proj.weight]
Loading weights:  80%|████████  | 199/248 [00:00<00:00, 5322.28it/s, Materializing param=encoder.layers.10.attention.out_proj.bias]
Loading weights:  80%|████████  | 199/248 [00:00<00:00, 5313.71it/s, Materializing param=encoder.layers.10.attention.out_proj.bias]
Loading weights:  81%|████████  | 200/248 [00:00<00:00, 5325.32it/s, Materializing param=encoder.layers.10.attention.out_proj.weight]
Loading weights:  81%|████████  | 200/248 [00:00<00:00, 5317.19it/s, Materializing param=encoder.layers.10.attention.out_proj.weight]
Loading weights:  81%|████████  | 201/248 [00:00<00:00, 5332.45it/s, Materializing param=encoder.layers.10.attention.q_proj.bias]    
Loading weights:  81%|████████  | 201/248 [00:00<00:00, 5324.54it/s, Materializing param=encoder.layers.10.attention.q_proj.bias]
Loading weights:  81%|████████▏ | 202/248 [00:00<00:00, 5339.90it/s, Materializing param=encoder.layers.10.attention.q_proj.weight]
Loading weights:  81%|████████▏ | 202/248 [00:00<00:00, 5332.44it/s, Materializing param=encoder.layers.10.attention.q_proj.weight]
Loading weights:  82%|████████▏ | 203/248 [00:00<00:00, 5347.90it/s, Materializing param=encoder.layers.10.attention.v_proj.bias]  
Loading weights:  82%|████████▏ | 203/248 [00:00<00:00, 5340.82it/s, Materializing param=encoder.layers.10.attention.v_proj.bias]
Loading weights:  82%|████████▏ | 204/248 [00:00<00:00, 5356.31it/s, Materializing param=encoder.layers.10.attention.v_proj.weight]
Loading weights:  82%|████████▏ | 204/248 [00:00<00:00, 5349.14it/s, Materializing param=encoder.layers.10.attention.v_proj.weight]
Loading weights:  83%|████████▎ | 205/248 [00:00<00:00, 5364.73it/s, Materializing param=encoder.layers.10.feed_forward.intermediate_dense.bias]
Loading weights:  83%|████████▎ | 205/248 [00:00<00:00, 5357.31it/s, Materializing param=encoder.layers.10.feed_forward.intermediate_dense.bias]
Loading weights:  83%|████████▎ | 206/248 [00:00<00:00, 5372.00it/s, Materializing param=encoder.layers.10.feed_forward.intermediate_dense.weight]
Loading weights:  83%|████████▎ | 206/248 [00:00<00:00, 5364.83it/s, Materializing param=encoder.layers.10.feed_forward.intermediate_dense.weight]
Loading weights:  83%|████████▎ | 207/248 [00:00<00:00, 5380.05it/s, Materializing param=encoder.layers.10.feed_forward.output_dense.bias]        
Loading weights:  83%|████████▎ | 207/248 [00:00<00:00, 5372.72it/s, Materializing param=encoder.layers.10.feed_forward.output_dense.bias]
Loading weights:  84%|████████▍ | 208/248 [00:00<00:00, 5387.77it/s, Materializing param=encoder.layers.10.feed_forward.output_dense.weight]
Loading weights:  84%|████████▍ | 208/248 [00:00<00:00, 5380.63it/s, Materializing param=encoder.layers.10.feed_forward.output_dense.weight]
Loading weights:  84%|████████▍ | 209/248 [00:00<00:00, 5390.71it/s, Materializing param=encoder.layers.10.final_layer_norm.bias]           
Loading weights:  84%|████████▍ | 209/248 [00:00<00:00, 5380.81it/s, Materializing param=encoder.layers.10.final_layer_norm.bias]
Loading weights:  85%|████████▍ | 210/248 [00:00<00:00, 5391.00it/s, Materializing param=encoder.layers.10.final_layer_norm.weight]
Loading weights:  85%|████████▍ | 210/248 [00:00<00:00, 5383.43it/s, Materializing param=encoder.layers.10.final_layer_norm.weight]
Loading weights:  85%|████████▌ | 211/248 [00:00<00:00, 5398.11it/s, Materializing param=encoder.layers.10.layer_norm.bias]        
Loading weights:  85%|████████▌ | 211/248 [00:00<00:00, 5390.91it/s, Materializing param=encoder.layers.10.layer_norm.bias]
Loading weights:  85%|████████▌ | 212/248 [00:00<00:00, 5405.26it/s, Materializing param=encoder.layers.10.layer_norm.weight]
Loading weights:  85%|████████▌ | 212/248 [00:00<00:00, 5298.21it/s, Materializing param=encoder.layers.10.layer_norm.weight]
Loading weights:  86%|████████▌ | 213/248 [00:00<00:00, 5301.50it/s, Materializing param=encoder.layers.11.attention.gru_rel_pos_const]
Loading weights:  86%|████████▌ | 213/248 [00:00<00:00, 5292.67it/s, Materializing param=encoder.layers.11.attention.gru_rel_pos_const]
Loading weights:  86%|████████▋ | 214/248 [00:00<00:00, 5304.48it/s, Materializing param=encoder.layers.11.attention.gru_rel_pos_linear.bias]
Loading weights:  86%|████████▋ | 214/248 [00:00<00:00, 5296.56it/s, Materializing param=encoder.layers.11.attention.gru_rel_pos_linear.bias]
Loading weights:  87%|████████▋ | 215/248 [00:00<00:00, 5310.15it/s, Materializing param=encoder.layers.11.attention.gru_rel_pos_linear.weight]
Loading weights:  87%|████████▋ | 215/248 [00:00<00:00, 5299.95it/s, Materializing param=encoder.layers.11.attention.gru_rel_pos_linear.weight]
Loading weights:  87%|████████▋ | 216/248 [00:00<00:00, 5313.20it/s, Materializing param=encoder.layers.11.attention.k_proj.bias]              
Loading weights:  87%|████████▋ | 216/248 [00:00<00:00, 5280.16it/s, Materializing param=encoder.layers.11.attention.k_proj.bias]
Loading weights:  88%|████████▊ | 217/248 [00:00<00:00, 5285.14it/s, Materializing param=encoder.layers.11.attention.k_proj.weight]
Loading weights:  88%|████████▊ | 217/248 [00:00<00:00, 5276.44it/s, Materializing param=encoder.layers.11.attention.k_proj.weight]
Loading weights:  88%|████████▊ | 218/248 [00:00<00:00, 5288.61it/s, Materializing param=encoder.layers.11.attention.out_proj.bias]
Loading weights:  88%|████████▊ | 218/248 [00:00<00:00, 5280.85it/s, Materializing param=encoder.layers.11.attention.out_proj.bias]
Loading weights:  88%|████████▊ | 219/248 [00:00<00:00, 5293.67it/s, Materializing param=encoder.layers.11.attention.out_proj.weight]
Loading weights:  88%|████████▊ | 219/248 [00:00<00:00, 5282.65it/s, Materializing param=encoder.layers.11.attention.out_proj.weight]
Loading weights:  89%|████████▊ | 220/248 [00:00<00:00, 5286.46it/s, Materializing param=encoder.layers.11.attention.q_proj.bias]    
Loading weights:  89%|████████▊ | 220/248 [00:00<00:00, 5278.54it/s, Materializing param=encoder.layers.11.attention.q_proj.bias]
Loading weights:  89%|████████▉ | 221/248 [00:00<00:00, 5291.03it/s, Materializing param=encoder.layers.11.attention.q_proj.weight]
Loading weights:  89%|████████▉ | 221/248 [00:00<00:00, 5283.97it/s, Materializing param=encoder.layers.11.attention.q_proj.weight]
Loading weights:  90%|████████▉ | 222/248 [00:00<00:00, 5296.89it/s, Materializing param=encoder.layers.11.attention.v_proj.bias]  
Loading weights:  90%|████████▉ | 222/248 [00:00<00:00, 5290.21it/s, Materializing param=encoder.layers.11.attention.v_proj.bias]
Loading weights:  90%|████████▉ | 223/248 [00:00<00:00, 5303.74it/s, Materializing param=encoder.layers.11.attention.v_proj.weight]
Loading weights:  90%|████████▉ | 223/248 [00:00<00:00, 5297.16it/s, Materializing param=encoder.layers.11.attention.v_proj.weight]
Loading weights:  90%|█████████ | 224/248 [00:00<00:00, 5299.09it/s, Materializing param=encoder.layers.11.feed_forward.intermediate_dense.bias]
Loading weights:  90%|█████████ | 224/248 [00:00<00:00, 5284.19it/s, Materializing param=encoder.layers.11.feed_forward.intermediate_dense.bias]
Loading weights:  91%|█████████ | 225/248 [00:00<00:00, 5292.04it/s, Materializing param=encoder.layers.11.feed_forward.intermediate_dense.weight]
Loading weights:  91%|█████████ | 225/248 [00:00<00:00, 5283.18it/s, Materializing param=encoder.layers.11.feed_forward.intermediate_dense.weight]
Loading weights:  91%|█████████ | 226/248 [00:00<00:00, 5113.21it/s, Materializing param=encoder.layers.11.feed_forward.output_dense.bias]        
Loading weights:  91%|█████████ | 226/248 [00:00<00:00, 5097.78it/s, Materializing param=encoder.layers.11.feed_forward.output_dense.bias]
Loading weights:  92%|█████████▏| 227/248 [00:00<00:00, 5106.25it/s, Materializing param=encoder.layers.11.feed_forward.output_dense.weight]
Loading weights:  92%|█████████▏| 227/248 [00:00<00:00, 5099.58it/s, Materializing param=encoder.layers.11.feed_forward.output_dense.weight]
Loading weights:  92%|█████████▏| 228/248 [00:00<00:00, 5088.90it/s, Materializing param=encoder.layers.11.final_layer_norm.bias]           
Loading weights:  92%|█████████▏| 228/248 [00:00<00:00, 5076.12it/s, Materializing param=encoder.layers.11.final_layer_norm.bias]
Loading weights:  92%|█████████▏| 229/248 [00:00<00:00, 5085.11it/s, Materializing param=encoder.layers.11.final_layer_norm.weight]
Loading weights:  92%|█████████▏| 229/248 [00:00<00:00, 5078.23it/s, Materializing param=encoder.layers.11.final_layer_norm.weight]
Loading weights:  93%|█████████▎| 230/248 [00:00<00:00, 5090.42it/s, Materializing param=encoder.layers.11.layer_norm.bias]        
Loading weights:  93%|█████████▎| 230/248 [00:00<00:00, 5084.06it/s, Materializing param=encoder.layers.11.layer_norm.bias]
Loading weights:  93%|█████████▎| 231/248 [00:00<00:00, 5096.79it/s, Materializing param=encoder.layers.11.layer_norm.weight]
Loading weights:  93%|█████████▎| 231/248 [00:00<00:00, 5090.25it/s, Materializing param=encoder.layers.11.layer_norm.weight]
Loading weights:  94%|█████████▎| 232/248 [00:00<00:00, 5103.34it/s, Materializing param=encoder.pos_conv_embed.conv.bias]   
Loading weights:  94%|█████████▎| 232/248 [00:00<00:00, 5097.37it/s, Materializing param=encoder.pos_conv_embed.conv.bias]
Loading weights:  94%|█████████▍| 233/248 [00:00<00:00, 5100.24it/s, Materializing param=encoder.pos_conv_embed.conv.parametrizations.weight.original0]
Loading weights:  94%|█████████▍| 233/248 [00:00<00:00, 5093.38it/s, Materializing param=encoder.pos_conv_embed.conv.parametrizations.weight.original0]
Loading weights:  94%|█████████▍| 234/248 [00:00<00:00, 5105.00it/s, Materializing param=encoder.pos_conv_embed.conv.parametrizations.weight.original1]
Loading weights:  94%|█████████▍| 234/248 [00:00<00:00, 5098.95it/s, Materializing param=encoder.pos_conv_embed.conv.parametrizations.weight.original1]
Loading weights:  95%|█████████▍| 235/248 [00:00<00:00, 5111.80it/s, Materializing param=feature_extractor.conv_layers.0.conv.weight]                  
Loading weights:  95%|█████████▍| 235/248 [00:00<00:00, 5105.92it/s, Materializing param=feature_extractor.conv_layers.0.conv.weight]
Loading weights:  95%|█████████▌| 236/248 [00:00<00:00, 5118.18it/s, Materializing param=feature_extractor.conv_layers.0.layer_norm.bias]
Loading weights:  95%|█████████▌| 236/248 [00:00<00:00, 5112.39it/s, Materializing param=feature_extractor.conv_layers.0.layer_norm.bias]
Loading weights:  96%|█████████▌| 237/248 [00:00<00:00, 5125.42it/s, Materializing param=feature_extractor.conv_layers.0.layer_norm.weight]
Loading weights:  96%|█████████▌| 237/248 [00:00<00:00, 5119.72it/s, Materializing param=feature_extractor.conv_layers.0.layer_norm.weight]
Loading weights:  96%|█████████▌| 238/248 [00:00<00:00, 5132.60it/s, Materializing param=feature_extractor.conv_layers.1.conv.weight]      
Loading weights:  96%|█████████▌| 238/248 [00:00<00:00, 5126.77it/s, Materializing param=feature_extractor.conv_layers.1.conv.weight]
Loading weights:  96%|█████████▋| 239/248 [00:00<00:00, 5139.68it/s, Materializing param=feature_extractor.conv_layers.2.conv.weight]
Loading weights:  96%|█████████▋| 239/248 [00:00<00:00, 5134.08it/s, Materializing param=feature_extractor.conv_layers.2.conv.weight]
Loading weights:  97%|█████████▋| 240/248 [00:00<00:00, 5146.99it/s, Materializing param=feature_extractor.conv_layers.3.conv.weight]
Loading weights:  97%|█████████▋| 240/248 [00:00<00:00, 5107.58it/s, Materializing param=feature_extractor.conv_layers.3.conv.weight]
Loading weights:  97%|█████████▋| 241/248 [00:00<00:00, 5028.92it/s, Materializing param=feature_extractor.conv_layers.4.conv.weight]
Loading weights:  97%|█████████▋| 241/248 [00:00<00:00, 5016.54it/s, Materializing param=feature_extractor.conv_layers.4.conv.weight]
Loading weights:  98%|█████████▊| 242/248 [00:00<00:00, 5025.36it/s, Materializing param=feature_extractor.conv_layers.5.conv.weight]
Loading weights:  98%|█████████▊| 242/248 [00:00<00:00, 5018.75it/s, Materializing param=feature_extractor.conv_layers.5.conv.weight]
Loading weights:  98%|█████████▊| 243/248 [00:00<00:00, 5028.05it/s, Materializing param=feature_extractor.conv_layers.6.conv.weight]
Loading weights:  98%|█████████▊| 243/248 [00:00<00:00, 5021.93it/s, Materializing param=feature_extractor.conv_layers.6.conv.weight]
Loading weights:  98%|█████████▊| 244/248 [00:00<00:00, 5033.77it/s, Materializing param=feature_projection.layer_norm.bias]         
Loading weights:  98%|█████████▊| 244/248 [00:00<00:00, 5027.56it/s, Materializing param=feature_projection.layer_norm.bias]
Loading weights:  99%|█████████▉| 245/248 [00:00<00:00, 5039.67it/s, Materializing param=feature_projection.layer_norm.weight]
Loading weights:  99%|█████████▉| 245/248 [00:00<00:00, 5034.07it/s, Materializing param=feature_projection.layer_norm.weight]
Loading weights:  99%|█████████▉| 246/248 [00:00<00:00, 5046.78it/s, Materializing param=feature_projection.projection.bias]  
Loading weights:  99%|█████████▉| 246/248 [00:00<00:00, 5041.35it/s, Materializing param=feature_projection.projection.bias]
Loading weights: 100%|█████████▉| 247/248 [00:00<00:00, 5053.87it/s, Materializing param=feature_projection.projection.weight]
Loading weights: 100%|█████████▉| 247/248 [00:00<00:00, 5048.28it/s, Materializing param=feature_projection.projection.weight]
Loading weights: 100%|██████████| 248/248 [00:00<00:00, 5060.80it/s, Materializing param=masked_spec_embed]                   
Loading weights: 100%|██████████| 248/248 [00:00<00:00, 5055.49it/s, Materializing param=masked_spec_embed]
Loading weights: 100%|██████████| 248/248 [00:00<00:00, 5043.11it/s, Materializing param=masked_spec_embed]
Model parameters: 94,978,680 (trainable: 596,744)

WavLM Stage 2: Training with backbone lr=3e-05, head lr=0.001
[INFO] Cosine scheduler (group-wise): group0: base_lr=3.00e-05, eta_min=3.00e-06, group1: base_lr=1.00e-03, eta_min=1.00e-04
[INFO] Trainable parameters after stage setup: 14,773,552

train:   0%|          | 0/60 [00:00<?, ?it/s]libEGL warning: DRI3 error: Could not get DRI3 device
libEGL warning: Ensure your X server supports DRI3 to get accelerated rendering
libEGL warning: DRI3 error: Could not get DRI3 device
libEGL warning: Ensure your X server supports DRI3 to get accelerated rendering
WARNING: All log messages before absl::InitializeLog() is called are written to STDERR
I0000 00:00:1791456938.906358   40473 gl_context_egl.cc:85] Successfully initialized EGL. Major : 1 Minor: 5
WARNING: All log messages before absl::InitializeLog() is called are written to STDERR
I0000 00:00:1791456938.906394   40472 gl_context_egl.cc:85] Successfully initialized EGL. Major : 1 Minor: 5
I0000 00:00:1791456938.957487   40744 gl_context.cc:369] GL version: 3.2 (OpenGL ES 3.2 Mesa 25.2.8-0ubuntu0.24.04.2), renderer: llvmpipe (LLVM 20.1.2, 256 bits)
I0000 00:00:1791456938.957500   40739 gl_context.cc:369] GL version: 3.2 (OpenGL ES 3.2 Mesa 25.2.8-0ubuntu0.24.04.2), renderer: llvmpipe (LLVM 20.1.2, 256 bits)
INFO: INFO: Created TensorFlow Lite XNNPACK delegate for CPU.
Created TensorFlow Lite XNNPACK delegate for CPU.
W0000 00:00:1791456938.984847   40590 inference_feedback_manager.cc:114] Feedback manager requires a model with a single signature inference. Disabling support for feedback tensors.
W0000 00:00:1791456938.985038   40589 inference_feedback_manager.cc:114] Feedback manager requires a model with a single signature inference. Disabling support for feedback tensors.

train:   2%|▏         | 1/60 [00:05<05:22,  5.47s/it]
train:   3%|▎         | 2/60 [00:05<02:16,  2.36s/it]
train:   5%|▌         | 3/60 [00:05<01:18,  1.38s/it]
train:   7%|▋         | 4/60 [00:06<00:50,  1.10it/s]
train:   8%|▊         | 5/60 [00:08<01:28,  1.62s/it]
train:  10%|█         | 6/60 [00:09<01:01,  1.13s/it]
train:  12%|█▏        | 7/60 [00:10<01:05,  1.23s/it]
train:  13%|█▎        | 8/60 [00:10<00:46,  1.12it/s]
train:  15%|█▌        | 9/60 [00:12<00:53,  1.05s/it]
train:  17%|█▋        | 10/60 [00:12<00:39,  1.27it/s]
train:  18%|█▊        | 11/60 [00:13<00:46,  1.05it/s]
train:  20%|██        | 12/60 [00:13<00:34,  1.39it/s]
train:  22%|██▏       | 13/60 [00:15<00:42,  1.09it/s]
train:  23%|██▎       | 14/60 [00:15<00:31,  1.45it/s]
train:  25%|██▌       | 15/60 [00:16<00:40,  1.11it/s]
train:  27%|██▋       | 16/60 [00:16<00:30,  1.45it/s]
train:  28%|██▊       | 17/60 [00:18<00:39,  1.10it/s]
train:  30%|███       | 18/60 [00:18<00:28,  1.45it/s]
train:  32%|███▏      | 19/60 [00:19<00:36,  1.11it/s]
train:  33%|███▎      | 20/60 [00:20<00:27,  1.47it/s]
train:  35%|███▌      | 21/60 [00:21<00:35,  1.10it/s]
train:  37%|███▋      | 22/60 [00:21<00:26,  1.45it/s]
train:  38%|███▊      | 23/60 [00:23<00:33,  1.10it/s]
train:  40%|████      | 24/60 [00:23<00:24,  1.44it/s]
train:  42%|████▏     | 25/60 [00:24<00:31,  1.10it/s]
train:  43%|████▎     | 26/60 [00:24<00:23,  1.45it/s]
train:  45%|████▌     | 27/60 [00:26<00:30,  1.10it/s]
train:  47%|████▋     | 28/60 [00:26<00:22,  1.45it/s]
train:  48%|████▊     | 29/60 [00:27<00:28,  1.09it/s]
train:  50%|█████     | 30/60 [00:28<00:21,  1.43it/s]
train:  52%|█████▏    | 31/60 [00:29<00:28,  1.03it/s]
train:  53%|█████▎    | 32/60 [00:29<00:20,  1.37it/s]
train:  55%|█████▌    | 33/60 [00:31<00:25,  1.07it/s]
train:  57%|█████▋    | 34/60 [00:31<00:18,  1.40it/s]
train:  58%|█████▊    | 35/60 [00:33<00:23,  1.06it/s]
train:  60%|██████    | 36/60 [00:33<00:17,  1.41it/s]
train:  62%|██████▏   | 37/60 [00:34<00:21,  1.06it/s]
train:  63%|██████▎   | 38/60 [00:34<00:15,  1.39it/s]
train:  65%|██████▌   | 39/60 [00:36<00:19,  1.06it/s]
train:  67%|██████▋   | 40/60 [00:36<00:14,  1.40it/s]
train:  68%|██████▊   | 41/60 [00:38<00:18,  1.04it/s]
train:  70%|███████   | 42/60 [00:38<00:13,  1.37it/s]
train:  72%|███████▏  | 43/60 [00:39<00:15,  1.07it/s]
train:  73%|███████▎  | 44/60 [00:39<00:11,  1.41it/s]
train:  75%|███████▌  | 45/60 [00:42<00:20,  1.35s/it]
train:  77%|███████▋  | 46/60 [00:42<00:13,  1.00it/s]
train:  78%|███████▊  | 47/60 [00:44<00:14,  1.15s/it]
train:  80%|████████  | 48/60 [00:44<00:10,  1.16it/s]
train:  82%|████████▏ | 49/60 [00:45<00:11,  1.02s/it]
train:  83%|████████▎ | 50/60 [00:46<00:07,  1.30it/s]
train:  85%|████████▌ | 51/60 [00:47<00:08,  1.04it/s]
train:  87%|████████▋ | 52/60 [00:47<00:05,  1.37it/s]
train:  88%|████████▊ | 53/60 [00:49<00:06,  1.05it/s]
train:  90%|█████████ | 54/60 [00:49<00:04,  1.39it/s]
train:  92%|█████████▏| 55/60 [00:50<00:04,  1.04it/s]
train:  93%|█████████▎| 56/60 [00:51<00:02,  1.37it/s]
train:  95%|█████████▌| 57/60 [00:52<00:02,  1.05it/s]
train:  97%|█████████▋| 58/60 [00:52<00:01,  1.39it/s]
train:  98%|█████████▊| 59/60 [00:54<00:00,  1.03it/s]
train: 100%|██████████| 60/60 [00:54<00:00,  1.35it/s]
                                                      

eval:   0%|          | 0/15 [00:00<?, ?it/s]libEGL warning: DRI3 error: Could not get DRI3 device
libEGL warning: Ensure your X server supports DRI3 to get accelerated rendering
libEGL warning: DRI3 error: Could not get DRI3 device
libEGL warning: Ensure your X server supports DRI3 to get accelerated rendering
WARNING: All log messages before absl::InitializeLog() is called are written to STDERR
I0000 00:00:1791456993.346816   56208 gl_context_egl.cc:85] Successfully initialized EGL. Major : 1 Minor: 5
WARNING: All log messages before absl::InitializeLog() is called are written to STDERR
I0000 00:00:1791456993.346910   56210 gl_context_egl.cc:85] Successfully initialized EGL. Major : 1 Minor: 5
I0000 00:00:1791456993.366390   56434 gl_context.cc:369] GL version: 3.2 (OpenGL ES 3.2 Mesa 25.2.8-0ubuntu0.24.04.2), renderer: llvmpipe (LLVM 20.1.2, 256 bits)
I0000 00:00:1791456993.366985   56435 gl_context.cc:369] GL version: 3.2 (OpenGL ES 3.2 Mesa 25.2.8-0ubuntu0.24.04.2), renderer: llvmpipe (LLVM 20.1.2, 256 bits)
INFO: Created TensorFlow Lite XNNPACK delegate for CPU.
INFO: Created TensorFlow Lite XNNPACK delegate for CPU.
W0000 00:00:1791456993.385166   56324 inference_feedback_manager.cc:114] Feedback manager requires a model with a single signature inference. Disabling support for feedback tensors.
W0000 00:00:1791456993.385654   56331 inference_feedback_manager.cc:114] Feedback manager requires a model with a single signature inference. Disabling support for feedback tensors.

eval:   7%|▋         | 1/15 [00:03<00:42,  3.04s/it]
eval:  20%|██        | 3/15 [00:04<00:17,  1.42s/it]
eval:  33%|███▎      | 5/15 [00:06<00:10,  1.09s/it]
eval:  47%|████▋     | 7/15 [00:07<00:07,  1.02it/s]
eval:  60%|██████    | 9/15 [00:09<00:05,  1.06it/s]
eval:  73%|███████▎  | 11/15 [00:11<00:03,  1.11it/s]
eval:  87%|████████▋ | 13/15 [00:13<00:01,  1.12it/s]
eval: 100%|██████████| 15/15 [00:14<00:00,  1.19it/s]
                                                     
Epoch 01 | stage - | train loss 1.9862 (cls 1.9862, ctr 0.0000) acc 0.2406 f1 0.2210 | val loss 1.6838 (cls 1.6838, ctr 0.0000) acc 0.4208 f1 0.3159 | lr [2.93e-05, 9.78e-04]

train:   0%|          | 0/60 [00:00<?, ?it/s]
train:   2%|▏         | 1/60 [00:02<01:59,  2.03s/it]
train:   3%|▎         | 2/60 [00:02<00:54,  1.06it/s]
train:   5%|▌         | 3/60 [00:03<01:05,  1.14s/it]
train:   7%|▋         | 4/60 [00:03<00:43,  1.30it/s]
train:   8%|▊         | 5/60 [00:06<01:25,  1.56s/it]
train:  10%|█         | 6/60 [00:06<00:59,  1.09s/it]
train:  12%|█▏        | 7/60 [00:08<01:04,  1.22s/it]
train:  13%|█▎        | 8/60 [00:08<00:46,  1.12it/s]
train:  15%|█▌        | 9/60 [00:10<00:56,  1.10s/it]
train:  17%|█▋        | 10/60 [00:10<00:40,  1.23it/s]
train:  18%|█▊        | 11/60 [00:12<00:52,  1.08s/it]
train:  20%|██        | 12/60 [00:12<00:38,  1.24it/s]
train:  22%|██▏       | 13/60 [00:13<00:49,  1.05s/it]
train:  23%|██▎       | 14/60 [00:13<00:36,  1.27it/s]
train:  25%|██▌       | 15/60 [00:15<00:47,  1.06s/it]
train:  27%|██▋       | 16/60 [00:15<00:35,  1.25it/s]
train:  28%|██▊       | 17/60 [00:17<00:44,  1.03s/it]
train:  30%|███       | 18/60 [00:17<00:32,  1.29it/s]
train:  32%|███▏      | 19/60 [00:19<00:41,  1.00s/it]
train:  33%|███▎      | 20/60 [00:19<00:30,  1.33it/s]
train:  35%|███▌      | 21/60 [00:20<00:38,  1.02it/s]
train:  37%|███▋      | 22/60 [00:21<00:28,  1.35it/s]
train:  38%|███▊      | 23/60 [00:22<00:36,  1.02it/s]
train:  40%|████      | 24/60 [00:22<00:26,  1.35it/s]
train:  42%|████▏     | 25/60 [00:24<00:33,  1.03it/s]
train:  43%|████▎     | 26/60 [00:24<00:24,  1.36it/s]
train:  45%|████▌     | 27/60 [00:25<00:30,  1.08it/s]
train:  47%|████▋     | 28/60 [00:26<00:22,  1.41it/s]
train:  48%|████▊     | 29/60 [00:27<00:28,  1.07it/s]
train:  50%|█████     | 30/60 [00:27<00:21,  1.41it/s]
train:  52%|█████▏    | 31/60 [00:29<00:27,  1.05it/s]
train:  53%|█████▎    | 32/60 [00:29<00:20,  1.39it/s]
train:  55%|█████▌    | 33/60 [00:30<00:26,  1.04it/s]
train:  57%|█████▋    | 34/60 [00:31<00:19,  1.37it/s]
train:  58%|█████▊    | 35/60 [00:32<00:24,  1.02it/s]
train:  60%|██████    | 36/60 [00:32<00:17,  1.34it/s]
train:  62%|██████▏   | 37/60 [00:34<00:23,  1.01s/it]
train:  63%|██████▎   | 38/60 [00:34<00:16,  1.32it/s]
train:  65%|██████▌   | 39/60 [00:36<00:22,  1.06s/it]
train:  67%|██████▋   | 40/60 [00:36<00:15,  1.27it/s]
train:  68%|██████▊   | 41/60 [00:39<00:28,  1.49s/it]
train:  70%|███████   | 42/60 [00:39<00:19,  1.10s/it]
train:  72%|███████▏  | 43/60 [00:41<00:21,  1.27s/it]
train:  73%|███████▎  | 44/60 [00:41<00:15,  1.06it/s]
train:  75%|███████▌  | 45/60 [00:43<00:17,  1.18s/it]
train:  77%|███████▋  | 46/60 [00:43<00:12,  1.13it/s]
train:  78%|███████▊  | 47/60 [00:45<00:14,  1.12s/it]
train:  80%|████████  | 48/60 [00:45<00:10,  1.18it/s]
train:  82%|████████▏ | 49/60 [00:47<00:11,  1.08s/it]
train:  83%|████████▎ | 50/60 [00:47<00:08,  1.23it/s]
train:  85%|████████▌ | 51/60 [00:49<00:09,  1.09s/it]
train:  87%|████████▋ | 52/60 [00:49<00:06,  1.22it/s]
train:  88%|████████▊ | 53/60 [00:50<00:07,  1.07s/it]
train:  90%|█████████ | 54/60 [00:51<00:04,  1.24it/s]
train:  92%|█████████▏| 55/60 [00:52<00:05,  1.07s/it]
train:  93%|█████████▎| 56/60 [00:53<00:03,  1.24it/s]
train:  95%|█████████▌| 57/60 [00:54<00:03,  1.04s/it]
train:  97%|█████████▋| 58/60 [00:54<00:01,  1.28it/s]
train:  98%|█████████▊| 59/60 [00:56<00:01,  1.05s/it]
train: 100%|██████████| 60/60 [00:56<00:00,  1.26it/s]
                                                      

eval:   0%|          | 0/15 [00:00<?, ?it/s]
eval:   7%|▋         | 1/15 [00:01<00:24,  1.76s/it]
eval:  20%|██        | 3/15 [00:03<00:13,  1.13s/it]
eval:  33%|███▎      | 5/15 [00:05<00:09,  1.02it/s]
eval:  47%|████▋     | 7/15 [00:06<00:07,  1.08it/s]
eval:  60%|██████    | 9/15 [00:08<00:05,  1.12it/s]
eval:  73%|███████▎  | 11/15 [00:10<00:03,  1.14it/s]
eval:  87%|████████▋ | 13/15 [00:12<00:01,  1.14it/s]
eval: 100%|██████████| 15/15 [00:13<00:00,  1.24it/s]
                                                     
Epoch 02 | stage - | train loss 1.5892 (cls 1.5892, ctr 0.0000) acc 0.4021 f1 0.3463 | val loss 1.1584 (cls 1.1584, ctr 0.0000) acc 0.5542 f1 0.4807 | lr [2.85e-05, 9.51e-04]

train:   0%|          | 0/60 [00:00<?, ?it/s]
train:   2%|▏         | 1/60 [00:03<03:28,  3.53s/it]
train:   3%|▎         | 2/60 [00:03<01:31,  1.57s/it]
train:   5%|▌         | 3/60 [00:05<01:28,  1.56s/it]
train:   7%|▋         | 4/60 [00:05<00:56,  1.02s/it]
train:   8%|▊         | 5/60 [00:07<01:09,  1.26s/it]
train:  10%|█         | 6/60 [00:07<00:48,  1.11it/s]
train:  12%|█▏        | 7/60 [00:08<00:58,  1.11s/it]
train:  13%|█▎        | 8/60 [00:09<00:42,  1.23it/s]
train:  15%|█▌        | 9/60 [00:10<00:53,  1.05s/it]
train:  17%|█▋        | 10/60 [00:10<00:38,  1.28it/s]
train:  18%|█▊        | 11/60 [00:12<00:50,  1.03s/it]
train:  20%|██        | 12/60 [00:12<00:37,  1.29it/s]
train:  22%|██▏       | 13/60 [00:14<00:48,  1.02s/it]
train:  23%|██▎       | 14/60 [00:14<00:35,  1.31it/s]
train:  25%|██▌       | 15/60 [00:16<00:46,  1.04s/it]
train:  27%|██▋       | 16/60 [00:16<00:34,  1.29it/s]
train:  28%|██▊       | 17/60 [00:17<00:44,  1.04s/it]
train:  30%|███       | 18/60 [00:18<00:32,  1.28it/s]
train:  32%|███▏      | 19/60 [00:19<00:40,  1.00it/s]
train:  33%|███▎      | 20/60 [00:19<00:30,  1.33it/s]
train:  35%|███▌      | 21/60 [00:21<00:39,  1.02s/it]
train:  37%|███▋      | 22/60 [00:21<00:29,  1.29it/s]
train:  38%|███▊      | 23/60 [00:23<00:36,  1.00it/s]
train:  40%|████      | 24/60 [00:23<00:27,  1.32it/s]
train:  42%|████▏     | 25/60 [00:24<00:33,  1.04it/s]
train:  43%|████▎     | 26/60 [00:24<00:24,  1.39it/s]
train:  45%|████▌     | 27/60 [00:26<00:31,  1.04it/s]
train:  47%|████▋     | 28/60 [00:26<00:23,  1.38it/s]
train:  48%|████▊     | 29/60 [00:28<00:29,  1.04it/s]
train:  50%|█████     | 30/60 [00:28<00:21,  1.38it/s]
train:  52%|█████▏    | 31/60 [00:29<00:28,  1.03it/s]
train:  53%|█████▎    | 32/60 [00:29<00:20,  1.37it/s]
train:  55%|█████▌    | 33/60 [00:31<00:25,  1.05it/s]
train:  57%|█████▋    | 34/60 [00:31<00:18,  1.39it/s]
train:  58%|█████▊    | 35/60 [00:33<00:23,  1.07it/s]
train:  60%|██████    | 36/60 [00:33<00:17,  1.41it/s]
train:  62%|██████▏   | 37/60 [00:36<00:30,  1.35s/it]
train:  63%|██████▎   | 38/60 [00:36<00:21,  1.01it/s]
train:  65%|██████▌   | 39/60 [00:37<00:24,  1.16s/it]
train:  67%|██████▋   | 40/60 [00:37<00:17,  1.16it/s]
train:  68%|██████▊   | 41/60 [00:39<00:19,  1.04s/it]
train:  70%|███████   | 42/60 [00:39<00:14,  1.28it/s]
train:  72%|███████▏  | 43/60 [00:41<00:17,  1.00s/it]
train:  73%|███████▎  | 44/60 [00:41<00:12,  1.32it/s]
train:  75%|███████▌  | 45/60 [00:42<00:14,  1.04it/s]
train:  77%|███████▋  | 46/60 [00:42<00:10,  1.36it/s]
train:  78%|███████▊  | 47/60 [00:44<00:12,  1.05it/s]
train:  80%|████████  | 48/60 [00:44<00:08,  1.39it/s]
train:  82%|████████▏ | 49/60 [00:46<00:10,  1.06it/s]
train:  83%|████████▎ | 50/60 [00:46<00:07,  1.40it/s]
train:  85%|████████▌ | 51/60 [00:47<00:08,  1.06it/s]
train:  87%|████████▋ | 52/60 [00:47<00:05,  1.39it/s]
train:  88%|████████▊ | 53/60 [00:49<00:07,  1.01s/it]
train:  90%|█████████ | 54/60 [00:49<00:04,  1.31it/s]
train:  92%|█████████▏| 55/60 [00:51<00:05,  1.01s/it]
train:  93%|█████████▎| 56/60 [00:51<00:03,  1.29it/s]
train:  95%|█████████▌| 57/60 [00:53<00:03,  1.03s/it]
train:  97%|█████████▋| 58/60 [00:53<00:01,  1.26it/s]
train:  98%|█████████▊| 59/60 [00:54<00:01,  1.02s/it]
train: 100%|██████████| 60/60 [00:55<00:00,  1.30it/s]
                                                      

eval:   0%|          | 0/15 [00:00<?, ?it/s]
eval:   7%|▋         | 1/15 [00:01<00:24,  1.73s/it]
eval:  20%|██        | 3/15 [00:03<00:13,  1.09s/it]
eval:  33%|███▎      | 5/15 [00:05<00:09,  1.06it/s]
eval:  47%|████▋     | 7/15 [00:06<00:07,  1.11it/s]
eval:  60%|██████    | 9/15 [00:08<00:05,  1.15it/s]
eval:  73%|███████▎  | 11/15 [00:09<00:03,  1.19it/s]
eval:  87%|████████▋ | 13/15 [00:11<00:01,  1.20it/s]
eval: 100%|██████████| 15/15 [00:14<00:00,  1.02s/it]
                                                     
Epoch 03 | stage - | train loss 1.3817 (cls 1.3817, ctr 0.0000) acc 0.4760 f1 0.4607 | val loss 1.2008 (cls 1.2008, ctr 0.0000) acc 0.5458 f1 0.5021 | lr [2.74e-05, 9.14e-04]

train:   0%|          | 0/60 [00:00<?, ?it/s]
train:   2%|▏         | 1/60 [00:02<01:59,  2.03s/it]
train:   3%|▎         | 2/60 [00:02<00:54,  1.06it/s]
train:   5%|▌         | 3/60 [00:03<01:04,  1.13s/it]
train:   7%|▋         | 4/60 [00:03<00:41,  1.34it/s]
train:   8%|▊         | 5/60 [00:05<00:57,  1.05s/it]
train:  10%|█         | 6/60 [00:05<00:40,  1.34it/s]
train:  12%|█▏        | 7/60 [00:07<00:54,  1.02s/it]
train:  13%|█▎        | 8/60 [00:07<00:38,  1.34it/s]
train:  15%|█▌        | 9/60 [00:08<00:50,  1.01it/s]
train:  17%|█▋        | 10/60 [00:08<00:36,  1.35it/s]
train:  18%|█▊        | 11/60 [00:10<00:47,  1.03it/s]
train:  20%|██        | 12/60 [00:10<00:35,  1.37it/s]
train:  22%|██▏       | 13/60 [00:12<00:45,  1.04it/s]
train:  23%|██▎       | 14/60 [00:12<00:33,  1.39it/s]
train:  25%|██▌       | 15/60 [00:13<00:43,  1.03it/s]
train:  27%|██▋       | 16/60 [00:13<00:32,  1.36it/s]
train:  28%|██▊       | 17/60 [00:15<00:41,  1.04it/s]
train:  30%|███       | 18/60 [00:15<00:30,  1.38it/s]
train:  32%|███▏      | 19/60 [00:17<00:39,  1.04it/s]
train:  33%|███▎      | 20/60 [00:17<00:29,  1.37it/s]
train:  35%|███▌      | 21/60 [00:18<00:37,  1.05it/s]
train:  37%|███▋      | 22/60 [00:19<00:27,  1.38it/s]
train:  38%|███▊      | 23/60 [00:20<00:35,  1.03it/s]
train:  40%|████      | 24/60 [00:20<00:26,  1.37it/s]
train:  42%|████▏     | 25/60 [00:22<00:34,  1.02it/s]
train:  43%|████▎     | 26/60 [00:22<00:25,  1.35it/s]
train:  45%|████▌     | 27/60 [00:24<00:32,  1.01it/s]
train:  47%|████▋     | 28/60 [00:24<00:24,  1.33it/s]
train:  48%|████▊     | 29/60 [00:25<00:30,  1.00it/s]
train:  50%|█████     | 30/60 [00:25<00:22,  1.33it/s]
train:  52%|█████▏    | 31/60 [00:27<00:29,  1.01s/it]
train:  53%|█████▎    | 32/60 [00:27<00:21,  1.30it/s]
train:  55%|█████▌    | 33/60 [00:29<00:27,  1.02s/it]
train:  57%|█████▋    | 34/60 [00:29<00:19,  1.31it/s]
train:  58%|█████▊    | 35/60 [00:31<00:25,  1.01s/it]
train:  60%|██████    | 36/60 [00:31<00:18,  1.32it/s]
train:  62%|██████▏   | 37/60 [00:34<00:36,  1.57s/it]
train:  63%|██████▎   | 38/60 [00:34<00:25,  1.15s/it]
train:  65%|██████▌   | 39/60 [00:36<00:28,  1.36s/it]
train:  67%|██████▋   | 40/60 [00:36<00:20,  1.00s/it]
train:  68%|██████▊   | 41/60 [00:38<00:22,  1.20s/it]
train:  70%|███████   | 42/60 [00:38<00:16,  1.12it/s]
train:  72%|███████▏  | 43/60 [00:40<00:19,  1.15s/it]
train:  73%|███████▎  | 44/60 [00:40<00:13,  1.16it/s]
train:  75%|███████▌  | 45/60 [00:42<00:18,  1.26s/it]
train:  77%|███████▋  | 46/60 [00:43<00:13,  1.04it/s]
train:  78%|███████▊  | 47/60 [00:45<00:18,  1.43s/it]
train:  80%|████████  | 48/60 [00:45<00:12,  1.05s/it]
train:  82%|████████▏ | 49/60 [00:47<00:14,  1.33s/it]
train:  83%|████████▎ | 50/60 [00:48<00:09,  1.02it/s]
train:  85%|████████▌ | 51/60 [00:49<00:10,  1.18s/it]
train:  87%|████████▋ | 52/60 [00:49<00:07,  1.13it/s]
train:  88%|████████▊ | 53/60 [00:51<00:07,  1.09s/it]
train:  90%|█████████ | 54/60 [00:51<00:04,  1.22it/s]
train:  92%|█████████▏| 55/60 [00:53<00:05,  1.06s/it]
train:  93%|█████████▎| 56/60 [00:53<00:03,  1.25it/s]
train:  95%|█████████▌| 57/60 [00:55<00:03,  1.04s/it]
train:  97%|█████████▋| 58/60 [00:55<00:01,  1.27it/s]
train:  98%|█████████▊| 59/60 [00:56<00:01,  1.02s/it]
train: 100%|██████████| 60/60 [00:56<00:00,  1.32it/s]
                                                      

eval:   0%|          | 0/15 [00:00<?, ?it/s]
eval:   7%|▋         | 1/15 [00:01<00:24,  1.74s/it]
eval:  20%|██        | 3/15 [00:03<00:13,  1.11s/it]
eval:  33%|███▎      | 5/15 [00:05<00:09,  1.04it/s]
eval:  47%|████▋     | 7/15 [00:06<00:07,  1.09it/s]
eval:  60%|██████    | 9/15 [00:10<00:06,  1.16s/it]
eval:  73%|███████▎  | 11/15 [00:11<00:04,  1.05s/it]
eval:  87%|████████▋ | 13/15 [00:13<00:01,  1.01it/s]
eval: 100%|██████████| 15/15 [00:14<00:00,  1.12it/s]
                                                     
Epoch 04 | stage - | train loss 1.2985 (cls 1.2985, ctr 0.0000) acc 0.5156 f1 0.5076 | val loss 1.1260 (cls 1.1260, ctr 0.0000) acc 0.5750 f1 0.5344 | lr [2.60e-05, 8.68e-04]

train:   0%|          | 0/60 [00:00<?, ?it/s]
train:   2%|▏         | 1/60 [00:02<02:05,  2.13s/it]
train:   3%|▎         | 2/60 [00:02<00:57,  1.01it/s]
train:   5%|▌         | 3/60 [00:03<01:06,  1.16s/it]
train:   7%|▋         | 4/60 [00:03<00:43,  1.29it/s]
train:   8%|▊         | 5/60 [00:05<00:56,  1.03s/it]
train:  10%|█         | 6/60 [00:05<00:40,  1.35it/s]
train:  12%|█▏        | 7/60 [00:07<00:52,  1.01it/s]
train:  13%|█▎        | 8/60 [00:07<00:37,  1.38it/s]
train:  15%|█▌        | 9/60 [00:08<00:50,  1.01it/s]
train:  17%|█▋        | 10/60 [00:08<00:37,  1.35it/s]
train:  18%|█▊        | 11/60 [00:10<00:47,  1.02it/s]
train:  20%|██        | 12/60 [00:10<00:35,  1.36it/s]
train:  22%|██▏       | 13/60 [00:12<00:45,  1.03it/s]
train:  23%|██▎       | 14/60 [00:12<00:33,  1.35it/s]
train:  25%|██▌       | 15/60 [00:13<00:43,  1.03it/s]
train:  27%|██▋       | 16/60 [00:14<00:32,  1.36it/s]
train:  28%|██▊       | 17/60 [00:15<00:41,  1.04it/s]
train:  30%|███       | 18/60 [00:15<00:30,  1.37it/s]
train:  32%|███▏      | 19/60 [00:17<00:39,  1.05it/s]
train:  33%|███▎      | 20/60 [00:17<00:28,  1.38it/s]
train:  35%|███▌      | 21/60 [00:18<00:37,  1.04it/s]
train:  37%|███▋      | 22/60 [00:19<00:27,  1.38it/s]
train:  38%|███▊      | 23/60 [00:20<00:36,  1.02it/s]
train:  40%|████      | 24/60 [00:20<00:26,  1.34it/s]
train:  42%|████▏     | 25/60 [00:22<00:36,  1.04s/it]
train:  43%|████▎     | 26/60 [00:22<00:26,  1.28it/s]
train:  45%|████▌     | 27/60 [00:24<00:33,  1.02s/it]
train:  47%|████▋     | 28/60 [00:24<00:24,  1.29it/s]
train:  48%|████▊     | 29/60 [00:26<00:31,  1.02s/it]
train:  50%|█████     | 30/60 [00:26<00:23,  1.30it/s]
train:  52%|█████▏    | 31/60 [00:29<00:41,  1.43s/it]
train:  53%|█████▎    | 32/60 [00:29<00:29,  1.06s/it]
train:  55%|█████▌    | 33/60 [00:31<00:32,  1.20s/it]
train:  57%|█████▋    | 34/60 [00:31<00:23,  1.11it/s]
train:  58%|█████▊    | 35/60 [00:32<00:27,  1.10s/it]
train:  60%|██████    | 36/60 [00:32<00:19,  1.21it/s]
train:  62%|██████▏   | 37/60 [00:34<00:24,  1.06s/it]
train:  63%|██████▎   | 38/60 [00:34<00:17,  1.26it/s]
train:  65%|██████▌   | 39/60 [00:36<00:21,  1.03s/it]
train:  67%|██████▋   | 40/60 [00:36<00:15,  1.29it/s]
train:  68%|██████▊   | 41/60 [00:37<00:18,  1.01it/s]
train:  70%|███████   | 42/60 [00:38<00:13,  1.34it/s]
train:  72%|███████▏  | 43/60 [00:39<00:16,  1.03it/s]
train:  73%|███████▎  | 44/60 [00:39<00:11,  1.36it/s]
train:  75%|███████▌  | 45/60 [00:41<00:14,  1.05it/s]
train:  77%|███████▋  | 46/60 [00:41<00:10,  1.38it/s]
train:  78%|███████▊  | 47/60 [00:42<00:12,  1.05it/s]
train:  80%|████████  | 48/60 [00:43<00:08,  1.39it/s]
train:  82%|████████▏ | 49/60 [00:44<00:10,  1.04it/s]
train:  83%|████████▎ | 50/60 [00:44<00:07,  1.37it/s]
train:  85%|████████▌ | 51/60 [00:46<00:08,  1.05it/s]
train:  87%|████████▋ | 52/60 [00:46<00:05,  1.39it/s]
train:  88%|████████▊ | 53/60 [00:48<00:06,  1.05it/s]
train:  90%|█████████ | 54/60 [00:48<00:04,  1.39it/s]
train:  92%|█████████▏| 55/60 [00:49<00:04,  1.07it/s]
train:  93%|█████████▎| 56/60 [00:49<00:02,  1.41it/s]
train:  95%|█████████▌| 57/60 [00:51<00:02,  1.05it/s]
train:  97%|█████████▋| 58/60 [00:51<00:01,  1.38it/s]
train:  98%|█████████▊| 59/60 [00:52<00:00,  1.07it/s]
train: 100%|██████████| 60/60 [00:53<00:00,  1.40it/s]
                                                      

eval:   0%|          | 0/15 [00:00<?, ?it/s]
eval:   7%|▋         | 1/15 [00:01<00:22,  1.63s/it]
eval:  20%|██        | 3/15 [00:03<00:12,  1.05s/it]
eval:  33%|███▎      | 5/15 [00:04<00:09,  1.10it/s]
eval:  47%|████▋     | 7/15 [00:06<00:06,  1.16it/s]
eval:  60%|██████    | 9/15 [00:09<00:06,  1.09s/it]
eval:  73%|███████▎  | 11/15 [00:10<00:03,  1.03it/s]
eval:  87%|████████▋ | 13/15 [00:12<00:01,  1.08it/s]
eval: 100%|██████████| 15/15 [00:14<00:00,  1.16it/s]
                                                     
Epoch 05 | stage - | train loss 1.1240 (cls 1.1240, ctr 0.0000) acc 0.5969 f1 0.5859 | val loss 0.8942 (cls 0.8942, ctr 0.0000) acc 0.6542 f1 0.6069 | lr [2.44e-05, 8.15e-04]

train:   0%|          | 0/60 [00:00<?, ?it/s]
train:   2%|▏         | 1/60 [00:01<01:57,  2.00s/it]
train:   3%|▎         | 2/60 [00:02<00:53,  1.08it/s]
train:   5%|▌         | 3/60 [00:03<01:05,  1.15s/it]
train:   7%|▋         | 4/60 [00:03<00:43,  1.29it/s]
train:   8%|▊         | 5/60 [00:05<00:56,  1.03s/it]
train:  10%|█         | 6/60 [00:05<00:40,  1.35it/s]
train:  12%|█▏        | 7/60 [00:06<00:52,  1.00it/s]
train:  13%|█▎        | 8/60 [00:07<00:37,  1.37it/s]
train:  15%|█▌        | 9/60 [00:08<00:49,  1.04it/s]
train:  17%|█▋        | 10/60 [00:08<00:35,  1.40it/s]
train:  18%|█▊        | 11/60 [00:10<00:47,  1.04it/s]
train:  20%|██        | 12/60 [00:10<00:34,  1.39it/s]
train:  22%|██▏       | 13/60 [00:11<00:44,  1.06it/s]
train:  23%|██▎       | 14/60 [00:12<00:32,  1.41it/s]
train:  25%|██▌       | 15/60 [00:13<00:42,  1.07it/s]
train:  27%|██▋       | 16/60 [00:13<00:31,  1.41it/s]
train:  28%|██▊       | 17/60 [00:15<00:39,  1.08it/s]
train:  30%|███       | 18/60 [00:15<00:29,  1.42it/s]
train:  32%|███▏      | 19/60 [00:16<00:37,  1.08it/s]
train:  33%|███▎      | 20/60 [00:16<00:27,  1.44it/s]
train:  35%|███▌      | 21/60 [00:18<00:36,  1.08it/s]
train:  37%|███▋      | 22/60 [00:18<00:26,  1.42it/s]
train:  38%|███▊      | 23/60 [00:20<00:34,  1.07it/s]
train:  40%|████      | 24/60 [00:20<00:25,  1.41it/s]
train:  42%|████▏     | 25/60 [00:21<00:32,  1.06it/s]
train:  43%|████▎     | 26/60 [00:21<00:24,  1.42it/s]
train:  45%|████▌     | 27/60 [00:23<00:31,  1.04it/s]
train:  47%|████▋     | 28/60 [00:23<00:23,  1.38it/s]
train:  48%|████▊     | 29/60 [00:25<00:29,  1.05it/s]
train:  50%|█████     | 30/60 [00:25<00:21,  1.39it/s]
train:  52%|█████▏    | 31/60 [00:28<00:40,  1.39s/it]
train:  53%|█████▎    | 32/60 [00:28<00:28,  1.03s/it]
train:  55%|█████▌    | 33/60 [00:29<00:32,  1.19s/it]
train:  57%|█████▋    | 34/60 [00:30<00:23,  1.12it/s]
train:  58%|█████▊    | 35/60 [00:31<00:26,  1.08s/it]
train:  60%|██████    | 36/60 [00:31<00:19,  1.24it/s]
train:  62%|██████▏   | 37/60 [00:33<00:23,  1.03s/it]
train:  63%|██████▎   | 38/60 [00:33<00:17,  1.29it/s]
train:  65%|██████▌   | 39/60 [00:35<00:20,  1.02it/s]
train:  67%|██████▋   | 40/60 [00:35<00:14,  1.34it/s]
train:  68%|██████▊   | 41/60 [00:36<00:18,  1.05it/s]
train:  70%|███████   | 42/60 [00:36<00:12,  1.39it/s]
train:  72%|███████▏  | 43/60 [00:38<00:16,  1.06it/s]
train:  73%|███████▎  | 44/60 [00:38<00:11,  1.40it/s]
train:  75%|███████▌  | 45/60 [00:39<00:13,  1.07it/s]
train:  77%|███████▋  | 46/60 [00:40<00:09,  1.42it/s]
train:  78%|███████▊  | 47/60 [00:41<00:12,  1.07it/s]
train:  80%|████████  | 48/60 [00:41<00:08,  1.42it/s]
train:  82%|████████▏ | 49/60 [00:43<00:10,  1.07it/s]
train:  83%|████████▎ | 50/60 [00:43<00:07,  1.41it/s]
train:  85%|████████▌ | 51/60 [00:44<00:08,  1.06it/s]
train:  87%|████████▋ | 52/60 [00:45<00:05,  1.40it/s]
train:  88%|████████▊ | 53/60 [00:46<00:06,  1.04it/s]
train:  90%|█████████ | 54/60 [00:46<00:04,  1.38it/s]
train:  92%|█████████▏| 55/60 [00:48<00:04,  1.06it/s]
train:  93%|█████████▎| 56/60 [00:48<00:02,  1.39it/s]
train:  95%|█████████▌| 57/60 [00:49<00:02,  1.05it/s]
train:  97%|█████████▋| 58/60 [00:50<00:01,  1.39it/s]
train:  98%|█████████▊| 59/60 [00:51<00:00,  1.04it/s]
train: 100%|██████████| 60/60 [00:51<00:00,  1.38it/s]
                                                      

eval:   0%|          | 0/15 [00:00<?, ?it/s]
eval:   7%|▋         | 1/15 [00:01<00:23,  1.67s/it]
eval:  20%|██        | 3/15 [00:03<00:12,  1.06s/it]
eval:  33%|███▎      | 5/15 [00:04<00:09,  1.09it/s]
eval:  47%|████▋     | 7/15 [00:06<00:06,  1.16it/s]
eval:  60%|██████    | 9/15 [00:08<00:05,  1.20it/s]
eval:  73%|███████▎  | 11/15 [00:11<00:04,  1.07s/it]
eval:  87%|████████▋ | 13/15 [00:12<00:01,  1.01it/s]
eval: 100%|██████████| 15/15 [00:14<00:00,  1.11it/s]
                                                     
Epoch 06 | stage - | train loss 1.1078 (cls 1.1078, ctr 0.0000) acc 0.5854 f1 0.5804 | val loss 0.9774 (cls 0.9774, ctr 0.0000) acc 0.6208 f1 0.5591 | lr [2.26e-05, 7.54e-04]

train:   0%|          | 0/60 [00:00<?, ?it/s]
train:   2%|▏         | 1/60 [00:02<02:00,  2.04s/it]
train:   3%|▎         | 2/60 [00:02<00:55,  1.05it/s]
train:   5%|▌         | 3/60 [00:03<01:06,  1.16s/it]
train:   7%|▋         | 4/60 [00:03<00:43,  1.30it/s]
train:   8%|▊         | 5/60 [00:05<00:55,  1.01s/it]
train:  10%|█         | 6/60 [00:05<00:39,  1.37it/s]
train:  12%|█▏        | 7/60 [00:06<00:51,  1.03it/s]
train:  13%|█▎        | 8/60 [00:07<00:37,  1.40it/s]
train:  15%|█▌        | 9/60 [00:08<00:48,  1.06it/s]
train:  17%|█▋        | 10/60 [00:08<00:35,  1.42it/s]
train:  18%|█▊        | 11/60 [00:10<00:46,  1.06it/s]
train:  20%|██        | 12/60 [00:10<00:34,  1.40it/s]
train:  22%|██▏       | 13/60 [00:11<00:45,  1.04it/s]
train:  23%|██▎       | 14/60 [00:12<00:33,  1.39it/s]
train:  25%|██▌       | 15/60 [00:13<00:42,  1.05it/s]
train:  27%|██▋       | 16/60 [00:13<00:31,  1.39it/s]
train:  28%|██▊       | 17/60 [00:15<00:41,  1.05it/s]
train:  30%|███       | 18/60 [00:15<00:30,  1.39it/s]
train:  32%|███▏      | 19/60 [00:16<00:39,  1.03it/s]
train:  33%|███▎      | 20/60 [00:17<00:29,  1.36it/s]
train:  35%|███▌      | 21/60 [00:18<00:38,  1.01it/s]
train:  37%|███▋      | 22/60 [00:18<00:28,  1.34it/s]
train:  38%|███▊      | 23/60 [00:20<00:35,  1.03it/s]
train:  40%|████      | 24/60 [00:20<00:26,  1.36it/s]
train:  42%|████▏     | 25/60 [00:22<00:33,  1.05it/s]
train:  43%|████▎     | 26/60 [00:22<00:24,  1.38it/s]
train:  45%|████▌     | 27/60 [00:23<00:31,  1.03it/s]
train:  47%|████▋     | 28/60 [00:23<00:23,  1.37it/s]
train:  48%|████▊     | 29/60 [00:25<00:30,  1.00it/s]
train:  50%|█████     | 30/60 [00:25<00:22,  1.34it/s]
train:  52%|█████▏    | 31/60 [00:27<00:30,  1.05s/it]
train:  53%|█████▎    | 32/60 [00:27<00:22,  1.26it/s]
train:  55%|█████▌    | 33/60 [00:30<00:40,  1.51s/it]
train:  57%|█████▋    | 34/60 [00:31<00:29,  1.12s/it]
train:  58%|█████▊    | 35/60 [00:32<00:32,  1.31s/it]
train:  60%|██████    | 36/60 [00:33<00:23,  1.03it/s]
train:  62%|██████▏   | 37/60 [00:34<00:26,  1.15s/it]
train:  63%|██████▎   | 38/60 [00:34<00:18,  1.16it/s]
train:  65%|██████▌   | 39/60 [00:36<00:22,  1.06s/it]
train:  67%|██████▋   | 40/60 [00:36<00:15,  1.26it/s]
train:  68%|██████▊   | 41/60 [00:37<00:18,  1.02it/s]
train:  70%|███████   | 42/60 [00:38<00:13,  1.35it/s]
train:  72%|███████▏  | 43/60 [00:39<00:16,  1.03it/s]
train:  73%|███████▎  | 44/60 [00:39<00:11,  1.37it/s]
train:  75%|███████▌  | 45/60 [00:41<00:14,  1.06it/s]
train:  77%|███████▋  | 46/60 [00:41<00:09,  1.40it/s]
train:  78%|███████▊  | 47/60 [00:42<00:12,  1.05it/s]
train:  80%|████████  | 48/60 [00:43<00:08,  1.39it/s]
train:  82%|████████▏ | 49/60 [00:44<00:10,  1.03it/s]
train:  83%|████████▎ | 50/60 [00:44<00:07,  1.37it/s]
train:  85%|████████▌ | 51/60 [00:46<00:08,  1.04it/s]
train:  87%|████████▋ | 52/60 [00:46<00:05,  1.37it/s]
train:  88%|████████▊ | 53/60 [00:47<00:06,  1.02it/s]
train:  90%|█████████ | 54/60 [00:48<00:04,  1.35it/s]
train:  92%|█████████▏| 55/60 [00:49<00:04,  1.05it/s]
train:  93%|█████████▎| 56/60 [00:49<00:02,  1.39it/s]
train:  95%|█████████▌| 57/60 [00:51<00:02,  1.04it/s]
train:  97%|█████████▋| 58/60 [00:51<00:01,  1.38it/s]
train:  98%|█████████▊| 59/60 [00:52<00:00,  1.07it/s]
train: 100%|██████████| 60/60 [00:53<00:00,  1.40it/s]
                                                      

eval:   0%|          | 0/15 [00:00<?, ?it/s]
eval:   7%|▋         | 1/15 [00:01<00:22,  1.64s/it]
eval:  20%|██        | 3/15 [00:03<00:12,  1.07s/it]
eval:  33%|███▎      | 5/15 [00:04<00:09,  1.09it/s]
eval:  47%|████▋     | 7/15 [00:06<00:06,  1.15it/s]
eval:  60%|██████    | 9/15 [00:08<00:05,  1.18it/s]
eval:  73%|███████▎  | 11/15 [00:11<00:04,  1.08s/it]
eval:  87%|████████▋ | 13/15 [00:12<00:01,  1.01it/s]
eval: 100%|██████████| 15/15 [00:14<00:00,  1.11it/s]
                                                     
Epoch 07 | stage - | train loss 1.0039 (cls 1.0039, ctr 0.0000) acc 0.6271 f1 0.6209 | val loss 0.8684 (cls 0.8684, ctr 0.0000) acc 0.6583 f1 0.6498 | lr [2.07e-05, 6.89e-04]

train:   0%|          | 0/60 [00:00<?, ?it/s]
train:   2%|▏         | 1/60 [00:02<01:58,  2.00s/it]
train:   3%|▎         | 2/60 [00:02<00:54,  1.07it/s]
train:   5%|▌         | 3/60 [00:03<01:04,  1.13s/it]
train:   7%|▋         | 4/60 [00:03<00:42,  1.32it/s]
train:   8%|▊         | 5/60 [00:05<00:54,  1.00it/s]
train:  10%|█         | 6/60 [00:05<00:39,  1.38it/s]
train:  12%|█▏        | 7/60 [00:06<00:50,  1.04it/s]
train:  13%|█▎        | 8/60 [00:06<00:36,  1.41it/s]
train:  15%|█▌        | 9/60 [00:08<00:49,  1.04it/s]
train:  17%|█▋        | 10/60 [00:08<00:36,  1.38it/s]
train:  18%|█▊        | 11/60 [00:10<00:46,  1.05it/s]
train:  20%|██        | 12/60 [00:10<00:34,  1.39it/s]
train:  22%|██▏       | 13/60 [00:11<00:46,  1.02it/s]
train:  23%|██▎       | 14/60 [00:12<00:33,  1.35it/s]
train:  25%|██▌       | 15/60 [00:13<00:43,  1.03it/s]
train:  27%|██▋       | 16/60 [00:13<00:32,  1.36it/s]
train:  28%|██▊       | 17/60 [00:15<00:40,  1.07it/s]
train:  30%|███       | 18/60 [00:15<00:29,  1.41it/s]
train:  32%|███▏      | 19/60 [00:16<00:37,  1.09it/s]
train:  33%|███▎      | 20/60 [00:16<00:27,  1.43it/s]
train:  35%|███▌      | 21/60 [00:18<00:36,  1.06it/s]
train:  37%|███▋      | 22/60 [00:18<00:27,  1.39it/s]
train:  38%|███▊      | 23/60 [00:20<00:35,  1.05it/s]
train:  40%|████      | 24/60 [00:20<00:25,  1.39it/s]
train:  42%|████▏     | 25/60 [00:21<00:33,  1.03it/s]
train:  43%|████▎     | 26/60 [00:22<00:24,  1.38it/s]
train:  45%|████▌     | 27/60 [00:23<00:32,  1.02it/s]
train:  47%|████▋     | 28/60 [00:23<00:23,  1.36it/s]
train:  48%|████▊     | 29/60 [00:25<00:29,  1.05it/s]
train:  50%|█████     | 30/60 [00:25<00:21,  1.39it/s]
train:  52%|█████▏    | 31/60 [00:26<00:27,  1.05it/s]
train:  53%|█████▎    | 32/60 [00:27<00:20,  1.38it/s]
train:  55%|█████▌    | 33/60 [00:30<00:38,  1.42s/it]
train:  57%|█████▋    | 34/60 [00:30<00:27,  1.06s/it]
train:  58%|█████▊    | 35/60 [00:31<00:30,  1.22s/it]
train:  60%|██████    | 36/60 [00:32<00:21,  1.11it/s]
train:  62%|██████▏   | 37/60 [00:33<00:25,  1.09s/it]
train:  63%|██████▎   | 38/60 [00:33<00:17,  1.22it/s]
train:  65%|██████▌   | 39/60 [00:35<00:21,  1.02s/it]
train:  67%|██████▋   | 40/60 [00:35<00:15,  1.31it/s]
train:  68%|██████▊   | 41/60 [00:36<00:18,  1.04it/s]
train:  70%|███████   | 42/60 [00:37<00:13,  1.37it/s]
train:  72%|███████▏  | 43/60 [00:38<00:16,  1.05it/s]
train:  73%|███████▎  | 44/60 [00:38<00:11,  1.38it/s]
train:  75%|███████▌  | 45/60 [00:40<00:14,  1.07it/s]
train:  77%|███████▋  | 46/60 [00:40<00:09,  1.42it/s]
train:  78%|███████▊  | 47/60 [00:41<00:11,  1.09it/s]
train:  80%|████████  | 48/60 [00:42<00:08,  1.43it/s]
train:  82%|████████▏ | 49/60 [00:43<00:10,  1.07it/s]
train:  83%|████████▎ | 50/60 [00:43<00:07,  1.42it/s]
train:  85%|████████▌ | 51/60 [00:45<00:08,  1.06it/s]
train:  87%|████████▋ | 52/60 [00:45<00:05,  1.40it/s]
train:  88%|████████▊ | 53/60 [00:46<00:06,  1.07it/s]
train:  90%|█████████ | 54/60 [00:46<00:04,  1.40it/s]
train:  92%|█████████▏| 55/60 [00:48<00:04,  1.07it/s]
train:  93%|█████████▎| 56/60 [00:48<00:02,  1.40it/s]
train:  95%|█████████▌| 57/60 [00:50<00:02,  1.08it/s]
train:  97%|█████████▋| 58/60 [00:50<00:01,  1.42it/s]
train:  98%|█████████▊| 59/60 [00:51<00:00,  1.07it/s]
train: 100%|██████████| 60/60 [00:51<00:00,  1.42it/s]
                                                      

eval:   0%|          | 0/15 [00:00<?, ?it/s]
eval:   7%|▋         | 1/15 [00:01<00:26,  1.88s/it]
eval:  13%|█▎        | 2/15 [00:01<00:10,  1.20it/s]
eval:  20%|██        | 3/15 [00:04<00:19,  1.64s/it]
eval:  33%|███▎      | 5/15 [00:06<00:11,  1.16s/it]
eval:  47%|████▋     | 7/15 [00:07<00:08,  1.02s/it]
eval:  60%|██████    | 9/15 [00:11<00:07,  1.25s/it]
eval:  73%|███████▎  | 11/15 [00:12<00:04,  1.11s/it]
eval:  87%|████████▋ | 13/15 [00:14<00:02,  1.02s/it]
eval: 100%|██████████| 15/15 [00:15<00:00,  1.10it/s]
                                                     
Epoch 08 | stage - | train loss 0.9542 (cls 0.9542, ctr 0.0000) acc 0.6510 f1 0.6463 | val loss 0.8208 (cls 0.8208, ctr 0.0000) acc 0.6833 f1 0.6616 | lr [1.86e-05, 6.20e-04]

train:   0%|          | 0/60 [00:00<?, ?it/s]
train:   2%|▏         | 1/60 [00:02<02:01,  2.06s/it]
train:   3%|▎         | 2/60 [00:02<00:54,  1.06it/s]
train:   5%|▌         | 3/60 [00:03<01:04,  1.12s/it]
train:   7%|▋         | 4/60 [00:03<00:41,  1.35it/s]
train:   8%|▊         | 5/60 [00:05<00:55,  1.01s/it]
train:  10%|█         | 6/60 [00:05<00:39,  1.38it/s]
train:  12%|█▏        | 7/60 [00:06<00:53,  1.01s/it]
train:  13%|█▎        | 8/60 [00:07<00:38,  1.35it/s]
train:  15%|█▌        | 9/60 [00:08<00:49,  1.03it/s]
train:  17%|█▋        | 10/60 [00:08<00:36,  1.38it/s]
train:  18%|█▊        | 11/60 [00:10<00:47,  1.04it/s]
train:  20%|██        | 12/60 [00:10<00:34,  1.37it/s]
train:  22%|██▏       | 13/60 [00:12<00:59,  1.27s/it]
train:  23%|██▎       | 14/60 [00:13<00:43,  1.06it/s]
train:  25%|██▌       | 15/60 [00:14<00:50,  1.12s/it]
train:  27%|██▋       | 16/60 [00:14<00:36,  1.19it/s]
train:  28%|██▊       | 17/60 [00:16<00:44,  1.04s/it]
train:  30%|███       | 18/60 [00:16<00:32,  1.29it/s]
train:  32%|███▏      | 19/60 [00:18<00:42,  1.03s/it]
train:  33%|███▎      | 20/60 [00:18<00:31,  1.29it/s]
train:  35%|███▌      | 21/60 [00:19<00:38,  1.01it/s]
train:  37%|███▋      | 22/60 [00:20<00:28,  1.34it/s]
train:  38%|███▊      | 23/60 [00:21<00:36,  1.02it/s]
train:  40%|████      | 24/60 [00:21<00:26,  1.35it/s]
train:  42%|████▏     | 25/60 [00:23<00:34,  1.03it/s]
train:  43%|████▎     | 26/60 [00:23<00:24,  1.36it/s]
train:  45%|████▌     | 27/60 [00:25<00:32,  1.02it/s]
train:  47%|████▋     | 28/60 [00:25<00:23,  1.34it/s]
train:  48%|████▊     | 29/60 [00:26<00:30,  1.02it/s]
train:  50%|█████     | 30/60 [00:26<00:22,  1.34it/s]
train:  52%|█████▏    | 31/60 [00:29<00:41,  1.43s/it]
train:  53%|█████▎    | 32/60 [00:30<00:29,  1.06s/it]
train:  55%|█████▌    | 33/60 [00:31<00:32,  1.21s/it]
train:  57%|█████▋    | 34/60 [00:31<00:23,  1.11it/s]
train:  58%|█████▊    | 35/60 [00:33<00:26,  1.05s/it]
train:  60%|██████    | 36/60 [00:33<00:19,  1.26it/s]
train:  62%|██████▏   | 37/60 [00:35<00:23,  1.02s/it]
train:  63%|██████▎   | 38/60 [00:35<00:16,  1.29it/s]
train:  65%|██████▌   | 39/60 [00:36<00:20,  1.01it/s]
train:  67%|██████▋   | 40/60 [00:36<00:14,  1.34it/s]
train:  68%|██████▊   | 41/60 [00:38<00:17,  1.07it/s]
train:  70%|███████   | 42/60 [00:38<00:12,  1.41it/s]
train:  72%|███████▏  | 43/60 [00:39<00:15,  1.07it/s]
train:  73%|███████▎  | 44/60 [00:40<00:11,  1.42it/s]
train:  75%|███████▌  | 45/60 [00:41<00:13,  1.09it/s]
train:  77%|███████▋  | 46/60 [00:41<00:09,  1.44it/s]
train:  78%|███████▊  | 47/60 [00:43<00:11,  1.08it/s]
train:  80%|████████  | 48/60 [00:43<00:08,  1.44it/s]
train:  82%|████████▏ | 49/60 [00:44<00:10,  1.03it/s]
train:  83%|████████▎ | 50/60 [00:45<00:07,  1.36it/s]
train:  85%|████████▌ | 51/60 [00:46<00:08,  1.02it/s]
train:  87%|████████▋ | 52/60 [00:46<00:05,  1.35it/s]
train:  88%|████████▊ | 53/60 [00:48<00:06,  1.01it/s]
train:  90%|█████████ | 54/60 [00:48<00:04,  1.34it/s]
train:  92%|█████████▏| 55/60 [00:50<00:04,  1.03it/s]
train:  93%|█████████▎| 56/60 [00:50<00:02,  1.37it/s]
train:  95%|█████████▌| 57/60 [00:51<00:02,  1.03it/s]
train:  97%|█████████▋| 58/60 [00:51<00:01,  1.36it/s]
train:  98%|█████████▊| 59/60 [00:53<00:00,  1.04it/s]
train: 100%|██████████| 60/60 [00:53<00:00,  1.37it/s]
                                                      

eval:   0%|          | 0/15 [00:00<?, ?it/s]
eval:   7%|▋         | 1/15 [00:01<00:23,  1.70s/it]
eval:  20%|██        | 3/15 [00:03<00:12,  1.08s/it]
eval:  33%|███▎      | 5/15 [00:04<00:09,  1.08it/s]
eval:  47%|████▋     | 7/15 [00:06<00:07,  1.14it/s]
eval:  60%|██████    | 9/15 [00:09<00:06,  1.15s/it]
eval:  73%|███████▎  | 11/15 [00:11<00:04,  1.01s/it]
eval:  87%|████████▋ | 13/15 [00:12<00:01,  1.06it/s]
eval: 100%|██████████| 15/15 [00:14<00:00,  1.15it/s]
                                                     
Epoch 09 | stage - | train loss 0.8882 (cls 0.8882, ctr 0.0000) acc 0.6646 f1 0.6595 | val loss 0.8757 (cls 0.8757, ctr 0.0000) acc 0.6792 f1 0.6651 | lr [1.65e-05, 5.50e-04]

train:   0%|          | 0/60 [00:00<?, ?it/s]
train:   2%|▏         | 1/60 [00:02<02:02,  2.07s/it]
train:   3%|▎         | 2/60 [00:02<00:55,  1.05it/s]
train:   5%|▌         | 3/60 [00:03<01:05,  1.16s/it]
train:   7%|▋         | 4/60 [00:03<00:43,  1.29it/s]
train:   8%|▊         | 5/60 [00:05<01:01,  1.11s/it]
train:  10%|█         | 6/60 [00:05<00:42,  1.26it/s]
train:  12%|█▏        | 7/60 [00:08<01:09,  1.30s/it]
train:  13%|█▎        | 8/60 [00:08<00:49,  1.05it/s]
train:  15%|█▌        | 9/60 [00:10<01:12,  1.42s/it]
train:  17%|█▋        | 10/60 [00:10<00:51,  1.04s/it]
train:  18%|█▊        | 11/60 [00:13<01:17,  1.58s/it]
train:  20%|██        | 12/60 [00:13<00:55,  1.16s/it]
train:  22%|██▏       | 13/60 [00:16<01:14,  1.59s/it]
train:  23%|██▎       | 14/60 [00:16<00:53,  1.16s/it]
train:  25%|██▌       | 15/60 [00:18<01:07,  1.51s/it]
train:  27%|██▋       | 16/60 [00:19<00:48,  1.10s/it]
train:  28%|██▊       | 17/60 [00:21<01:02,  1.46s/it]
train:  30%|███       | 18/60 [00:21<00:44,  1.07s/it]
train:  32%|███▏      | 19/60 [00:23<01:00,  1.46s/it]
train:  33%|███▎      | 20/60 [00:24<00:43,  1.08s/it]
train:  35%|███▌      | 21/60 [00:27<01:12,  1.86s/it]
train:  37%|███▋      | 22/60 [00:28<00:51,  1.36s/it]
train:  38%|███▊      | 23/60 [00:30<01:00,  1.65s/it]
train:  40%|████      | 24/60 [00:30<00:43,  1.21s/it]
train:  42%|████▏     | 25/60 [00:32<00:52,  1.50s/it]
train:  43%|████▎     | 26/60 [00:32<00:37,  1.11s/it]
train:  45%|████▌     | 27/60 [00:35<00:48,  1.47s/it]
train:  47%|████▋     | 28/60 [00:35<00:34,  1.08s/it]
train:  48%|████▊     | 29/60 [00:37<00:45,  1.48s/it]
train:  50%|█████     | 30/60 [00:37<00:32,  1.08s/it]
train:  52%|█████▏    | 31/60 [00:40<00:42,  1.48s/it]
train:  53%|█████▎    | 32/60 [00:40<00:30,  1.09s/it]
train:  55%|█████▌    | 33/60 [00:42<00:38,  1.44s/it]
train:  57%|█████▋    | 34/60 [00:42<00:27,  1.07s/it]
train:  58%|█████▊    | 35/60 [00:45<00:36,  1.45s/it]
train:  60%|██████    | 36/60 [00:45<00:25,  1.07s/it]
train:  62%|██████▏   | 37/60 [00:47<00:28,  1.24s/it]
train:  63%|██████▎   | 38/60 [00:47<00:20,  1.08it/s]
train:  65%|██████▌   | 39/60 [00:48<00:23,  1.10s/it]
train:  67%|██████▋   | 40/60 [00:49<00:16,  1.21it/s]
train:  68%|██████▊   | 41/60 [00:50<00:19,  1.04s/it]
train:  70%|███████   | 42/60 [00:50<00:14,  1.27it/s]
train:  72%|███████▏  | 43/60 [00:52<00:17,  1.00s/it]
train:  73%|███████▎  | 44/60 [00:52<00:12,  1.33it/s]
train:  75%|███████▌  | 45/60 [00:53<00:14,  1.02it/s]
train:  77%|███████▋  | 46/60 [00:54<00:10,  1.35it/s]
train:  78%|███████▊  | 47/60 [00:55<00:12,  1.03it/s]
train:  80%|████████  | 48/60 [00:55<00:08,  1.37it/s]
train:  82%|████████▏ | 49/60 [00:57<00:10,  1.05it/s]
train:  83%|████████▎ | 50/60 [00:57<00:07,  1.39it/s]
train:  85%|████████▌ | 51/60 [00:59<00:08,  1.04it/s]
train:  87%|████████▋ | 52/60 [00:59<00:05,  1.37it/s]
train:  88%|████████▊ | 53/60 [01:02<00:09,  1.40s/it]
train:  90%|█████████ | 54/60 [01:02<00:06,  1.04s/it]
train:  92%|█████████▏| 55/60 [01:03<00:05,  1.15s/it]
train:  93%|█████████▎| 56/60 [01:03<00:03,  1.16it/s]
train:  95%|█████████▌| 57/60 [01:05<00:03,  1.05s/it]
train:  97%|█████████▋| 58/60 [01:05<00:01,  1.26it/s]
train:  98%|█████████▊| 59/60 [01:07<00:00,  1.02it/s]
train: 100%|██████████| 60/60 [01:07<00:00,  1.35it/s]
                                                      

eval:   0%|          | 0/15 [00:00<?, ?it/s]
eval:   7%|▋         | 1/15 [00:01<00:22,  1.62s/it]
eval:  20%|██        | 3/15 [00:03<00:12,  1.05s/it]
eval:  33%|███▎      | 5/15 [00:04<00:09,  1.09it/s]
eval:  47%|████▋     | 7/15 [00:06<00:06,  1.15it/s]
eval:  60%|██████    | 9/15 [00:08<00:05,  1.19it/s]
eval:  73%|███████▎  | 11/15 [00:09<00:03,  1.23it/s]
eval:  87%|████████▋ | 13/15 [00:11<00:01,  1.24it/s]
eval: 100%|██████████| 15/15 [00:12<00:00,  1.29it/s]
                                                     
Epoch 10 | stage - | train loss 0.8586 (cls 0.8586, ctr 0.0000) acc 0.6958 f1 0.6935 | val loss 0.7171 (cls 0.7171, ctr 0.0000) acc 0.7000 f1 0.6901 | lr [1.44e-05, 4.80e-04]

train:   0%|          | 0/60 [00:00<?, ?it/s]
train:   2%|▏         | 1/60 [00:02<02:01,  2.07s/it]
train:   3%|▎         | 2/60 [00:02<00:55,  1.04it/s]
train:   5%|▌         | 3/60 [00:03<01:04,  1.13s/it]
train:   7%|▋         | 4/60 [00:03<00:42,  1.33it/s]
train:   8%|▊         | 5/60 [00:05<00:56,  1.03s/it]
train:  10%|█         | 6/60 [00:05<00:39,  1.37it/s]
train:  12%|█▏        | 7/60 [00:06<00:52,  1.02it/s]
train:  13%|█▎        | 8/60 [00:07<00:37,  1.38it/s]
train:  15%|█▌        | 9/60 [00:08<00:50,  1.01it/s]
train:  17%|█▋        | 10/60 [00:08<00:37,  1.35it/s]
train:  18%|█▊        | 11/60 [00:10<00:47,  1.03it/s]
train:  20%|██        | 12/60 [00:10<00:35,  1.37it/s]
train:  22%|██▏       | 13/60 [00:12<00:45,  1.04it/s]
train:  23%|██▎       | 14/60 [00:12<00:33,  1.38it/s]
train:  25%|██▌       | 15/60 [00:15<01:02,  1.39s/it]
train:  27%|██▋       | 16/60 [00:15<00:45,  1.03s/it]
train:  28%|██▊       | 17/60 [00:16<00:49,  1.16s/it]
train:  30%|███       | 18/60 [00:16<00:36,  1.16it/s]
train:  32%|███▏      | 19/60 [00:18<00:42,  1.04s/it]
train:  33%|███▎      | 20/60 [00:18<00:31,  1.28it/s]
train:  35%|███▌      | 21/60 [00:20<00:38,  1.02it/s]
train:  37%|███▋      | 22/60 [00:20<00:28,  1.35it/s]
train:  38%|███▊      | 23/60 [00:21<00:35,  1.04it/s]
train:  40%|████      | 24/60 [00:21<00:26,  1.38it/s]
train:  42%|████▏     | 25/60 [00:23<00:33,  1.05it/s]
train:  43%|████▎     | 26/60 [00:23<00:24,  1.38it/s]
train:  45%|████▌     | 27/60 [00:25<00:32,  1.03it/s]
train:  47%|████▋     | 28/60 [00:25<00:23,  1.37it/s]
train:  48%|████▊     | 29/60 [00:28<00:46,  1.49s/it]
train:  50%|█████     | 30/60 [00:28<00:32,  1.10s/it]
train:  52%|█████▏    | 31/60 [00:30<00:36,  1.27s/it]
train:  53%|█████▎    | 32/60 [00:30<00:26,  1.06it/s]
train:  55%|█████▌    | 33/60 [00:32<00:29,  1.11s/it]
train:  57%|█████▋    | 34/60 [00:32<00:21,  1.21it/s]
train:  58%|█████▊    | 35/60 [00:33<00:26,  1.05s/it]
train:  60%|██████    | 36/60 [00:33<00:18,  1.27it/s]
train:  62%|██████▏   | 37/60 [00:35<00:23,  1.03s/it]
train:  63%|██████▎   | 38/60 [00:35<00:17,  1.28it/s]
train:  65%|██████▌   | 39/60 [00:37<00:21,  1.00s/it]
train:  67%|██████▋   | 40/60 [00:37<00:15,  1.32it/s]
train:  68%|██████▊   | 41/60 [00:38<00:18,  1.02it/s]
train:  70%|███████   | 42/60 [00:39<00:13,  1.35it/s]
train:  72%|███████▏  | 43/60 [00:40<00:16,  1.03it/s]
train:  73%|███████▎  | 44/60 [00:40<00:11,  1.36it/s]
train:  75%|███████▌  | 45/60 [00:42<00:14,  1.04it/s]
train:  77%|███████▋  | 46/60 [00:42<00:10,  1.38it/s]
train:  78%|███████▊  | 47/60 [00:44<00:12,  1.04it/s]
train:  80%|████████  | 48/60 [00:44<00:08,  1.38it/s]
train:  82%|████████▏ | 49/60 [00:45<00:10,  1.05it/s]
train:  83%|████████▎ | 50/60 [00:45<00:07,  1.38it/s]
train:  85%|████████▌ | 51/60 [00:47<00:08,  1.06it/s]
train:  87%|████████▋ | 52/60 [00:47<00:05,  1.40it/s]
train:  88%|████████▊ | 53/60 [00:50<00:10,  1.49s/it]
train:  90%|█████████ | 54/60 [00:50<00:06,  1.10s/it]
train:  92%|█████████▏| 55/60 [00:52<00:06,  1.22s/it]
train:  93%|█████████▎| 56/60 [00:52<00:03,  1.11it/s]
train:  95%|█████████▌| 57/60 [00:54<00:03,  1.09s/it]
train:  97%|█████████▋| 58/60 [00:54<00:01,  1.22it/s]
train:  98%|█████████▊| 59/60 [00:55<00:01,  1.01s/it]
train: 100%|██████████| 60/60 [00:56<00:00,  1.31it/s]
                                                      

eval:   0%|          | 0/15 [00:00<?, ?it/s]
eval:   7%|▋         | 1/15 [00:01<00:23,  1.65s/it]
eval:  20%|██        | 3/15 [00:03<00:12,  1.06s/it]
eval:  33%|███▎      | 5/15 [00:04<00:09,  1.09it/s]
eval:  47%|████▋     | 7/15 [00:06<00:06,  1.16it/s]
eval:  60%|██████    | 9/15 [00:08<00:05,  1.19it/s]
eval:  73%|███████▎  | 11/15 [00:09<00:03,  1.23it/s]
eval:  87%|████████▋ | 13/15 [00:11<00:01,  1.23it/s]
eval: 100%|██████████| 15/15 [00:12<00:00,  1.29it/s]
                                                     
Epoch 11 | stage - | train loss 0.8391 (cls 0.8391, ctr 0.0000) acc 0.6969 f1 0.6921 | val loss 0.7371 (cls 0.7371, ctr 0.0000) acc 0.7042 f1 0.6765 | lr [1.23e-05, 4.11e-04]

train:   0%|          | 0/60 [00:00<?, ?it/s]
train:   2%|▏         | 1/60 [00:01<01:51,  1.88s/it]
train:   3%|▎         | 2/60 [00:02<00:51,  1.12it/s]
train:   5%|▌         | 3/60 [00:03<01:05,  1.15s/it]
train:   7%|▋         | 4/60 [00:03<00:42,  1.31it/s]
train:   8%|▊         | 5/60 [00:05<00:56,  1.03s/it]
train:  10%|█         | 6/60 [00:05<00:40,  1.35it/s]
train:  12%|█▏        | 7/60 [00:06<00:51,  1.03it/s]
train:  13%|█▎        | 8/60 [00:07<00:37,  1.38it/s]
train:  15%|█▌        | 9/60 [00:08<00:48,  1.04it/s]
train:  17%|█▋        | 10/60 [00:08<00:36,  1.39it/s]
train:  18%|█▊        | 11/60 [00:10<00:47,  1.02it/s]
train:  20%|██        | 12/60 [00:10<00:35,  1.36it/s]
train:  22%|██▏       | 13/60 [00:11<00:45,  1.03it/s]
train:  23%|██▎       | 14/60 [00:12<00:33,  1.36it/s]
train:  25%|██▌       | 15/60 [00:14<00:57,  1.28s/it]
train:  27%|██▋       | 16/60 [00:14<00:41,  1.05it/s]
train:  28%|██▊       | 17/60 [00:16<00:49,  1.15s/it]
train:  30%|███       | 18/60 [00:16<00:36,  1.17it/s]
train:  32%|███▏      | 19/60 [00:18<00:48,  1.19s/it]
train:  33%|███▎      | 20/60 [00:18<00:35,  1.12it/s]
train:  35%|███▌      | 21/60 [00:21<00:52,  1.34s/it]
train:  37%|███▋      | 22/60 [00:21<00:37,  1.01it/s]
train:  38%|███▊      | 23/60 [00:23<00:50,  1.38s/it]
train:  40%|████      | 24/60 [00:23<00:36,  1.02s/it]
train:  42%|████▏     | 25/60 [00:26<00:48,  1.39s/it]
train:  43%|████▎     | 26/60 [00:26<00:34,  1.03s/it]
train:  45%|████▌     | 27/60 [00:28<00:46,  1.41s/it]
train:  47%|████▋     | 28/60 [00:28<00:33,  1.04s/it]
train:  48%|████▊     | 29/60 [00:31<00:43,  1.41s/it]
train:  50%|█████     | 30/60 [00:31<00:31,  1.04s/it]
train:  52%|█████▏    | 31/60 [00:33<00:40,  1.40s/it]
train:  53%|█████▎    | 32/60 [00:33<00:30,  1.07s/it]
train:  55%|█████▌    | 33/60 [00:35<00:38,  1.42s/it]
train:  57%|█████▋    | 34/60 [00:36<00:28,  1.10s/it]
train:  58%|█████▊    | 35/60 [00:38<00:34,  1.38s/it]
train:  60%|██████    | 36/60 [00:38<00:25,  1.08s/it]
train:  62%|██████▏   | 37/60 [00:40<00:32,  1.40s/it]
train:  63%|██████▎   | 38/60 [00:41<00:24,  1.10s/it]
train:  65%|██████▌   | 39/60 [00:43<00:29,  1.39s/it]
train:  67%|██████▋   | 40/60 [00:43<00:21,  1.09s/it]
train:  68%|██████▊   | 41/60 [00:45<00:26,  1.40s/it]
train:  70%|███████   | 42/60 [00:46<00:19,  1.10s/it]
train:  72%|███████▏  | 43/60 [00:49<00:31,  1.84s/it]
train:  73%|███████▎  | 44/60 [00:50<00:22,  1.40s/it]
train:  75%|███████▌  | 45/60 [00:52<00:24,  1.60s/it]
train:  77%|███████▋  | 46/60 [00:52<00:17,  1.27s/it]
train:  78%|███████▊  | 47/60 [00:54<00:19,  1.50s/it]
train:  80%|████████  | 48/60 [00:55<00:14,  1.17s/it]
train:  82%|████████▏ | 49/60 [00:57<00:15,  1.42s/it]
train:  83%|████████▎ | 50/60 [00:57<00:10,  1.08s/it]
train:  85%|████████▌ | 51/60 [00:59<00:10,  1.21s/it]
train:  87%|████████▋ | 52/60 [00:59<00:07,  1.06it/s]
train:  88%|████████▊ | 53/60 [01:00<00:07,  1.07s/it]
train:  90%|█████████ | 54/60 [01:02<00:06,  1.15s/it]
train:  92%|█████████▏| 55/60 [01:03<00:06,  1.34s/it]
train:  93%|█████████▎| 56/60 [01:04<00:04,  1.09s/it]
train:  95%|█████████▌| 57/60 [01:05<00:03,  1.19s/it]
train:  97%|█████████▋| 58/60 [01:06<00:01,  1.04it/s]
train:  98%|█████████▊| 59/60 [01:07<00:01,  1.11s/it]
train: 100%|██████████| 60/60 [01:08<00:00,  1.13it/s]
                                                      

eval:   0%|          | 0/15 [00:00<?, ?it/s]
eval:   7%|▋         | 1/15 [00:01<00:23,  1.70s/it]
eval:  20%|██        | 3/15 [00:03<00:12,  1.08s/it]
eval:  33%|███▎      | 5/15 [00:04<00:09,  1.08it/s]
eval:  47%|████▋     | 7/15 [00:06<00:07,  1.14it/s]
eval:  60%|██████    | 9/15 [00:08<00:05,  1.18it/s]
eval:  73%|███████▎  | 11/15 [00:09<00:03,  1.22it/s]
eval:  87%|████████▋ | 13/15 [00:11<00:01,  1.22it/s]
eval: 100%|██████████| 15/15 [00:14<00:00,  1.01s/it]
                                                     
Epoch 12 | stage - | train loss 0.7626 (cls 0.7626, ctr 0.0000) acc 0.7333 f1 0.7273 | val loss 0.7109 (cls 0.7109, ctr 0.0000) acc 0.7125 f1 0.7018 | lr [1.04e-05, 3.46e-04]

train:   0%|          | 0/60 [00:00<?, ?it/s]
train:   2%|▏         | 1/60 [00:01<01:56,  1.98s/it]
train:   3%|▎         | 2/60 [00:02<00:53,  1.08it/s]
train:   5%|▌         | 3/60 [00:03<01:03,  1.12s/it]
train:   7%|▋         | 4/60 [00:03<00:41,  1.34it/s]
train:   8%|▊         | 5/60 [00:05<00:54,  1.01it/s]
train:  10%|█         | 6/60 [00:05<00:38,  1.40it/s]
train:  12%|█▏        | 7/60 [00:06<00:52,  1.00it/s]
train:  13%|█▎        | 8/60 [00:07<00:38,  1.35it/s]
train:  15%|█▌        | 9/60 [00:08<00:50,  1.02it/s]
train:  17%|█▋        | 10/60 [00:08<00:36,  1.35it/s]
train:  18%|█▊        | 11/60 [00:10<00:47,  1.03it/s]
train:  20%|██        | 12/60 [00:10<00:35,  1.37it/s]
train:  22%|██▏       | 13/60 [00:11<00:45,  1.04it/s]
train:  23%|██▎       | 14/60 [00:12<00:33,  1.38it/s]
train:  25%|██▌       | 15/60 [00:13<00:43,  1.04it/s]
train:  27%|██▋       | 16/60 [00:13<00:31,  1.38it/s]
train:  28%|██▊       | 17/60 [00:15<00:41,  1.04it/s]
train:  30%|███       | 18/60 [00:15<00:30,  1.38it/s]
train:  32%|███▏      | 19/60 [00:16<00:38,  1.05it/s]
train:  33%|███▎      | 20/60 [00:17<00:28,  1.39it/s]
train:  35%|███▌      | 21/60 [00:18<00:36,  1.07it/s]
train:  37%|███▋      | 22/60 [00:18<00:27,  1.41it/s]
train:  38%|███▊      | 23/60 [00:20<00:34,  1.06it/s]
train:  40%|████      | 24/60 [00:20<00:25,  1.40it/s]
train:  42%|████▏     | 25/60 [00:21<00:33,  1.04it/s]
train:  43%|████▎     | 26/60 [00:22<00:24,  1.38it/s]
train:  45%|████▌     | 27/60 [00:23<00:31,  1.04it/s]
train:  47%|████▋     | 28/60 [00:23<00:23,  1.37it/s]
train:  48%|████▊     | 29/60 [00:25<00:29,  1.04it/s]
train:  50%|█████     | 30/60 [00:25<00:21,  1.38it/s]
train:  52%|█████▏    | 31/60 [00:27<00:28,  1.02it/s]
train:  53%|█████▎    | 32/60 [00:27<00:20,  1.35it/s]
train:  55%|█████▌    | 33/60 [00:28<00:26,  1.02it/s]
train:  57%|█████▋    | 34/60 [00:28<00:19,  1.36it/s]
train:  58%|█████▊    | 35/60 [00:30<00:24,  1.03it/s]
train:  60%|██████    | 36/60 [00:30<00:17,  1.36it/s]
train:  62%|██████▏   | 37/60 [00:33<00:32,  1.40s/it]
train:  63%|██████▎   | 38/60 [00:33<00:22,  1.04s/it]
train:  65%|██████▌   | 39/60 [00:35<00:24,  1.18s/it]
train:  67%|██████▋   | 40/60 [00:35<00:17,  1.14it/s]
train:  68%|██████▊   | 41/60 [00:37<00:20,  1.06s/it]
train:  70%|███████   | 42/60 [00:37<00:14,  1.25it/s]
train:  72%|███████▏  | 43/60 [00:38<00:16,  1.00it/s]
train:  73%|███████▎  | 44/60 [00:38<00:12,  1.32it/s]
train:  75%|███████▌  | 45/60 [00:40<00:14,  1.03it/s]
train:  77%|███████▋  | 46/60 [00:40<00:10,  1.37it/s]
train:  78%|███████▊  | 47/60 [00:41<00:12,  1.05it/s]
train:  80%|████████  | 48/60 [00:42<00:08,  1.38it/s]
train:  82%|████████▏ | 49/60 [00:43<00:10,  1.04it/s]
train:  83%|████████▎ | 50/60 [00:43<00:07,  1.38it/s]
train:  85%|████████▌ | 51/60 [00:45<00:08,  1.02it/s]
train:  87%|████████▋ | 52/60 [00:45<00:05,  1.35it/s]
train:  88%|████████▊ | 53/60 [00:47<00:06,  1.03it/s]
train:  90%|█████████ | 54/60 [00:47<00:04,  1.36it/s]
train:  92%|█████████▏| 55/60 [00:48<00:04,  1.03it/s]
train:  93%|█████████▎| 56/60 [00:48<00:02,  1.36it/s]
train:  95%|█████████▌| 57/60 [00:50<00:02,  1.05it/s]
train:  97%|█████████▋| 58/60 [00:50<00:01,  1.39it/s]
train:  98%|█████████▊| 59/60 [00:52<00:00,  1.04it/s]
train: 100%|██████████| 60/60 [00:52<00:00,  1.37it/s]
                                                      

eval:   0%|          | 0/15 [00:00<?, ?it/s]
eval:   7%|▋         | 1/15 [00:01<00:23,  1.68s/it]
eval:  20%|██        | 3/15 [00:03<00:12,  1.06s/it]
eval:  33%|███▎      | 5/15 [00:04<00:09,  1.09it/s]
eval:  47%|████▋     | 7/15 [00:06<00:06,  1.15it/s]
eval:  60%|██████    | 9/15 [00:08<00:05,  1.19it/s]
eval:  73%|███████▎  | 11/15 [00:09<00:03,  1.23it/s]
eval:  87%|████████▋ | 13/15 [00:11<00:01,  1.23it/s]
eval: 100%|██████████| 15/15 [00:12<00:00,  1.28it/s]
                                                     
Epoch 13 | stage - | train loss 0.7915 (cls 0.7915, ctr 0.0000) acc 0.7229 f1 0.7221 | val loss 0.6487 (cls 0.6487, ctr 0.0000) acc 0.7500 f1 0.7332 | lr [8.56e-06, 2.85e-04]

train:   0%|          | 0/60 [00:00<?, ?it/s]
train:   2%|▏         | 1/60 [00:02<01:58,  2.01s/it]
train:   3%|▎         | 2/60 [00:02<00:54,  1.07it/s]
train:   5%|▌         | 3/60 [00:03<01:03,  1.12s/it]
train:   7%|▋         | 4/60 [00:03<00:41,  1.34it/s]
train:   8%|▊         | 5/60 [00:05<00:56,  1.03s/it]
train:  10%|█         | 6/60 [00:05<00:40,  1.35it/s]
train:  12%|█▏        | 7/60 [00:06<00:51,  1.03it/s]
train:  13%|█▎        | 8/60 [00:07<00:37,  1.39it/s]
train:  15%|█▌        | 9/60 [00:08<00:48,  1.06it/s]
train:  17%|█▋        | 10/60 [00:08<00:35,  1.41it/s]
train:  18%|█▊        | 11/60 [00:10<00:47,  1.04it/s]
train:  20%|██        | 12/60 [00:10<00:34,  1.38it/s]
train:  22%|██▏       | 13/60 [00:11<00:44,  1.05it/s]
train:  23%|██▎       | 14/60 [00:12<00:33,  1.39it/s]
train:  25%|██▌       | 15/60 [00:13<00:42,  1.05it/s]
train:  27%|██▋       | 16/60 [00:13<00:31,  1.38it/s]
train:  28%|██▊       | 17/60 [00:15<00:41,  1.04it/s]
train:  30%|███       | 18/60 [00:15<00:30,  1.37it/s]
train:  32%|███▏      | 19/60 [00:16<00:38,  1.05it/s]
train:  33%|███▎      | 20/60 [00:17<00:28,  1.39it/s]
train:  35%|███▌      | 21/60 [00:18<00:37,  1.04it/s]
train:  37%|███▋      | 22/60 [00:18<00:27,  1.38it/s]
train:  38%|███▊      | 23/60 [00:20<00:35,  1.05it/s]
train:  40%|████      | 24/60 [00:20<00:25,  1.40it/s]
train:  42%|████▏     | 25/60 [00:21<00:32,  1.06it/s]
train:  43%|████▎     | 26/60 [00:22<00:24,  1.41it/s]
train:  45%|████▌     | 27/60 [00:23<00:31,  1.06it/s]
train:  47%|████▋     | 28/60 [00:23<00:23,  1.38it/s]
train:  48%|████▊     | 29/60 [00:25<00:29,  1.06it/s]
train:  50%|█████     | 30/60 [00:25<00:21,  1.39it/s]
train:  52%|█████▏    | 31/60 [00:26<00:27,  1.05it/s]
train:  53%|█████▎    | 32/60 [00:27<00:20,  1.39it/s]
train:  55%|█████▌    | 33/60 [00:28<00:25,  1.08it/s]
train:  57%|█████▋    | 34/60 [00:28<00:18,  1.43it/s]
train:  58%|█████▊    | 35/60 [00:30<00:24,  1.04it/s]
train:  60%|██████    | 36/60 [00:30<00:17,  1.37it/s]
train:  62%|██████▏   | 37/60 [00:33<00:32,  1.40s/it]
train:  63%|██████▎   | 38/60 [00:33<00:22,  1.04s/it]
train:  65%|██████▌   | 39/60 [00:35<00:24,  1.16s/it]
train:  67%|██████▋   | 40/60 [00:35<00:17,  1.15it/s]
train:  68%|██████▊   | 41/60 [00:36<00:20,  1.07s/it]
train:  70%|███████   | 42/60 [00:36<00:14,  1.24it/s]
train:  72%|███████▏  | 43/60 [00:38<00:17,  1.00s/it]
train:  73%|███████▎  | 44/60 [00:38<00:12,  1.32it/s]
train:  75%|███████▌  | 45/60 [00:40<00:14,  1.03it/s]
train:  77%|███████▋  | 46/60 [00:40<00:10,  1.36it/s]
train:  78%|███████▊  | 47/60 [00:41<00:12,  1.04it/s]
train:  80%|████████  | 48/60 [00:41<00:08,  1.37it/s]
train:  82%|████████▏ | 49/60 [00:43<00:10,  1.07it/s]
train:  83%|████████▎ | 50/60 [00:43<00:07,  1.41it/s]
train:  85%|████████▌ | 51/60 [00:45<00:08,  1.06it/s]
train:  87%|████████▋ | 52/60 [00:45<00:05,  1.39it/s]
train:  88%|████████▊ | 53/60 [00:46<00:06,  1.03it/s]
train:  90%|█████████ | 54/60 [00:46<00:04,  1.36it/s]
train:  92%|█████████▏| 55/60 [00:48<00:04,  1.06it/s]
train:  93%|█████████▎| 56/60 [00:48<00:02,  1.40it/s]
train:  95%|█████████▌| 57/60 [00:50<00:02,  1.04it/s]
train:  97%|█████████▋| 58/60 [00:50<00:01,  1.37it/s]
train:  98%|█████████▊| 59/60 [00:51<00:00,  1.04it/s]
train: 100%|██████████| 60/60 [00:52<00:00,  1.37it/s]
                                                      

eval:   0%|          | 0/15 [00:00<?, ?it/s]
eval:   7%|▋         | 1/15 [00:01<00:26,  1.89s/it]
eval:  20%|██        | 3/15 [00:04<00:17,  1.43s/it]
eval:  33%|███▎      | 5/15 [00:06<00:13,  1.30s/it]
eval:  47%|████▋     | 7/15 [00:09<00:10,  1.30s/it]
eval:  60%|██████    | 9/15 [00:11<00:07,  1.25s/it]
eval:  73%|███████▎  | 11/15 [00:15<00:05,  1.46s/it]
eval:  87%|████████▋ | 13/15 [00:17<00:02,  1.37s/it]
eval: 100%|██████████| 15/15 [00:19<00:00,  1.22s/it]
                                                     
Epoch 14 | stage - | train loss 0.6962 (cls 0.6962, ctr 0.0000) acc 0.7365 f1 0.7338 | val loss 0.6195 (cls 0.6195, ctr 0.0000) acc 0.7708 f1 0.7632 | lr [6.95e-06, 2.32e-04]

train:   0%|          | 0/60 [00:00<?, ?it/s]
train:   2%|▏         | 1/60 [00:02<02:51,  2.91s/it]
train:   3%|▎         | 2/60 [00:03<01:15,  1.31s/it]
train:   5%|▌         | 3/60 [00:05<01:40,  1.76s/it]
train:   7%|▋         | 4/60 [00:05<01:03,  1.14s/it]
train:   8%|▊         | 5/60 [00:07<01:27,  1.60s/it]
train:  10%|█         | 6/60 [00:08<01:00,  1.12s/it]
train:  12%|█▏        | 7/60 [00:10<01:20,  1.52s/it]
train:  13%|█▎        | 8/60 [00:10<00:57,  1.10s/it]
train:  15%|█▌        | 9/60 [00:13<01:16,  1.50s/it]
train:  17%|█▋        | 10/60 [00:13<00:54,  1.09s/it]
train:  18%|█▊        | 11/60 [00:15<01:11,  1.46s/it]
train:  20%|██        | 12/60 [00:15<00:51,  1.07s/it]
train:  22%|██▏       | 13/60 [00:18<01:08,  1.46s/it]
train:  23%|██▎       | 14/60 [00:18<00:49,  1.08s/it]
train:  25%|██▌       | 15/60 [00:20<01:03,  1.42s/it]
train:  27%|██▋       | 16/60 [00:20<00:46,  1.05s/it]
train:  28%|██▊       | 17/60 [00:23<01:01,  1.43s/it]
train:  30%|███       | 18/60 [00:23<00:44,  1.06s/it]
train:  32%|███▏      | 19/60 [00:24<00:51,  1.24s/it]
train:  33%|███▎      | 20/60 [00:25<00:36,  1.08it/s]
train:  35%|███▌      | 21/60 [00:26<00:42,  1.09s/it]
train:  37%|███▋      | 22/60 [00:26<00:31,  1.22it/s]
train:  38%|███▊      | 23/60 [00:29<00:54,  1.47s/it]
train:  40%|████      | 24/60 [00:29<00:39,  1.09s/it]
train:  42%|████▏     | 25/60 [00:31<00:41,  1.20s/it]
train:  43%|████▎     | 26/60 [00:31<00:30,  1.12it/s]
train:  45%|████▌     | 27/60 [00:33<00:35,  1.06s/it]
train:  47%|████▋     | 28/60 [00:33<00:25,  1.26it/s]
train:  48%|████▊     | 29/60 [00:34<00:30,  1.02it/s]
train:  50%|█████     | 30/60 [00:34<00:22,  1.35it/s]
train:  52%|█████▏    | 31/60 [00:36<00:27,  1.04it/s]
train:  53%|█████▎    | 32/60 [00:36<00:20,  1.39it/s]
train:  55%|█████▌    | 33/60 [00:37<00:25,  1.04it/s]
train:  57%|█████▋    | 34/60 [00:38<00:18,  1.38it/s]
train:  58%|█████▊    | 35/60 [00:39<00:23,  1.05it/s]
train:  60%|██████    | 36/60 [00:39<00:17,  1.39it/s]
train:  62%|██████▏   | 37/60 [00:41<00:22,  1.03it/s]
train:  63%|██████▎   | 38/60 [00:41<00:16,  1.36it/s]
train:  65%|██████▌   | 39/60 [00:43<00:20,  1.03it/s]
train:  67%|██████▋   | 40/60 [00:43<00:14,  1.37it/s]
train:  68%|██████▊   | 41/60 [00:44<00:18,  1.05it/s]
train:  70%|███████   | 42/60 [00:44<00:13,  1.38it/s]
train:  72%|███████▏  | 43/60 [00:46<00:16,  1.04it/s]
train:  73%|███████▎  | 44/60 [00:46<00:11,  1.37it/s]
train:  75%|███████▌  | 45/60 [00:47<00:14,  1.06it/s]
train:  77%|███████▋  | 46/60 [00:48<00:09,  1.40it/s]
train:  78%|███████▊  | 47/60 [00:49<00:12,  1.04it/s]
train:  80%|████████  | 48/60 [00:49<00:08,  1.37it/s]
train:  82%|████████▏ | 49/60 [00:51<00:10,  1.03it/s]
train:  83%|████████▎ | 50/60 [00:51<00:07,  1.36it/s]
train:  85%|████████▌ | 51/60 [00:53<00:08,  1.02it/s]
train:  87%|████████▋ | 52/60 [00:53<00:05,  1.35it/s]
train:  88%|████████▊ | 53/60 [00:54<00:06,  1.05it/s]
train:  90%|█████████ | 54/60 [00:54<00:04,  1.37it/s]
train:  92%|█████████▏| 55/60 [00:56<00:04,  1.04it/s]
train:  93%|█████████▎| 56/60 [00:56<00:02,  1.37it/s]
train:  95%|█████████▌| 57/60 [00:58<00:02,  1.06it/s]
train:  97%|█████████▋| 58/60 [00:58<00:01,  1.40it/s]
train:  98%|█████████▊| 59/60 [00:59<00:00,  1.07it/s]
train: 100%|██████████| 60/60 [00:59<00:00,  1.40it/s]
                                                      

eval:   0%|          | 0/15 [00:00<?, ?it/s]
eval:   7%|▋         | 1/15 [00:03<00:45,  3.27s/it]
eval:  20%|██        | 3/15 [00:04<00:17,  1.48s/it]
eval:  33%|███▎      | 5/15 [00:06<00:11,  1.12s/it]
eval:  47%|████▋     | 7/15 [00:08<00:07,  1.01it/s]
eval:  60%|██████    | 9/15 [00:09<00:05,  1.10it/s]
eval:  73%|███████▎  | 11/15 [00:11<00:03,  1.16it/s]
eval:  87%|████████▋ | 13/15 [00:12<00:01,  1.19it/s]
eval: 100%|██████████| 15/15 [00:14<00:00,  1.26it/s]
                                                     
Epoch 15 | stage - | train loss 0.7206 (cls 0.7206, ctr 0.0000) acc 0.7271 f1 0.7242 | val loss 0.6628 (cls 0.6628, ctr 0.0000) acc 0.7625 f1 0.7534 | lr [5.58e-06, 1.86e-04]

train:   0%|          | 0/60 [00:00<?, ?it/s]
train:   2%|▏         | 1/60 [00:01<01:53,  1.92s/it]
train:   3%|▎         | 2/60 [00:02<00:52,  1.12it/s]
train:   5%|▌         | 3/60 [00:03<01:04,  1.14s/it]
train:   7%|▋         | 4/60 [00:03<00:42,  1.31it/s]
train:   8%|▊         | 5/60 [00:05<00:56,  1.02s/it]
train:  10%|█         | 6/60 [00:05<00:39,  1.35it/s]
train:  12%|█▏        | 7/60 [00:06<00:51,  1.03it/s]
train:  13%|█▎        | 8/60 [00:06<00:37,  1.40it/s]
train:  15%|█▌        | 9/60 [00:08<00:49,  1.02it/s]
train:  17%|█▋        | 10/60 [00:08<00:36,  1.38it/s]
train:  18%|█▊        | 11/60 [00:10<00:46,  1.05it/s]
train:  20%|██        | 12/60 [00:10<00:34,  1.39it/s]
train:  22%|██▏       | 13/60 [00:11<00:44,  1.05it/s]
train:  23%|██▎       | 14/60 [00:12<00:33,  1.39it/s]
train:  25%|██▌       | 15/60 [00:13<00:43,  1.04it/s]
train:  27%|██▋       | 16/60 [00:13<00:32,  1.37it/s]
train:  28%|██▊       | 17/60 [00:15<00:41,  1.04it/s]
train:  30%|███       | 18/60 [00:15<00:30,  1.37it/s]
train:  32%|███▏      | 19/60 [00:16<00:39,  1.04it/s]
train:  33%|███▎      | 20/60 [00:17<00:29,  1.38it/s]
train:  35%|███▌      | 21/60 [00:18<00:37,  1.05it/s]
train:  37%|███▋      | 22/60 [00:18<00:27,  1.39it/s]
train:  38%|███▊      | 23/60 [00:20<00:35,  1.05it/s]
train:  40%|████      | 24/60 [00:20<00:25,  1.40it/s]
train:  42%|████▏     | 25/60 [00:23<00:49,  1.42s/it]
train:  43%|████▎     | 26/60 [00:23<00:35,  1.05s/it]
train:  45%|████▌     | 27/60 [00:25<00:39,  1.18s/it]
train:  47%|████▋     | 28/60 [00:25<00:28,  1.13it/s]
train:  48%|████▊     | 29/60 [00:26<00:32,  1.05s/it]
train:  50%|█████     | 30/60 [00:26<00:23,  1.26it/s]
train:  52%|█████▏    | 31/60 [00:28<00:29,  1.01s/it]
train:  53%|█████▎    | 32/60 [00:28<00:21,  1.32it/s]
train:  55%|█████▌    | 33/60 [00:30<00:26,  1.01it/s]
train:  57%|█████▋    | 34/60 [00:30<00:19,  1.34it/s]
train:  58%|█████▊    | 35/60 [00:31<00:24,  1.04it/s]
train:  60%|██████    | 36/60 [00:32<00:17,  1.37it/s]
train:  62%|██████▏   | 37/60 [00:33<00:22,  1.01it/s]
train:  63%|██████▎   | 38/60 [00:33<00:16,  1.34it/s]
train:  65%|██████▌   | 39/60 [00:35<00:21,  1.01s/it]
train:  67%|██████▋   | 40/60 [00:35<00:15,  1.30it/s]
train:  68%|██████▊   | 41/60 [00:37<00:19,  1.02s/it]
train:  70%|███████   | 42/60 [00:37<00:13,  1.30it/s]
train:  72%|███████▏  | 43/60 [00:38<00:17,  1.00s/it]
train:  73%|███████▎  | 44/60 [00:39<00:12,  1.32it/s]
train:  75%|███████▌  | 45/60 [00:40<00:14,  1.01it/s]
train:  77%|███████▋  | 46/60 [00:40<00:10,  1.34it/s]
train:  78%|███████▊  | 47/60 [00:42<00:12,  1.02it/s]
train:  80%|████████  | 48/60 [00:42<00:08,  1.35it/s]
train:  82%|████████▏ | 49/60 [00:44<00:10,  1.03it/s]
train:  83%|████████▎ | 50/60 [00:44<00:07,  1.37it/s]
train:  85%|████████▌ | 51/60 [00:45<00:08,  1.02it/s]
train:  87%|████████▋ | 52/60 [00:46<00:05,  1.35it/s]
train:  88%|████████▊ | 53/60 [00:47<00:06,  1.02it/s]
train:  90%|█████████ | 54/60 [00:47<00:04,  1.34it/s]
train:  92%|█████████▏| 55/60 [00:49<00:04,  1.02it/s]
train:  93%|█████████▎| 56/60 [00:49<00:02,  1.35it/s]
train:  95%|█████████▌| 57/60 [00:50<00:02,  1.03it/s]
train:  97%|█████████▋| 58/60 [00:51<00:01,  1.36it/s]
train:  98%|█████████▊| 59/60 [00:52<00:00,  1.08it/s]
train: 100%|██████████| 60/60 [00:52<00:00,  1.42it/s]
                                                      

eval:   0%|          | 0/15 [00:00<?, ?it/s]
eval:   7%|▋         | 1/15 [00:01<00:23,  1.69s/it]
eval:  13%|█▎        | 2/15 [00:02<00:18,  1.45s/it]
eval:  20%|██        | 3/15 [00:04<00:18,  1.52s/it]
eval:  33%|███▎      | 5/15 [00:06<00:11,  1.11s/it]
eval:  47%|████▋     | 7/15 [00:07<00:07,  1.03it/s]
eval:  60%|██████    | 9/15 [00:09<00:05,  1.10it/s]
eval:  73%|███████▎  | 11/15 [00:10<00:03,  1.17it/s]
eval:  87%|████████▋ | 13/15 [00:12<00:01,  1.19it/s]
eval: 100%|██████████| 15/15 [00:13<00:00,  1.25it/s]
                                                     
Epoch 16 | stage - | train loss 0.6748 (cls 0.6748, ctr 0.0000) acc 0.7698 f1 0.7646 | val loss 0.6921 (cls 0.6921, ctr 0.0000) acc 0.7542 f1 0.7443 | lr [4.47e-06, 1.49e-04]

train:   0%|          | 0/60 [00:00<?, ?it/s]
train:   2%|▏         | 1/60 [00:01<01:48,  1.84s/it]
train:   3%|▎         | 2/60 [00:02<00:49,  1.16it/s]
train:   5%|▌         | 3/60 [00:03<01:05,  1.16s/it]
train:   7%|▋         | 4/60 [00:03<00:42,  1.30it/s]
train:   8%|▊         | 5/60 [00:05<00:57,  1.04s/it]
train:  10%|█         | 6/60 [00:05<00:40,  1.33it/s]
train:  12%|█▏        | 7/60 [00:06<00:52,  1.01it/s]
train:  13%|█▎        | 8/60 [00:07<00:38,  1.37it/s]
train:  15%|█▌        | 9/60 [00:08<00:48,  1.04it/s]
train:  17%|█▋        | 10/60 [00:08<00:36,  1.39it/s]
train:  18%|█▊        | 11/60 [00:10<00:46,  1.05it/s]
train:  20%|██        | 12/60 [00:10<00:34,  1.38it/s]
train:  22%|██▏       | 13/60 [00:11<00:44,  1.06it/s]
train:  23%|██▎       | 14/60 [00:11<00:32,  1.41it/s]
train:  25%|██▌       | 15/60 [00:13<00:43,  1.04it/s]
train:  27%|██▋       | 16/60 [00:13<00:31,  1.38it/s]
train:  28%|██▊       | 17/60 [00:15<00:42,  1.02it/s]
train:  30%|███       | 18/60 [00:15<00:31,  1.35it/s]
train:  32%|███▏      | 19/60 [00:17<00:39,  1.03it/s]
train:  33%|███▎      | 20/60 [00:17<00:29,  1.36it/s]
train:  35%|███▌      | 21/60 [00:18<00:38,  1.02it/s]
train:  37%|███▋      | 22/60 [00:18<00:27,  1.36it/s]
train:  38%|███▊      | 23/60 [00:20<00:35,  1.03it/s]
train:  40%|████      | 24/60 [00:20<00:26,  1.36it/s]
train:  42%|████▏     | 25/60 [00:23<00:49,  1.43s/it]
train:  43%|████▎     | 26/60 [00:23<00:35,  1.05s/it]
train:  45%|████▌     | 27/60 [00:25<00:38,  1.17s/it]
train:  47%|████▋     | 28/60 [00:25<00:27,  1.14it/s]
train:  48%|████▊     | 29/60 [00:26<00:32,  1.06s/it]
train:  50%|█████     | 30/60 [00:27<00:23,  1.25it/s]
train:  52%|█████▏    | 31/60 [00:28<00:28,  1.01it/s]
train:  53%|█████▎    | 32/60 [00:28<00:20,  1.34it/s]
train:  55%|█████▌    | 33/60 [00:30<00:26,  1.01it/s]
train:  57%|█████▋    | 34/60 [00:30<00:19,  1.33it/s]
train:  58%|█████▊    | 35/60 [00:32<00:24,  1.02it/s]
train:  60%|██████    | 36/60 [00:32<00:17,  1.36it/s]
train:  62%|██████▏   | 37/60 [00:33<00:22,  1.04it/s]
train:  63%|██████▎   | 38/60 [00:33<00:15,  1.38it/s]
train:  65%|██████▌   | 39/60 [00:35<00:19,  1.05it/s]
train:  67%|██████▋   | 40/60 [00:35<00:14,  1.39it/s]
train:  68%|██████▊   | 41/60 [00:37<00:18,  1.03it/s]
train:  70%|███████   | 42/60 [00:37<00:13,  1.36it/s]
train:  72%|███████▏  | 43/60 [00:38<00:16,  1.05it/s]
train:  73%|███████▎  | 44/60 [00:38<00:11,  1.39it/s]
train:  75%|███████▌  | 45/60 [00:40<00:14,  1.03it/s]
train:  77%|███████▋  | 46/60 [00:40<00:10,  1.36it/s]
train:  78%|███████▊  | 47/60 [00:42<00:12,  1.01it/s]
train:  80%|████████  | 48/60 [00:42<00:08,  1.34it/s]
train:  82%|████████▏ | 49/60 [00:43<00:10,  1.04it/s]
train:  83%|████████▎ | 50/60 [00:44<00:07,  1.37it/s]
train:  85%|████████▌ | 51/60 [00:45<00:08,  1.04it/s]
train:  87%|████████▋ | 52/60 [00:45<00:05,  1.36it/s]
train:  88%|████████▊ | 53/60 [00:47<00:06,  1.01it/s]
train:  90%|█████████ | 54/60 [00:47<00:04,  1.34it/s]
train:  92%|█████████▏| 55/60 [00:48<00:04,  1.03it/s]
train:  93%|█████████▎| 56/60 [00:49<00:02,  1.36it/s]
train:  95%|█████████▌| 57/60 [00:50<00:02,  1.03it/s]
train:  97%|█████████▋| 58/60 [00:50<00:01,  1.37it/s]
train:  98%|█████████▊| 59/60 [00:52<00:00,  1.06it/s]
train: 100%|██████████| 60/60 [00:52<00:00,  1.39it/s]
                                                      

eval:   0%|          | 0/15 [00:00<?, ?it/s]
eval:   7%|▋         | 1/15 [00:01<00:23,  1.66s/it]
eval:  20%|██        | 3/15 [00:04<00:19,  1.60s/it]
eval:  33%|███▎      | 5/15 [00:06<00:11,  1.18s/it]
eval:  47%|████▋     | 7/15 [00:07<00:08,  1.02s/it]
eval:  60%|██████    | 9/15 [00:09<00:05,  1.07it/s]
eval:  73%|███████▎  | 11/15 [00:11<00:03,  1.14it/s]
eval:  87%|████████▋ | 13/15 [00:12<00:01,  1.17it/s]
eval: 100%|██████████| 15/15 [00:14<00:00,  1.23it/s]
                                                     
Epoch 17 | stage - | train loss 0.6875 (cls 0.6875, ctr 0.0000) acc 0.7552 f1 0.7525 | val loss 0.6826 (cls 0.6826, ctr 0.0000) acc 0.7208 f1 0.7093 | lr [3.66e-06, 1.22e-04]

train:   0%|          | 0/60 [00:00<?, ?it/s]
train:   2%|▏         | 1/60 [00:01<01:47,  1.82s/it]
train:   3%|▎         | 2/60 [00:01<00:49,  1.17it/s]
train:   5%|▌         | 3/60 [00:03<01:13,  1.29s/it]
train:   7%|▋         | 4/60 [00:04<00:48,  1.16it/s]
train:   8%|▊         | 5/60 [00:06<01:15,  1.37s/it]
train:  10%|█         | 6/60 [00:06<00:52,  1.04it/s]
train:  12%|█▏        | 7/60 [00:08<01:13,  1.39s/it]
train:  13%|█▎        | 8/60 [00:08<00:52,  1.01s/it]
train:  15%|█▌        | 9/60 [00:11<01:12,  1.42s/it]
train:  17%|█▋        | 10/60 [00:11<00:51,  1.03s/it]
train:  18%|█▊        | 11/60 [00:13<01:10,  1.44s/it]
train:  20%|██        | 12/60 [00:13<00:50,  1.06s/it]
train:  22%|██▏       | 13/60 [00:16<01:06,  1.41s/it]
train:  23%|██▎       | 14/60 [00:16<00:47,  1.04s/it]
train:  25%|██▌       | 15/60 [00:18<01:03,  1.42s/it]
train:  27%|██▋       | 16/60 [00:18<00:46,  1.05s/it]
train:  28%|██▊       | 17/60 [00:21<01:02,  1.45s/it]
train:  30%|███       | 18/60 [00:21<00:45,  1.07s/it]
train:  32%|███▏      | 19/60 [00:25<01:19,  1.93s/it]
train:  33%|███▎      | 20/60 [00:25<00:56,  1.40s/it]
train:  35%|███▌      | 21/60 [00:27<01:07,  1.72s/it]
train:  37%|███▋      | 22/60 [00:28<00:47,  1.26s/it]
train:  38%|███▊      | 23/60 [00:30<00:59,  1.60s/it]
train:  40%|████      | 24/60 [00:30<00:42,  1.17s/it]
train:  42%|████▏     | 25/60 [00:33<00:53,  1.53s/it]
train:  43%|████▎     | 26/60 [00:33<00:38,  1.12s/it]
train:  45%|████▌     | 27/60 [00:35<00:49,  1.49s/it]
train:  47%|████▋     | 28/60 [00:35<00:35,  1.10s/it]
train:  48%|████▊     | 29/60 [00:38<00:44,  1.45s/it]
train:  50%|█████     | 30/60 [00:38<00:32,  1.07s/it]
train:  52%|█████▏    | 31/60 [00:40<00:42,  1.47s/it]
train:  53%|█████▎    | 32/60 [00:40<00:30,  1.08s/it]
train:  55%|█████▌    | 33/60 [00:43<00:38,  1.44s/it]
train:  57%|█████▋    | 34/60 [00:43<00:27,  1.06s/it]
train:  58%|█████▊    | 35/60 [00:45<00:37,  1.49s/it]
train:  60%|██████    | 36/60 [00:45<00:26,  1.10s/it]
train:  62%|██████▏   | 37/60 [00:47<00:28,  1.22s/it]
train:  63%|██████▎   | 38/60 [00:47<00:20,  1.10it/s]
train:  65%|██████▌   | 39/60 [00:49<00:22,  1.09s/it]
train:  67%|██████▋   | 40/60 [00:49<00:16,  1.22it/s]
train:  68%|██████▊   | 41/60 [00:50<00:19,  1.02s/it]
train:  70%|███████   | 42/60 [00:51<00:13,  1.29it/s]
train:  72%|███████▏  | 43/60 [00:52<00:17,  1.01s/it]
train:  73%|███████▎  | 44/60 [00:52<00:12,  1.31it/s]
train:  75%|███████▌  | 45/60 [00:54<00:14,  1.04it/s]
train:  77%|███████▋  | 46/60 [00:54<00:10,  1.37it/s]
train:  78%|███████▊  | 47/60 [00:57<00:18,  1.40s/it]
train:  80%|████████  | 48/60 [00:57<00:12,  1.04s/it]
train:  82%|████████▏ | 49/60 [00:58<00:12,  1.16s/it]
train:  83%|████████▎ | 50/60 [00:59<00:08,  1.16it/s]
train:  85%|████████▌ | 51/60 [01:00<00:09,  1.06s/it]
train:  87%|████████▋ | 52/60 [01:00<00:06,  1.25it/s]
train:  88%|████████▊ | 53/60 [01:02<00:06,  1.00it/s]
train:  90%|█████████ | 54/60 [01:02<00:04,  1.32it/s]
train:  92%|█████████▏| 55/60 [01:04<00:04,  1.01it/s]
train:  93%|█████████▎| 56/60 [01:04<00:03,  1.33it/s]
train:  95%|█████████▌| 57/60 [01:05<00:02,  1.02it/s]
train:  97%|█████████▋| 58/60 [01:05<00:01,  1.35it/s]
train:  98%|█████████▊| 59/60 [01:07<00:00,  1.06it/s]
train: 100%|██████████| 60/60 [01:07<00:00,  1.40it/s]
                                                      

eval:   0%|          | 0/15 [00:00<?, ?it/s]
eval:   7%|▋         | 1/15 [00:01<00:23,  1.67s/it]
eval:  20%|██        | 3/15 [00:03<00:12,  1.05s/it]
eval:  33%|███▎      | 5/15 [00:04<00:09,  1.09it/s]
eval:  47%|████▋     | 7/15 [00:06<00:06,  1.16it/s]
eval:  60%|██████    | 9/15 [00:08<00:05,  1.19it/s]
eval:  73%|███████▎  | 11/15 [00:09<00:03,  1.24it/s]
eval:  87%|████████▋ | 13/15 [00:11<00:01,  1.22it/s]
eval: 100%|██████████| 15/15 [00:13<00:00,  1.03it/s]
                                                     
Epoch 18 | stage - | train loss 0.6564 (cls 0.6564, ctr 0.0000) acc 0.7552 f1 0.7513 | val loss 0.6633 (cls 0.6633, ctr 0.0000) acc 0.7542 f1 0.7398 | lr [3.17e-06, 1.06e-04]

train:   0%|          | 0/60 [00:00<?, ?it/s]
train:   2%|▏         | 1/60 [00:02<02:11,  2.23s/it]
train:   3%|▎         | 2/60 [00:02<00:59,  1.02s/it]
train:   5%|▌         | 3/60 [00:04<01:13,  1.28s/it]
train:   7%|▋         | 4/60 [00:04<00:47,  1.18it/s]
train:   8%|▊         | 5/60 [00:05<01:00,  1.10s/it]
train:  10%|█         | 6/60 [00:05<00:42,  1.27it/s]
train:  12%|█▏        | 7/60 [00:07<00:54,  1.04s/it]
train:  13%|█▎        | 8/60 [00:07<00:39,  1.32it/s]
train:  15%|█▌        | 9/60 [00:10<01:16,  1.49s/it]
train:  17%|█▋        | 10/60 [00:10<00:54,  1.09s/it]
train:  18%|█▊        | 11/60 [00:12<01:00,  1.24s/it]
train:  20%|██        | 12/60 [00:12<00:43,  1.09it/s]
train:  22%|██▏       | 13/60 [00:14<00:51,  1.10s/it]
train:  23%|██▎       | 14/60 [00:14<00:37,  1.22it/s]
train:  25%|██▌       | 15/60 [00:15<00:47,  1.05s/it]
train:  27%|██▋       | 16/60 [00:16<00:34,  1.27it/s]
train:  28%|██▊       | 17/60 [00:17<00:43,  1.02s/it]
train:  30%|███       | 18/60 [00:17<00:32,  1.30it/s]
train:  32%|███▏      | 19/60 [00:19<00:40,  1.01it/s]
train:  33%|███▎      | 20/60 [00:19<00:29,  1.35it/s]
train:  35%|███▌      | 21/60 [00:20<00:37,  1.05it/s]
train:  37%|███▋      | 22/60 [00:21<00:27,  1.39it/s]
train:  38%|███▊      | 23/60 [00:22<00:34,  1.08it/s]
train:  40%|████      | 24/60 [00:22<00:25,  1.42it/s]
train:  42%|████▏     | 25/60 [00:24<00:33,  1.06it/s]
train:  43%|████▎     | 26/60 [00:24<00:24,  1.40it/s]
train:  45%|████▌     | 27/60 [00:25<00:31,  1.06it/s]
train:  47%|████▋     | 28/60 [00:26<00:22,  1.39it/s]
train:  48%|████▊     | 29/60 [00:27<00:29,  1.03it/s]
train:  50%|█████     | 30/60 [00:27<00:21,  1.37it/s]
train:  52%|█████▏    | 31/60 [00:29<00:27,  1.04it/s]
train:  53%|█████▎    | 32/60 [00:29<00:20,  1.37it/s]
train:  55%|█████▌    | 33/60 [00:31<00:26,  1.03it/s]
train:  57%|█████▋    | 34/60 [00:31<00:19,  1.35it/s]
train:  58%|█████▊    | 35/60 [00:32<00:23,  1.05it/s]
train:  60%|██████    | 36/60 [00:32<00:17,  1.38it/s]
train:  62%|██████▏   | 37/60 [00:34<00:22,  1.04it/s]
train:  63%|██████▎   | 38/60 [00:34<00:16,  1.37it/s]
train:  65%|██████▌   | 39/60 [00:36<00:19,  1.05it/s]
train:  67%|██████▋   | 40/60 [00:36<00:14,  1.38it/s]
train:  68%|██████▊   | 41/60 [00:37<00:18,  1.03it/s]
train:  70%|███████   | 42/60 [00:37<00:13,  1.37it/s]
train:  72%|███████▏  | 43/60 [00:39<00:16,  1.05it/s]
train:  73%|███████▎  | 44/60 [00:39<00:11,  1.39it/s]
train:  75%|███████▌  | 45/60 [00:41<00:13,  1.08it/s]
train:  77%|███████▋  | 46/60 [00:41<00:09,  1.42it/s]
train:  78%|███████▊  | 47/60 [00:44<00:18,  1.40s/it]
train:  80%|████████  | 48/60 [00:44<00:12,  1.04s/it]
train:  82%|████████▏ | 49/60 [00:46<00:13,  1.21s/it]
train:  83%|████████▎ | 50/60 [00:46<00:08,  1.11it/s]
train:  85%|████████▌ | 51/60 [00:47<00:09,  1.07s/it]
train:  87%|████████▋ | 52/60 [00:47<00:06,  1.24it/s]
train:  88%|████████▊ | 53/60 [00:49<00:07,  1.02s/it]
train:  90%|█████████ | 54/60 [00:49<00:04,  1.29it/s]
train:  92%|█████████▏| 55/60 [00:51<00:04,  1.01it/s]
train:  93%|█████████▎| 56/60 [00:51<00:03,  1.33it/s]
train:  95%|█████████▌| 57/60 [00:52<00:02,  1.02it/s]
train:  97%|█████████▋| 58/60 [00:52<00:01,  1.35it/s]
train:  98%|█████████▊| 59/60 [00:54<00:00,  1.07it/s]
train: 100%|██████████| 60/60 [00:54<00:00,  1.41it/s]
                                                      

eval:   0%|          | 0/15 [00:00<?, ?it/s]
eval:   7%|▋         | 1/15 [00:01<00:23,  1.66s/it]
eval:  20%|██        | 3/15 [00:03<00:12,  1.05s/it]
eval:  33%|███▎      | 5/15 [00:04<00:09,  1.09it/s]
eval:  47%|████▋     | 7/15 [00:06<00:06,  1.16it/s]
eval:  60%|██████    | 9/15 [00:08<00:04,  1.20it/s]
eval:  73%|███████▎  | 11/15 [00:09<00:03,  1.25it/s]
eval:  87%|████████▋ | 13/15 [00:11<00:01,  1.25it/s]
eval: 100%|██████████| 15/15 [00:12<00:00,  1.30it/s]
                                                     
Epoch 19 | stage - | train loss 0.7182 (cls 0.7182, ctr 0.0000) acc 0.7344 f1 0.7322 | val loss 0.6977 (cls 0.6977, ctr 0.0000) acc 0.7250 f1 0.7112 | lr [3.00e-06, 1.00e-04]

train:   0%|          | 0/60 [00:00<?, ?it/s]
train:   2%|▏         | 1/60 [00:01<01:53,  1.93s/it]
train:   3%|▎         | 2/60 [00:02<00:52,  1.11it/s]
train:   5%|▌         | 3/60 [00:03<01:03,  1.12s/it]
train:   7%|▋         | 4/60 [00:03<00:42,  1.32it/s]
train:   8%|▊         | 5/60 [00:05<00:56,  1.03s/it]
train:  10%|█         | 6/60 [00:05<00:39,  1.35it/s]
train:  12%|█▏        | 7/60 [00:06<00:52,  1.01it/s]
train:  13%|█▎        | 8/60 [00:07<00:38,  1.37it/s]
train:  15%|█▌        | 9/60 [00:10<01:12,  1.43s/it]
train:  17%|█▋        | 10/60 [00:10<00:52,  1.04s/it]
train:  18%|█▊        | 11/60 [00:11<00:58,  1.20s/it]
train:  20%|██        | 12/60 [00:11<00:42,  1.12it/s]
train:  22%|██▏       | 13/60 [00:13<00:52,  1.12s/it]
train:  23%|██▎       | 14/60 [00:13<00:38,  1.19it/s]
train:  25%|██▌       | 15/60 [00:15<00:47,  1.06s/it]
train:  27%|██▋       | 16/60 [00:15<00:35,  1.25it/s]
train:  28%|██▊       | 17/60 [00:17<00:42,  1.00it/s]
train:  30%|███       | 18/60 [00:17<00:31,  1.32it/s]
train:  32%|███▏      | 19/60 [00:18<00:40,  1.02it/s]
train:  33%|███▎      | 20/60 [00:18<00:29,  1.35it/s]
train:  35%|███▌      | 21/60 [00:20<00:38,  1.02it/s]
train:  37%|███▋      | 22/60 [00:20<00:28,  1.35it/s]
train:  38%|███▊      | 23/60 [00:22<00:35,  1.04it/s]
train:  40%|████      | 24/60 [00:22<00:26,  1.37it/s]
train:  42%|████▏     | 25/60 [00:23<00:33,  1.03it/s]
train:  43%|████▎     | 26/60 [00:23<00:24,  1.36it/s]
train:  45%|████▌     | 27/60 [00:25<00:31,  1.04it/s]
train:  47%|████▋     | 28/60 [00:25<00:23,  1.37it/s]
train:  48%|████▊     | 29/60 [00:27<00:30,  1.03it/s]
train:  50%|█████     | 30/60 [00:27<00:21,  1.37it/s]
train:  52%|█████▏    | 31/60 [00:28<00:27,  1.06it/s]
train:  53%|█████▎    | 32/60 [00:29<00:20,  1.40it/s]
train:  55%|█████▌    | 33/60 [00:30<00:25,  1.07it/s]
train:  57%|█████▋    | 34/60 [00:30<00:18,  1.42it/s]
train:  58%|█████▊    | 35/60 [00:32<00:23,  1.06it/s]
train:  60%|██████    | 36/60 [00:32<00:17,  1.40it/s]
train:  62%|██████▏   | 37/60 [00:33<00:22,  1.04it/s]
train:  63%|██████▎   | 38/60 [00:34<00:16,  1.37it/s]
train:  65%|██████▌   | 39/60 [00:35<00:20,  1.04it/s]
train:  67%|██████▋   | 40/60 [00:35<00:14,  1.37it/s]
train:  68%|██████▊   | 41/60 [00:37<00:18,  1.03it/s]
train:  70%|███████   | 42/60 [00:37<00:13,  1.36it/s]
train:  72%|███████▏  | 43/60 [00:38<00:16,  1.05it/s]
train:  73%|███████▎  | 44/60 [00:39<00:11,  1.38it/s]
train:  75%|███████▌  | 45/60 [00:40<00:14,  1.03it/s]
train:  77%|███████▋  | 46/60 [00:40<00:10,  1.36it/s]
train:  78%|███████▊  | 47/60 [00:43<00:18,  1.40s/it]
train:  80%|████████  | 48/60 [00:43<00:12,  1.02s/it]
train:  82%|████████▏ | 49/60 [00:45<00:13,  1.21s/it]
train:  83%|████████▎ | 50/60 [00:45<00:09,  1.11it/s]
train:  85%|████████▌ | 51/60 [00:47<00:09,  1.09s/it]
train:  87%|████████▋ | 52/60 [00:47<00:06,  1.23it/s]
train:  88%|████████▊ | 53/60 [00:48<00:07,  1.02s/it]
train:  90%|█████████ | 54/60 [00:49<00:04,  1.29it/s]
train:  92%|█████████▏| 55/60 [00:50<00:04,  1.02it/s]
train:  93%|█████████▎| 56/60 [00:50<00:02,  1.35it/s]
train:  95%|█████████▌| 57/60 [00:52<00:02,  1.03it/s]
train:  97%|█████████▋| 58/60 [00:52<00:01,  1.36it/s]
train:  98%|█████████▊| 59/60 [00:53<00:00,  1.06it/s]
train: 100%|██████████| 60/60 [00:54<00:00,  1.40it/s]
                                                      

eval:   0%|          | 0/15 [00:00<?, ?it/s]
eval:   7%|▋         | 1/15 [00:01<00:22,  1.62s/it]
eval:  20%|██        | 3/15 [00:03<00:12,  1.04s/it]
eval:  33%|███▎      | 5/15 [00:04<00:09,  1.11it/s]
eval:  47%|████▋     | 7/15 [00:06<00:06,  1.17it/s]
eval:  60%|██████    | 9/15 [00:08<00:05,  1.20it/s]
eval:  73%|███████▎  | 11/15 [00:09<00:03,  1.23it/s]
eval:  87%|████████▋ | 13/15 [00:11<00:01,  1.23it/s]
eval: 100%|██████████| 15/15 [00:12<00:00,  1.27it/s]
                                                     
Epoch 20 | stage - | train loss 0.7006 (cls 0.7006, ctr 0.0000) acc 0.7417 f1 0.7395 | val loss 0.6385 (cls 0.6385, ctr 0.0000) acc 0.7625 f1 0.7467 | lr [3.00e-06, 1.00e-04]
[INFO] Reloaded best validation checkpoint: /home/louis/projects/MultimodalEmotionRecognition/outputs/speaker_independent_tracked_v1/fold_01/audio/best.pt (epoch 14)

eval:   0%|          | 0/15 [00:00<?, ?it/s]libEGL warning: DRI3 error: Could not get DRI3 device
libEGL warning: Ensure your X server supports DRI3 to get accelerated rendering
libEGL warning: DRI3 error: Could not get DRI3 device
libEGL warning: Ensure your X server supports DRI3 to get accelerated rendering
WARNING: All log messages before absl::InitializeLog() is called are written to STDERR
I0000 00:00:1791458352.510295   35777 gl_context_egl.cc:85] Successfully initialized EGL. Major : 1 Minor: 5
WARNING: All log messages before absl::InitializeLog() is called are written to STDERR
I0000 00:00:1791458352.510315   35778 gl_context_egl.cc:85] Successfully initialized EGL. Major : 1 Minor: 5
I0000 00:00:1791458352.538737   36002 gl_context.cc:369] GL version: 3.2 (OpenGL ES 3.2 Mesa 25.2.8-0ubuntu0.24.04.2), renderer: llvmpipe (LLVM 20.1.2, 256 bits)
I0000 00:00:1791458352.538735   36003 gl_context.cc:369] GL version: 3.2 (OpenGL ES 3.2 Mesa 25.2.8-0ubuntu0.24.04.2), renderer: llvmpipe (LLVM 20.1.2, 256 bits)
INFO: Created TensorFlow Lite XNNPACK delegate for CPU.
INFO: Created TensorFlow Lite XNNPACK delegate for CPU.
W0000 00:00:1791458352.554142   35893 inference_feedback_manager.cc:114] Feedback manager requires a model with a single signature inference. Disabling support for feedback tensors.
W0000 00:00:1791458352.554523   35898 inference_feedback_manager.cc:114] Feedback manager requires a model with a single signature inference. Disabling support for feedback tensors.

eval:   7%|▋         | 1/15 [00:03<00:47,  3.40s/it]
eval:  20%|██        | 3/15 [00:04<00:16,  1.41s/it]
eval:  33%|███▎      | 5/15 [00:06<00:11,  1.12s/it]
eval:  47%|████▋     | 7/15 [00:08<00:07,  1.00it/s]
eval:  60%|██████    | 9/15 [00:11<00:07,  1.22s/it]
eval:  67%|██████▋   | 10/15 [00:11<00:04,  1.02it/s]
eval:  73%|███████▎  | 11/15 [00:13<00:04,  1.13s/it]
eval:  87%|████████▋ | 13/15 [00:14<00:02,  1.03s/it]
eval: 100%|██████████| 15/15 [00:16<00:00,  1.09it/s]
                                                     
Test | loss 0.6999 (cls 0.6999, ctr 0.0000) acc 0.7708 f1 0.7651
Best val macro-F1: 0.7632 | checkpoint: /home/louis/projects/MultimodalEmotionRecognition/outputs/speaker_independent_tracked_v1/fold_01/audio/best.pt
wandb: 
wandb: Run history:
wandb:     best/val_macro_f1 ▁
wandb:                 epoch ▁▁▂▂▂▃▃▄▄▄▅▅▅▆▆▇▇▇██
wandb:            lr/group_0 ███▇▇▇▆▆▅▅▄▃▃▂▂▂▁▁▁▁
wandb:            lr/group_1 ███▇▇▇▆▆▅▅▄▃▃▂▂▂▁▁▁▁
wandb:                 stage ▁▁▁▁▁▁▁▁▁▁▁▁▁▁▁▁▁▁▁▁
wandb:              test/acc ▁
wandb:         test/accuracy ▁
wandb:       test/best_epoch ▁
wandb:         test/cls_loss ▁
wandb: test/contrastive_loss ▁
wandb:                   +15 ...
wandb: 
wandb: Run summary:
wandb:     best/val_macro_f1 0.76324
wandb:                 epoch 20
wandb:            lr/group_0 0.0
wandb:            lr/group_1 0.0001
wandb:                 stage 0
wandb:              test/acc 0.77083
wandb:         test/accuracy 0.77083
wandb:       test/best_epoch 14
wandb:         test/cls_loss 0.69992
wandb: test/contrastive_loss 0
wandb:                   +15 ...
wandb: 
wandb: You can sync this run to the cloud by running:
wandb: wandb sync /home/louis/projects/MultimodalEmotionRecognition/outputs/speaker_independent_tracked_v1/fold_01/audio/wandb/offline-run-20261008_185533-56c9f0f827da458095e992881d785563
wandb: Find logs at: ./outputs/speaker_independent_tracked_v1/fold_01/audio/wandb/offline-run-20261008_185533-56c9f0f827da458095e992881d785563/logs
[REVISION] fold=1 model=video smoke=False
[REVISION] profile=spmb2026-video-v1 resolved={"audio_backbone_lr": 1e-05, "audio_n_mels": 64, "backbone_lr": 3e-05, "batch_size": 16, "cosine_stage2_only": false, "early_stopping_patience": 10, "epochs": 20, "frames": 8, "fusion": "video", "fusion_align_dim": 256, "fusion_align_mode": "none", "fusion_align_temperature": 0.07, "fusion_align_weight": 0.1, "fusion_unfreeze_audio": true, "fusion_unfreeze_video_blocks": 1, "fusion_unfreeze_wavlm_layers": 2, "label_smoothing": 0.0, "lr": 0.001, "no_pretrained_video": false, "num_classes": 8, "num_workers": -1, "seed": 42, "smoke": false, "split_mode": "actor", "stage1_epochs": 5, "temporal_dropout": 0.1, "temporal_num_heads": 4, "temporal_num_layers": 1, "temporal_pooling": "mean", "train_ratio": 0.7, "two_stage_training": false, "use_cosine_annealing": true, "use_face_crop": true, "use_resnet_audio": false, "use_wavlm": true, "val_ratio": 0.15, "video_backbone_lr": 1e-05, "wandb": false, "wavlm_stage": 1, "weight_decay": 0.0001, "xattn_attn_dropout": 0.1, "xattn_d_model": 128, "xattn_emotion_prior_dim": 8, "xattn_emotion_prior_dropout": 0.1, "xattn_emotion_prior_hidden_dim": 64, "xattn_head": "concat", "xattn_heads": 4, "xattn_stochastic_depth": 0.1, "xattn_use_emotion_prior": false}
[REVISION] disjoint split={'fold': 1, 'train_actors': [9, 10, 11, 12, 13, 14, 15, 16, 17, 18, 19, 20, 21, 22, 23, 24], 'val_actors': [5, 6, 7, 8], 'test_actors': [1, 2, 3, 4]}
[REVISION] audio_ckpt=none video_ckpt=none
wandb: WARNING `resume` will be ignored since W&B syncing is set to `offline`. Starting a new run with run id 036a841b0c81436ea46c48ef5533c18d.
wandb: Tracking run with wandb version 0.24.1
wandb: W&B syncing is set to `offline` in this directory. Run `wandb online` or set WANDB_MODE=online to enable cloud syncing.
wandb: Run data is saved locally in /home/louis/projects/MultimodalEmotionRecognition/outputs/speaker_independent_tracked_v1/fold_01/video/wandb/offline-run-20261008_191928-036a841b0c81436ea46c48ef5533c18d
Total pairs: 1440
Sample pair: actor=1 emotion=1 intensity=1 statement=1 repetition=1
Sample pair: actor=2 emotion=1 intensity=1 statement=1 repetition=1
Sample pair: actor=3 emotion=1 intensity=1 statement=1 repetition=1
Using actor-based split
Train pairs: 960 | Val pairs: 240 | Test pairs: 240
Train class distribution: {0: 64, 1: 128, 2: 128, 3: 128, 4: 128, 5: 128, 6: 128, 7: 128}
Val class distribution: {0: 16, 1: 32, 2: 32, 3: 32, 4: 32, 5: 32, 6: 32, 7: 32}
Test class distribution: {0: 16, 1: 32, 2: 32, 3: 32, 4: 32, 5: 32, 6: 32, 7: 32}
DataLoader config: num_workers=2, pin_memory=True, persistent_workers=True

============================================================
CUDA available: True
GPU device: NVIDIA GeForce RTX 5080 Laptop GPU
GPU memory: 17.07 GB
Device: cuda
============================================================

Model parameters: 11,180,616 (trainable: 11,180,616)

[INFO] Cosine scheduler (group-wise): group0: base_lr=1.00e-03, eta_min=1.00e-04
[INFO] Trainable parameters after stage setup: 11,180,616

train:   0%|          | 0/60 [00:00<?, ?it/s]libEGL warning: DRI3 error: Could not get DRI3 device
libEGL warning: Ensure your X server supports DRI3 to get accelerated rendering
libEGL warning: DRI3 error: Could not get DRI3 device
libEGL warning: Ensure your X server supports DRI3 to get accelerated rendering
WARNING: All log messages before absl::InitializeLog() is called are written to STDERR
I0000 00:00:1791458369.307946   39872 gl_context_egl.cc:85] Successfully initialized EGL. Major : 1 Minor: 5
WARNING: All log messages before absl::InitializeLog() is called are written to STDERR
I0000 00:00:1791458369.308228   39870 gl_context_egl.cc:85] Successfully initialized EGL. Major : 1 Minor: 5
I0000 00:00:1791458369.318235   40096 gl_context.cc:369] GL version: 3.2 (OpenGL ES 3.2 Mesa 25.2.8-0ubuntu0.24.04.2), renderer: llvmpipe (LLVM 20.1.2, 256 bits)
I0000 00:00:1791458369.318385   40097 gl_context.cc:369] GL version: 3.2 (OpenGL ES 3.2 Mesa 25.2.8-0ubuntu0.24.04.2), renderer: llvmpipe (LLVM 20.1.2, 256 bits)
INFO: Created TensorFlow Lite XNNPACK delegate for CPU.
INFO: Created TensorFlow Lite XNNPACK delegate for CPU.
W0000 00:00:1791458369.330363   39995 inference_feedback_manager.cc:114] Feedback manager requires a model with a single signature inference. Disabling support for feedback tensors.
W0000 00:00:1791458369.332415   39990 inference_feedback_manager.cc:114] Feedback manager requires a model with a single signature inference. Disabling support for feedback tensors.

train:   2%|▏         | 1/60 [00:03<03:02,  3.10s/it]
train:   3%|▎         | 2/60 [00:03<01:21,  1.40s/it]
train:   5%|▌         | 3/60 [00:04<01:11,  1.25s/it]
train:   8%|▊         | 5/60 [00:06<00:55,  1.00s/it]
train:  12%|█▏        | 7/60 [00:07<00:48,  1.08it/s]
train:  15%|█▌        | 9/60 [00:09<00:44,  1.14it/s]
train:  17%|█▋        | 10/60 [00:09<00:35,  1.39it/s]
train:  18%|█▊        | 11/60 [00:10<00:45,  1.09it/s]
train:  20%|██        | 12/60 [00:11<00:34,  1.40it/s]
train:  22%|██▏       | 13/60 [00:12<00:43,  1.07it/s]
train:  25%|██▌       | 15/60 [00:14<00:40,  1.11it/s]
train:  27%|██▋       | 16/60 [00:14<00:31,  1.40it/s]
train:  28%|██▊       | 17/60 [00:16<00:39,  1.08it/s]
train:  32%|███▏      | 19/60 [00:17<00:36,  1.12it/s]
train:  33%|███▎      | 20/60 [00:17<00:28,  1.40it/s]
train:  35%|███▌      | 21/60 [00:19<00:36,  1.08it/s]
train:  37%|███▋      | 22/60 [00:19<00:27,  1.40it/s]
train:  38%|███▊      | 23/60 [00:21<00:34,  1.06it/s]
train:  42%|████▏     | 25/60 [00:22<00:31,  1.12it/s]
train:  45%|████▌     | 27/60 [00:24<00:28,  1.16it/s]
train:  48%|████▊     | 29/60 [00:27<00:34,  1.10s/it]
train:  52%|█████▏    | 31/60 [00:29<00:29,  1.02s/it]
train:  53%|█████▎    | 32/60 [00:29<00:23,  1.19it/s]
train:  55%|█████▌    | 33/60 [00:30<00:27,  1.02s/it]
train:  58%|█████▊    | 35/60 [00:32<00:23,  1.05it/s]
train:  62%|██████▏   | 37/60 [00:34<00:21,  1.09it/s]
train:  65%|██████▌   | 39/60 [00:35<00:18,  1.13it/s]
train:  68%|██████▊   | 41/60 [00:37<00:16,  1.15it/s]
train:  72%|███████▏  | 43/60 [00:39<00:14,  1.16it/s]
train:  75%|███████▌  | 45/60 [00:40<00:12,  1.18it/s]
train:  78%|███████▊  | 47/60 [00:42<00:10,  1.20it/s]
train:  82%|████████▏ | 49/60 [00:45<00:11,  1.08s/it]
train:  85%|████████▌ | 51/60 [00:48<00:10,  1.20s/it]
train:  88%|████████▊ | 53/60 [00:51<00:08,  1.28s/it]
train:  92%|█████████▏| 55/60 [00:54<00:06,  1.30s/it]
train:  95%|█████████▌| 57/60 [00:56<00:03,  1.25s/it]
train:  98%|█████████▊| 59/60 [01:00<00:01,  1.47s/it]
                                                      

eval:   0%|          | 0/15 [00:00<?, ?it/s]libEGL warning: DRI3 error: Could not get DRI3 device
libEGL warning: Ensure your X server supports DRI3 to get accelerated rendering
libEGL warning: DRI3 error: Could not get DRI3 device
libEGL warning: Ensure your X server supports DRI3 to get accelerated rendering
WARNING: All log messages before absl::InitializeLog() is called are written to STDERR
I0000 00:00:1791458430.165105   56763 gl_context_egl.cc:85] Successfully initialized EGL. Major : 1 Minor: 5
WARNING: All log messages before absl::InitializeLog() is called are written to STDERR
I0000 00:00:1791458430.165374   56762 gl_context_egl.cc:85] Successfully initialized EGL. Major : 1 Minor: 5
I0000 00:00:1791458430.182680   56987 gl_context.cc:369] GL version: 3.2 (OpenGL ES 3.2 Mesa 25.2.8-0ubuntu0.24.04.2), renderer: llvmpipe (LLVM 20.1.2, 256 bits)
I0000 00:00:1791458430.183086   56988 gl_context.cc:369] GL version: 3.2 (OpenGL ES 3.2 Mesa 25.2.8-0ubuntu0.24.04.2), renderer: llvmpipe (LLVM 20.1.2, 256 bits)
INFO: Created TensorFlow Lite XNNPACK delegate for CPU.
INFO: Created TensorFlow Lite XNNPACK delegate for CPU.
W0000 00:00:1791458430.201704   56867 inference_feedback_manager.cc:114] Feedback manager requires a model with a single signature inference. Disabling support for feedback tensors.
W0000 00:00:1791458430.203486   56883 inference_feedback_manager.cc:114] Feedback manager requires a model with a single signature inference. Disabling support for feedback tensors.

eval:   7%|▋         | 1/15 [00:03<00:53,  3.83s/it]
eval:  13%|█▎        | 2/15 [00:03<00:21,  1.64s/it]
eval:  20%|██        | 3/15 [00:06<00:22,  1.91s/it]
eval:  33%|███▎      | 5/15 [00:08<00:14,  1.48s/it]
eval:  47%|████▋     | 7/15 [00:10<00:10,  1.34s/it]
eval:  53%|█████▎    | 8/15 [00:10<00:07,  1.04s/it]
eval:  60%|██████    | 9/15 [00:13<00:08,  1.36s/it]
eval:  67%|██████▋   | 10/15 [00:13<00:05,  1.02s/it]
eval:  73%|███████▎  | 11/15 [00:15<00:05,  1.31s/it]
eval:  87%|████████▋ | 13/15 [00:17<00:02,  1.27s/it]
eval: 100%|██████████| 15/15 [00:19<00:00,  1.11s/it]
                                                     
Epoch 01 | stage - | train loss 2.1443 (cls 2.1443, ctr 0.0000) acc 0.2042 f1 0.1830 | val loss 1.7197 (cls 1.7197, ctr 0.0000) acc 0.3000 f1 0.2791 | lr 9.78e-04

train:   0%|          | 0/60 [00:00<?, ?it/s]
train:   2%|▏         | 1/60 [00:02<02:38,  2.68s/it]
train:   5%|▌         | 3/60 [00:05<01:33,  1.64s/it]
train:   8%|▊         | 5/60 [00:07<01:16,  1.39s/it]
train:  12%|█▏        | 7/60 [00:09<01:01,  1.17s/it]
train:  15%|█▌        | 9/60 [00:11<00:54,  1.06s/it]
train:  18%|█▊        | 11/60 [00:14<01:01,  1.25s/it]
train:  22%|██▏       | 13/60 [00:15<00:52,  1.13s/it]
train:  25%|██▌       | 15/60 [00:17<00:46,  1.04s/it]
train:  28%|██▊       | 17/60 [00:19<00:41,  1.03it/s]
train:  32%|███▏      | 19/60 [00:20<00:37,  1.08it/s]
train:  35%|███▌      | 21/60 [00:22<00:34,  1.13it/s]
train:  38%|███▊      | 23/60 [00:24<00:31,  1.17it/s]
train:  42%|████▏     | 25/60 [00:25<00:29,  1.20it/s]
train:  45%|████▌     | 27/60 [00:27<00:27,  1.20it/s]
train:  48%|████▊     | 29/60 [00:28<00:25,  1.21it/s]
train:  52%|█████▏    | 31/60 [00:30<00:23,  1.22it/s]
train:  55%|█████▌    | 33/60 [00:32<00:22,  1.22it/s]
train:  58%|█████▊    | 35/60 [00:33<00:20,  1.22it/s]
train:  62%|██████▏   | 37/60 [00:35<00:18,  1.23it/s]
train:  65%|██████▌   | 39/60 [00:37<00:17,  1.23it/s]
train:  68%|██████▊   | 41/60 [00:38<00:15,  1.21it/s]
train:  72%|███████▏  | 43/60 [00:40<00:14,  1.21it/s]
train:  75%|███████▌  | 45/60 [00:42<00:12,  1.21it/s]
train:  78%|███████▊  | 47/60 [00:43<00:10,  1.21it/s]
train:  82%|████████▏ | 49/60 [00:45<00:09,  1.21it/s]
train:  85%|████████▌ | 51/60 [00:48<00:09,  1.07s/it]
train:  88%|████████▊ | 53/60 [00:50<00:07,  1.02s/it]
train:  92%|█████████▏| 55/60 [00:52<00:04,  1.04it/s]
train:  95%|█████████▌| 57/60 [00:53<00:02,  1.09it/s]
train:  98%|█████████▊| 59/60 [00:55<00:00,  1.13it/s]
                                                      

eval:   0%|          | 0/15 [00:00<?, ?it/s]
eval:   7%|▋         | 1/15 [00:01<00:22,  1.57s/it]
eval:  20%|██        | 3/15 [00:03<00:12,  1.03s/it]
eval:  33%|███▎      | 5/15 [00:04<00:08,  1.13it/s]
eval:  47%|████▋     | 7/15 [00:06<00:06,  1.17it/s]
eval:  60%|██████    | 9/15 [00:07<00:05,  1.20it/s]
eval:  73%|███████▎  | 11/15 [00:09<00:03,  1.26it/s]
eval:  87%|████████▋ | 13/15 [00:11<00:01,  1.26it/s]
eval: 100%|██████████| 15/15 [00:12<00:00,  1.32it/s]
                                                     
Epoch 02 | stage - | train loss 1.5487 (cls 1.5487, ctr 0.0000) acc 0.4125 f1 0.3970 | val loss 1.6355 (cls 1.6355, ctr 0.0000) acc 0.4708 f1 0.4031 | lr 9.51e-04

train:   0%|          | 0/60 [00:00<?, ?it/s]
train:   2%|▏         | 1/60 [00:01<01:44,  1.77s/it]
train:   5%|▌         | 3/60 [00:03<00:58,  1.02s/it]
train:   8%|▊         | 5/60 [00:04<00:50,  1.09it/s]
train:  12%|█▏        | 7/60 [00:06<00:46,  1.13it/s]
train:  15%|█▌        | 9/60 [00:08<00:44,  1.15it/s]
train:  18%|█▊        | 11/60 [00:09<00:41,  1.18it/s]
train:  22%|██▏       | 13/60 [00:11<00:39,  1.19it/s]
train:  25%|██▌       | 15/60 [00:14<00:49,  1.09s/it]
train:  28%|██▊       | 17/60 [00:16<00:43,  1.02s/it]
train:  32%|███▏      | 19/60 [00:18<00:39,  1.05it/s]
train:  33%|███▎      | 20/60 [00:18<00:32,  1.25it/s]
train:  35%|███▌      | 21/60 [00:19<00:36,  1.06it/s]
train:  37%|███▋      | 22/60 [00:19<00:28,  1.32it/s]
train:  38%|███▊      | 23/60 [00:21<00:35,  1.04it/s]
train:  42%|████▏     | 25/60 [00:23<00:32,  1.09it/s]
train:  45%|████▌     | 27/60 [00:24<00:29,  1.13it/s]
train:  48%|████▊     | 29/60 [00:26<00:26,  1.15it/s]
train:  52%|█████▏    | 31/60 [00:28<00:24,  1.17it/s]
train:  55%|█████▌    | 33/60 [00:29<00:22,  1.21it/s]
train:  58%|█████▊    | 35/60 [00:31<00:19,  1.25it/s]
train:  60%|██████    | 36/60 [00:31<00:16,  1.47it/s]
train:  62%|██████▏   | 37/60 [00:32<00:19,  1.20it/s]
train:  63%|██████▎   | 38/60 [00:32<00:14,  1.47it/s]
train:  65%|██████▌   | 39/60 [00:34<00:18,  1.15it/s]
train:  67%|██████▋   | 40/60 [00:34<00:13,  1.44it/s]
train:  68%|██████▊   | 41/60 [00:35<00:16,  1.13it/s]
train:  70%|███████   | 42/60 [00:36<00:12,  1.41it/s]
train:  72%|███████▏  | 43/60 [00:37<00:15,  1.09it/s]
train:  73%|███████▎  | 44/60 [00:37<00:11,  1.41it/s]
train:  75%|███████▌  | 45/60 [00:39<00:13,  1.13it/s]
train:  77%|███████▋  | 46/60 [00:39<00:10,  1.37it/s]
train:  78%|███████▊  | 47/60 [00:40<00:11,  1.10it/s]
train:  80%|████████  | 48/60 [00:41<00:08,  1.37it/s]
train:  82%|████████▏ | 49/60 [00:42<00:09,  1.11it/s]
train:  83%|████████▎ | 50/60 [00:42<00:07,  1.36it/s]
train:  85%|████████▌ | 51/60 [00:44<00:08,  1.10it/s]
train:  87%|████████▋ | 52/60 [00:44<00:06,  1.31it/s]
train:  88%|████████▊ | 53/60 [00:45<00:06,  1.06it/s]
train:  90%|█████████ | 54/60 [00:47<00:07,  1.24s/it]
train:  92%|█████████▏| 55/60 [00:49<00:06,  1.32s/it]
train:  93%|█████████▎| 56/60 [00:49<00:04,  1.04s/it]
train:  95%|█████████▌| 57/60 [00:50<00:03,  1.06s/it]
train:  97%|█████████▋| 58/60 [00:51<00:01,  1.17it/s]
train:  98%|█████████▊| 59/60 [00:52<00:00,  1.02it/s]
train: 100%|██████████| 60/60 [00:52<00:00,  1.28it/s]
                                                      

eval:   0%|          | 0/15 [00:00<?, ?it/s]
eval:   7%|▋         | 1/15 [00:01<00:22,  1.58s/it]
eval:  20%|██        | 3/15 [00:03<00:12,  1.03s/it]
eval:  33%|███▎      | 5/15 [00:04<00:09,  1.11it/s]
eval:  47%|████▋     | 7/15 [00:06<00:06,  1.19it/s]
eval:  60%|██████    | 9/15 [00:07<00:04,  1.21it/s]
eval:  67%|██████▋   | 10/15 [00:08<00:03,  1.49it/s]
eval:  73%|███████▎  | 11/15 [00:09<00:03,  1.22it/s]
eval:  87%|████████▋ | 13/15 [00:10<00:01,  1.23it/s]
eval: 100%|██████████| 15/15 [00:12<00:00,  1.30it/s]
                                                     
Epoch 03 | stage - | train loss 1.1881 (cls 1.1881, ctr 0.0000) acc 0.5688 f1 0.5640 | val loss 3.5908 (cls 3.5908, ctr 0.0000) acc 0.3000 f1 0.2016 | lr 9.14e-04

train:   0%|          | 0/60 [00:00<?, ?it/s]
train:   2%|▏         | 1/60 [00:01<01:53,  1.92s/it]
train:   5%|▌         | 3/60 [00:03<00:58,  1.03s/it]
train:   8%|▊         | 5/60 [00:05<00:50,  1.08it/s]
train:  12%|█▏        | 7/60 [00:06<00:46,  1.13it/s]
train:  15%|█▌        | 9/60 [00:08<00:44,  1.15it/s]
train:  18%|█▊        | 11/60 [00:09<00:41,  1.18it/s]
train:  22%|██▏       | 13/60 [00:11<00:39,  1.19it/s]
train:  25%|██▌       | 15/60 [00:13<00:37,  1.21it/s]
train:  28%|██▊       | 17/60 [00:16<00:46,  1.08s/it]
train:  32%|███▏      | 19/60 [00:18<00:41,  1.01s/it]
train:  35%|███▌      | 21/60 [00:19<00:37,  1.05it/s]
train:  38%|███▊      | 23/60 [00:21<00:33,  1.09it/s]
train:  42%|████▏     | 25/60 [00:23<00:31,  1.12it/s]
train:  45%|████▌     | 27/60 [00:24<00:28,  1.15it/s]
train:  48%|████▊     | 29/60 [00:26<00:25,  1.19it/s]
train:  52%|█████▏    | 31/60 [00:27<00:24,  1.21it/s]
train:  55%|█████▌    | 33/60 [00:29<00:22,  1.22it/s]
train:  57%|█████▋    | 34/60 [00:29<00:17,  1.45it/s]
train:  58%|█████▊    | 35/60 [00:31<00:21,  1.16it/s]
train:  62%|██████▏   | 37/60 [00:32<00:19,  1.18it/s]
train:  65%|██████▌   | 39/60 [00:34<00:17,  1.20it/s]
train:  68%|██████▊   | 41/60 [00:36<00:15,  1.22it/s]
train:  72%|███████▏  | 43/60 [00:37<00:13,  1.22it/s]
train:  75%|███████▌  | 45/60 [00:39<00:12,  1.22it/s]
train:  77%|███████▋  | 46/60 [00:39<00:09,  1.45it/s]
train:  78%|███████▊  | 47/60 [00:40<00:11,  1.16it/s]
train:  80%|████████  | 48/60 [00:41<00:08,  1.46it/s]
train:  82%|████████▏ | 49/60 [00:42<00:09,  1.11it/s]
train:  85%|████████▌ | 51/60 [00:44<00:07,  1.15it/s]
train:  87%|████████▋ | 52/60 [00:44<00:05,  1.44it/s]
train:  88%|████████▊ | 53/60 [00:45<00:06,  1.10it/s]
train:  90%|█████████ | 54/60 [00:45<00:04,  1.43it/s]
train:  92%|█████████▏| 55/60 [00:47<00:04,  1.07it/s]
train:  93%|█████████▎| 56/60 [00:47<00:02,  1.40it/s]
train:  95%|█████████▌| 57/60 [00:50<00:04,  1.38s/it]
train:  97%|█████████▋| 58/60 [00:50<00:02,  1.02s/it]
train:  98%|█████████▊| 59/60 [00:52<00:01,  1.18s/it]
train: 100%|██████████| 60/60 [00:52<00:00,  1.16it/s]
                                                      

eval:   0%|          | 0/15 [00:00<?, ?it/s]
eval:   7%|▋         | 1/15 [00:01<00:22,  1.61s/it]
eval:  20%|██        | 3/15 [00:03<00:12,  1.06s/it]
eval:  33%|███▎      | 5/15 [00:04<00:09,  1.08it/s]
eval:  40%|████      | 6/15 [00:05<00:06,  1.42it/s]
eval:  47%|████▋     | 7/15 [00:06<00:07,  1.10it/s]
eval:  53%|█████▎    | 8/15 [00:06<00:04,  1.47it/s]
eval:  60%|██████    | 9/15 [00:07<00:05,  1.15it/s]
eval:  73%|███████▎  | 11/15 [00:09<00:03,  1.22it/s]
eval:  87%|████████▋ | 13/15 [00:11<00:01,  1.23it/s]
eval: 100%|██████████| 15/15 [00:12<00:00,  1.31it/s]
                                                     
Epoch 04 | stage - | train loss 0.9525 (cls 0.9525, ctr 0.0000) acc 0.6344 f1 0.6294 | val loss 2.4918 (cls 2.4918, ctr 0.0000) acc 0.4625 f1 0.4296 | lr 8.68e-04

train:   0%|          | 0/60 [00:00<?, ?it/s]
train:   2%|▏         | 1/60 [00:01<01:52,  1.91s/it]
train:   5%|▌         | 3/60 [00:03<00:57,  1.00s/it]
train:   8%|▊         | 5/60 [00:04<00:48,  1.12it/s]
train:  12%|█▏        | 7/60 [00:06<00:44,  1.18it/s]
train:  15%|█▌        | 9/60 [00:07<00:41,  1.22it/s]
train:  18%|█▊        | 11/60 [00:09<00:40,  1.22it/s]
train:  22%|██▏       | 13/60 [00:11<00:38,  1.23it/s]
train:  23%|██▎       | 14/60 [00:11<00:31,  1.46it/s]
train:  25%|██▌       | 15/60 [00:12<00:38,  1.17it/s]
train:  27%|██▋       | 16/60 [00:13<00:31,  1.41it/s]
train:  28%|██▊       | 17/60 [00:14<00:40,  1.06it/s]
train:  32%|███▏      | 19/60 [00:16<00:36,  1.12it/s]
train:  35%|███▌      | 21/60 [00:19<00:44,  1.13s/it]
train:  37%|███▋      | 22/60 [00:19<00:35,  1.06it/s]
train:  38%|███▊      | 23/60 [00:21<00:38,  1.05s/it]
train:  40%|████      | 24/60 [00:21<00:31,  1.16it/s]
train:  42%|████▏     | 25/60 [00:22<00:34,  1.02it/s]
train:  43%|████▎     | 26/60 [00:23<00:27,  1.24it/s]
train:  45%|████▌     | 27/60 [00:24<00:32,  1.01it/s]
train:  47%|████▋     | 28/60 [00:24<00:23,  1.35it/s]
train:  48%|████▊     | 29/60 [00:25<00:28,  1.08it/s]
train:  50%|█████     | 30/60 [00:26<00:20,  1.44it/s]
train:  52%|█████▏    | 31/60 [00:27<00:24,  1.17it/s]
train:  53%|█████▎    | 32/60 [00:27<00:19,  1.46it/s]
train:  55%|█████▌    | 33/60 [00:28<00:23,  1.17it/s]
train:  57%|█████▋    | 34/60 [00:29<00:17,  1.45it/s]
train:  58%|█████▊    | 35/60 [00:30<00:21,  1.14it/s]
train:  60%|██████    | 36/60 [00:30<00:16,  1.41it/s]
train:  62%|██████▏   | 37/60 [00:32<00:21,  1.07it/s]
train:  63%|██████▎   | 38/60 [00:32<00:15,  1.43it/s]
train:  65%|██████▌   | 39/60 [00:33<00:18,  1.11it/s]
train:  67%|██████▋   | 40/60 [00:34<00:14,  1.42it/s]
train:  68%|██████▊   | 41/60 [00:35<00:16,  1.15it/s]
train:  70%|███████   | 42/60 [00:35<00:13,  1.35it/s]
train:  72%|███████▏  | 43/60 [00:36<00:14,  1.16it/s]
train:  73%|███████▎  | 44/60 [00:37<00:11,  1.34it/s]
train:  75%|███████▌  | 45/60 [00:38<00:12,  1.16it/s]
train:  77%|███████▋  | 46/60 [00:38<00:10,  1.33it/s]
train:  78%|███████▊  | 47/60 [00:40<00:11,  1.17it/s]
train:  80%|████████  | 48/60 [00:40<00:08,  1.34it/s]
train:  82%|████████▏ | 49/60 [00:41<00:09,  1.12it/s]
train:  83%|████████▎ | 50/60 [00:42<00:07,  1.34it/s]
train:  85%|████████▌ | 51/60 [00:43<00:07,  1.16it/s]
train:  87%|████████▋ | 52/60 [00:43<00:06,  1.29it/s]
train:  88%|████████▊ | 53/60 [00:45<00:06,  1.12it/s]
train:  90%|█████████ | 54/60 [00:45<00:04,  1.28it/s]
train:  92%|█████████▏| 55/60 [00:46<00:04,  1.19it/s]
train:  93%|█████████▎| 56/60 [00:47<00:03,  1.27it/s]
train:  95%|█████████▌| 57/60 [00:48<00:02,  1.19it/s]
train:  97%|█████████▋| 58/60 [00:48<00:01,  1.24it/s]
train:  98%|█████████▊| 59/60 [00:50<00:00,  1.08it/s]
train: 100%|██████████| 60/60 [00:50<00:00,  1.19it/s]
                                                      

eval:   0%|          | 0/15 [00:00<?, ?it/s]
eval:   7%|▋         | 1/15 [00:03<00:43,  3.14s/it]
eval:  20%|██        | 3/15 [00:04<00:17,  1.45s/it]
eval:  33%|███▎      | 5/15 [00:06<00:11,  1.12s/it]
eval:  47%|████▋     | 7/15 [00:07<00:07,  1.06it/s]
eval:  60%|██████    | 9/15 [00:09<00:05,  1.13it/s]
eval:  73%|███████▎  | 11/15 [00:10<00:03,  1.20it/s]
eval:  87%|████████▋ | 13/15 [00:12<00:01,  1.25it/s]
eval: 100%|██████████| 15/15 [00:13<00:00,  1.32it/s]
                                                     
Epoch 05 | stage - | train loss 0.7788 (cls 0.7788, ctr 0.0000) acc 0.7156 f1 0.7155 | val loss 5.2489 (cls 5.2489, ctr 0.0000) acc 0.2958 f1 0.2445 | lr 8.15e-04

train:   0%|          | 0/60 [00:00<?, ?it/s]
train:   2%|▏         | 1/60 [00:01<01:51,  1.89s/it]
train:   5%|▌         | 3/60 [00:03<01:00,  1.07s/it]
train:   8%|▊         | 5/60 [00:04<00:48,  1.14it/s]
train:  12%|█▏        | 7/60 [00:06<00:44,  1.19it/s]
train:  15%|█▌        | 9/60 [00:07<00:41,  1.23it/s]
train:  18%|█▊        | 11/60 [00:09<00:39,  1.24it/s]
train:  22%|██▏       | 13/60 [00:11<00:38,  1.23it/s]
train:  25%|██▌       | 15/60 [00:12<00:36,  1.24it/s]
train:  28%|██▊       | 17/60 [00:14<00:34,  1.23it/s]
train:  32%|███▏      | 19/60 [00:16<00:33,  1.23it/s]
train:  35%|███▌      | 21/60 [00:17<00:31,  1.24it/s]
train:  38%|███▊      | 23/60 [00:19<00:30,  1.21it/s]
train:  42%|████▏     | 25/60 [00:22<00:36,  1.06s/it]
train:  45%|████▌     | 27/60 [00:24<00:32,  1.01it/s]
train:  48%|████▊     | 29/60 [00:25<00:28,  1.07it/s]
train:  52%|█████▏    | 31/60 [00:27<00:25,  1.12it/s]
train:  55%|█████▌    | 33/60 [00:28<00:23,  1.17it/s]
train:  58%|█████▊    | 35/60 [00:30<00:20,  1.22it/s]
train:  62%|██████▏   | 37/60 [00:32<00:18,  1.24it/s]
train:  65%|██████▌   | 39/60 [00:33<00:16,  1.26it/s]
train:  68%|██████▊   | 41/60 [00:35<00:14,  1.27it/s]
train:  72%|███████▏  | 43/60 [00:36<00:13,  1.25it/s]
train:  75%|███████▌  | 45/60 [00:38<00:12,  1.24it/s]
train:  78%|███████▊  | 47/60 [00:39<00:10,  1.24it/s]
train:  82%|████████▏ | 49/60 [00:41<00:08,  1.25it/s]
train:  85%|████████▌ | 51/60 [00:43<00:07,  1.25it/s]
train:  87%|████████▋ | 52/60 [00:43<00:05,  1.48it/s]
train:  88%|████████▊ | 53/60 [00:44<00:05,  1.19it/s]
train:  90%|█████████ | 54/60 [00:44<00:04,  1.45it/s]
train:  92%|█████████▏| 55/60 [00:46<00:04,  1.12it/s]
train:  93%|█████████▎| 56/60 [00:46<00:02,  1.44it/s]
train:  95%|█████████▌| 57/60 [00:48<00:02,  1.11it/s]
train:  97%|█████████▋| 58/60 [00:48<00:01,  1.41it/s]
train:  98%|█████████▊| 59/60 [00:49<00:00,  1.09it/s]
train: 100%|██████████| 60/60 [00:49<00:00,  1.45it/s]
                                                      

eval:   0%|          | 0/15 [00:00<?, ?it/s]
eval:   7%|▋         | 1/15 [00:01<00:23,  1.64s/it]
eval:  20%|██        | 3/15 [00:03<00:13,  1.11s/it]
eval:  33%|███▎      | 5/15 [00:06<00:13,  1.35s/it]
eval:  40%|████      | 6/15 [00:06<00:09,  1.01s/it]
eval:  47%|████▋     | 7/15 [00:08<00:08,  1.11s/it]
eval:  60%|██████    | 9/15 [00:09<00:05,  1.03it/s]
eval:  73%|███████▎  | 11/15 [00:11<00:03,  1.13it/s]
eval:  80%|████████  | 12/15 [00:11<00:02,  1.40it/s]
eval:  87%|████████▋ | 13/15 [00:12<00:01,  1.18it/s]
eval: 100%|██████████| 15/15 [00:13<00:00,  1.30it/s]
                                                     
Epoch 06 | stage - | train loss 0.7127 (cls 0.7127, ctr 0.0000) acc 0.7521 f1 0.7488 | val loss 2.0529 (cls 2.0529, ctr 0.0000) acc 0.5000 f1 0.4795 | lr 7.54e-04

train:   0%|          | 0/60 [00:00<?, ?it/s]
train:   2%|▏         | 1/60 [00:01<01:42,  1.73s/it]
train:   5%|▌         | 3/60 [00:03<00:56,  1.02it/s]
train:   8%|▊         | 5/60 [00:04<00:47,  1.15it/s]
train:  12%|█▏        | 7/60 [00:06<00:43,  1.21it/s]
train:  15%|█▌        | 9/60 [00:07<00:41,  1.22it/s]
train:  18%|█▊        | 11/60 [00:09<00:40,  1.22it/s]
train:  22%|██▏       | 13/60 [00:11<00:38,  1.22it/s]
train:  25%|██▌       | 15/60 [00:12<00:36,  1.23it/s]
train:  28%|██▊       | 17/60 [00:14<00:35,  1.20it/s]
train:  32%|███▏      | 19/60 [00:16<00:33,  1.21it/s]
train:  35%|███▌      | 21/60 [00:17<00:32,  1.21it/s]
train:  38%|███▊      | 23/60 [00:19<00:30,  1.22it/s]
train:  42%|████▏     | 25/60 [00:20<00:28,  1.23it/s]
train:  45%|████▌     | 27/60 [00:22<00:27,  1.21it/s]
train:  48%|████▊     | 29/60 [00:25<00:32,  1.05s/it]
train:  52%|█████▏    | 31/60 [00:27<00:28,  1.01it/s]
train:  55%|█████▌    | 33/60 [00:29<00:25,  1.06it/s]
train:  58%|█████▊    | 35/60 [00:30<00:22,  1.12it/s]
train:  62%|██████▏   | 37/60 [00:32<00:19,  1.18it/s]
train:  65%|██████▌   | 39/60 [00:33<00:17,  1.23it/s]
train:  68%|██████▊   | 41/60 [00:35<00:15,  1.26it/s]
train:  72%|███████▏  | 43/60 [00:36<00:13,  1.29it/s]
train:  75%|███████▌  | 45/60 [00:38<00:11,  1.30it/s]
train:  78%|███████▊  | 47/60 [00:39<00:10,  1.29it/s]
train:  82%|████████▏ | 49/60 [00:41<00:08,  1.28it/s]
train:  85%|████████▌ | 51/60 [00:42<00:07,  1.28it/s]
train:  88%|████████▊ | 53/60 [00:44<00:05,  1.25it/s]
train:  92%|█████████▏| 55/60 [00:46<00:04,  1.24it/s]
train:  95%|█████████▌| 57/60 [00:47<00:02,  1.22it/s]
train:  98%|█████████▊| 59/60 [00:49<00:00,  1.20it/s]
                                                      

eval:   0%|          | 0/15 [00:00<?, ?it/s]
eval:   7%|▋         | 1/15 [00:01<00:22,  1.59s/it]
eval:  20%|██        | 3/15 [00:03<00:12,  1.04s/it]
eval:  33%|███▎      | 5/15 [00:04<00:09,  1.10it/s]
eval:  47%|████▋     | 7/15 [00:06<00:07,  1.12it/s]
eval:  60%|██████    | 9/15 [00:08<00:05,  1.16it/s]
eval:  73%|███████▎  | 11/15 [00:10<00:04,  1.05s/it]
eval:  87%|████████▋ | 13/15 [00:12<00:01,  1.03it/s]
eval: 100%|██████████| 15/15 [00:13<00:00,  1.16it/s]
                                                     
Epoch 07 | stage - | train loss 0.4450 (cls 0.4450, ctr 0.0000) acc 0.8406 f1 0.8415 | val loss 2.9808 (cls 2.9808, ctr 0.0000) acc 0.5083 f1 0.5033 | lr 6.89e-04

train:   0%|          | 0/60 [00:00<?, ?it/s]
train:   2%|▏         | 1/60 [00:01<01:45,  1.78s/it]
train:   5%|▌         | 3/60 [00:03<00:53,  1.06it/s]
train:   8%|▊         | 5/60 [00:04<00:46,  1.18it/s]
train:  12%|█▏        | 7/60 [00:06<00:43,  1.23it/s]
train:  15%|█▌        | 9/60 [00:07<00:40,  1.26it/s]
train:  18%|█▊        | 11/60 [00:09<00:39,  1.26it/s]
train:  22%|██▏       | 13/60 [00:10<00:37,  1.24it/s]
train:  25%|██▌       | 15/60 [00:12<00:36,  1.23it/s]
train:  28%|██▊       | 17/60 [00:14<00:34,  1.24it/s]
train:  32%|███▏      | 19/60 [00:15<00:33,  1.24it/s]
train:  35%|███▌      | 21/60 [00:17<00:31,  1.22it/s]
train:  38%|███▊      | 23/60 [00:19<00:30,  1.20it/s]
train:  42%|████▏     | 25/60 [00:20<00:29,  1.20it/s]
train:  45%|████▌     | 27/60 [00:22<00:27,  1.21it/s]
train:  48%|████▊     | 29/60 [00:24<00:25,  1.20it/s]
train:  52%|█████▏    | 31/60 [00:25<00:24,  1.19it/s]
train:  55%|█████▌    | 33/60 [00:27<00:23,  1.17it/s]
train:  58%|█████▊    | 35/60 [00:30<00:25,  1.03s/it]
train:  62%|██████▏   | 37/60 [00:32<00:22,  1.04it/s]
train:  65%|██████▌   | 39/60 [00:33<00:19,  1.09it/s]
train:  68%|██████▊   | 41/60 [00:35<00:16,  1.14it/s]
train:  72%|███████▏  | 43/60 [00:36<00:14,  1.20it/s]
train:  75%|███████▌  | 45/60 [00:38<00:12,  1.23it/s]
train:  78%|███████▊  | 47/60 [00:39<00:10,  1.26it/s]
train:  82%|████████▏ | 49/60 [00:41<00:08,  1.27it/s]
train:  85%|████████▌ | 51/60 [00:42<00:07,  1.27it/s]
train:  88%|████████▊ | 53/60 [00:44<00:05,  1.26it/s]
train:  92%|█████████▏| 55/60 [00:46<00:03,  1.26it/s]
train:  95%|█████████▌| 57/60 [00:47<00:02,  1.26it/s]
train:  98%|█████████▊| 59/60 [00:49<00:00,  1.25it/s]
                                                      

eval:   0%|          | 0/15 [00:00<?, ?it/s]
eval:   7%|▋         | 1/15 [00:01<00:23,  1.69s/it]
eval:  20%|██        | 3/15 [00:03<00:13,  1.11s/it]
eval:  33%|███▎      | 5/15 [00:05<00:09,  1.03it/s]
eval:  40%|████      | 6/15 [00:05<00:06,  1.35it/s]
eval:  47%|████▋     | 7/15 [00:06<00:07,  1.06it/s]
eval:  53%|█████▎    | 8/15 [00:06<00:04,  1.41it/s]
eval:  60%|██████    | 9/15 [00:08<00:05,  1.10it/s]
eval:  73%|███████▎  | 11/15 [00:09<00:03,  1.15it/s]
eval:  87%|████████▋ | 13/15 [00:11<00:01,  1.14it/s]
eval:  93%|█████████▎| 14/15 [00:11<00:00,  1.41it/s]
eval: 100%|██████████| 15/15 [00:14<00:00,  1.10s/it]
                                                     
Epoch 08 | stage - | train loss 0.3726 (cls 0.3726, ctr 0.0000) acc 0.8615 f1 0.8626 | val loss 2.3841 (cls 2.3841, ctr 0.0000) acc 0.4708 f1 0.4470 | lr 6.20e-04

train:   0%|          | 0/60 [00:00<?, ?it/s]
train:   2%|▏         | 1/60 [00:01<01:51,  1.88s/it]
train:   5%|▌         | 3/60 [00:03<00:59,  1.04s/it]
train:   8%|▊         | 5/60 [00:04<00:47,  1.16it/s]
train:  12%|█▏        | 7/60 [00:06<00:43,  1.21it/s]
train:  15%|█▌        | 9/60 [00:07<00:40,  1.26it/s]
train:  18%|█▊        | 11/60 [00:09<00:38,  1.27it/s]
train:  22%|██▏       | 13/60 [00:10<00:36,  1.28it/s]
train:  25%|██▌       | 15/60 [00:12<00:35,  1.27it/s]
train:  28%|██▊       | 17/60 [00:14<00:33,  1.27it/s]
train:  32%|███▏      | 19/60 [00:15<00:32,  1.25it/s]
train:  35%|███▌      | 21/60 [00:17<00:31,  1.25it/s]
train:  38%|███▊      | 23/60 [00:18<00:29,  1.26it/s]
train:  42%|████▏     | 25/60 [00:20<00:28,  1.24it/s]
train:  45%|████▌     | 27/60 [00:22<00:27,  1.21it/s]
train:  48%|████▊     | 29/60 [00:23<00:25,  1.21it/s]
train:  52%|█████▏    | 31/60 [00:25<00:23,  1.23it/s]
train:  53%|█████▎    | 32/60 [00:25<00:19,  1.44it/s]
train:  55%|█████▌    | 33/60 [00:27<00:23,  1.17it/s]
train:  57%|█████▋    | 34/60 [00:27<00:18,  1.43it/s]
train:  58%|█████▊    | 35/60 [00:28<00:23,  1.09it/s]
train:  60%|██████    | 36/60 [00:29<00:17,  1.38it/s]
train:  62%|██████▏   | 37/60 [00:30<00:21,  1.06it/s]
train:  63%|██████▎   | 38/60 [00:30<00:16,  1.35it/s]
train:  65%|██████▌   | 39/60 [00:32<00:20,  1.05it/s]
train:  67%|██████▋   | 40/60 [00:32<00:14,  1.36it/s]
train:  68%|██████▊   | 41/60 [00:34<00:18,  1.04it/s]
train:  70%|███████   | 42/60 [00:34<00:12,  1.40it/s]
train:  72%|███████▏  | 43/60 [00:35<00:16,  1.05it/s]
train:  73%|███████▎  | 44/60 [00:35<00:11,  1.39it/s]
train:  75%|███████▌  | 45/60 [00:37<00:14,  1.03it/s]
train:  77%|███████▋  | 46/60 [00:37<00:10,  1.35it/s]
train:  78%|███████▊  | 47/60 [00:39<00:12,  1.04it/s]
train:  80%|████████  | 48/60 [00:39<00:08,  1.34it/s]
train:  82%|████████▏ | 49/60 [00:40<00:10,  1.06it/s]
train:  83%|████████▎ | 50/60 [00:41<00:07,  1.34it/s]
train:  85%|████████▌ | 51/60 [00:42<00:08,  1.09it/s]
train:  87%|████████▋ | 52/60 [00:42<00:05,  1.38it/s]
train:  88%|████████▊ | 53/60 [00:44<00:06,  1.05it/s]
train:  90%|█████████ | 54/60 [00:44<00:04,  1.31it/s]
train:  92%|█████████▏| 55/60 [00:45<00:04,  1.02it/s]
train:  93%|█████████▎| 56/60 [00:46<00:03,  1.24it/s]
train:  95%|█████████▌| 57/60 [00:48<00:03,  1.30s/it]
train:  97%|█████████▋| 58/60 [00:48<00:01,  1.05it/s]
train:  98%|█████████▊| 59/60 [00:50<00:01,  1.12s/it]
train: 100%|██████████| 60/60 [00:50<00:00,  1.21it/s]
                                                      

eval:   0%|          | 0/15 [00:00<?, ?it/s]
eval:   7%|▋         | 1/15 [00:01<00:22,  1.59s/it]
eval:  20%|██        | 3/15 [00:03<00:12,  1.01s/it]
eval:  33%|███▎      | 5/15 [00:04<00:08,  1.13it/s]
eval:  40%|████      | 6/15 [00:04<00:06,  1.48it/s]
eval:  47%|████▋     | 7/15 [00:06<00:06,  1.19it/s]
eval:  60%|██████    | 9/15 [00:07<00:04,  1.24it/s]
eval:  73%|███████▎  | 11/15 [00:09<00:03,  1.29it/s]
eval:  87%|████████▋ | 13/15 [00:10<00:01,  1.33it/s]
eval: 100%|██████████| 15/15 [00:11<00:00,  1.38it/s]
                                                     
Epoch 09 | stage - | train loss 0.2694 (cls 0.2694, ctr 0.0000) acc 0.9125 f1 0.9126 | val loss 3.2014 (cls 3.2014, ctr 0.0000) acc 0.5500 f1 0.5159 | lr 5.50e-04

train:   0%|          | 0/60 [00:00<?, ?it/s]
train:   2%|▏         | 1/60 [00:01<01:56,  1.98s/it]
train:   5%|▌         | 3/60 [00:03<01:00,  1.06s/it]
train:   8%|▊         | 5/60 [00:05<00:52,  1.05it/s]
train:  12%|█▏        | 7/60 [00:06<00:48,  1.10it/s]
train:  15%|█▌        | 9/60 [00:08<00:45,  1.13it/s]
train:  18%|█▊        | 11/60 [00:10<00:42,  1.15it/s]
train:  22%|██▏       | 13/60 [00:11<00:40,  1.16it/s]
train:  25%|██▌       | 15/60 [00:13<00:38,  1.18it/s]
train:  28%|██▊       | 17/60 [00:15<00:36,  1.18it/s]
train:  30%|███       | 18/60 [00:15<00:30,  1.40it/s]
train:  32%|███▏      | 19/60 [00:16<00:36,  1.12it/s]
train:  33%|███▎      | 20/60 [00:17<00:28,  1.39it/s]
train:  35%|███▌      | 21/60 [00:19<00:44,  1.14s/it]
train:  37%|███▋      | 22/60 [00:19<00:33,  1.15it/s]
train:  38%|███▊      | 23/60 [00:21<00:40,  1.09s/it]
train:  42%|████▏     | 25/60 [00:22<00:34,  1.03it/s]
train:  45%|████▌     | 27/60 [00:24<00:30,  1.09it/s]
train:  48%|████▊     | 29/60 [00:26<00:27,  1.13it/s]
train:  50%|█████     | 30/60 [00:26<00:21,  1.37it/s]
train:  52%|█████▏    | 31/60 [00:27<00:26,  1.10it/s]
train:  53%|█████▎    | 32/60 [00:28<00:20,  1.40it/s]
train:  55%|█████▌    | 33/60 [00:29<00:25,  1.07it/s]
train:  58%|█████▊    | 35/60 [00:31<00:22,  1.11it/s]
train:  60%|██████    | 36/60 [00:31<00:17,  1.40it/s]
train:  62%|██████▏   | 37/60 [00:32<00:20,  1.10it/s]
train:  63%|██████▎   | 38/60 [00:33<00:15,  1.41it/s]
train:  65%|██████▌   | 39/60 [00:34<00:19,  1.06it/s]
train:  67%|██████▋   | 40/60 [00:34<00:14,  1.40it/s]
train:  68%|██████▊   | 41/60 [00:36<00:18,  1.04it/s]
train:  70%|███████   | 42/60 [00:36<00:12,  1.39it/s]
train:  72%|███████▏  | 43/60 [00:37<00:16,  1.05it/s]
train:  73%|███████▎  | 44/60 [00:38<00:11,  1.39it/s]
train:  75%|███████▌  | 45/60 [00:39<00:14,  1.05it/s]
train:  77%|███████▋  | 46/60 [00:39<00:09,  1.41it/s]
train:  78%|███████▊  | 47/60 [00:41<00:12,  1.02it/s]
train:  80%|████████  | 48/60 [00:41<00:08,  1.39it/s]
train:  82%|████████▏ | 49/60 [00:43<00:10,  1.02it/s]
train:  83%|████████▎ | 50/60 [00:43<00:07,  1.39it/s]
train:  85%|████████▌ | 51/60 [00:44<00:08,  1.02it/s]
train:  87%|████████▋ | 52/60 [00:44<00:05,  1.39it/s]
train:  88%|████████▊ | 53/60 [00:46<00:06,  1.03it/s]
train:  90%|█████████ | 54/60 [00:46<00:04,  1.39it/s]
train:  92%|█████████▏| 55/60 [00:48<00:04,  1.04it/s]
train:  93%|█████████▎| 56/60 [00:48<00:02,  1.42it/s]
train:  95%|█████████▌| 57/60 [00:49<00:02,  1.05it/s]
train:  97%|█████████▋| 58/60 [00:49<00:01,  1.41it/s]
train:  98%|█████████▊| 59/60 [00:51<00:00,  1.05it/s]
train: 100%|██████████| 60/60 [00:51<00:00,  1.39it/s]
                                                      

eval:   0%|          | 0/15 [00:00<?, ?it/s]
eval:   7%|▋         | 1/15 [00:01<00:22,  1.61s/it]
eval:  20%|██        | 3/15 [00:03<00:12,  1.04s/it]
eval:  33%|███▎      | 5/15 [00:04<00:08,  1.12it/s]
eval:  40%|████      | 6/15 [00:04<00:06,  1.47it/s]
eval:  47%|████▋     | 7/15 [00:06<00:06,  1.18it/s]
eval:  60%|██████    | 9/15 [00:07<00:04,  1.23it/s]
eval:  73%|███████▎  | 11/15 [00:09<00:03,  1.29it/s]
eval:  87%|████████▋ | 13/15 [00:10<00:01,  1.29it/s]
eval:  93%|█████████▎| 14/15 [00:10<00:00,  1.56it/s]
eval: 100%|██████████| 15/15 [00:11<00:00,  1.31it/s]
                                                     
Epoch 10 | stage - | train loss 0.2126 (cls 0.2126, ctr 0.0000) acc 0.9229 f1 0.9238 | val loss 2.1926 (cls 2.1926, ctr 0.0000) acc 0.5625 f1 0.5646 | lr 4.80e-04

train:   0%|          | 0/60 [00:00<?, ?it/s]
train:   2%|▏         | 1/60 [00:01<01:38,  1.66s/it]
train:   5%|▌         | 3/60 [00:03<00:54,  1.04it/s]
train:   8%|▊         | 5/60 [00:04<00:49,  1.12it/s]
train:  12%|█▏        | 7/60 [00:06<00:47,  1.13it/s]
train:  15%|█▌        | 9/60 [00:08<00:44,  1.15it/s]
train:  18%|█▊        | 11/60 [00:09<00:42,  1.16it/s]
train:  22%|██▏       | 13/60 [00:11<00:40,  1.17it/s]
train:  25%|██▌       | 15/60 [00:13<00:38,  1.18it/s]
train:  28%|██▊       | 17/60 [00:14<00:36,  1.18it/s]
train:  32%|███▏      | 19/60 [00:16<00:36,  1.13it/s]
train:  35%|███▌      | 21/60 [00:18<00:34,  1.13it/s]
train:  38%|███▊      | 23/60 [00:20<00:32,  1.15it/s]
train:  42%|████▏     | 25/60 [00:21<00:30,  1.16it/s]
train:  45%|████▌     | 27/60 [00:23<00:28,  1.17it/s]
train:  47%|████▋     | 28/60 [00:23<00:23,  1.38it/s]
train:  48%|████▊     | 29/60 [00:25<00:28,  1.10it/s]
train:  52%|█████▏    | 31/60 [00:27<00:25,  1.13it/s]
train:  55%|█████▌    | 33/60 [00:28<00:23,  1.14it/s]
train:  58%|█████▊    | 35/60 [00:30<00:21,  1.16it/s]
train:  60%|██████    | 36/60 [00:30<00:17,  1.38it/s]
train:  62%|██████▏   | 37/60 [00:32<00:20,  1.11it/s]
train:  63%|██████▎   | 38/60 [00:32<00:15,  1.39it/s]
train:  65%|██████▌   | 39/60 [00:33<00:19,  1.09it/s]
train:  67%|██████▋   | 40/60 [00:33<00:14,  1.41it/s]
train:  68%|██████▊   | 41/60 [00:35<00:18,  1.05it/s]
train:  72%|███████▏  | 43/60 [00:37<00:15,  1.12it/s]
train:  73%|███████▎  | 44/60 [00:37<00:11,  1.41it/s]
train:  75%|███████▌  | 45/60 [00:38<00:13,  1.08it/s]
train:  78%|███████▊  | 47/60 [00:40<00:11,  1.12it/s]
train:  80%|████████  | 48/60 [00:40<00:08,  1.41it/s]
train:  82%|████████▏ | 49/60 [00:42<00:10,  1.09it/s]
train:  83%|████████▎ | 50/60 [00:42<00:07,  1.39it/s]
train:  85%|████████▌ | 51/60 [00:43<00:08,  1.07it/s]
train:  87%|████████▋ | 52/60 [00:44<00:05,  1.39it/s]
train:  88%|████████▊ | 53/60 [00:45<00:06,  1.08it/s]
train:  90%|█████████ | 54/60 [00:45<00:04,  1.39it/s]
train:  92%|█████████▏| 55/60 [00:47<00:04,  1.05it/s]
train:  93%|█████████▎| 56/60 [00:47<00:02,  1.37it/s]
train:  95%|█████████▌| 57/60 [00:48<00:02,  1.04it/s]
train:  97%|█████████▋| 58/60 [00:49<00:01,  1.36it/s]
train:  98%|█████████▊| 59/60 [00:50<00:01,  1.01s/it]
                                                      

eval:   0%|          | 0/15 [00:00<?, ?it/s]
eval:   7%|▋         | 1/15 [00:02<00:35,  2.52s/it]
eval:  20%|██        | 3/15 [00:04<00:15,  1.30s/it]
eval:  27%|██▋       | 4/15 [00:04<00:09,  1.12it/s]
eval:  33%|███▎      | 5/15 [00:05<00:10,  1.09s/it]
eval:  40%|████      | 6/15 [00:05<00:06,  1.29it/s]
eval:  47%|████▋     | 7/15 [00:07<00:07,  1.03it/s]
eval:  60%|██████    | 9/15 [00:09<00:05,  1.10it/s]
eval:  73%|███████▎  | 11/15 [00:10<00:03,  1.16it/s]
eval:  80%|████████  | 12/15 [00:10<00:02,  1.44it/s]
eval:  87%|████████▋ | 13/15 [00:12<00:01,  1.13it/s]
eval: 100%|██████████| 15/15 [00:13<00:00,  1.24it/s]
                                                     
Epoch 11 | stage - | train loss 0.2393 (cls 0.2393, ctr 0.0000) acc 0.9198 f1 0.9190 | val loss 1.5706 (cls 1.5706, ctr 0.0000) acc 0.6583 f1 0.6388 | lr 4.11e-04

train:   0%|          | 0/60 [00:00<?, ?it/s]
train:   2%|▏         | 1/60 [00:01<01:49,  1.86s/it]
train:   5%|▌         | 3/60 [00:03<00:59,  1.04s/it]
train:   8%|▊         | 5/60 [00:04<00:50,  1.08it/s]
train:  12%|█▏        | 7/60 [00:06<00:46,  1.13it/s]
train:  15%|█▌        | 9/60 [00:08<00:43,  1.18it/s]
train:  17%|█▋        | 10/60 [00:08<00:34,  1.45it/s]
train:  18%|█▊        | 11/60 [00:09<00:42,  1.15it/s]
train:  22%|██▏       | 13/60 [00:11<00:40,  1.17it/s]
train:  25%|██▌       | 15/60 [00:13<00:37,  1.19it/s]
train:  28%|██▊       | 17/60 [00:14<00:35,  1.20it/s]
train:  32%|███▏      | 19/60 [00:16<00:33,  1.22it/s]
train:  35%|███▌      | 21/60 [00:17<00:31,  1.24it/s]
train:  38%|███▊      | 23/60 [00:19<00:29,  1.24it/s]
train:  42%|████▏     | 25/60 [00:22<00:33,  1.05it/s]
train:  45%|████▌     | 27/60 [00:23<00:30,  1.09it/s]
train:  48%|████▊     | 29/60 [00:25<00:27,  1.13it/s]
train:  52%|█████▏    | 31/60 [00:26<00:24,  1.16it/s]
train:  55%|█████▌    | 33/60 [00:28<00:22,  1.19it/s]
train:  58%|█████▊    | 35/60 [00:30<00:20,  1.20it/s]
train:  62%|██████▏   | 37/60 [00:31<00:18,  1.21it/s]
train:  65%|██████▌   | 39/60 [00:33<00:16,  1.25it/s]
train:  68%|██████▊   | 41/60 [00:34<00:14,  1.27it/s]
train:  72%|███████▏  | 43/60 [00:36<00:13,  1.28it/s]
train:  75%|███████▌  | 45/60 [00:37<00:11,  1.30it/s]
train:  78%|███████▊  | 47/60 [00:39<00:10,  1.27it/s]
train:  82%|████████▏ | 49/60 [00:41<00:08,  1.27it/s]
train:  85%|████████▌ | 51/60 [00:42<00:07,  1.25it/s]
train:  88%|████████▊ | 53/60 [00:44<00:05,  1.25it/s]
train:  92%|█████████▏| 55/60 [00:45<00:03,  1.25it/s]
train:  93%|█████████▎| 56/60 [00:45<00:02,  1.47it/s]
train:  95%|█████████▌| 57/60 [00:47<00:02,  1.18it/s]
train:  97%|█████████▋| 58/60 [00:47<00:01,  1.46it/s]
train:  98%|█████████▊| 59/60 [00:49<00:00,  1.12it/s]
                                                      

eval:   0%|          | 0/15 [00:00<?, ?it/s]
eval:   7%|▋         | 1/15 [00:01<00:22,  1.59s/it]
eval:  20%|██        | 3/15 [00:03<00:12,  1.07s/it]
eval:  33%|███▎      | 5/15 [00:06<00:12,  1.23s/it]
eval:  47%|████▋     | 7/15 [00:07<00:08,  1.06s/it]
eval:  60%|██████    | 9/15 [00:09<00:05,  1.06it/s]
eval:  73%|███████▎  | 11/15 [00:10<00:03,  1.13it/s]
eval:  87%|████████▋ | 13/15 [00:12<00:01,  1.15it/s]
eval:  93%|█████████▎| 14/15 [00:12<00:00,  1.38it/s]
eval: 100%|██████████| 15/15 [00:13<00:00,  1.21it/s]
                                                     
Epoch 12 | stage - | train loss 0.1441 (cls 0.1441, ctr 0.0000) acc 0.9458 f1 0.9444 | val loss 1.9858 (cls 1.9858, ctr 0.0000) acc 0.5792 f1 0.5675 | lr 3.46e-04

train:   0%|          | 0/60 [00:00<?, ?it/s]
train:   2%|▏         | 1/60 [00:01<01:55,  1.96s/it]
train:   5%|▌         | 3/60 [00:03<01:00,  1.07s/it]
train:   8%|▊         | 5/60 [00:04<00:48,  1.13it/s]
train:  12%|█▏        | 7/60 [00:06<00:44,  1.20it/s]
train:  15%|█▌        | 9/60 [00:08<00:42,  1.21it/s]
train:  17%|█▋        | 10/60 [00:08<00:33,  1.48it/s]
train:  18%|█▊        | 11/60 [00:09<00:42,  1.15it/s]
train:  20%|██        | 12/60 [00:09<00:33,  1.44it/s]
train:  22%|██▏       | 13/60 [00:11<00:41,  1.12it/s]
train:  23%|██▎       | 14/60 [00:11<00:32,  1.43it/s]
train:  25%|██▌       | 15/60 [00:12<00:41,  1.09it/s]
train:  27%|██▋       | 16/60 [00:13<00:31,  1.38it/s]
train:  28%|██▊       | 17/60 [00:14<00:39,  1.08it/s]
train:  30%|███       | 18/60 [00:14<00:30,  1.38it/s]
train:  32%|███▏      | 19/60 [00:16<00:37,  1.09it/s]
train:  33%|███▎      | 20/60 [00:16<00:28,  1.41it/s]
train:  35%|███▌      | 21/60 [00:18<00:38,  1.01it/s]
train:  38%|███▊      | 23/60 [00:19<00:33,  1.11it/s]
train:  42%|████▏     | 25/60 [00:21<00:29,  1.20it/s]
train:  43%|████▎     | 26/60 [00:21<00:23,  1.44it/s]
train:  45%|████▌     | 27/60 [00:22<00:29,  1.14it/s]
train:  47%|████▋     | 28/60 [00:22<00:22,  1.45it/s]
train:  48%|████▊     | 29/60 [00:25<00:34,  1.12s/it]
train:  50%|█████     | 30/60 [00:25<00:25,  1.18it/s]
train:  52%|█████▏    | 31/60 [00:26<00:29,  1.01s/it]
train:  53%|█████▎    | 32/60 [00:26<00:21,  1.30it/s]
train:  55%|█████▌    | 33/60 [00:28<00:26,  1.01it/s]
train:  57%|█████▋    | 34/60 [00:28<00:19,  1.34it/s]
train:  58%|█████▊    | 35/60 [00:30<00:24,  1.01it/s]
train:  62%|██████▏   | 37/60 [00:31<00:20,  1.10it/s]
train:  63%|██████▎   | 38/60 [00:31<00:15,  1.40it/s]
train:  65%|██████▌   | 39/60 [00:33<00:19,  1.09it/s]
train:  67%|██████▋   | 40/60 [00:33<00:14,  1.43it/s]
train:  68%|██████▊   | 41/60 [00:35<00:17,  1.08it/s]
train:  72%|███████▏  | 43/60 [00:36<00:14,  1.18it/s]
train:  73%|███████▎  | 44/60 [00:36<00:10,  1.49it/s]
train:  75%|███████▌  | 45/60 [00:38<00:12,  1.17it/s]
train:  77%|███████▋  | 46/60 [00:38<00:09,  1.53it/s]
train:  78%|███████▊  | 47/60 [00:39<00:11,  1.13it/s]
train:  82%|████████▏ | 49/60 [00:41<00:09,  1.15it/s]
train:  85%|████████▌ | 51/60 [00:43<00:07,  1.18it/s]
train:  88%|████████▊ | 53/60 [00:44<00:05,  1.19it/s]
train:  92%|█████████▏| 55/60 [00:46<00:04,  1.18it/s]
train:  95%|█████████▌| 57/60 [00:48<00:02,  1.19it/s]
train:  98%|█████████▊| 59/60 [00:49<00:00,  1.20it/s]
                                                      

eval:   0%|          | 0/15 [00:00<?, ?it/s]
eval:   7%|▋         | 1/15 [00:01<00:22,  1.58s/it]
eval:  20%|██        | 3/15 [00:03<00:12,  1.05s/it]
eval:  33%|███▎      | 5/15 [00:04<00:09,  1.07it/s]
eval:  40%|████      | 6/15 [00:05<00:06,  1.41it/s]
eval:  47%|████▋     | 7/15 [00:07<00:09,  1.15s/it]
eval:  60%|██████    | 9/15 [00:08<00:06,  1.00s/it]
eval:  73%|███████▎  | 11/15 [00:10<00:03,  1.09it/s]
eval:  87%|████████▋ | 13/15 [00:12<00:01,  1.16it/s]
eval: 100%|██████████| 15/15 [00:13<00:00,  1.23it/s]
                                                     
Epoch 13 | stage - | train loss 0.0554 (cls 0.0554, ctr 0.0000) acc 0.9885 f1 0.9867 | val loss 1.5800 (cls 1.5800, ctr 0.0000) acc 0.6333 f1 0.6121 | lr 2.85e-04

train:   0%|          | 0/60 [00:00<?, ?it/s]
train:   2%|▏         | 1/60 [00:01<01:54,  1.93s/it]
train:   5%|▌         | 3/60 [00:03<00:58,  1.02s/it]
train:   8%|▊         | 5/60 [00:04<00:50,  1.09it/s]
train:  12%|█▏        | 7/60 [00:06<00:45,  1.16it/s]
train:  15%|█▌        | 9/60 [00:08<00:42,  1.20it/s]
train:  18%|█▊        | 11/60 [00:09<00:40,  1.21it/s]
train:  22%|██▏       | 13/60 [00:11<00:39,  1.20it/s]
train:  25%|██▌       | 15/60 [00:13<00:37,  1.20it/s]
train:  28%|██▊       | 17/60 [00:14<00:35,  1.22it/s]
train:  32%|███▏      | 19/60 [00:16<00:33,  1.23it/s]
train:  35%|███▌      | 21/60 [00:17<00:31,  1.23it/s]
train:  38%|███▊      | 23/60 [00:19<00:29,  1.24it/s]
train:  42%|████▏     | 25/60 [00:21<00:28,  1.23it/s]
train:  45%|████▌     | 27/60 [00:22<00:27,  1.21it/s]
train:  48%|████▊     | 29/60 [00:24<00:25,  1.22it/s]
train:  52%|█████▏    | 31/60 [00:27<00:28,  1.03it/s]
train:  55%|█████▌    | 33/60 [00:28<00:25,  1.07it/s]
train:  58%|█████▊    | 35/60 [00:30<00:22,  1.11it/s]
train:  62%|██████▏   | 37/60 [00:32<00:20,  1.13it/s]
train:  65%|██████▌   | 39/60 [00:33<00:18,  1.15it/s]
train:  68%|██████▊   | 41/60 [00:35<00:16,  1.17it/s]
train:  72%|███████▏  | 43/60 [00:37<00:14,  1.20it/s]
train:  75%|███████▌  | 45/60 [00:38<00:12,  1.22it/s]
train:  78%|███████▊  | 47/60 [00:40<00:10,  1.24it/s]
train:  82%|████████▏ | 49/60 [00:41<00:08,  1.26it/s]
train:  85%|████████▌ | 51/60 [00:43<00:07,  1.24it/s]
train:  88%|████████▊ | 53/60 [00:45<00:05,  1.22it/s]
train:  92%|█████████▏| 55/60 [00:46<00:04,  1.23it/s]
train:  95%|█████████▌| 57/60 [00:48<00:02,  1.23it/s]
train:  98%|█████████▊| 59/60 [00:49<00:00,  1.23it/s]
                                                      

eval:   0%|          | 0/15 [00:00<?, ?it/s]
eval:   7%|▋         | 1/15 [00:01<00:21,  1.55s/it]
eval:  20%|██        | 3/15 [00:03<00:12,  1.04s/it]
eval:  33%|███▎      | 5/15 [00:04<00:09,  1.08it/s]
eval:  47%|████▋     | 7/15 [00:06<00:06,  1.15it/s]
eval:  53%|█████▎    | 8/15 [00:06<00:04,  1.44it/s]
eval:  60%|██████    | 9/15 [00:08<00:05,  1.13it/s]
eval:  67%|██████▋   | 10/15 [00:08<00:03,  1.46it/s]
eval:  73%|███████▎  | 11/15 [00:10<00:04,  1.11s/it]
eval:  87%|████████▋ | 13/15 [00:12<00:01,  1.01it/s]
eval: 100%|██████████| 15/15 [00:13<00:00,  1.13it/s]
                                                     
Epoch 14 | stage - | train loss 0.0453 (cls 0.0453, ctr 0.0000) acc 0.9917 f1 0.9917 | val loss 2.3217 (cls 2.3217, ctr 0.0000) acc 0.5833 f1 0.5622 | lr 2.32e-04

train:   0%|          | 0/60 [00:00<?, ?it/s]
train:   2%|▏         | 1/60 [00:01<01:53,  1.92s/it]
train:   5%|▌         | 3/60 [00:03<00:58,  1.03s/it]
train:   8%|▊         | 5/60 [00:04<00:50,  1.10it/s]
train:  12%|█▏        | 7/60 [00:06<00:46,  1.14it/s]
train:  15%|█▌        | 9/60 [00:08<00:43,  1.18it/s]
train:  18%|█▊        | 11/60 [00:09<00:40,  1.20it/s]
train:  22%|██▏       | 13/60 [00:11<00:38,  1.22it/s]
train:  25%|██▌       | 15/60 [00:13<00:36,  1.23it/s]
train:  28%|██▊       | 17/60 [00:14<00:34,  1.23it/s]
train:  32%|███▏      | 19/60 [00:16<00:33,  1.22it/s]
train:  35%|███▌      | 21/60 [00:17<00:31,  1.23it/s]
train:  38%|███▊      | 23/60 [00:19<00:30,  1.22it/s]
train:  42%|████▏     | 25/60 [00:21<00:28,  1.22it/s]
train:  45%|████▌     | 27/60 [00:22<00:27,  1.22it/s]
train:  48%|████▊     | 29/60 [00:24<00:25,  1.23it/s]
train:  52%|█████▏    | 31/60 [00:26<00:23,  1.23it/s]
train:  55%|█████▌    | 33/60 [00:27<00:21,  1.24it/s]
train:  57%|█████▋    | 34/60 [00:27<00:17,  1.46it/s]
train:  58%|█████▊    | 35/60 [00:29<00:21,  1.19it/s]
train:  60%|██████    | 36/60 [00:29<00:16,  1.45it/s]
train:  62%|██████▏   | 37/60 [00:30<00:20,  1.13it/s]
train:  63%|██████▎   | 38/60 [00:30<00:15,  1.45it/s]
train:  65%|██████▌   | 39/60 [00:32<00:19,  1.09it/s]
train:  67%|██████▋   | 40/60 [00:32<00:13,  1.44it/s]
train:  68%|██████▊   | 41/60 [00:34<00:17,  1.07it/s]
train:  70%|███████   | 42/60 [00:34<00:12,  1.43it/s]
train:  72%|███████▏  | 43/60 [00:35<00:15,  1.07it/s]
train:  73%|███████▎  | 44/60 [00:35<00:11,  1.45it/s]
train:  75%|███████▌  | 45/60 [00:37<00:14,  1.05it/s]
train:  78%|███████▊  | 47/60 [00:39<00:11,  1.12it/s]
train:  82%|████████▏ | 49/60 [00:40<00:09,  1.15it/s]
train:  85%|████████▌ | 51/60 [00:42<00:07,  1.17it/s]
train:  88%|████████▊ | 53/60 [00:45<00:07,  1.06s/it]
train:  90%|█████████ | 54/60 [00:45<00:05,  1.15it/s]
train:  92%|█████████▏| 55/60 [00:47<00:05,  1.02s/it]
train:  93%|█████████▎| 56/60 [00:47<00:03,  1.24it/s]
train:  95%|█████████▌| 57/60 [00:48<00:02,  1.02it/s]
train:  97%|█████████▋| 58/60 [00:48<00:01,  1.31it/s]
train:  98%|█████████▊| 59/60 [00:50<00:00,  1.06it/s]
train: 100%|██████████| 60/60 [00:50<00:00,  1.37it/s]
                                                      

eval:   0%|          | 0/15 [00:00<?, ?it/s]
eval:   7%|▋         | 1/15 [00:01<00:21,  1.50s/it]
eval:  20%|██        | 3/15 [00:03<00:12,  1.01s/it]
eval:  33%|███▎      | 5/15 [00:04<00:09,  1.10it/s]
eval:  40%|████      | 6/15 [00:04<00:06,  1.44it/s]
eval:  47%|████▋     | 7/15 [00:06<00:07,  1.13it/s]
eval:  60%|██████    | 9/15 [00:07<00:05,  1.19it/s]
eval:  73%|███████▎  | 11/15 [00:09<00:03,  1.23it/s]
eval:  80%|████████  | 12/15 [00:09<00:01,  1.51it/s]
eval:  87%|████████▋ | 13/15 [00:11<00:01,  1.16it/s]
eval: 100%|██████████| 15/15 [00:12<00:00,  1.29it/s]
                                                     
Epoch 15 | stage - | train loss 0.0303 (cls 0.0303, ctr 0.0000) acc 0.9969 f1 0.9971 | val loss 2.5732 (cls 2.5732, ctr 0.0000) acc 0.5792 f1 0.5584 | lr 1.86e-04

train:   0%|          | 0/60 [00:00<?, ?it/s]
train:   2%|▏         | 1/60 [00:01<01:52,  1.90s/it]
train:   5%|▌         | 3/60 [00:03<00:57,  1.01s/it]
train:   8%|▊         | 5/60 [00:04<00:49,  1.10it/s]
train:  12%|█▏        | 7/60 [00:06<00:45,  1.16it/s]
train:  15%|█▌        | 9/60 [00:08<00:43,  1.18it/s]
train:  17%|█▋        | 10/60 [00:08<00:34,  1.45it/s]
train:  18%|█▊        | 11/60 [00:09<00:44,  1.11it/s]
train:  20%|██        | 12/60 [00:09<00:33,  1.42it/s]
train:  22%|██▏       | 13/60 [00:11<00:42,  1.10it/s]
train:  23%|██▎       | 14/60 [00:11<00:31,  1.44it/s]
train:  25%|██▌       | 15/60 [00:13<00:41,  1.08it/s]
train:  27%|██▋       | 16/60 [00:13<00:30,  1.43it/s]
train:  28%|██▊       | 17/60 [00:14<00:40,  1.07it/s]
train:  30%|███       | 18/60 [00:14<00:29,  1.44it/s]
train:  32%|███▏      | 19/60 [00:17<00:49,  1.20s/it]
train:  33%|███▎      | 20/60 [00:17<00:36,  1.10it/s]
train:  35%|███▌      | 21/60 [00:18<00:41,  1.07s/it]
train:  37%|███▋      | 22/60 [00:19<00:30,  1.23it/s]
train:  38%|███▊      | 23/60 [00:20<00:35,  1.04it/s]
train:  40%|████      | 24/60 [00:20<00:26,  1.33it/s]
train:  42%|████▏     | 25/60 [00:22<00:32,  1.08it/s]
train:  43%|████▎     | 26/60 [00:22<00:24,  1.39it/s]
train:  45%|████▌     | 27/60 [00:23<00:31,  1.06it/s]
train:  47%|████▋     | 28/60 [00:23<00:22,  1.40it/s]
train:  48%|████▊     | 29/60 [00:25<00:28,  1.08it/s]
train:  50%|█████     | 30/60 [00:25<00:21,  1.39it/s]
train:  52%|█████▏    | 31/60 [00:26<00:26,  1.10it/s]
train:  53%|█████▎    | 32/60 [00:27<00:19,  1.42it/s]
train:  55%|█████▌    | 33/60 [00:28<00:24,  1.10it/s]
train:  57%|█████▋    | 34/60 [00:28<00:17,  1.46it/s]
train:  58%|█████▊    | 35/60 [00:30<00:22,  1.10it/s]
train:  60%|██████    | 36/60 [00:30<00:16,  1.45it/s]
train:  62%|██████▏   | 37/60 [00:32<00:22,  1.02it/s]
train:  65%|██████▌   | 39/60 [00:33<00:19,  1.10it/s]
train:  68%|██████▊   | 41/60 [00:35<00:16,  1.19it/s]
train:  70%|███████   | 42/60 [00:35<00:12,  1.42it/s]
train:  72%|███████▏  | 43/60 [00:36<00:14,  1.14it/s]
train:  73%|███████▎  | 44/60 [00:36<00:11,  1.43it/s]
train:  75%|███████▌  | 45/60 [00:38<00:13,  1.13it/s]
train:  77%|███████▋  | 46/60 [00:38<00:09,  1.42it/s]
train:  78%|███████▊  | 47/60 [00:39<00:11,  1.13it/s]
train:  80%|████████  | 48/60 [00:40<00:08,  1.39it/s]
train:  82%|████████▏ | 49/60 [00:41<00:10,  1.09it/s]
train:  83%|████████▎ | 50/60 [00:41<00:07,  1.35it/s]
train:  85%|████████▌ | 51/60 [00:43<00:08,  1.10it/s]
train:  87%|████████▋ | 52/60 [00:43<00:05,  1.34it/s]
train:  88%|████████▊ | 53/60 [00:44<00:06,  1.08it/s]
train:  90%|█████████ | 54/60 [00:45<00:04,  1.32it/s]
train:  92%|█████████▏| 55/60 [00:46<00:04,  1.10it/s]
train:  93%|█████████▎| 56/60 [00:47<00:03,  1.31it/s]
train:  95%|█████████▌| 57/60 [00:49<00:03,  1.22s/it]
train:  97%|█████████▋| 58/60 [00:49<00:01,  1.02it/s]
train:  98%|█████████▊| 59/60 [00:50<00:01,  1.04s/it]
train: 100%|██████████| 60/60 [00:51<00:00,  1.16it/s]
                                                      

eval:   0%|          | 0/15 [00:00<?, ?it/s]
eval:   7%|▋         | 1/15 [00:01<00:21,  1.53s/it]
eval:  20%|██        | 3/15 [00:03<00:11,  1.00it/s]
eval:  27%|██▋       | 4/15 [00:03<00:07,  1.46it/s]
eval:  33%|███▎      | 5/15 [00:04<00:09,  1.06it/s]
eval:  40%|████      | 6/15 [00:04<00:06,  1.48it/s]
eval:  47%|████▋     | 7/15 [00:06<00:07,  1.09it/s]
eval:  60%|██████    | 9/15 [00:07<00:05,  1.15it/s]
eval:  73%|███████▎  | 11/15 [00:09<00:03,  1.22it/s]
eval:  87%|████████▋ | 13/15 [00:10<00:01,  1.29it/s]
eval: 100%|██████████| 15/15 [00:12<00:00,  1.34it/s]
                                                     
Epoch 16 | stage - | train loss 0.0233 (cls 0.0233, ctr 0.0000) acc 0.9969 f1 0.9966 | val loss 2.5343 (cls 2.5343, ctr 0.0000) acc 0.5625 f1 0.5380 | lr 1.49e-04

train:   0%|          | 0/60 [00:00<?, ?it/s]
train:   2%|▏         | 1/60 [00:01<01:53,  1.93s/it]
train:   5%|▌         | 3/60 [00:03<00:57,  1.00s/it]
train:   7%|▋         | 4/60 [00:03<00:39,  1.43it/s]
train:   8%|▊         | 5/60 [00:04<00:52,  1.05it/s]
train:  10%|█         | 6/60 [00:04<00:36,  1.47it/s]
train:  12%|█▏        | 7/60 [00:06<00:49,  1.08it/s]
train:  13%|█▎        | 8/60 [00:06<00:35,  1.48it/s]
train:  15%|█▌        | 9/60 [00:08<00:47,  1.07it/s]
train:  17%|█▋        | 10/60 [00:08<00:34,  1.46it/s]
train:  18%|█▊        | 11/60 [00:09<00:46,  1.06it/s]
train:  20%|██        | 12/60 [00:09<00:33,  1.45it/s]
train:  22%|██▏       | 13/60 [00:11<00:44,  1.06it/s]
train:  23%|██▎       | 14/60 [00:11<00:31,  1.44it/s]
train:  25%|██▌       | 15/60 [00:13<00:43,  1.04it/s]
train:  28%|██▊       | 17/60 [00:14<00:38,  1.12it/s]
train:  32%|███▏      | 19/60 [00:16<00:35,  1.17it/s]
train:  33%|███▎      | 20/60 [00:16<00:27,  1.43it/s]
train:  35%|███▌      | 21/60 [00:18<00:44,  1.15s/it]
train:  38%|███▊      | 23/60 [00:20<00:37,  1.02s/it]
train:  42%|████▏     | 25/60 [00:22<00:32,  1.06it/s]
train:  43%|████▎     | 26/60 [00:22<00:26,  1.31it/s]
train:  45%|████▌     | 27/60 [00:23<00:30,  1.08it/s]
train:  47%|████▋     | 28/60 [00:23<00:23,  1.38it/s]
train:  48%|████▊     | 29/60 [00:25<00:28,  1.08it/s]
train:  50%|█████     | 30/60 [00:25<00:21,  1.41it/s]
train:  52%|█████▏    | 31/60 [00:27<00:27,  1.04it/s]
train:  53%|█████▎    | 32/60 [00:27<00:20,  1.39it/s]
train:  55%|█████▌    | 33/60 [00:28<00:26,  1.03it/s]
train:  58%|█████▊    | 35/60 [00:30<00:22,  1.13it/s]
train:  62%|██████▏   | 37/60 [00:32<00:19,  1.18it/s]
train:  65%|██████▌   | 39/60 [00:33<00:17,  1.18it/s]
train:  68%|██████▊   | 41/60 [00:35<00:16,  1.19it/s]
train:  72%|███████▏  | 43/60 [00:37<00:14,  1.19it/s]
train:  75%|███████▌  | 45/60 [00:38<00:12,  1.22it/s]
train:  78%|███████▊  | 47/60 [00:40<00:10,  1.23it/s]
train:  82%|████████▏ | 49/60 [00:41<00:09,  1.21it/s]
train:  85%|████████▌ | 51/60 [00:43<00:07,  1.19it/s]
train:  88%|████████▊ | 53/60 [00:45<00:05,  1.20it/s]
train:  92%|█████████▏| 55/60 [00:46<00:04,  1.21it/s]
train:  95%|█████████▌| 57/60 [00:48<00:02,  1.21it/s]
train:  98%|█████████▊| 59/60 [00:50<00:00,  1.21it/s]
                                                      

eval:   0%|          | 0/15 [00:00<?, ?it/s]
eval:   7%|▋         | 1/15 [00:02<00:36,  2.63s/it]
eval:  20%|██        | 3/15 [00:04<00:15,  1.31s/it]
eval:  33%|███▎      | 5/15 [00:05<00:10,  1.02s/it]
eval:  40%|████      | 6/15 [00:05<00:06,  1.29it/s]
eval:  47%|████▋     | 7/15 [00:07<00:07,  1.04it/s]
eval:  60%|██████    | 9/15 [00:09<00:05,  1.11it/s]
eval:  67%|██████▋   | 10/15 [00:09<00:03,  1.40it/s]
eval:  73%|███████▎  | 11/15 [00:10<00:03,  1.16it/s]
eval:  87%|████████▋ | 13/15 [00:12<00:01,  1.18it/s]
eval: 100%|██████████| 15/15 [00:13<00:00,  1.29it/s]
                                                     
Epoch 17 | stage - | train loss 0.0290 (cls 0.0290, ctr 0.0000) acc 0.9917 f1 0.9917 | val loss 2.4824 (cls 2.4824, ctr 0.0000) acc 0.5792 f1 0.5580 | lr 1.22e-04

train:   0%|          | 0/60 [00:00<?, ?it/s]
train:   2%|▏         | 1/60 [00:01<01:49,  1.85s/it]
train:   5%|▌         | 3/60 [00:03<00:59,  1.05s/it]
train:   8%|▊         | 5/60 [00:05<00:51,  1.06it/s]
train:  12%|█▏        | 7/60 [00:06<00:47,  1.12it/s]
train:  13%|█▎        | 8/60 [00:06<00:37,  1.38it/s]
train:  15%|█▌        | 9/60 [00:08<00:45,  1.12it/s]
train:  17%|█▋        | 10/60 [00:08<00:35,  1.43it/s]
train:  18%|█▊        | 11/60 [00:09<00:43,  1.13it/s]
train:  20%|██        | 12/60 [00:10<00:33,  1.44it/s]
train:  22%|██▏       | 13/60 [00:11<00:43,  1.08it/s]
train:  23%|██▎       | 14/60 [00:11<00:33,  1.39it/s]
train:  25%|██▌       | 15/60 [00:13<00:41,  1.09it/s]
train:  27%|██▋       | 16/60 [00:13<00:31,  1.39it/s]
train:  28%|██▊       | 17/60 [00:14<00:41,  1.05it/s]
train:  30%|███       | 18/60 [00:15<00:29,  1.41it/s]
train:  32%|███▏      | 19/60 [00:16<00:35,  1.14it/s]
train:  33%|███▎      | 20/60 [00:16<00:28,  1.40it/s]
train:  35%|███▌      | 21/60 [00:17<00:34,  1.12it/s]
train:  37%|███▋      | 22/60 [00:18<00:27,  1.39it/s]
train:  38%|███▊      | 23/60 [00:19<00:33,  1.10it/s]
train:  40%|████      | 24/60 [00:19<00:26,  1.38it/s]
train:  42%|████▏     | 25/60 [00:22<00:43,  1.23s/it]
train:  43%|████▎     | 26/60 [00:22<00:32,  1.04it/s]
train:  45%|████▌     | 27/60 [00:24<00:37,  1.13s/it]
train:  47%|████▋     | 28/60 [00:24<00:26,  1.20it/s]
train:  48%|████▊     | 29/60 [00:25<00:30,  1.00it/s]
train:  50%|█████     | 30/60 [00:25<00:22,  1.34it/s]
train:  52%|█████▏    | 31/60 [00:27<00:26,  1.10it/s]
train:  53%|█████▎    | 32/60 [00:27<00:20,  1.34it/s]
train:  55%|█████▌    | 33/60 [00:28<00:24,  1.09it/s]
train:  57%|█████▋    | 34/60 [00:29<00:19,  1.31it/s]
train:  58%|█████▊    | 35/60 [00:30<00:22,  1.10it/s]
train:  60%|██████    | 36/60 [00:30<00:18,  1.32it/s]
train:  62%|██████▏   | 37/60 [00:32<00:21,  1.09it/s]
train:  63%|██████▎   | 38/60 [00:32<00:16,  1.35it/s]
train:  65%|██████▌   | 39/60 [00:33<00:17,  1.20it/s]
train:  67%|██████▋   | 40/60 [00:34<00:14,  1.36it/s]
train:  68%|██████▊   | 41/60 [00:35<00:16,  1.15it/s]
train:  70%|███████   | 42/60 [00:35<00:13,  1.33it/s]
train:  72%|███████▏  | 43/60 [00:36<00:14,  1.15it/s]
train:  73%|███████▎  | 44/60 [00:37<00:12,  1.32it/s]
train:  75%|███████▌  | 45/60 [00:38<00:13,  1.14it/s]
train:  77%|███████▋  | 46/60 [00:39<00:10,  1.32it/s]
train:  78%|███████▊  | 47/60 [00:40<00:11,  1.09it/s]
train:  80%|████████  | 48/60 [00:40<00:08,  1.39it/s]
train:  82%|████████▏ | 49/60 [00:41<00:09,  1.19it/s]
train:  83%|████████▎ | 50/60 [00:42<00:07,  1.41it/s]
train:  85%|████████▌ | 51/60 [00:43<00:07,  1.15it/s]
train:  87%|████████▋ | 52/60 [00:43<00:05,  1.36it/s]
train:  88%|████████▊ | 53/60 [00:44<00:06,  1.15it/s]
train:  90%|█████████ | 54/60 [00:45<00:04,  1.33it/s]
train:  92%|█████████▏| 55/60 [00:46<00:04,  1.07it/s]
train:  93%|█████████▎| 56/60 [00:47<00:03,  1.32it/s]
train:  95%|█████████▌| 57/60 [00:48<00:02,  1.15it/s]
train:  97%|█████████▋| 58/60 [00:48<00:01,  1.33it/s]
train:  98%|█████████▊| 59/60 [00:49<00:00,  1.18it/s]
train: 100%|██████████| 60/60 [00:50<00:00,  1.39it/s]
                                                      

eval:   0%|          | 0/15 [00:00<?, ?it/s]
eval:   7%|▋         | 1/15 [00:01<00:22,  1.58s/it]
eval:  20%|██        | 3/15 [00:03<00:12,  1.05s/it]
eval:  33%|███▎      | 5/15 [00:06<00:12,  1.23s/it]
eval:  40%|████      | 6/15 [00:06<00:08,  1.08it/s]
eval:  47%|████▋     | 7/15 [00:07<00:08,  1.05s/it]
eval:  60%|██████    | 9/15 [00:09<00:05,  1.06it/s]
eval:  73%|███████▎  | 11/15 [00:10<00:03,  1.14it/s]
eval:  87%|████████▋ | 13/15 [00:12<00:01,  1.17it/s]
eval:  93%|█████████▎| 14/15 [00:12<00:00,  1.43it/s]
eval: 100%|██████████| 15/15 [00:13<00:00,  1.24it/s]
                                                     
Epoch 18 | stage - | train loss 0.0228 (cls 0.0228, ctr 0.0000) acc 0.9979 f1 0.9980 | val loss 2.4519 (cls 2.4519, ctr 0.0000) acc 0.5625 f1 0.5431 | lr 1.06e-04

train:   0%|          | 0/60 [00:00<?, ?it/s]
train:   2%|▏         | 1/60 [00:01<01:52,  1.91s/it]
train:   5%|▌         | 3/60 [00:03<00:58,  1.03s/it]
train:   8%|▊         | 5/60 [00:04<00:50,  1.10it/s]
train:  12%|█▏        | 7/60 [00:06<00:46,  1.14it/s]
train:  15%|█▌        | 9/60 [00:08<00:42,  1.19it/s]
train:  18%|█▊        | 11/60 [00:09<00:40,  1.20it/s]
train:  22%|██▏       | 13/60 [00:11<00:38,  1.21it/s]
train:  25%|██▌       | 15/60 [00:13<00:37,  1.21it/s]
train:  28%|██▊       | 17/60 [00:14<00:35,  1.22it/s]
train:  32%|███▏      | 19/60 [00:16<00:33,  1.23it/s]
train:  33%|███▎      | 20/60 [00:16<00:27,  1.46it/s]
train:  35%|███▌      | 21/60 [00:17<00:33,  1.15it/s]
train:  38%|███▊      | 23/60 [00:19<00:31,  1.19it/s]
train:  42%|████▏     | 25/60 [00:21<00:29,  1.20it/s]
train:  45%|████▌     | 27/60 [00:22<00:27,  1.21it/s]
train:  48%|████▊     | 29/60 [00:25<00:30,  1.02it/s]
train:  50%|█████     | 30/60 [00:25<00:24,  1.20it/s]
train:  52%|█████▏    | 31/60 [00:27<00:27,  1.05it/s]
train:  53%|█████▎    | 32/60 [00:27<00:21,  1.28it/s]
train:  55%|█████▌    | 33/60 [00:28<00:25,  1.08it/s]
train:  57%|█████▋    | 34/60 [00:28<00:19,  1.33it/s]
train:  58%|█████▊    | 35/60 [00:30<00:22,  1.11it/s]
train:  60%|██████    | 36/60 [00:30<00:17,  1.39it/s]
train:  62%|██████▏   | 37/60 [00:31<00:20,  1.10it/s]
train:  63%|██████▎   | 38/60 [00:32<00:15,  1.40it/s]
train:  65%|██████▌   | 39/60 [00:33<00:19,  1.09it/s]
train:  67%|██████▋   | 40/60 [00:33<00:14,  1.40it/s]
train:  68%|██████▊   | 41/60 [00:35<00:17,  1.07it/s]
train:  70%|███████   | 42/60 [00:35<00:12,  1.41it/s]
train:  72%|███████▏  | 43/60 [00:36<00:15,  1.09it/s]
train:  73%|███████▎  | 44/60 [00:36<00:11,  1.39it/s]
train:  75%|███████▌  | 45/60 [00:38<00:13,  1.11it/s]
train:  77%|███████▋  | 46/60 [00:38<00:09,  1.42it/s]
train:  78%|███████▊  | 47/60 [00:40<00:12,  1.07it/s]
train:  80%|████████  | 48/60 [00:40<00:08,  1.39it/s]
train:  82%|████████▏ | 49/60 [00:41<00:09,  1.12it/s]
train:  83%|████████▎ | 50/60 [00:41<00:07,  1.36it/s]
train:  85%|████████▌ | 51/60 [00:43<00:08,  1.12it/s]
train:  87%|████████▋ | 52/60 [00:43<00:05,  1.38it/s]
train:  88%|████████▊ | 53/60 [00:44<00:06,  1.12it/s]
train:  90%|█████████ | 54/60 [00:45<00:04,  1.39it/s]
train:  92%|█████████▏| 55/60 [00:46<00:04,  1.10it/s]
train:  93%|█████████▎| 56/60 [00:46<00:02,  1.38it/s]
train:  95%|█████████▌| 57/60 [00:48<00:02,  1.07it/s]
train:  97%|█████████▋| 58/60 [00:48<00:01,  1.40it/s]
train:  98%|█████████▊| 59/60 [00:49<00:00,  1.13it/s]
train: 100%|██████████| 60/60 [00:50<00:00,  1.39it/s]
                                                      

eval:   0%|          | 0/15 [00:00<?, ?it/s]
eval:   7%|▋         | 1/15 [00:01<00:21,  1.57s/it]
eval:  20%|██        | 3/15 [00:03<00:12,  1.06s/it]
eval:  33%|███▎      | 5/15 [00:04<00:09,  1.08it/s]
eval:  47%|████▋     | 7/15 [00:06<00:06,  1.19it/s]
eval:  60%|██████    | 9/15 [00:09<00:06,  1.05s/it]
eval:  73%|███████▎  | 11/15 [00:10<00:03,  1.06it/s]
eval:  87%|████████▋ | 13/15 [00:12<00:01,  1.13it/s]
eval: 100%|██████████| 15/15 [00:13<00:00,  1.20it/s]
                                                     
Epoch 19 | stage - | train loss 0.0181 (cls 0.0181, ctr 0.0000) acc 0.9958 f1 0.9956 | val loss 2.6247 (cls 2.6247, ctr 0.0000) acc 0.5583 f1 0.5372 | lr 1.00e-04

train:   0%|          | 0/60 [00:00<?, ?it/s]
train:   2%|▏         | 1/60 [00:01<01:57,  1.99s/it]
train:   5%|▌         | 3/60 [00:03<00:59,  1.05s/it]
train:   8%|▊         | 5/60 [00:04<00:49,  1.11it/s]
train:  12%|█▏        | 7/60 [00:06<00:44,  1.19it/s]
train:  15%|█▌        | 9/60 [00:08<00:42,  1.21it/s]
train:  18%|█▊        | 11/60 [00:09<00:40,  1.20it/s]
train:  22%|██▏       | 13/60 [00:11<00:39,  1.20it/s]
train:  25%|██▌       | 15/60 [00:13<00:37,  1.21it/s]
train:  28%|██▊       | 17/60 [00:14<00:35,  1.21it/s]
train:  32%|███▏      | 19/60 [00:16<00:33,  1.21it/s]
train:  35%|███▌      | 21/60 [00:17<00:32,  1.21it/s]
train:  38%|███▊      | 23/60 [00:19<00:30,  1.21it/s]
train:  42%|████▏     | 25/60 [00:21<00:29,  1.20it/s]
train:  45%|████▌     | 27/60 [00:22<00:27,  1.21it/s]
train:  48%|████▊     | 29/60 [00:24<00:25,  1.22it/s]
train:  52%|█████▏    | 31/60 [00:26<00:23,  1.21it/s]
train:  55%|█████▌    | 33/60 [00:28<00:26,  1.02it/s]
train:  58%|█████▊    | 35/60 [00:30<00:23,  1.07it/s]
train:  62%|██████▏   | 37/60 [00:32<00:20,  1.12it/s]
train:  65%|██████▌   | 39/60 [00:33<00:18,  1.14it/s]
train:  68%|██████▊   | 41/60 [00:35<00:16,  1.17it/s]
train:  72%|███████▏  | 43/60 [00:37<00:14,  1.18it/s]
train:  75%|███████▌  | 45/60 [00:38<00:12,  1.22it/s]
train:  78%|███████▊  | 47/60 [00:40<00:10,  1.26it/s]
train:  82%|████████▏ | 49/60 [00:41<00:08,  1.26it/s]
train:  85%|████████▌ | 51/60 [00:43<00:07,  1.25it/s]
train:  88%|████████▊ | 53/60 [00:44<00:05,  1.25it/s]
train:  92%|█████████▏| 55/60 [00:46<00:03,  1.26it/s]
train:  95%|█████████▌| 57/60 [00:48<00:02,  1.26it/s]
train:  98%|█████████▊| 59/60 [00:49<00:00,  1.24it/s]
                                                      

eval:   0%|          | 0/15 [00:00<?, ?it/s]
eval:   7%|▋         | 1/15 [00:01<00:22,  1.58s/it]
eval:  20%|██        | 3/15 [00:03<00:12,  1.04s/it]
eval:  33%|███▎      | 5/15 [00:04<00:09,  1.11it/s]
eval:  47%|████▋     | 7/15 [00:06<00:06,  1.16it/s]
eval:  53%|█████▎    | 8/15 [00:06<00:04,  1.45it/s]
eval:  60%|██████    | 9/15 [00:07<00:05,  1.14it/s]
eval:  67%|██████▋   | 10/15 [00:08<00:03,  1.48it/s]
eval:  73%|███████▎  | 11/15 [00:09<00:03,  1.18it/s]
eval:  87%|████████▋ | 13/15 [00:12<00:02,  1.13s/it]
eval: 100%|██████████| 15/15 [00:13<00:00,  1.04it/s]
                                                     
Epoch 20 | stage - | train loss 0.0195 (cls 0.0195, ctr 0.0000) acc 0.9958 f1 0.9961 | val loss 2.6312 (cls 2.6312, ctr 0.0000) acc 0.5500 f1 0.5306 | lr 1.00e-04
[INFO] Reloaded best validation checkpoint: /home/louis/projects/MultimodalEmotionRecognition/outputs/speaker_independent_tracked_v1/fold_01/video/best.pt (epoch 11)

eval:   0%|          | 0/15 [00:00<?, ?it/s]libEGL warning: DRI3 error: Could not get DRI3 device
libEGL warning: Ensure your X server supports DRI3 to get accelerated rendering
libEGL warning: DRI3 error: Could not get DRI3 device
libEGL warning: Ensure your X server supports DRI3 to get accelerated rendering
WARNING: All log messages before absl::InitializeLog() is called are written to STDERR
I0000 00:00:1791459664.824221   30457 gl_context_egl.cc:85] Successfully initialized EGL. Major : 1 Minor: 5
WARNING: All log messages before absl::InitializeLog() is called are written to STDERR
I0000 00:00:1791459664.824244   30456 gl_context_egl.cc:85] Successfully initialized EGL. Major : 1 Minor: 5
I0000 00:00:1791459664.837092   30682 gl_context.cc:369] GL version: 3.2 (OpenGL ES 3.2 Mesa 25.2.8-0ubuntu0.24.04.2), renderer: llvmpipe (LLVM 20.1.2, 256 bits)
INFO: Created TensorFlow Lite XNNPACK delegate for CPU.
I0000 00:00:1791459664.839515   30683 gl_context.cc:369] GL version: 3.2 (OpenGL ES 3.2 Mesa 25.2.8-0ubuntu0.24.04.2), renderer: llvmpipe (LLVM 20.1.2, 256 bits)
INFO: Created TensorFlow Lite XNNPACK delegate for CPU.
W0000 00:00:1791459664.852874   30576 inference_feedback_manager.cc:114] Feedback manager requires a model with a single signature inference. Disabling support for feedback tensors.
W0000 00:00:1791459664.854932   30577 inference_feedback_manager.cc:114] Feedback manager requires a model with a single signature inference. Disabling support for feedback tensors.

eval:   7%|▋         | 1/15 [00:02<00:34,  2.45s/it]
eval:  13%|█▎        | 2/15 [00:02<00:13,  1.08s/it]
eval:  20%|██        | 3/15 [00:04<00:15,  1.25s/it]
eval:  33%|███▎      | 5/15 [00:05<00:10,  1.00s/it]
eval:  47%|████▋     | 7/15 [00:07<00:07,  1.13it/s]
eval:  60%|██████    | 9/15 [00:08<00:04,  1.23it/s]
eval:  73%|███████▎  | 11/15 [00:09<00:03,  1.28it/s]
eval:  87%|████████▋ | 13/15 [00:11<00:01,  1.31it/s]
eval: 100%|██████████| 15/15 [00:12<00:00,  1.43it/s]
                                                     
Test | loss 1.4988 (cls 1.4988, ctr 0.0000) acc 0.5583 f1 0.5092
Best val macro-F1: 0.6388 | checkpoint: /home/louis/projects/MultimodalEmotionRecognition/outputs/speaker_independent_tracked_v1/fold_01/video/best.pt
wandb: 
wandb: Run history:
wandb:     best/val_macro_f1 ▁
wandb:                 epoch ▁▁▂▂▂▃▃▄▄▄▅▅▅▆▆▇▇▇██
wandb:            lr/group_0 ███▇▇▇▆▆▅▅▄▃▃▂▂▂▁▁▁▁
wandb:                 stage ▁▁▁▁▁▁▁▁▁▁▁▁▁▁▁▁▁▁▁▁
wandb:              test/acc ▁
wandb:         test/accuracy ▁
wandb:       test/best_epoch ▁
wandb:         test/cls_loss ▁
wandb: test/contrastive_loss ▁
wandb:               test/f1 ▁
wandb:                   +14 ...
wandb: 
wandb: Run summary:
wandb:     best/val_macro_f1 0.63876
wandb:                 epoch 20
wandb:            lr/group_0 0.0001
wandb:                 stage 0
wandb:              test/acc 0.55833
wandb:         test/accuracy 0.55833
wandb:       test/best_epoch 11
wandb:         test/cls_loss 1.4988
wandb: test/contrastive_loss 0
wandb:               test/f1 0.50925
wandb:                   +14 ...
wandb: 
wandb: You can sync this run to the cloud by running:
wandb: wandb sync /home/louis/projects/MultimodalEmotionRecognition/outputs/speaker_independent_tracked_v1/fold_01/video/wandb/offline-run-20261008_191928-036a841b0c81436ea46c48ef5533c18d
wandb: Find logs at: ./outputs/speaker_independent_tracked_v1/fold_01/video/wandb/offline-run-20261008_191928-036a841b0c81436ea46c48ef5533c18d/logs
[REVISION] fold=1 model=gated smoke=False
[REVISION] profile=spmb2026-gated-v1 resolved={"audio_backbone_lr": 1e-05, "audio_n_mels": 64, "backbone_lr": 3e-05, "batch_size": 8, "cosine_stage2_only": false, "early_stopping_patience": 8, "epochs": 30, "frames": 8, "fusion": "gated", "fusion_align_dim": 256, "fusion_align_mode": "none", "fusion_align_temperature": 0.07, "fusion_align_weight": 0.1, "fusion_unfreeze_audio": true, "fusion_unfreeze_video_blocks": 1, "fusion_unfreeze_wavlm_layers": 2, "label_smoothing": 0.0, "lr": 0.0003, "no_pretrained_video": false, "num_classes": 8, "num_workers": -1, "seed": 42, "smoke": false, "split_mode": "actor", "stage1_epochs": 5, "temporal_dropout": 0.1, "temporal_num_heads": 4, "temporal_num_layers": 1, "temporal_pooling": "mean", "train_ratio": 0.7, "two_stage_training": true, "use_cosine_annealing": true, "use_face_crop": true, "use_resnet_audio": false, "use_wavlm": true, "val_ratio": 0.15, "video_backbone_lr": 1e-05, "wandb": false, "wavlm_stage": 1, "weight_decay": 0.0001, "xattn_attn_dropout": 0.1, "xattn_d_model": 128, "xattn_emotion_prior_dim": 8, "xattn_emotion_prior_dropout": 0.1, "xattn_emotion_prior_hidden_dim": 64, "xattn_head": "concat", "xattn_heads": 4, "xattn_stochastic_depth": 0.1, "xattn_use_emotion_prior": false}
[REVISION] disjoint split={'fold': 1, 'train_actors': [9, 10, 11, 12, 13, 14, 15, 16, 17, 18, 19, 20, 21, 22, 23, 24], 'val_actors': [5, 6, 7, 8], 'test_actors': [1, 2, 3, 4]}
[REVISION] audio_ckpt=/home/louis/projects/MultimodalEmotionRecognition/outputs/speaker_independent_tracked_v1/fold_01/audio/best.pt video_ckpt=/home/louis/projects/MultimodalEmotionRecognition/outputs/speaker_independent_tracked_v1/fold_01/video/best.pt
wandb: WARNING `resume` will be ignored since W&B syncing is set to `offline`. Starting a new run with run id a5881de84d0540e39c3a5215242757d5.
wandb: Tracking run with wandb version 0.24.1
wandb: W&B syncing is set to `offline` in this directory. Run `wandb online` or set WANDB_MODE=online to enable cloud syncing.
wandb: Run data is saved locally in /home/louis/projects/MultimodalEmotionRecognition/outputs/speaker_independent_tracked_v1/fold_01/gated/wandb/offline-run-20261008_194117-a5881de84d0540e39c3a5215242757d5
Total pairs: 1440
Sample pair: actor=1 emotion=1 intensity=1 statement=1 repetition=1
Sample pair: actor=2 emotion=1 intensity=1 statement=1 repetition=1
Sample pair: actor=3 emotion=1 intensity=1 statement=1 repetition=1
Using actor-based split
Train pairs: 960 | Val pairs: 240 | Test pairs: 240
Train class distribution: {0: 64, 1: 128, 2: 128, 3: 128, 4: 128, 5: 128, 6: 128, 7: 128}
Val class distribution: {0: 16, 1: 32, 2: 32, 3: 32, 4: 32, 5: 32, 6: 32, 7: 32}
Test class distribution: {0: 16, 1: 32, 2: 32, 3: 32, 4: 32, 5: 32, 6: 32, 7: 32}
DataLoader config: num_workers=2, pin_memory=True, persistent_workers=True

============================================================
CUDA available: True
GPU device: NVIDIA GeForce RTX 5080 Laptop GPU
GPU memory: 17.07 GB
Device: cuda
============================================================


Loading weights:   0%|          | 0/248 [00:00<?, ?it/s]
Loading weights:   0%|          | 1/248 [00:00<00:00, 42366.71it/s, Materializing param=encoder.layer_norm.bias]
Loading weights:   0%|          | 1/248 [00:00<00:00, 6355.01it/s, Materializing param=encoder.layer_norm.bias] 
Loading weights:   1%|          | 2/248 [00:00<00:00, 6264.83it/s, Materializing param=encoder.layer_norm.weight]
Loading weights:   1%|          | 2/248 [00:00<00:00, 5127.51it/s, Materializing param=encoder.layer_norm.weight]
Loading weights:   1%|          | 3/248 [00:00<00:00, 6114.15it/s, Materializing param=encoder.layers.0.attention.gru_rel_pos_const]
Loading weights:   1%|          | 3/248 [00:00<00:00, 5430.69it/s, Materializing param=encoder.layers.0.attention.gru_rel_pos_const]
Loading weights:   2%|▏         | 4/248 [00:00<00:00, 6143.25it/s, Materializing param=encoder.layers.0.attention.gru_rel_pos_linear.bias]
Loading weights:   2%|▏         | 4/248 [00:00<00:00, 5609.23it/s, Materializing param=encoder.layers.0.attention.gru_rel_pos_linear.bias]
Loading weights:   2%|▏         | 5/248 [00:00<00:00, 6219.31it/s, Materializing param=encoder.layers.0.attention.gru_rel_pos_linear.weight]
Loading weights:   2%|▏         | 5/248 [00:00<00:00, 5807.68it/s, Materializing param=encoder.layers.0.attention.gru_rel_pos_linear.weight]
Loading weights:   2%|▏         | 6/248 [00:00<00:00, 5946.56it/s, Materializing param=encoder.layers.0.attention.k_proj.bias]              
Loading weights:   2%|▏         | 6/248 [00:00<00:00, 5323.85it/s, Materializing param=encoder.layers.0.attention.k_proj.bias]
Loading weights:   3%|▎         | 7/248 [00:00<00:00, 5644.01it/s, Materializing param=encoder.layers.0.attention.k_proj.weight]
Loading weights:   3%|▎         | 7/248 [00:00<00:00, 5361.60it/s, Materializing param=encoder.layers.0.attention.k_proj.weight]
Loading weights:   3%|▎         | 8/248 [00:00<00:00, 5716.26it/s, Materializing param=encoder.layers.0.attention.out_proj.bias]
Loading weights:   3%|▎         | 8/248 [00:00<00:00, 5493.52it/s, Materializing param=encoder.layers.0.attention.out_proj.bias]
Loading weights:   4%|▎         | 9/248 [00:00<00:00, 5579.18it/s, Materializing param=encoder.layers.0.attention.out_proj.weight]
Loading weights:   4%|▎         | 9/248 [00:00<00:00, 5213.91it/s, Materializing param=encoder.layers.0.attention.out_proj.weight]
Loading weights:   4%|▍         | 10/248 [00:00<00:00, 5423.90it/s, Materializing param=encoder.layers.0.attention.q_proj.bias]   
Loading weights:   4%|▍         | 10/248 [00:00<00:00, 5228.50it/s, Materializing param=encoder.layers.0.attention.q_proj.bias]
Loading weights:   4%|▍         | 11/248 [00:00<00:00, 5470.40it/s, Materializing param=encoder.layers.0.attention.q_proj.weight]
Loading weights:   4%|▍         | 11/248 [00:00<00:00, 5313.53it/s, Materializing param=encoder.layers.0.attention.q_proj.weight]
Loading weights:   5%|▍         | 12/248 [00:00<00:00, 5348.74it/s, Materializing param=encoder.layers.0.attention.rel_attn_embed.weight]
Loading weights:   5%|▍         | 12/248 [00:00<00:00, 5170.17it/s, Materializing param=encoder.layers.0.attention.rel_attn_embed.weight]
Loading weights:   5%|▌         | 13/248 [00:00<00:00, 5299.44it/s, Materializing param=encoder.layers.0.attention.v_proj.bias]          
Loading weights:   5%|▌         | 13/248 [00:00<00:00, 5157.58it/s, Materializing param=encoder.layers.0.attention.v_proj.bias]
Loading weights:   6%|▌         | 14/248 [00:00<00:00, 5296.79it/s, Materializing param=encoder.layers.0.attention.v_proj.weight]
Loading weights:   6%|▌         | 14/248 [00:00<00:00, 5175.41it/s, Materializing param=encoder.layers.0.attention.v_proj.weight]
Loading weights:   6%|▌         | 15/248 [00:00<00:00, 5310.59it/s, Materializing param=encoder.layers.0.feed_forward.intermediate_dense.bias]
Loading weights:   6%|▌         | 15/248 [00:00<00:00, 5196.11it/s, Materializing param=encoder.layers.0.feed_forward.intermediate_dense.bias]
Loading weights:   6%|▋         | 16/248 [00:00<00:00, 5324.41it/s, Materializing param=encoder.layers.0.feed_forward.intermediate_dense.weight]
Loading weights:   6%|▋         | 16/248 [00:00<00:00, 5220.45it/s, Materializing param=encoder.layers.0.feed_forward.intermediate_dense.weight]
Loading weights:   7%|▋         | 17/248 [00:00<00:00, 5357.92it/s, Materializing param=encoder.layers.0.feed_forward.output_dense.bias]        
Loading weights:   7%|▋         | 17/248 [00:00<00:00, 5259.90it/s, Materializing param=encoder.layers.0.feed_forward.output_dense.bias]
Loading weights:   7%|▋         | 18/248 [00:00<00:00, 5425.62it/s, Materializing param=encoder.layers.0.feed_forward.output_dense.weight]
Loading weights:   7%|▋         | 18/248 [00:00<00:00, 5246.16it/s, Materializing param=encoder.layers.0.feed_forward.output_dense.weight]
Loading weights:   8%|▊         | 19/248 [00:00<00:00, 3432.33it/s, Materializing param=encoder.layers.0.final_layer_norm.bias]           
Loading weights:   8%|▊         | 19/248 [00:00<00:00, 3361.53it/s, Materializing param=encoder.layers.0.final_layer_norm.bias]
Loading weights:   8%|▊         | 20/248 [00:00<00:00, 3446.29it/s, Materializing param=encoder.layers.0.final_layer_norm.weight]
Loading weights:   8%|▊         | 20/248 [00:00<00:00, 3390.43it/s, Materializing param=encoder.layers.0.final_layer_norm.weight]
Loading weights:   8%|▊         | 21/248 [00:00<00:00, 3505.55it/s, Materializing param=encoder.layers.0.layer_norm.bias]        
Loading weights:   8%|▊         | 21/248 [00:00<00:00, 3474.85it/s, Materializing param=encoder.layers.0.layer_norm.bias]
Loading weights:   9%|▉         | 22/248 [00:00<00:00, 3592.27it/s, Materializing param=encoder.layers.0.layer_norm.weight]
Loading weights:   9%|▉         | 22/248 [00:00<00:00, 3554.08it/s, Materializing param=encoder.layers.0.layer_norm.weight]
Loading weights:   9%|▉         | 23/248 [00:00<00:00, 3638.55it/s, Materializing param=encoder.layers.1.attention.gru_rel_pos_const]
Loading weights:   9%|▉         | 23/248 [00:00<00:00, 3603.08it/s, Materializing param=encoder.layers.1.attention.gru_rel_pos_const]
Loading weights:  10%|▉         | 24/248 [00:00<00:00, 3422.52it/s, Materializing param=encoder.layers.1.attention.gru_rel_pos_linear.bias]
Loading weights:  10%|▉         | 24/248 [00:00<00:00, 3373.89it/s, Materializing param=encoder.layers.1.attention.gru_rel_pos_linear.bias]
Loading weights:  10%|█         | 25/248 [00:00<00:00, 3462.70it/s, Materializing param=encoder.layers.1.attention.gru_rel_pos_linear.weight]
Loading weights:  10%|█         | 25/248 [00:00<00:00, 3434.80it/s, Materializing param=encoder.layers.1.attention.gru_rel_pos_linear.weight]
Loading weights:  10%|█         | 26/248 [00:00<00:00, 3529.30it/s, Materializing param=encoder.layers.1.attention.k_proj.bias]              
Loading weights:  10%|█         | 26/248 [00:00<00:00, 3503.00it/s, Materializing param=encoder.layers.1.attention.k_proj.bias]
Loading weights:  11%|█         | 27/248 [00:00<00:00, 3570.75it/s, Materializing param=encoder.layers.1.attention.k_proj.weight]
Loading weights:  11%|█         | 27/248 [00:00<00:00, 3531.66it/s, Materializing param=encoder.layers.1.attention.k_proj.weight]
Loading weights:  11%|█▏        | 28/248 [00:00<00:00, 3588.38it/s, Materializing param=encoder.layers.1.attention.out_proj.bias]
Loading weights:  11%|█▏        | 28/248 [00:00<00:00, 3563.23it/s, Materializing param=encoder.layers.1.attention.out_proj.bias]
Loading weights:  12%|█▏        | 29/248 [00:00<00:00, 3651.82it/s, Materializing param=encoder.layers.1.attention.out_proj.weight]
Loading weights:  12%|█▏        | 29/248 [00:00<00:00, 3627.86it/s, Materializing param=encoder.layers.1.attention.out_proj.weight]
Loading weights:  12%|█▏        | 30/248 [00:00<00:00, 3699.66it/s, Materializing param=encoder.layers.1.attention.q_proj.bias]    
Loading weights:  12%|█▏        | 30/248 [00:00<00:00, 3671.27it/s, Materializing param=encoder.layers.1.attention.q_proj.bias]
Loading weights:  12%|█▎        | 31/248 [00:00<00:00, 3029.86it/s, Materializing param=encoder.layers.1.attention.q_proj.weight]
Loading weights:  12%|█▎        | 31/248 [00:00<00:00, 3002.71it/s, Materializing param=encoder.layers.1.attention.q_proj.weight]
Loading weights:  13%|█▎        | 32/248 [00:00<00:00, 2958.81it/s, Materializing param=encoder.layers.1.attention.v_proj.bias]  
Loading weights:  13%|█▎        | 32/248 [00:00<00:00, 2933.78it/s, Materializing param=encoder.layers.1.attention.v_proj.bias]
Loading weights:  13%|█▎        | 33/248 [00:00<00:00, 2997.81it/s, Materializing param=encoder.layers.1.attention.v_proj.weight]
Loading weights:  13%|█▎        | 33/248 [00:00<00:00, 2982.63it/s, Materializing param=encoder.layers.1.attention.v_proj.weight]
Loading weights:  14%|█▎        | 34/248 [00:00<00:00, 3049.62it/s, Materializing param=encoder.layers.1.feed_forward.intermediate_dense.bias]
Loading weights:  14%|█▎        | 34/248 [00:00<00:00, 3034.44it/s, Materializing param=encoder.layers.1.feed_forward.intermediate_dense.bias]
Loading weights:  14%|█▍        | 35/248 [00:00<00:00, 3098.89it/s, Materializing param=encoder.layers.1.feed_forward.intermediate_dense.weight]
Loading weights:  14%|█▍        | 35/248 [00:00<00:00, 3084.24it/s, Materializing param=encoder.layers.1.feed_forward.intermediate_dense.weight]
Loading weights:  15%|█▍        | 36/248 [00:00<00:00, 3149.60it/s, Materializing param=encoder.layers.1.feed_forward.output_dense.bias]        
Loading weights:  15%|█▍        | 36/248 [00:00<00:00, 3130.47it/s, Materializing param=encoder.layers.1.feed_forward.output_dense.bias]
Loading weights:  15%|█▍        | 37/248 [00:00<00:00, 3127.24it/s, Materializing param=encoder.layers.1.feed_forward.output_dense.weight]
Loading weights:  15%|█▍        | 37/248 [00:00<00:00, 3103.29it/s, Materializing param=encoder.layers.1.feed_forward.output_dense.weight]
Loading weights:  15%|█▌        | 38/248 [00:00<00:00, 3160.43it/s, Materializing param=encoder.layers.1.final_layer_norm.bias]           
Loading weights:  15%|█▌        | 38/248 [00:00<00:00, 3146.70it/s, Materializing param=encoder.layers.1.final_layer_norm.bias]
Loading weights:  16%|█▌        | 39/248 [00:00<00:00, 3207.85it/s, Materializing param=encoder.layers.1.final_layer_norm.weight]
Loading weights:  16%|█▌        | 39/248 [00:00<00:00, 3194.07it/s, Materializing param=encoder.layers.1.final_layer_norm.weight]
Loading weights:  16%|█▌        | 40/248 [00:00<00:00, 3157.59it/s, Materializing param=encoder.layers.1.layer_norm.bias]        
Loading weights:  16%|█▌        | 40/248 [00:00<00:00, 3141.68it/s, Materializing param=encoder.layers.1.layer_norm.bias]
Loading weights:  17%|█▋        | 41/248 [00:00<00:00, 3199.32it/s, Materializing param=encoder.layers.1.layer_norm.weight]
Loading weights:  17%|█▋        | 41/248 [00:00<00:00, 3186.57it/s, Materializing param=encoder.layers.1.layer_norm.weight]
Loading weights:  17%|█▋        | 42/248 [00:00<00:00, 3243.44it/s, Materializing param=encoder.layers.2.attention.gru_rel_pos_const]
Loading weights:  17%|█▋        | 42/248 [00:00<00:00, 3230.53it/s, Materializing param=encoder.layers.2.attention.gru_rel_pos_const]
Loading weights:  17%|█▋        | 43/248 [00:00<00:00, 3279.90it/s, Materializing param=encoder.layers.2.attention.gru_rel_pos_linear.bias]
Loading weights:  17%|█▋        | 43/248 [00:00<00:00, 3264.40it/s, Materializing param=encoder.layers.2.attention.gru_rel_pos_linear.bias]
Loading weights:  18%|█▊        | 44/248 [00:00<00:00, 3317.92it/s, Materializing param=encoder.layers.2.attention.gru_rel_pos_linear.weight]
Loading weights:  18%|█▊        | 44/248 [00:00<00:00, 3304.55it/s, Materializing param=encoder.layers.2.attention.gru_rel_pos_linear.weight]
Loading weights:  18%|█▊        | 45/248 [00:00<00:00, 3348.48it/s, Materializing param=encoder.layers.2.attention.k_proj.bias]              
Loading weights:  18%|█▊        | 45/248 [00:00<00:00, 3333.28it/s, Materializing param=encoder.layers.2.attention.k_proj.bias]
Loading weights:  19%|█▊        | 46/248 [00:00<00:00, 3385.83it/s, Materializing param=encoder.layers.2.attention.k_proj.weight]
Loading weights:  19%|█▊        | 46/248 [00:00<00:00, 3372.98it/s, Materializing param=encoder.layers.2.attention.k_proj.weight]
Loading weights:  19%|█▉        | 47/248 [00:00<00:00, 3426.42it/s, Materializing param=encoder.layers.2.attention.out_proj.bias]
Loading weights:  19%|█▉        | 47/248 [00:00<00:00, 3403.41it/s, Materializing param=encoder.layers.2.attention.out_proj.bias]
Loading weights:  19%|█▉        | 48/248 [00:00<00:00, 3452.10it/s, Materializing param=encoder.layers.2.attention.out_proj.weight]
Loading weights:  19%|█▉        | 48/248 [00:00<00:00, 3438.25it/s, Materializing param=encoder.layers.2.attention.out_proj.weight]
Loading weights:  20%|█▉        | 49/248 [00:00<00:00, 3490.39it/s, Materializing param=encoder.layers.2.attention.q_proj.bias]    
Loading weights:  20%|█▉        | 49/248 [00:00<00:00, 3477.33it/s, Materializing param=encoder.layers.2.attention.q_proj.bias]
Loading weights:  20%|██        | 50/248 [00:00<00:00, 3528.48it/s, Materializing param=encoder.layers.2.attention.q_proj.weight]
Loading weights:  20%|██        | 50/248 [00:00<00:00, 3515.59it/s, Materializing param=encoder.layers.2.attention.q_proj.weight]
Loading weights:  21%|██        | 51/248 [00:00<00:00, 3490.06it/s, Materializing param=encoder.layers.2.attention.v_proj.bias]  
Loading weights:  21%|██        | 51/248 [00:00<00:00, 3462.94it/s, Materializing param=encoder.layers.2.attention.v_proj.bias]
Loading weights:  21%|██        | 52/248 [00:00<00:00, 3482.53it/s, Materializing param=encoder.layers.2.attention.v_proj.weight]
Loading weights:  21%|██        | 52/248 [00:00<00:00, 3466.64it/s, Materializing param=encoder.layers.2.attention.v_proj.weight]
Loading weights:  21%|██▏       | 53/248 [00:00<00:00, 3481.30it/s, Materializing param=encoder.layers.2.feed_forward.intermediate_dense.bias]
Loading weights:  21%|██▏       | 53/248 [00:00<00:00, 3452.85it/s, Materializing param=encoder.layers.2.feed_forward.intermediate_dense.bias]
Loading weights:  22%|██▏       | 54/248 [00:00<00:00, 3490.41it/s, Materializing param=encoder.layers.2.feed_forward.intermediate_dense.weight]
Loading weights:  22%|██▏       | 54/248 [00:00<00:00, 3476.69it/s, Materializing param=encoder.layers.2.feed_forward.intermediate_dense.weight]
Loading weights:  22%|██▏       | 55/248 [00:00<00:00, 3520.48it/s, Materializing param=encoder.layers.2.feed_forward.output_dense.bias]        
Loading weights:  22%|██▏       | 55/248 [00:00<00:00, 3506.68it/s, Materializing param=encoder.layers.2.feed_forward.output_dense.bias]
Loading weights:  23%|██▎       | 56/248 [00:00<00:00, 3549.93it/s, Materializing param=encoder.layers.2.feed_forward.output_dense.weight]
Loading weights:  23%|██▎       | 56/248 [00:00<00:00, 3537.84it/s, Materializing param=encoder.layers.2.feed_forward.output_dense.weight]
Loading weights:  23%|██▎       | 57/248 [00:00<00:00, 3581.92it/s, Materializing param=encoder.layers.2.final_layer_norm.bias]           
Loading weights:  23%|██▎       | 57/248 [00:00<00:00, 3570.10it/s, Materializing param=encoder.layers.2.final_layer_norm.bias]
Loading weights:  23%|██▎       | 58/248 [00:00<00:00, 3614.54it/s, Materializing param=encoder.layers.2.final_layer_norm.weight]
Loading weights:  23%|██▎       | 58/248 [00:00<00:00, 3602.82it/s, Materializing param=encoder.layers.2.final_layer_norm.weight]
Loading weights:  24%|██▍       | 59/248 [00:00<00:00, 3645.45it/s, Materializing param=encoder.layers.2.layer_norm.bias]        
Loading weights:  24%|██▍       | 59/248 [00:00<00:00, 3633.89it/s, Materializing param=encoder.layers.2.layer_norm.bias]
Loading weights:  24%|██▍       | 60/248 [00:00<00:00, 3674.06it/s, Materializing param=encoder.layers.2.layer_norm.weight]
Loading weights:  24%|██▍       | 60/248 [00:00<00:00, 3661.66it/s, Materializing param=encoder.layers.2.layer_norm.weight]
Loading weights:  25%|██▍       | 61/248 [00:00<00:00, 3704.68it/s, Materializing param=encoder.layers.3.attention.gru_rel_pos_const]
Loading weights:  25%|██▍       | 61/248 [00:00<00:00, 3693.39it/s, Materializing param=encoder.layers.3.attention.gru_rel_pos_const]
Loading weights:  25%|██▌       | 62/248 [00:00<00:00, 3734.75it/s, Materializing param=encoder.layers.3.attention.gru_rel_pos_linear.bias]
Loading weights:  25%|██▌       | 62/248 [00:00<00:00, 3718.20it/s, Materializing param=encoder.layers.3.attention.gru_rel_pos_linear.bias]
Loading weights:  25%|██▌       | 63/248 [00:00<00:00, 3758.44it/s, Materializing param=encoder.layers.3.attention.gru_rel_pos_linear.weight]
Loading weights:  25%|██▌       | 63/248 [00:00<00:00, 3746.29it/s, Materializing param=encoder.layers.3.attention.gru_rel_pos_linear.weight]
Loading weights:  26%|██▌       | 64/248 [00:00<00:00, 3783.77it/s, Materializing param=encoder.layers.3.attention.k_proj.bias]              
Loading weights:  26%|██▌       | 64/248 [00:00<00:00, 3770.85it/s, Materializing param=encoder.layers.3.attention.k_proj.bias]
Loading weights:  26%|██▌       | 65/248 [00:00<00:00, 3811.72it/s, Materializing param=encoder.layers.3.attention.k_proj.weight]
Loading weights:  26%|██▌       | 65/248 [00:00<00:00, 3800.62it/s, Materializing param=encoder.layers.3.attention.k_proj.weight]
Loading weights:  27%|██▋       | 66/248 [00:00<00:00, 3841.42it/s, Materializing param=encoder.layers.3.attention.out_proj.bias]
Loading weights:  27%|██▋       | 66/248 [00:00<00:00, 3830.31it/s, Materializing param=encoder.layers.3.attention.out_proj.bias]
Loading weights:  27%|██▋       | 67/248 [00:00<00:00, 3870.62it/s, Materializing param=encoder.layers.3.attention.out_proj.weight]
Loading weights:  27%|██▋       | 67/248 [00:00<00:00, 3859.08it/s, Materializing param=encoder.layers.3.attention.out_proj.weight]
Loading weights:  27%|██▋       | 68/248 [00:00<00:00, 3899.33it/s, Materializing param=encoder.layers.3.attention.q_proj.bias]    
Loading weights:  27%|██▋       | 68/248 [00:00<00:00, 3879.60it/s, Materializing param=encoder.layers.3.attention.q_proj.bias]
Loading weights:  28%|██▊       | 69/248 [00:00<00:00, 3917.68it/s, Materializing param=encoder.layers.3.attention.q_proj.weight]
Loading weights:  28%|██▊       | 69/248 [00:00<00:00, 3906.31it/s, Materializing param=encoder.layers.3.attention.q_proj.weight]
Loading weights:  28%|██▊       | 70/248 [00:00<00:00, 3944.88it/s, Materializing param=encoder.layers.3.attention.v_proj.bias]  
Loading weights:  28%|██▊       | 70/248 [00:00<00:00, 3933.88it/s, Materializing param=encoder.layers.3.attention.v_proj.bias]
Loading weights:  29%|██▊       | 71/248 [00:00<00:00, 3972.89it/s, Materializing param=encoder.layers.3.attention.v_proj.weight]
Loading weights:  29%|██▊       | 71/248 [00:00<00:00, 3961.21it/s, Materializing param=encoder.layers.3.attention.v_proj.weight]
Loading weights:  29%|██▉       | 72/248 [00:00<00:00, 3999.39it/s, Materializing param=encoder.layers.3.feed_forward.intermediate_dense.bias]
Loading weights:  29%|██▉       | 72/248 [00:00<00:00, 3987.51it/s, Materializing param=encoder.layers.3.feed_forward.intermediate_dense.bias]
Loading weights:  29%|██▉       | 73/248 [00:00<00:00, 4024.61it/s, Materializing param=encoder.layers.3.feed_forward.intermediate_dense.weight]
Loading weights:  29%|██▉       | 73/248 [00:00<00:00, 4013.06it/s, Materializing param=encoder.layers.3.feed_forward.intermediate_dense.weight]
Loading weights:  30%|██▉       | 74/248 [00:00<00:00, 4050.88it/s, Materializing param=encoder.layers.3.feed_forward.output_dense.bias]        
Loading weights:  30%|██▉       | 74/248 [00:00<00:00, 4015.71it/s, Materializing param=encoder.layers.3.feed_forward.output_dense.bias]
Loading weights:  30%|███       | 75/248 [00:00<00:00, 3914.06it/s, Materializing param=encoder.layers.3.feed_forward.output_dense.weight]
Loading weights:  30%|███       | 75/248 [00:00<00:00, 3900.18it/s, Materializing param=encoder.layers.3.feed_forward.output_dense.weight]
Loading weights:  31%|███       | 76/248 [00:00<00:00, 3935.10it/s, Materializing param=encoder.layers.3.final_layer_norm.bias]           
Loading weights:  31%|███       | 76/248 [00:00<00:00, 3924.49it/s, Materializing param=encoder.layers.3.final_layer_norm.bias]
Loading weights:  31%|███       | 77/248 [00:00<00:00, 3960.19it/s, Materializing param=encoder.layers.3.final_layer_norm.weight]
Loading weights:  31%|███       | 77/248 [00:00<00:00, 3949.87it/s, Materializing param=encoder.layers.3.final_layer_norm.weight]
Loading weights:  31%|███▏      | 78/248 [00:00<00:00, 3985.86it/s, Materializing param=encoder.layers.3.layer_norm.bias]        
Loading weights:  31%|███▏      | 78/248 [00:00<00:00, 3975.79it/s, Materializing param=encoder.layers.3.layer_norm.bias]
Loading weights:  32%|███▏      | 79/248 [00:00<00:00, 4011.26it/s, Materializing param=encoder.layers.3.layer_norm.weight]
Loading weights:  32%|███▏      | 79/248 [00:00<00:00, 4000.51it/s, Materializing param=encoder.layers.3.layer_norm.weight]
Loading weights:  32%|███▏      | 80/248 [00:00<00:00, 4035.90it/s, Materializing param=encoder.layers.4.attention.gru_rel_pos_const]
Loading weights:  32%|███▏      | 80/248 [00:00<00:00, 4025.63it/s, Materializing param=encoder.layers.4.attention.gru_rel_pos_const]
Loading weights:  33%|███▎      | 81/248 [00:00<00:00, 4060.22it/s, Materializing param=encoder.layers.4.attention.gru_rel_pos_linear.bias]
Loading weights:  33%|███▎      | 81/248 [00:00<00:00, 4049.76it/s, Materializing param=encoder.layers.4.attention.gru_rel_pos_linear.bias]
Loading weights:  33%|███▎      | 82/248 [00:00<00:00, 4083.74it/s, Materializing param=encoder.layers.4.attention.gru_rel_pos_linear.weight]
Loading weights:  33%|███▎      | 82/248 [00:00<00:00, 4073.44it/s, Materializing param=encoder.layers.4.attention.gru_rel_pos_linear.weight]
Loading weights:  33%|███▎      | 83/248 [00:00<00:00, 4106.63it/s, Materializing param=encoder.layers.4.attention.k_proj.bias]              
Loading weights:  33%|███▎      | 83/248 [00:00<00:00, 4096.34it/s, Materializing param=encoder.layers.4.attention.k_proj.bias]
Loading weights:  34%|███▍      | 84/248 [00:00<00:00, 4114.08it/s, Materializing param=encoder.layers.4.attention.k_proj.weight]
Loading weights:  34%|███▍      | 84/248 [00:00<00:00, 4102.58it/s, Materializing param=encoder.layers.4.attention.k_proj.weight]
Loading weights:  34%|███▍      | 85/248 [00:00<00:00, 4135.48it/s, Materializing param=encoder.layers.4.attention.out_proj.bias]
Loading weights:  34%|███▍      | 85/248 [00:00<00:00, 4125.24it/s, Materializing param=encoder.layers.4.attention.out_proj.bias]
Loading weights:  35%|███▍      | 86/248 [00:00<00:00, 4158.43it/s, Materializing param=encoder.layers.4.attention.out_proj.weight]
Loading weights:  35%|███▍      | 86/248 [00:00<00:00, 4147.76it/s, Materializing param=encoder.layers.4.attention.out_proj.weight]
Loading weights:  35%|███▌      | 87/248 [00:00<00:00, 4180.13it/s, Materializing param=encoder.layers.4.attention.q_proj.bias]    
Loading weights:  35%|███▌      | 87/248 [00:00<00:00, 4169.96it/s, Materializing param=encoder.layers.4.attention.q_proj.bias]
Loading weights:  35%|███▌      | 88/248 [00:00<00:00, 4202.42it/s, Materializing param=encoder.layers.4.attention.q_proj.weight]
Loading weights:  35%|███▌      | 88/248 [00:00<00:00, 4192.11it/s, Materializing param=encoder.layers.4.attention.q_proj.weight]
Loading weights:  36%|███▌      | 89/248 [00:00<00:00, 4202.61it/s, Materializing param=encoder.layers.4.attention.v_proj.bias]  
Loading weights:  36%|███▌      | 89/248 [00:00<00:00, 4192.09it/s, Materializing param=encoder.layers.4.attention.v_proj.bias]
Loading weights:  36%|███▋      | 90/248 [00:00<00:00, 4223.59it/s, Materializing param=encoder.layers.4.attention.v_proj.weight]
Loading weights:  36%|███▋      | 90/248 [00:00<00:00, 4213.64it/s, Materializing param=encoder.layers.4.attention.v_proj.weight]
Loading weights:  37%|███▋      | 91/248 [00:00<00:00, 4245.11it/s, Materializing param=encoder.layers.4.feed_forward.intermediate_dense.bias]
Loading weights:  37%|███▋      | 91/248 [00:00<00:00, 4234.79it/s, Materializing param=encoder.layers.4.feed_forward.intermediate_dense.bias]
Loading weights:  37%|███▋      | 92/248 [00:00<00:00, 4265.85it/s, Materializing param=encoder.layers.4.feed_forward.intermediate_dense.weight]
Loading weights:  37%|███▋      | 92/248 [00:00<00:00, 4255.73it/s, Materializing param=encoder.layers.4.feed_forward.intermediate_dense.weight]
Loading weights:  38%|███▊      | 93/248 [00:00<00:00, 4287.00it/s, Materializing param=encoder.layers.4.feed_forward.output_dense.bias]        
Loading weights:  38%|███▊      | 93/248 [00:00<00:00, 4277.04it/s, Materializing param=encoder.layers.4.feed_forward.output_dense.bias]
Loading weights:  38%|███▊      | 94/248 [00:00<00:00, 4307.91it/s, Materializing param=encoder.layers.4.feed_forward.output_dense.weight]
Loading weights:  38%|███▊      | 94/248 [00:00<00:00, 4298.19it/s, Materializing param=encoder.layers.4.feed_forward.output_dense.weight]
Loading weights:  38%|███▊      | 95/248 [00:00<00:00, 4329.00it/s, Materializing param=encoder.layers.4.final_layer_norm.bias]           
Loading weights:  38%|███▊      | 95/248 [00:00<00:00, 4318.92it/s, Materializing param=encoder.layers.4.final_layer_norm.bias]
Loading weights:  39%|███▊      | 96/248 [00:00<00:00, 4344.13it/s, Materializing param=encoder.layers.4.final_layer_norm.weight]
Loading weights:  39%|███▊      | 96/248 [00:00<00:00, 4334.03it/s, Materializing param=encoder.layers.4.final_layer_norm.weight]
Loading weights:  39%|███▉      | 97/248 [00:00<00:00, 4363.68it/s, Materializing param=encoder.layers.4.layer_norm.bias]        
Loading weights:  39%|███▉      | 97/248 [00:00<00:00, 4353.45it/s, Materializing param=encoder.layers.4.layer_norm.bias]
Loading weights:  40%|███▉      | 98/248 [00:00<00:00, 4356.24it/s, Materializing param=encoder.layers.4.layer_norm.weight]
Loading weights:  40%|███▉      | 98/248 [00:00<00:00, 4339.18it/s, Materializing param=encoder.layers.4.layer_norm.weight]
Loading weights:  40%|███▉      | 99/248 [00:00<00:00, 4364.47it/s, Materializing param=encoder.layers.5.attention.gru_rel_pos_const]
Loading weights:  40%|███▉      | 99/248 [00:00<00:00, 4353.08it/s, Materializing param=encoder.layers.5.attention.gru_rel_pos_const]
Loading weights:  40%|████      | 100/248 [00:00<00:00, 4379.56it/s, Materializing param=encoder.layers.5.attention.gru_rel_pos_linear.bias]
Loading weights:  40%|████      | 100/248 [00:00<00:00, 4351.39it/s, Materializing param=encoder.layers.5.attention.gru_rel_pos_linear.bias]
Loading weights:  41%|████      | 101/248 [00:00<00:00, 4366.27it/s, Materializing param=encoder.layers.5.attention.gru_rel_pos_linear.weight]
Loading weights:  41%|████      | 101/248 [00:00<00:00, 4355.10it/s, Materializing param=encoder.layers.5.attention.gru_rel_pos_linear.weight]
Loading weights:  41%|████      | 102/248 [00:00<00:00, 4382.36it/s, Materializing param=encoder.layers.5.attention.k_proj.bias]              
Loading weights:  41%|████      | 102/248 [00:00<00:00, 4371.61it/s, Materializing param=encoder.layers.5.attention.k_proj.bias]
Loading weights:  42%|████▏     | 103/248 [00:00<00:00, 4399.37it/s, Materializing param=encoder.layers.5.attention.k_proj.weight]
Loading weights:  42%|████▏     | 103/248 [00:00<00:00, 4389.98it/s, Materializing param=encoder.layers.5.attention.k_proj.weight]
Loading weights:  42%|████▏     | 104/248 [00:00<00:00, 4417.83it/s, Materializing param=encoder.layers.5.attention.out_proj.bias]
Loading weights:  42%|████▏     | 104/248 [00:00<00:00, 4408.23it/s, Materializing param=encoder.layers.5.attention.out_proj.bias]
Loading weights:  42%|████▏     | 105/248 [00:00<00:00, 4435.91it/s, Materializing param=encoder.layers.5.attention.out_proj.weight]
Loading weights:  42%|████▏     | 105/248 [00:00<00:00, 4424.24it/s, Materializing param=encoder.layers.5.attention.out_proj.weight]
Loading weights:  43%|████▎     | 106/248 [00:00<00:00, 4441.52it/s, Materializing param=encoder.layers.5.attention.q_proj.bias]    
Loading weights:  43%|████▎     | 106/248 [00:00<00:00, 4431.87it/s, Materializing param=encoder.layers.5.attention.q_proj.bias]
Loading weights:  43%|████▎     | 107/248 [00:00<00:00, 4458.88it/s, Materializing param=encoder.layers.5.attention.q_proj.weight]
Loading weights:  43%|████▎     | 107/248 [00:00<00:00, 4449.20it/s, Materializing param=encoder.layers.5.attention.q_proj.weight]
Loading weights:  44%|████▎     | 108/248 [00:00<00:00, 4476.00it/s, Materializing param=encoder.layers.5.attention.v_proj.bias]  
Loading weights:  44%|████▎     | 108/248 [00:00<00:00, 4465.41it/s, Materializing param=encoder.layers.5.attention.v_proj.bias]
Loading weights:  44%|████▍     | 109/248 [00:00<00:00, 4492.23it/s, Materializing param=encoder.layers.5.attention.v_proj.weight]
Loading weights:  44%|████▍     | 109/248 [00:00<00:00, 4481.49it/s, Materializing param=encoder.layers.5.attention.v_proj.weight]
Loading weights:  44%|████▍     | 110/248 [00:00<00:00, 4507.32it/s, Materializing param=encoder.layers.5.feed_forward.intermediate_dense.bias]
Loading weights:  44%|████▍     | 110/248 [00:00<00:00, 4497.78it/s, Materializing param=encoder.layers.5.feed_forward.intermediate_dense.bias]
Loading weights:  45%|████▍     | 111/248 [00:00<00:00, 4523.76it/s, Materializing param=encoder.layers.5.feed_forward.intermediate_dense.weight]
Loading weights:  45%|████▍     | 111/248 [00:00<00:00, 4514.29it/s, Materializing param=encoder.layers.5.feed_forward.intermediate_dense.weight]
Loading weights:  45%|████▌     | 112/248 [00:00<00:00, 4537.36it/s, Materializing param=encoder.layers.5.feed_forward.output_dense.bias]        
Loading weights:  45%|████▌     | 112/248 [00:00<00:00, 4527.26it/s, Materializing param=encoder.layers.5.feed_forward.output_dense.bias]
Loading weights:  46%|████▌     | 113/248 [00:00<00:00, 4553.11it/s, Materializing param=encoder.layers.5.feed_forward.output_dense.weight]
Loading weights:  46%|████▌     | 113/248 [00:00<00:00, 4543.82it/s, Materializing param=encoder.layers.5.feed_forward.output_dense.weight]
Loading weights:  46%|████▌     | 114/248 [00:00<00:00, 4569.61it/s, Materializing param=encoder.layers.5.final_layer_norm.bias]           
Loading weights:  46%|████▌     | 114/248 [00:00<00:00, 4560.68it/s, Materializing param=encoder.layers.5.final_layer_norm.bias]
Loading weights:  46%|████▋     | 115/248 [00:00<00:00, 4586.64it/s, Materializing param=encoder.layers.5.final_layer_norm.weight]
Loading weights:  46%|████▋     | 115/248 [00:00<00:00, 4577.28it/s, Materializing param=encoder.layers.5.final_layer_norm.weight]
Loading weights:  47%|████▋     | 116/248 [00:00<00:00, 4603.46it/s, Materializing param=encoder.layers.5.layer_norm.bias]        
Loading weights:  47%|████▋     | 116/248 [00:00<00:00, 4593.98it/s, Materializing param=encoder.layers.5.layer_norm.bias]
Loading weights:  47%|████▋     | 117/248 [00:00<00:00, 4619.80it/s, Materializing param=encoder.layers.5.layer_norm.weight]
Loading weights:  47%|████▋     | 117/248 [00:00<00:00, 4610.90it/s, Materializing param=encoder.layers.5.layer_norm.weight]
Loading weights:  48%|████▊     | 118/248 [00:00<00:00, 4636.89it/s, Materializing param=encoder.layers.6.attention.gru_rel_pos_const]
Loading weights:  48%|████▊     | 118/248 [00:00<00:00, 4627.92it/s, Materializing param=encoder.layers.6.attention.gru_rel_pos_const]
Loading weights:  48%|████▊     | 119/248 [00:00<00:00, 4653.26it/s, Materializing param=encoder.layers.6.attention.gru_rel_pos_linear.bias]
Loading weights:  48%|████▊     | 119/248 [00:00<00:00, 4644.12it/s, Materializing param=encoder.layers.6.attention.gru_rel_pos_linear.bias]
Loading weights:  48%|████▊     | 120/248 [00:00<00:00, 4668.85it/s, Materializing param=encoder.layers.6.attention.gru_rel_pos_linear.weight]
Loading weights:  48%|████▊     | 120/248 [00:00<00:00, 4659.56it/s, Materializing param=encoder.layers.6.attention.gru_rel_pos_linear.weight]
Loading weights:  49%|████▉     | 121/248 [00:00<00:00, 4684.51it/s, Materializing param=encoder.layers.6.attention.k_proj.bias]              
Loading weights:  49%|████▉     | 121/248 [00:00<00:00, 4669.69it/s, Materializing param=encoder.layers.6.attention.k_proj.bias]
Loading weights:  49%|████▉     | 122/248 [00:00<00:00, 4693.77it/s, Materializing param=encoder.layers.6.attention.k_proj.weight]
Loading weights:  49%|████▉     | 122/248 [00:00<00:00, 4684.83it/s, Materializing param=encoder.layers.6.attention.k_proj.weight]
Loading weights:  50%|████▉     | 123/248 [00:00<00:00, 4709.60it/s, Materializing param=encoder.layers.6.attention.out_proj.bias]
Loading weights:  50%|████▉     | 123/248 [00:00<00:00, 4700.29it/s, Materializing param=encoder.layers.6.attention.out_proj.bias]
Loading weights:  50%|█████     | 124/248 [00:00<00:00, 4724.56it/s, Materializing param=encoder.layers.6.attention.out_proj.weight]
Loading weights:  50%|█████     | 124/248 [00:00<00:00, 4715.69it/s, Materializing param=encoder.layers.6.attention.out_proj.weight]
Loading weights:  50%|█████     | 125/248 [00:00<00:00, 4736.07it/s, Materializing param=encoder.layers.6.attention.q_proj.bias]    
Loading weights:  50%|█████     | 125/248 [00:00<00:00, 4725.83it/s, Materializing param=encoder.layers.6.attention.q_proj.bias]
Loading weights:  51%|█████     | 126/248 [00:00<00:00, 4749.68it/s, Materializing param=encoder.layers.6.attention.q_proj.weight]
Loading weights:  51%|█████     | 126/248 [00:00<00:00, 4738.43it/s, Materializing param=encoder.layers.6.attention.q_proj.weight]
Loading weights:  51%|█████     | 127/248 [00:00<00:00, 4757.66it/s, Materializing param=encoder.layers.6.attention.v_proj.bias]  
Loading weights:  51%|█████     | 127/248 [00:00<00:00, 4747.99it/s, Materializing param=encoder.layers.6.attention.v_proj.bias]
Loading weights:  52%|█████▏    | 128/248 [00:00<00:00, 4771.38it/s, Materializing param=encoder.layers.6.attention.v_proj.weight]
Loading weights:  52%|█████▏    | 128/248 [00:00<00:00, 4762.75it/s, Materializing param=encoder.layers.6.attention.v_proj.weight]
Loading weights:  52%|█████▏    | 129/248 [00:00<00:00, 4785.52it/s, Materializing param=encoder.layers.6.feed_forward.intermediate_dense.bias]
Loading weights:  52%|█████▏    | 129/248 [00:00<00:00, 4776.10it/s, Materializing param=encoder.layers.6.feed_forward.intermediate_dense.bias]
Loading weights:  52%|█████▏    | 130/248 [00:00<00:00, 4799.27it/s, Materializing param=encoder.layers.6.feed_forward.intermediate_dense.weight]
Loading weights:  52%|█████▏    | 130/248 [00:00<00:00, 4790.08it/s, Materializing param=encoder.layers.6.feed_forward.intermediate_dense.weight]
Loading weights:  53%|█████▎    | 131/248 [00:00<00:00, 4813.18it/s, Materializing param=encoder.layers.6.feed_forward.output_dense.bias]        
Loading weights:  53%|█████▎    | 131/248 [00:00<00:00, 4804.39it/s, Materializing param=encoder.layers.6.feed_forward.output_dense.bias]
Loading weights:  53%|█████▎    | 132/248 [00:00<00:00, 4827.43it/s, Materializing param=encoder.layers.6.feed_forward.output_dense.weight]
Loading weights:  53%|█████▎    | 132/248 [00:00<00:00, 4818.44it/s, Materializing param=encoder.layers.6.feed_forward.output_dense.weight]
Loading weights:  54%|█████▎    | 133/248 [00:00<00:00, 4841.16it/s, Materializing param=encoder.layers.6.final_layer_norm.bias]           
Loading weights:  54%|█████▎    | 133/248 [00:00<00:00, 4832.27it/s, Materializing param=encoder.layers.6.final_layer_norm.bias]
Loading weights:  54%|█████▍    | 134/248 [00:00<00:00, 4855.65it/s, Materializing param=encoder.layers.6.final_layer_norm.weight]
Loading weights:  54%|█████▍    | 134/248 [00:00<00:00, 4846.02it/s, Materializing param=encoder.layers.6.final_layer_norm.weight]
Loading weights:  54%|█████▍    | 135/248 [00:00<00:00, 4868.42it/s, Materializing param=encoder.layers.6.layer_norm.bias]        
Loading weights:  54%|█████▍    | 135/248 [00:00<00:00, 4859.39it/s, Materializing param=encoder.layers.6.layer_norm.bias]
Loading weights:  55%|█████▍    | 136/248 [00:00<00:00, 4881.40it/s, Materializing param=encoder.layers.6.layer_norm.weight]
Loading weights:  55%|█████▍    | 136/248 [00:00<00:00, 4873.01it/s, Materializing param=encoder.layers.6.layer_norm.weight]
Loading weights:  55%|█████▌    | 137/248 [00:00<00:00, 4812.96it/s, Materializing param=encoder.layers.7.attention.gru_rel_pos_const]
Loading weights:  55%|█████▌    | 137/248 [00:00<00:00, 4798.57it/s, Materializing param=encoder.layers.7.attention.gru_rel_pos_const]
Loading weights:  56%|█████▌    | 138/248 [00:00<00:00, 4816.35it/s, Materializing param=encoder.layers.7.attention.gru_rel_pos_linear.bias]
Loading weights:  56%|█████▌    | 138/248 [00:00<00:00, 4806.55it/s, Materializing param=encoder.layers.7.attention.gru_rel_pos_linear.bias]
Loading weights:  56%|█████▌    | 139/248 [00:00<00:00, 4827.15it/s, Materializing param=encoder.layers.7.attention.gru_rel_pos_linear.weight]
Loading weights:  56%|█████▌    | 139/248 [00:00<00:00, 4818.61it/s, Materializing param=encoder.layers.7.attention.gru_rel_pos_linear.weight]
Loading weights:  56%|█████▋    | 140/248 [00:00<00:00, 4840.19it/s, Materializing param=encoder.layers.7.attention.k_proj.bias]              
Loading weights:  56%|█████▋    | 140/248 [00:00<00:00, 4831.91it/s, Materializing param=encoder.layers.7.attention.k_proj.bias]
Loading weights:  57%|█████▋    | 141/248 [00:00<00:00, 4853.56it/s, Materializing param=encoder.layers.7.attention.k_proj.weight]
Loading weights:  57%|█████▋    | 141/248 [00:00<00:00, 4845.29it/s, Materializing param=encoder.layers.7.attention.k_proj.weight]
Loading weights:  57%|█████▋    | 142/248 [00:00<00:00, 4866.82it/s, Materializing param=encoder.layers.7.attention.out_proj.bias]
Loading weights:  57%|█████▋    | 142/248 [00:00<00:00, 4858.36it/s, Materializing param=encoder.layers.7.attention.out_proj.bias]
Loading weights:  58%|█████▊    | 143/248 [00:00<00:00, 4879.80it/s, Materializing param=encoder.layers.7.attention.out_proj.weight]
Loading weights:  58%|█████▊    | 143/248 [00:00<00:00, 4871.27it/s, Materializing param=encoder.layers.7.attention.out_proj.weight]
Loading weights:  58%|█████▊    | 144/248 [00:00<00:00, 4892.15it/s, Materializing param=encoder.layers.7.attention.q_proj.bias]    
Loading weights:  58%|█████▊    | 144/248 [00:00<00:00, 4884.24it/s, Materializing param=encoder.layers.7.attention.q_proj.bias]
Loading weights:  58%|█████▊    | 145/248 [00:00<00:00, 4905.66it/s, Materializing param=encoder.layers.7.attention.q_proj.weight]
Loading weights:  58%|█████▊    | 145/248 [00:00<00:00, 4897.72it/s, Materializing param=encoder.layers.7.attention.q_proj.weight]
Loading weights:  59%|█████▉    | 146/248 [00:00<00:00, 4919.14it/s, Materializing param=encoder.layers.7.attention.v_proj.bias]  
Loading weights:  59%|█████▉    | 146/248 [00:00<00:00, 4910.81it/s, Materializing param=encoder.layers.7.attention.v_proj.bias]
Loading weights:  59%|█████▉    | 147/248 [00:00<00:00, 4931.44it/s, Materializing param=encoder.layers.7.attention.v_proj.weight]
Loading weights:  59%|█████▉    | 147/248 [00:00<00:00, 4922.70it/s, Materializing param=encoder.layers.7.attention.v_proj.weight]
Loading weights:  60%|█████▉    | 148/248 [00:00<00:00, 4943.63it/s, Materializing param=encoder.layers.7.feed_forward.intermediate_dense.bias]
Loading weights:  60%|█████▉    | 148/248 [00:00<00:00, 4934.91it/s, Materializing param=encoder.layers.7.feed_forward.intermediate_dense.bias]
Loading weights:  60%|██████    | 149/248 [00:00<00:00, 4954.62it/s, Materializing param=encoder.layers.7.feed_forward.intermediate_dense.weight]
Loading weights:  60%|██████    | 149/248 [00:00<00:00, 4945.41it/s, Materializing param=encoder.layers.7.feed_forward.intermediate_dense.weight]
Loading weights:  60%|██████    | 150/248 [00:00<00:00, 4956.71it/s, Materializing param=encoder.layers.7.feed_forward.output_dense.bias]        
Loading weights:  60%|██████    | 150/248 [00:00<00:00, 4946.89it/s, Materializing param=encoder.layers.7.feed_forward.output_dense.bias]
Loading weights:  61%|██████    | 151/248 [00:00<00:00, 4948.55it/s, Materializing param=encoder.layers.7.feed_forward.output_dense.weight]
Loading weights:  61%|██████    | 151/248 [00:00<00:00, 4936.90it/s, Materializing param=encoder.layers.7.feed_forward.output_dense.weight]
Loading weights:  61%|██████▏   | 152/248 [00:00<00:00, 4926.05it/s, Materializing param=encoder.layers.7.final_layer_norm.bias]           
Loading weights:  61%|██████▏   | 152/248 [00:00<00:00, 4900.79it/s, Materializing param=encoder.layers.7.final_layer_norm.bias]
Loading weights:  62%|██████▏   | 153/248 [00:00<00:00, 4912.27it/s, Materializing param=encoder.layers.7.final_layer_norm.weight]
Loading weights:  62%|██████▏   | 153/248 [00:00<00:00, 4901.87it/s, Materializing param=encoder.layers.7.final_layer_norm.weight]
Loading weights:  62%|██████▏   | 154/248 [00:00<00:00, 4919.18it/s, Materializing param=encoder.layers.7.layer_norm.bias]        
Loading weights:  62%|██████▏   | 154/248 [00:00<00:00, 4909.57it/s, Materializing param=encoder.layers.7.layer_norm.bias]
Loading weights:  62%|██████▎   | 155/248 [00:00<00:00, 4925.06it/s, Materializing param=encoder.layers.7.layer_norm.weight]
Loading weights:  62%|██████▎   | 155/248 [00:00<00:00, 4915.04it/s, Materializing param=encoder.layers.7.layer_norm.weight]
Loading weights:  63%|██████▎   | 156/248 [00:00<00:00, 4932.50it/s, Materializing param=encoder.layers.8.attention.gru_rel_pos_const]
Loading weights:  63%|██████▎   | 156/248 [00:00<00:00, 4923.15it/s, Materializing param=encoder.layers.8.attention.gru_rel_pos_const]
Loading weights:  63%|██████▎   | 157/248 [00:00<00:00, 4940.14it/s, Materializing param=encoder.layers.8.attention.gru_rel_pos_linear.bias]
Loading weights:  63%|██████▎   | 157/248 [00:00<00:00, 4931.67it/s, Materializing param=encoder.layers.8.attention.gru_rel_pos_linear.bias]
Loading weights:  64%|██████▎   | 158/248 [00:00<00:00, 4949.22it/s, Materializing param=encoder.layers.8.attention.gru_rel_pos_linear.weight]
Loading weights:  64%|██████▎   | 158/248 [00:00<00:00, 4940.95it/s, Materializing param=encoder.layers.8.attention.gru_rel_pos_linear.weight]
Loading weights:  64%|██████▍   | 159/248 [00:00<00:00, 4958.73it/s, Materializing param=encoder.layers.8.attention.k_proj.bias]              
Loading weights:  64%|██████▍   | 159/248 [00:00<00:00, 4950.81it/s, Materializing param=encoder.layers.8.attention.k_proj.bias]
Loading weights:  65%|██████▍   | 160/248 [00:00<00:00, 4969.22it/s, Materializing param=encoder.layers.8.attention.k_proj.weight]
Loading weights:  65%|██████▍   | 160/248 [00:00<00:00, 4961.40it/s, Materializing param=encoder.layers.8.attention.k_proj.weight]
Loading weights:  65%|██████▍   | 161/248 [00:00<00:00, 4977.61it/s, Materializing param=encoder.layers.8.attention.out_proj.bias]
Loading weights:  65%|██████▍   | 161/248 [00:00<00:00, 4968.93it/s, Materializing param=encoder.layers.8.attention.out_proj.bias]
Loading weights:  65%|██████▌   | 162/248 [00:00<00:00, 4986.33it/s, Materializing param=encoder.layers.8.attention.out_proj.weight]
Loading weights:  65%|██████▌   | 162/248 [00:00<00:00, 4977.86it/s, Materializing param=encoder.layers.8.attention.out_proj.weight]
Loading weights:  66%|██████▌   | 163/248 [00:00<00:00, 4991.25it/s, Materializing param=encoder.layers.8.attention.q_proj.bias]    
Loading weights:  66%|██████▌   | 163/248 [00:00<00:00, 4982.16it/s, Materializing param=encoder.layers.8.attention.q_proj.bias]
Loading weights:  66%|██████▌   | 164/248 [00:00<00:00, 4999.24it/s, Materializing param=encoder.layers.8.attention.q_proj.weight]
Loading weights:  66%|██████▌   | 164/248 [00:00<00:00, 4990.90it/s, Materializing param=encoder.layers.8.attention.q_proj.weight]
Loading weights:  67%|██████▋   | 165/248 [00:00<00:00, 5009.01it/s, Materializing param=encoder.layers.8.attention.v_proj.bias]  
Loading weights:  67%|██████▋   | 165/248 [00:00<00:00, 5000.94it/s, Materializing param=encoder.layers.8.attention.v_proj.bias]
Loading weights:  67%|██████▋   | 166/248 [00:00<00:00, 5019.61it/s, Materializing param=encoder.layers.8.attention.v_proj.weight]
Loading weights:  67%|██████▋   | 166/248 [00:00<00:00, 5011.95it/s, Materializing param=encoder.layers.8.attention.v_proj.weight]
Loading weights:  67%|██████▋   | 167/248 [00:00<00:00, 5024.88it/s, Materializing param=encoder.layers.8.feed_forward.intermediate_dense.bias]
Loading weights:  67%|██████▋   | 167/248 [00:00<00:00, 5017.04it/s, Materializing param=encoder.layers.8.feed_forward.intermediate_dense.bias]
Loading weights:  68%|██████▊   | 168/248 [00:00<00:00, 5034.75it/s, Materializing param=encoder.layers.8.feed_forward.intermediate_dense.weight]
Loading weights:  68%|██████▊   | 168/248 [00:00<00:00, 5027.20it/s, Materializing param=encoder.layers.8.feed_forward.intermediate_dense.weight]
Loading weights:  68%|██████▊   | 169/248 [00:00<00:00, 5045.11it/s, Materializing param=encoder.layers.8.feed_forward.output_dense.bias]        
Loading weights:  68%|██████▊   | 169/248 [00:00<00:00, 5036.90it/s, Materializing param=encoder.layers.8.feed_forward.output_dense.bias]
Loading weights:  69%|██████▊   | 170/248 [00:00<00:00, 5053.99it/s, Materializing param=encoder.layers.8.feed_forward.output_dense.weight]
Loading weights:  69%|██████▊   | 170/248 [00:00<00:00, 5046.05it/s, Materializing param=encoder.layers.8.feed_forward.output_dense.weight]
Loading weights:  69%|██████▉   | 171/248 [00:00<00:00, 5063.51it/s, Materializing param=encoder.layers.8.final_layer_norm.bias]           
Loading weights:  69%|██████▉   | 171/248 [00:00<00:00, 5055.41it/s, Materializing param=encoder.layers.8.final_layer_norm.bias]
Loading weights:  69%|██████▉   | 172/248 [00:00<00:00, 5072.71it/s, Materializing param=encoder.layers.8.final_layer_norm.weight]
Loading weights:  69%|██████▉   | 172/248 [00:00<00:00, 5064.62it/s, Materializing param=encoder.layers.8.final_layer_norm.weight]
Loading weights:  70%|██████▉   | 173/248 [00:00<00:00, 5082.87it/s, Materializing param=encoder.layers.8.layer_norm.bias]        
Loading weights:  70%|██████▉   | 173/248 [00:00<00:00, 5075.65it/s, Materializing param=encoder.layers.8.layer_norm.bias]
Loading weights:  70%|███████   | 174/248 [00:00<00:00, 5092.84it/s, Materializing param=encoder.layers.8.layer_norm.weight]
Loading weights:  70%|███████   | 174/248 [00:00<00:00, 5085.24it/s, Materializing param=encoder.layers.8.layer_norm.weight]
Loading weights:  71%|███████   | 175/248 [00:00<00:00, 5103.38it/s, Materializing param=encoder.layers.9.attention.gru_rel_pos_const]
Loading weights:  71%|███████   | 175/248 [00:00<00:00, 5096.01it/s, Materializing param=encoder.layers.9.attention.gru_rel_pos_const]
Loading weights:  71%|███████   | 176/248 [00:00<00:00, 5092.04it/s, Materializing param=encoder.layers.9.attention.gru_rel_pos_linear.bias]
Loading weights:  71%|███████   | 176/248 [00:00<00:00, 5075.44it/s, Materializing param=encoder.layers.9.attention.gru_rel_pos_linear.bias]
Loading weights:  71%|███████▏  | 177/248 [00:00<00:00, 5087.04it/s, Materializing param=encoder.layers.9.attention.gru_rel_pos_linear.weight]
Loading weights:  71%|███████▏  | 177/248 [00:00<00:00, 5077.95it/s, Materializing param=encoder.layers.9.attention.gru_rel_pos_linear.weight]
Loading weights:  72%|███████▏  | 178/248 [00:00<00:00, 5089.93it/s, Materializing param=encoder.layers.9.attention.k_proj.bias]              
Loading weights:  72%|███████▏  | 178/248 [00:00<00:00, 5080.41it/s, Materializing param=encoder.layers.9.attention.k_proj.bias]
Loading weights:  72%|███████▏  | 179/248 [00:00<00:00, 5095.77it/s, Materializing param=encoder.layers.9.attention.k_proj.weight]
Loading weights:  72%|███████▏  | 179/248 [00:00<00:00, 5087.86it/s, Materializing param=encoder.layers.9.attention.k_proj.weight]
Loading weights:  73%|███████▎  | 180/248 [00:00<00:00, 5104.08it/s, Materializing param=encoder.layers.9.attention.out_proj.bias]
Loading weights:  73%|███████▎  | 180/248 [00:00<00:00, 5096.57it/s, Materializing param=encoder.layers.9.attention.out_proj.bias]
Loading weights:  73%|███████▎  | 181/248 [00:00<00:00, 5112.94it/s, Materializing param=encoder.layers.9.attention.out_proj.weight]
Loading weights:  73%|███████▎  | 181/248 [00:00<00:00, 5105.58it/s, Materializing param=encoder.layers.9.attention.out_proj.weight]
Loading weights:  73%|███████▎  | 182/248 [00:00<00:00, 5115.90it/s, Materializing param=encoder.layers.9.attention.q_proj.bias]    
Loading weights:  73%|███████▎  | 182/248 [00:00<00:00, 5108.02it/s, Materializing param=encoder.layers.9.attention.q_proj.bias]
Loading weights:  74%|███████▍  | 183/248 [00:00<00:00, 5124.02it/s, Materializing param=encoder.layers.9.attention.q_proj.weight]
Loading weights:  74%|███████▍  | 183/248 [00:00<00:00, 5116.30it/s, Materializing param=encoder.layers.9.attention.q_proj.weight]
Loading weights:  74%|███████▍  | 184/248 [00:00<00:00, 5131.91it/s, Materializing param=encoder.layers.9.attention.v_proj.bias]  
Loading weights:  74%|███████▍  | 184/248 [00:00<00:00, 5124.51it/s, Materializing param=encoder.layers.9.attention.v_proj.bias]
Loading weights:  75%|███████▍  | 185/248 [00:00<00:00, 5140.73it/s, Materializing param=encoder.layers.9.attention.v_proj.weight]
Loading weights:  75%|███████▍  | 185/248 [00:00<00:00, 5133.45it/s, Materializing param=encoder.layers.9.attention.v_proj.weight]
Loading weights:  75%|███████▌  | 186/248 [00:00<00:00, 5149.95it/s, Materializing param=encoder.layers.9.feed_forward.intermediate_dense.bias]
Loading weights:  75%|███████▌  | 186/248 [00:00<00:00, 5139.84it/s, Materializing param=encoder.layers.9.feed_forward.intermediate_dense.bias]
Loading weights:  75%|███████▌  | 187/248 [00:00<00:00, 5154.57it/s, Materializing param=encoder.layers.9.feed_forward.intermediate_dense.weight]
Loading weights:  75%|███████▌  | 187/248 [00:00<00:00, 5145.57it/s, Materializing param=encoder.layers.9.feed_forward.intermediate_dense.weight]
Loading weights:  76%|███████▌  | 188/248 [00:00<00:00, 5161.54it/s, Materializing param=encoder.layers.9.feed_forward.output_dense.bias]        
Loading weights:  76%|███████▌  | 188/248 [00:00<00:00, 5154.39it/s, Materializing param=encoder.layers.9.feed_forward.output_dense.bias]
Loading weights:  76%|███████▌  | 189/248 [00:00<00:00, 5170.45it/s, Materializing param=encoder.layers.9.feed_forward.output_dense.weight]
Loading weights:  76%|███████▌  | 189/248 [00:00<00:00, 5162.67it/s, Materializing param=encoder.layers.9.feed_forward.output_dense.weight]
Loading weights:  77%|███████▋  | 190/248 [00:00<00:00, 5177.51it/s, Materializing param=encoder.layers.9.final_layer_norm.bias]           
Loading weights:  77%|███████▋  | 190/248 [00:00<00:00, 5169.49it/s, Materializing param=encoder.layers.9.final_layer_norm.bias]
Loading weights:  77%|███████▋  | 191/248 [00:00<00:00, 5185.29it/s, Materializing param=encoder.layers.9.final_layer_norm.weight]
Loading weights:  77%|███████▋  | 191/248 [00:00<00:00, 5178.09it/s, Materializing param=encoder.layers.9.final_layer_norm.weight]
Loading weights:  77%|███████▋  | 192/248 [00:00<00:00, 5194.39it/s, Materializing param=encoder.layers.9.layer_norm.bias]        
Loading weights:  77%|███████▋  | 192/248 [00:00<00:00, 5187.46it/s, Materializing param=encoder.layers.9.layer_norm.bias]
Loading weights:  78%|███████▊  | 193/248 [00:00<00:00, 5203.78it/s, Materializing param=encoder.layers.9.layer_norm.weight]
Loading weights:  78%|███████▊  | 193/248 [00:00<00:00, 5196.97it/s, Materializing param=encoder.layers.9.layer_norm.weight]
Loading weights:  78%|███████▊  | 194/248 [00:00<00:00, 5213.32it/s, Materializing param=encoder.layers.10.attention.gru_rel_pos_const]
Loading weights:  78%|███████▊  | 194/248 [00:00<00:00, 5206.22it/s, Materializing param=encoder.layers.10.attention.gru_rel_pos_const]
Loading weights:  79%|███████▊  | 195/248 [00:00<00:00, 5221.99it/s, Materializing param=encoder.layers.10.attention.gru_rel_pos_linear.bias]
Loading weights:  79%|███████▊  | 195/248 [00:00<00:00, 5214.90it/s, Materializing param=encoder.layers.10.attention.gru_rel_pos_linear.bias]
Loading weights:  79%|███████▉  | 196/248 [00:00<00:00, 5230.40it/s, Materializing param=encoder.layers.10.attention.gru_rel_pos_linear.weight]
Loading weights:  79%|███████▉  | 196/248 [00:00<00:00, 5223.13it/s, Materializing param=encoder.layers.10.attention.gru_rel_pos_linear.weight]
Loading weights:  79%|███████▉  | 197/248 [00:00<00:00, 5234.64it/s, Materializing param=encoder.layers.10.attention.k_proj.bias]              
Loading weights:  79%|███████▉  | 197/248 [00:00<00:00, 5227.42it/s, Materializing param=encoder.layers.10.attention.k_proj.bias]
Loading weights:  80%|███████▉  | 198/248 [00:00<00:00, 5242.65it/s, Materializing param=encoder.layers.10.attention.k_proj.weight]
Loading weights:  80%|███████▉  | 198/248 [00:00<00:00, 5235.84it/s, Materializing param=encoder.layers.10.attention.k_proj.weight]
Loading weights:  80%|████████  | 199/248 [00:00<00:00, 5242.95it/s, Materializing param=encoder.layers.10.attention.out_proj.bias]
Loading weights:  80%|████████  | 199/248 [00:00<00:00, 5235.81it/s, Materializing param=encoder.layers.10.attention.out_proj.bias]
Loading weights:  81%|████████  | 200/248 [00:00<00:00, 5249.11it/s, Materializing param=encoder.layers.10.attention.out_proj.weight]
Loading weights:  81%|████████  | 200/248 [00:00<00:00, 5240.98it/s, Materializing param=encoder.layers.10.attention.out_proj.weight]
Loading weights:  81%|████████  | 201/248 [00:00<00:00, 5256.22it/s, Materializing param=encoder.layers.10.attention.q_proj.bias]    
Loading weights:  81%|████████  | 201/248 [00:00<00:00, 5249.44it/s, Materializing param=encoder.layers.10.attention.q_proj.bias]
Loading weights:  81%|████████▏ | 202/248 [00:00<00:00, 5264.77it/s, Materializing param=encoder.layers.10.attention.q_proj.weight]
Loading weights:  81%|████████▏ | 202/248 [00:00<00:00, 5258.08it/s, Materializing param=encoder.layers.10.attention.q_proj.weight]
Loading weights:  82%|████████▏ | 203/248 [00:00<00:00, 5259.36it/s, Materializing param=encoder.layers.10.attention.v_proj.bias]  
Loading weights:  82%|████████▏ | 203/248 [00:00<00:00, 5248.24it/s, Materializing param=encoder.layers.10.attention.v_proj.bias]
Loading weights:  82%|████████▏ | 204/248 [00:00<00:00, 5260.38it/s, Materializing param=encoder.layers.10.attention.v_proj.weight]
Loading weights:  82%|████████▏ | 204/248 [00:00<00:00, 5252.02it/s, Materializing param=encoder.layers.10.attention.v_proj.weight]
Loading weights:  83%|████████▎ | 205/248 [00:00<00:00, 5256.05it/s, Materializing param=encoder.layers.10.feed_forward.intermediate_dense.bias]
Loading weights:  83%|████████▎ | 205/248 [00:00<00:00, 5243.07it/s, Materializing param=encoder.layers.10.feed_forward.intermediate_dense.bias]
Loading weights:  83%|████████▎ | 206/248 [00:00<00:00, 5255.73it/s, Materializing param=encoder.layers.10.feed_forward.intermediate_dense.weight]
Loading weights:  83%|████████▎ | 206/248 [00:00<00:00, 5247.53it/s, Materializing param=encoder.layers.10.feed_forward.intermediate_dense.weight]
Loading weights:  83%|████████▎ | 207/248 [00:00<00:00, 5261.88it/s, Materializing param=encoder.layers.10.feed_forward.output_dense.bias]        
Loading weights:  83%|████████▎ | 207/248 [00:00<00:00, 5251.66it/s, Materializing param=encoder.layers.10.feed_forward.output_dense.bias]
Loading weights:  84%|████████▍ | 208/248 [00:00<00:00, 5265.28it/s, Materializing param=encoder.layers.10.feed_forward.output_dense.weight]
Loading weights:  84%|████████▍ | 208/248 [00:00<00:00, 5258.27it/s, Materializing param=encoder.layers.10.feed_forward.output_dense.weight]
Loading weights:  84%|████████▍ | 209/248 [00:00<00:00, 5272.90it/s, Materializing param=encoder.layers.10.final_layer_norm.bias]           
Loading weights:  84%|████████▍ | 209/248 [00:00<00:00, 5265.81it/s, Materializing param=encoder.layers.10.final_layer_norm.bias]
Loading weights:  85%|████████▍ | 210/248 [00:00<00:00, 5276.11it/s, Materializing param=encoder.layers.10.final_layer_norm.weight]
Loading weights:  85%|████████▍ | 210/248 [00:00<00:00, 5269.45it/s, Materializing param=encoder.layers.10.final_layer_norm.weight]
Loading weights:  85%|████████▌ | 211/248 [00:00<00:00, 5284.01it/s, Materializing param=encoder.layers.10.layer_norm.bias]        
Loading weights:  85%|████████▌ | 211/248 [00:00<00:00, 5277.24it/s, Materializing param=encoder.layers.10.layer_norm.bias]
Loading weights:  85%|████████▌ | 212/248 [00:00<00:00, 5287.27it/s, Materializing param=encoder.layers.10.layer_norm.weight]
Loading weights:  85%|████████▌ | 212/248 [00:00<00:00, 5280.65it/s, Materializing param=encoder.layers.10.layer_norm.weight]
Loading weights:  86%|████████▌ | 213/248 [00:00<00:00, 5295.59it/s, Materializing param=encoder.layers.11.attention.gru_rel_pos_const]
Loading weights:  86%|████████▌ | 213/248 [00:00<00:00, 5288.28it/s, Materializing param=encoder.layers.11.attention.gru_rel_pos_const]
Loading weights:  86%|████████▋ | 214/248 [00:00<00:00, 5301.94it/s, Materializing param=encoder.layers.11.attention.gru_rel_pos_linear.bias]
Loading weights:  86%|████████▋ | 214/248 [00:00<00:00, 5294.87it/s, Materializing param=encoder.layers.11.attention.gru_rel_pos_linear.bias]
Loading weights:  87%|████████▋ | 215/248 [00:00<00:00, 5309.09it/s, Materializing param=encoder.layers.11.attention.gru_rel_pos_linear.weight]
Loading weights:  87%|████████▋ | 215/248 [00:00<00:00, 5302.47it/s, Materializing param=encoder.layers.11.attention.gru_rel_pos_linear.weight]
Loading weights:  87%|████████▋ | 216/248 [00:00<00:00, 5314.79it/s, Materializing param=encoder.layers.11.attention.k_proj.bias]              
Loading weights:  87%|████████▋ | 216/248 [00:00<00:00, 5307.19it/s, Materializing param=encoder.layers.11.attention.k_proj.bias]
Loading weights:  88%|████████▊ | 217/248 [00:00<00:00, 5321.69it/s, Materializing param=encoder.layers.11.attention.k_proj.weight]
Loading weights:  88%|████████▊ | 217/248 [00:00<00:00, 5315.01it/s, Materializing param=encoder.layers.11.attention.k_proj.weight]
Loading weights:  88%|████████▊ | 218/248 [00:00<00:00, 5329.39it/s, Materializing param=encoder.layers.11.attention.out_proj.bias]
Loading weights:  88%|████████▊ | 218/248 [00:00<00:00, 5322.81it/s, Materializing param=encoder.layers.11.attention.out_proj.bias]
Loading weights:  88%|████████▊ | 219/248 [00:00<00:00, 5337.26it/s, Materializing param=encoder.layers.11.attention.out_proj.weight]
Loading weights:  88%|████████▊ | 219/248 [00:00<00:00, 5330.78it/s, Materializing param=encoder.layers.11.attention.out_proj.weight]
Loading weights:  89%|████████▊ | 220/248 [00:00<00:00, 5345.01it/s, Materializing param=encoder.layers.11.attention.q_proj.bias]    
Loading weights:  89%|████████▊ | 220/248 [00:00<00:00, 5338.52it/s, Materializing param=encoder.layers.11.attention.q_proj.bias]
Loading weights:  89%|████████▉ | 221/248 [00:00<00:00, 5352.75it/s, Materializing param=encoder.layers.11.attention.q_proj.weight]
Loading weights:  89%|████████▉ | 221/248 [00:00<00:00, 5346.02it/s, Materializing param=encoder.layers.11.attention.q_proj.weight]
Loading weights:  90%|████████▉ | 222/248 [00:00<00:00, 5360.07it/s, Materializing param=encoder.layers.11.attention.v_proj.bias]  
Loading weights:  90%|████████▉ | 222/248 [00:00<00:00, 5353.60it/s, Materializing param=encoder.layers.11.attention.v_proj.bias]
Loading weights:  90%|████████▉ | 223/248 [00:00<00:00, 5367.10it/s, Materializing param=encoder.layers.11.attention.v_proj.weight]
Loading weights:  90%|████████▉ | 223/248 [00:00<00:00, 5360.09it/s, Materializing param=encoder.layers.11.attention.v_proj.weight]
Loading weights:  90%|█████████ | 224/248 [00:00<00:00, 5373.93it/s, Materializing param=encoder.layers.11.feed_forward.intermediate_dense.bias]
Loading weights:  90%|█████████ | 224/248 [00:00<00:00, 5367.21it/s, Materializing param=encoder.layers.11.feed_forward.intermediate_dense.bias]
Loading weights:  91%|█████████ | 225/248 [00:00<00:00, 5380.78it/s, Materializing param=encoder.layers.11.feed_forward.intermediate_dense.weight]
Loading weights:  91%|█████████ | 225/248 [00:00<00:00, 5373.67it/s, Materializing param=encoder.layers.11.feed_forward.intermediate_dense.weight]
Loading weights:  91%|█████████ | 226/248 [00:00<00:00, 5387.40it/s, Materializing param=encoder.layers.11.feed_forward.output_dense.bias]        
Loading weights:  91%|█████████ | 226/248 [00:00<00:00, 5377.71it/s, Materializing param=encoder.layers.11.feed_forward.output_dense.bias]
Loading weights:  92%|█████████▏| 227/248 [00:00<00:00, 5388.73it/s, Materializing param=encoder.layers.11.feed_forward.output_dense.weight]
Loading weights:  92%|█████████▏| 227/248 [00:00<00:00, 5381.63it/s, Materializing param=encoder.layers.11.feed_forward.output_dense.weight]
Loading weights:  92%|█████████▏| 228/248 [00:00<00:00, 5395.15it/s, Materializing param=encoder.layers.11.final_layer_norm.bias]           
Loading weights:  92%|█████████▏| 228/248 [00:00<00:00, 5388.77it/s, Materializing param=encoder.layers.11.final_layer_norm.bias]
Loading weights:  92%|█████████▏| 229/248 [00:00<00:00, 5402.02it/s, Materializing param=encoder.layers.11.final_layer_norm.weight]
Loading weights:  92%|█████████▏| 229/248 [00:00<00:00, 5395.47it/s, Materializing param=encoder.layers.11.final_layer_norm.weight]
Loading weights:  93%|█████████▎| 230/248 [00:00<00:00, 5390.08it/s, Materializing param=encoder.layers.11.layer_norm.bias]        
Loading weights:  93%|█████████▎| 230/248 [00:00<00:00, 5375.96it/s, Materializing param=encoder.layers.11.layer_norm.bias]
Loading weights:  93%|█████████▎| 231/248 [00:00<00:00, 5385.56it/s, Materializing param=encoder.layers.11.layer_norm.weight]
Loading weights:  93%|█████████▎| 231/248 [00:00<00:00, 5377.85it/s, Materializing param=encoder.layers.11.layer_norm.weight]
Loading weights:  94%|█████████▎| 232/248 [00:00<00:00, 5390.75it/s, Materializing param=encoder.pos_conv_embed.conv.bias]   
Loading weights:  94%|█████████▎| 232/248 [00:00<00:00, 5384.01it/s, Materializing param=encoder.pos_conv_embed.conv.bias]
Loading weights:  94%|█████████▍| 233/248 [00:00<00:00, 5396.08it/s, Materializing param=encoder.pos_conv_embed.conv.parametrizations.weight.original0]
Loading weights:  94%|█████████▍| 233/248 [00:00<00:00, 5389.11it/s, Materializing param=encoder.pos_conv_embed.conv.parametrizations.weight.original0]
Loading weights:  94%|█████████▍| 234/248 [00:00<00:00, 5401.02it/s, Materializing param=encoder.pos_conv_embed.conv.parametrizations.weight.original1]
Loading weights:  94%|█████████▍| 234/248 [00:00<00:00, 5394.34it/s, Materializing param=encoder.pos_conv_embed.conv.parametrizations.weight.original1]
Loading weights:  95%|█████████▍| 235/248 [00:00<00:00, 5407.49it/s, Materializing param=feature_extractor.conv_layers.0.conv.weight]                  
Loading weights:  95%|█████████▍| 235/248 [00:00<00:00, 5400.44it/s, Materializing param=feature_extractor.conv_layers.0.conv.weight]
Loading weights:  95%|█████████▌| 236/248 [00:00<00:00, 5409.76it/s, Materializing param=feature_extractor.conv_layers.0.layer_norm.bias]
Loading weights:  95%|█████████▌| 236/248 [00:00<00:00, 5402.49it/s, Materializing param=feature_extractor.conv_layers.0.layer_norm.bias]
Loading weights:  96%|█████████▌| 237/248 [00:00<00:00, 5414.69it/s, Materializing param=feature_extractor.conv_layers.0.layer_norm.weight]
Loading weights:  96%|█████████▌| 237/248 [00:00<00:00, 5408.09it/s, Materializing param=feature_extractor.conv_layers.0.layer_norm.weight]
Loading weights:  96%|█████████▌| 238/248 [00:00<00:00, 5420.79it/s, Materializing param=feature_extractor.conv_layers.1.conv.weight]      
Loading weights:  96%|█████████▌| 238/248 [00:00<00:00, 5413.97it/s, Materializing param=feature_extractor.conv_layers.1.conv.weight]
Loading weights:  96%|█████████▋| 239/248 [00:00<00:00, 5426.18it/s, Materializing param=feature_extractor.conv_layers.2.conv.weight]
Loading weights:  96%|█████████▋| 239/248 [00:00<00:00, 5419.61it/s, Materializing param=feature_extractor.conv_layers.2.conv.weight]
Loading weights:  97%|█████████▋| 240/248 [00:00<00:00, 5431.86it/s, Materializing param=feature_extractor.conv_layers.3.conv.weight]
Loading weights:  97%|█████████▋| 240/248 [00:00<00:00, 5424.63it/s, Materializing param=feature_extractor.conv_layers.3.conv.weight]
Loading weights:  97%|█████████▋| 241/248 [00:00<00:00, 5432.28it/s, Materializing param=feature_extractor.conv_layers.4.conv.weight]
Loading weights:  97%|█████████▋| 241/248 [00:00<00:00, 5425.45it/s, Materializing param=feature_extractor.conv_layers.4.conv.weight]
Loading weights:  98%|█████████▊| 242/248 [00:00<00:00, 5437.78it/s, Materializing param=feature_extractor.conv_layers.5.conv.weight]
Loading weights:  98%|█████████▊| 242/248 [00:00<00:00, 5429.08it/s, Materializing param=feature_extractor.conv_layers.5.conv.weight]
Loading weights:  98%|█████████▊| 243/248 [00:00<00:00, 5440.81it/s, Materializing param=feature_extractor.conv_layers.6.conv.weight]
Loading weights:  98%|█████████▊| 243/248 [00:00<00:00, 5434.14it/s, Materializing param=feature_extractor.conv_layers.6.conv.weight]
Loading weights:  98%|█████████▊| 244/248 [00:00<00:00, 5446.66it/s, Materializing param=feature_projection.layer_norm.bias]         
Loading weights:  98%|█████████▊| 244/248 [00:00<00:00, 5440.26it/s, Materializing param=feature_projection.layer_norm.bias]
Loading weights:  99%|█████████▉| 245/248 [00:00<00:00, 5452.87it/s, Materializing param=feature_projection.layer_norm.weight]
Loading weights:  99%|█████████▉| 245/248 [00:00<00:00, 5446.37it/s, Materializing param=feature_projection.layer_norm.weight]
Loading weights:  99%|█████████▉| 246/248 [00:00<00:00, 5459.17it/s, Materializing param=feature_projection.projection.bias]  
Loading weights:  99%|█████████▉| 246/248 [00:00<00:00, 5453.11it/s, Materializing param=feature_projection.projection.bias]
Loading weights: 100%|█████████▉| 247/248 [00:00<00:00, 5466.43it/s, Materializing param=feature_projection.projection.weight]
Loading weights: 100%|█████████▉| 247/248 [00:00<00:00, 5460.15it/s, Materializing param=feature_projection.projection.weight]
Loading weights: 100%|██████████| 248/248 [00:00<00:00, 5472.65it/s, Materializing param=masked_spec_embed]                   
Loading weights: 100%|██████████| 248/248 [00:00<00:00, 5466.21it/s, Materializing param=masked_spec_embed]
Loading weights: 100%|██████████| 248/248 [00:00<00:00, 5441.76it/s, Materializing param=masked_spec_embed]
[INFO] Loaded audio branch checkpoint: /home/louis/projects/MultimodalEmotionRecognition/outputs/speaker_independent_tracked_v1/fold_01/audio/best.pt (missing=0, unexpected=0)
[INFO] Loaded video branch checkpoint: /home/louis/projects/MultimodalEmotionRecognition/outputs/speaker_independent_tracked_v1/fold_01/video/best.pt (missing=0, unexpected=0)
Model parameters: 106,621,129 (trainable: 12,239,193)

[INFO] Optimizer groups (stage 1): fusion=461,833@3.00e-04
[INFO] Cosine scheduler (group-wise): group0: base_lr=3.00e-04, eta_min=3.00e-05
[INFO] Two-stage fusion enabled: stage1_epochs=5, stage2_epochs=25, video_unfreeze_blocks=1, wavlm_unfreeze_layers=2
[INFO] Trainable parameters after stage setup: 461,833

train:   0%|          | 0/120 [00:00<?, ?it/s]libEGL warning: DRI3 error: Could not get DRI3 device
libEGL warning: Ensure your X server supports DRI3 to get accelerated rendering
libEGL warning: DRI3 error: Could not get DRI3 device
libEGL warning: Ensure your X server supports DRI3 to get accelerated rendering
WARNING: All log messages before absl::InitializeLog() is called are written to STDERR
WARNING: All log messages before absl::InitializeLog() is called are written to STDERR
I0000 00:00:1791459682.071663   34551 gl_context_egl.cc:85] Successfully initialized EGL. Major : 1 Minor: 5
I0000 00:00:1791459682.071664   34550 gl_context_egl.cc:85] Successfully initialized EGL. Major : 1 Minor: 5
I0000 00:00:1791459682.085868   34775 gl_context.cc:369] GL version: 3.2 (OpenGL ES 3.2 Mesa 25.2.8-0ubuntu0.24.04.2), renderer: llvmpipe (LLVM 20.1.2, 256 bits)
I0000 00:00:1791459682.085904   34776 gl_context.cc:369] GL version: 3.2 (OpenGL ES 3.2 Mesa 25.2.8-0ubuntu0.24.04.2), renderer: llvmpipe (LLVM 20.1.2, 256 bits)
INFO: Created TensorFlow Lite XNNPACK delegate for CPU.
INFO: Created TensorFlow Lite XNNPACK delegate for CPU.
W0000 00:00:1791459682.099531   34664 inference_feedback_manager.cc:114] Feedback manager requires a model with a single signature inference. Disabling support for feedback tensors.
W0000 00:00:1791459682.099705   34672 inference_feedback_manager.cc:114] Feedback manager requires a model with a single signature inference. Disabling support for feedback tensors.

train:   1%|          | 1/120 [00:02<04:20,  2.19s/it]
train:   2%|▎         | 3/120 [00:02<01:34,  1.24it/s]
train:   4%|▍         | 5/120 [00:03<01:02,  1.83it/s]
train:   5%|▌         | 6/120 [00:03<00:49,  2.30it/s]
train:   6%|▌         | 7/120 [00:04<00:55,  2.03it/s]
train:   8%|▊         | 9/120 [00:04<00:49,  2.23it/s]
train:   9%|▉         | 11/120 [00:05<00:47,  2.29it/s]
train:  11%|█         | 13/120 [00:06<00:45,  2.33it/s]
train:  12%|█▎        | 15/120 [00:07<00:45,  2.31it/s]
train:  14%|█▍        | 17/120 [00:08<00:44,  2.31it/s]
train:  15%|█▌        | 18/120 [00:08<00:37,  2.69it/s]
train:  16%|█▌        | 19/120 [00:09<00:45,  2.23it/s]
train:  18%|█▊        | 21/120 [00:10<00:43,  2.29it/s]
train:  19%|█▉        | 23/120 [00:10<00:42,  2.28it/s]
train:  21%|██        | 25/120 [00:11<00:40,  2.36it/s]
train:  22%|██▎       | 27/120 [00:12<00:39,  2.37it/s]
train:  24%|██▍       | 29/120 [00:14<00:56,  1.60it/s]
train:  26%|██▌       | 31/120 [00:15<00:50,  1.77it/s]
train:  28%|██▊       | 33/120 [00:16<00:45,  1.92it/s]
train:  29%|██▉       | 35/120 [00:17<00:41,  2.05it/s]
train:  31%|███       | 37/120 [00:18<00:39,  2.11it/s]
train:  32%|███▎      | 39/120 [00:18<00:37,  2.18it/s]
train:  34%|███▍      | 41/120 [00:19<00:35,  2.26it/s]
train:  36%|███▌      | 43/120 [00:20<00:34,  2.26it/s]
train:  38%|███▊      | 45/120 [00:21<00:33,  2.27it/s]
train:  39%|███▉      | 47/120 [00:22<00:31,  2.30it/s]
train:  41%|████      | 49/120 [00:23<00:30,  2.34it/s]
train:  42%|████▎     | 51/120 [00:23<00:28,  2.41it/s]
train:  44%|████▍     | 53/120 [00:24<00:27,  2.47it/s]
train:  46%|████▌     | 55/120 [00:25<00:26,  2.47it/s]
train:  48%|████▊     | 57/120 [00:26<00:24,  2.52it/s]
train:  49%|████▉     | 59/120 [00:27<00:24,  2.50it/s]
train:  51%|█████     | 61/120 [00:27<00:23,  2.48it/s]
train:  52%|█████▎    | 63/120 [00:28<00:23,  2.43it/s]
train:  54%|█████▍    | 65/120 [00:29<00:23,  2.38it/s]
train:  56%|█████▌    | 67/120 [00:30<00:22,  2.34it/s]
train:  57%|█████▊    | 69/120 [00:31<00:21,  2.35it/s]
train:  59%|█████▉    | 71/120 [00:32<00:20,  2.36it/s]
train:  61%|██████    | 73/120 [00:33<00:19,  2.36it/s]
train:  62%|██████▎   | 75/120 [00:33<00:19,  2.36it/s]
train:  64%|██████▍   | 77/120 [00:34<00:18,  2.38it/s]
train:  66%|██████▌   | 79/120 [00:35<00:17,  2.38it/s]
train:  68%|██████▊   | 81/120 [00:36<00:16,  2.39it/s]
train:  69%|██████▉   | 83/120 [00:37<00:15,  2.40it/s]
train:  71%|███████   | 85/120 [00:38<00:14,  2.40it/s]
train:  72%|███████▎  | 87/120 [00:38<00:13,  2.42it/s]
train:  74%|███████▍  | 89/120 [00:39<00:12,  2.41it/s]
train:  76%|███████▌  | 91/120 [00:40<00:12,  2.41it/s]
train:  78%|███████▊  | 93/120 [00:41<00:11,  2.45it/s]
train:  79%|███████▉  | 95/120 [00:42<00:10,  2.46it/s]
train:  81%|████████  | 97/120 [00:43<00:09,  2.41it/s]
train:  82%|████████▎ | 99/120 [00:43<00:08,  2.38it/s]
train:  84%|████████▍ | 101/120 [00:44<00:07,  2.39it/s]
train:  86%|████████▌ | 103/120 [00:45<00:07,  2.42it/s]
train:  88%|████████▊ | 105/120 [00:47<00:09,  1.63it/s]
train:  89%|████████▉ | 107/120 [00:48<00:07,  1.80it/s]
train:  91%|█████████ | 109/120 [00:49<00:05,  1.94it/s]
train:  92%|█████████▎| 111/120 [00:50<00:04,  2.05it/s]
train:  94%|█████████▍| 113/120 [00:51<00:03,  2.15it/s]
train:  96%|█████████▌| 115/120 [00:51<00:02,  2.22it/s]
train:  98%|█████████▊| 117/120 [00:52<00:01,  2.30it/s]
train:  99%|█████████▉| 119/120 [00:53<00:00,  2.40it/s]
                                                        

eval:   0%|          | 0/30 [00:00<?, ?it/s]libEGL warning: DRI3 error: Could not get DRI3 device
libEGL warning: Ensure your X server supports DRI3 to get accelerated rendering
libEGL warning: DRI3 error: Could not get DRI3 device
libEGL warning: Ensure your X server supports DRI3 to get accelerated rendering
WARNING: All log messages before absl::InitializeLog() is called are written to STDERR
I0000 00:00:1791459735.650522   50288 gl_context_egl.cc:85] Successfully initialized EGL. Major : 1 Minor: 5
WARNING: All log messages before absl::InitializeLog() is called are written to STDERR
I0000 00:00:1791459735.650557   50289 gl_context_egl.cc:85] Successfully initialized EGL. Major : 1 Minor: 5
I0000 00:00:1791459735.668685   50513 gl_context.cc:369] GL version: 3.2 (OpenGL ES 3.2 Mesa 25.2.8-0ubuntu0.24.04.2), renderer: llvmpipe (LLVM 20.1.2, 256 bits)
I0000 00:00:1791459735.668977   50514 gl_context.cc:369] GL version: 3.2 (OpenGL ES 3.2 Mesa 25.2.8-0ubuntu0.24.04.2), renderer: llvmpipe (LLVM 20.1.2, 256 bits)
INFO: Created TensorFlow Lite XNNPACK delegate for CPU.
INFO: Created TensorFlow Lite XNNPACK delegate for CPU.
W0000 00:00:1791459735.689237   50411 inference_feedback_manager.cc:114] Feedback manager requires a model with a single signature inference. Disabling support for feedback tensors.
W0000 00:00:1791459735.689551   50403 inference_feedback_manager.cc:114] Feedback manager requires a model with a single signature inference. Disabling support for feedback tensors.

eval:   3%|▎         | 1/30 [00:02<00:58,  2.03s/it]
eval:  10%|█         | 3/30 [00:02<00:20,  1.31it/s]
eval:  17%|█▋        | 5/30 [00:03<00:14,  1.76it/s]
eval:  23%|██▎       | 7/30 [00:04<00:10,  2.11it/s]
eval:  30%|███       | 9/30 [00:04<00:09,  2.32it/s]
eval:  37%|███▋      | 11/30 [00:05<00:07,  2.47it/s]
eval:  43%|████▎     | 13/30 [00:06<00:06,  2.56it/s]
eval:  50%|█████     | 15/30 [00:07<00:05,  2.59it/s]
eval:  57%|█████▋    | 17/30 [00:07<00:04,  2.61it/s]
eval:  63%|██████▎   | 19/30 [00:08<00:04,  2.63it/s]
eval:  70%|███████   | 21/30 [00:09<00:03,  2.65it/s]
eval:  77%|███████▋  | 23/30 [00:10<00:02,  2.60it/s]
eval:  83%|████████▎ | 25/30 [00:10<00:01,  2.55it/s]
eval:  90%|█████████ | 27/30 [00:11<00:01,  2.59it/s]
eval:  97%|█████████▋| 29/30 [00:12<00:00,  2.61it/s]
                                                     
Epoch 01 | stage 1 | train loss 0.9746 (cls 0.9746, ctr 0.0000) acc 0.7031 f1 0.6994 | val loss 1.4401 (cls 1.4401, ctr 0.0000) acc 0.6375 f1 0.6095 | lr 2.07e-04

train:   0%|          | 0/120 [00:00<?, ?it/s]
train:   1%|          | 1/120 [00:00<01:47,  1.11it/s]
train:   2%|▎         | 3/120 [00:01<01:03,  1.84it/s]
train:   4%|▍         | 5/120 [00:02<00:54,  2.10it/s]
train:   6%|▌         | 7/120 [00:03<00:49,  2.26it/s]
train:   8%|▊         | 9/120 [00:04<00:49,  2.26it/s]
train:   9%|▉         | 11/120 [00:05<00:47,  2.29it/s]
train:  11%|█         | 13/120 [00:05<00:45,  2.33it/s]
train:  12%|█▎        | 15/120 [00:06<00:45,  2.33it/s]
train:  14%|█▍        | 17/120 [00:07<00:43,  2.37it/s]
train:  16%|█▌        | 19/120 [00:08<00:41,  2.41it/s]
train:  18%|█▊        | 21/120 [00:09<00:40,  2.43it/s]
train:  19%|█▉        | 23/120 [00:10<00:40,  2.42it/s]
train:  21%|██        | 25/120 [00:10<00:39,  2.41it/s]
train:  22%|██▎       | 27/120 [00:11<00:38,  2.39it/s]
train:  24%|██▍       | 29/120 [00:12<00:38,  2.36it/s]
train:  26%|██▌       | 31/120 [00:13<00:37,  2.37it/s]
train:  27%|██▋       | 32/120 [00:14<00:52,  1.67it/s]
train:  28%|██▊       | 33/120 [00:15<00:54,  1.59it/s]
train:  29%|██▉       | 35/120 [00:16<00:46,  1.82it/s]
train:  31%|███       | 37/120 [00:17<00:42,  1.96it/s]
train:  32%|███▎      | 39/120 [00:18<00:39,  2.06it/s]
train:  34%|███▍      | 41/120 [00:19<00:37,  2.11it/s]
train:  36%|███▌      | 43/120 [00:19<00:35,  2.18it/s]
train:  38%|███▊      | 45/120 [00:20<00:33,  2.23it/s]
train:  39%|███▉      | 47/120 [00:21<00:32,  2.27it/s]
train:  41%|████      | 49/120 [00:22<00:30,  2.30it/s]
train:  42%|████▎     | 51/120 [00:23<00:29,  2.37it/s]
train:  44%|████▍     | 53/120 [00:23<00:27,  2.44it/s]
train:  46%|████▌     | 55/120 [00:24<00:25,  2.50it/s]
train:  48%|████▊     | 57/120 [00:25<00:25,  2.52it/s]
train:  49%|████▉     | 59/120 [00:26<00:24,  2.48it/s]
train:  51%|█████     | 61/120 [00:27<00:23,  2.51it/s]
train:  52%|█████▎    | 63/120 [00:27<00:22,  2.52it/s]
train:  54%|█████▍    | 65/120 [00:28<00:21,  2.54it/s]
train:  56%|█████▌    | 67/120 [00:29<00:21,  2.46it/s]
train:  57%|█████▊    | 69/120 [00:30<00:20,  2.43it/s]
train:  59%|█████▉    | 71/120 [00:31<00:20,  2.40it/s]
train:  61%|██████    | 73/120 [00:32<00:19,  2.37it/s]
train:  62%|██████▎   | 75/120 [00:32<00:18,  2.41it/s]
train:  64%|██████▍   | 77/120 [00:33<00:17,  2.43it/s]
train:  66%|██████▌   | 79/120 [00:34<00:16,  2.43it/s]
train:  68%|██████▊   | 81/120 [00:35<00:16,  2.43it/s]
train:  69%|██████▉   | 83/120 [00:36<00:15,  2.41it/s]
train:  71%|███████   | 85/120 [00:37<00:14,  2.41it/s]
train:  72%|███████▎  | 87/120 [00:37<00:13,  2.39it/s]
train:  74%|███████▍  | 89/120 [00:38<00:13,  2.38it/s]
train:  76%|███████▌  | 91/120 [00:39<00:12,  2.37it/s]
train:  78%|███████▊  | 93/120 [00:40<00:11,  2.39it/s]
train:  79%|███████▉  | 95/120 [00:41<00:10,  2.43it/s]
train:  81%|████████  | 97/120 [00:42<00:09,  2.43it/s]
train:  82%|████████▎ | 99/120 [00:42<00:08,  2.43it/s]
train:  84%|████████▍ | 101/120 [00:43<00:07,  2.39it/s]
train:  86%|████████▌ | 103/120 [00:44<00:07,  2.42it/s]
train:  88%|████████▊ | 105/120 [00:45<00:06,  2.46it/s]
train:  89%|████████▉ | 107/120 [00:46<00:05,  2.41it/s]
train:  91%|█████████ | 109/120 [00:47<00:04,  2.39it/s]
train:  92%|█████████▎| 111/120 [00:49<00:05,  1.63it/s]
train:  94%|█████████▍| 113/120 [00:50<00:03,  1.79it/s]
train:  96%|█████████▌| 115/120 [00:50<00:02,  1.93it/s]
train:  98%|█████████▊| 117/120 [00:51<00:01,  2.02it/s]
train:  99%|█████████▉| 119/120 [00:52<00:00,  2.14it/s]
                                                        

eval:   0%|          | 0/30 [00:00<?, ?it/s]
eval:   3%|▎         | 1/30 [00:00<00:24,  1.18it/s]
eval:  10%|█         | 3/30 [00:01<00:13,  1.93it/s]
eval:  17%|█▋        | 5/30 [00:02<00:11,  2.11it/s]
eval:  23%|██▎       | 7/30 [00:03<00:09,  2.30it/s]
eval:  30%|███       | 9/30 [00:04<00:08,  2.45it/s]
eval:  37%|███▋      | 11/30 [00:04<00:07,  2.56it/s]
eval:  43%|████▎     | 13/30 [00:05<00:06,  2.61it/s]
eval:  50%|█████     | 15/30 [00:06<00:05,  2.67it/s]
eval:  57%|█████▋    | 17/30 [00:06<00:04,  2.69it/s]
eval:  63%|██████▎   | 19/30 [00:07<00:03,  2.76it/s]
eval:  70%|███████   | 21/30 [00:08<00:03,  2.80it/s]
eval:  77%|███████▋  | 23/30 [00:09<00:02,  2.74it/s]
eval:  83%|████████▎ | 25/30 [00:09<00:01,  2.64it/s]
eval:  90%|█████████ | 27/30 [00:10<00:01,  2.64it/s]
eval:  97%|█████████▋| 29/30 [00:11<00:00,  2.64it/s]
                                                     
Epoch 02 | stage 1 | train loss 0.6502 (cls 0.6502, ctr 0.0000) acc 0.8188 f1 0.8198 | val loss 1.7562 (cls 1.7562, ctr 0.0000) acc 0.6042 f1 0.5789 | lr 1.23e-04

train:   0%|          | 0/120 [00:00<?, ?it/s]
train:   1%|          | 1/120 [00:00<01:46,  1.12it/s]
train:   2%|▎         | 3/120 [00:01<01:03,  1.84it/s]
train:   4%|▍         | 5/120 [00:02<00:54,  2.10it/s]
train:   6%|▌         | 7/120 [00:03<00:51,  2.20it/s]
train:   8%|▊         | 9/120 [00:04<00:48,  2.29it/s]
train:   9%|▉         | 11/120 [00:05<00:46,  2.34it/s]
train:  11%|█         | 13/120 [00:05<00:45,  2.36it/s]
train:  12%|█▎        | 15/120 [00:06<00:44,  2.37it/s]
train:  14%|█▍        | 17/120 [00:07<00:42,  2.42it/s]
train:  16%|█▌        | 19/120 [00:08<00:41,  2.43it/s]
train:  18%|█▊        | 21/120 [00:09<00:40,  2.44it/s]
train:  19%|█▉        | 23/120 [00:09<00:40,  2.40it/s]
train:  21%|██        | 25/120 [00:10<00:38,  2.44it/s]
train:  22%|██▎       | 27/120 [00:11<00:38,  2.41it/s]
train:  24%|██▍       | 29/120 [00:12<00:37,  2.40it/s]
train:  26%|██▌       | 31/120 [00:13<00:37,  2.39it/s]
train:  28%|██▊       | 33/120 [00:14<00:35,  2.42it/s]
train:  29%|██▉       | 35/120 [00:14<00:35,  2.41it/s]
train:  31%|███       | 37/120 [00:15<00:34,  2.40it/s]
train:  32%|███▎      | 39/120 [00:18<00:50,  1.60it/s]
train:  34%|███▍      | 41/120 [00:18<00:44,  1.77it/s]
train:  36%|███▌      | 43/120 [00:19<00:40,  1.92it/s]
train:  38%|███▊      | 45/120 [00:20<00:37,  2.02it/s]
train:  39%|███▉      | 47/120 [00:21<00:34,  2.14it/s]
train:  41%|████      | 49/120 [00:22<00:32,  2.19it/s]
train:  42%|████▎     | 51/120 [00:23<00:30,  2.24it/s]
train:  44%|████▍     | 53/120 [00:23<00:28,  2.31it/s]
train:  46%|████▌     | 55/120 [00:24<00:28,  2.32it/s]
train:  48%|████▊     | 57/120 [00:25<00:26,  2.36it/s]
train:  49%|████▉     | 59/120 [00:26<00:25,  2.42it/s]
train:  51%|█████     | 61/120 [00:27<00:23,  2.47it/s]
train:  52%|█████▎    | 63/120 [00:27<00:22,  2.50it/s]
train:  54%|█████▍    | 65/120 [00:28<00:21,  2.54it/s]
train:  56%|█████▌    | 67/120 [00:29<00:20,  2.54it/s]
train:  57%|█████▊    | 69/120 [00:30<00:20,  2.55it/s]
train:  59%|█████▉    | 71/120 [00:30<00:19,  2.57it/s]
train:  61%|██████    | 73/120 [00:31<00:18,  2.54it/s]
train:  62%|██████▎   | 75/120 [00:32<00:18,  2.48it/s]
train:  64%|██████▍   | 77/120 [00:33<00:17,  2.46it/s]
train:  66%|██████▌   | 79/120 [00:34<00:16,  2.42it/s]
train:  68%|██████▊   | 81/120 [00:35<00:16,  2.43it/s]
train:  69%|██████▉   | 83/120 [00:35<00:15,  2.45it/s]
train:  71%|███████   | 85/120 [00:36<00:14,  2.45it/s]
train:  72%|███████▎  | 87/120 [00:37<00:13,  2.44it/s]
train:  74%|███████▍  | 89/120 [00:38<00:12,  2.47it/s]
train:  76%|███████▌  | 91/120 [00:39<00:11,  2.47it/s]
train:  78%|███████▊  | 93/120 [00:40<00:11,  2.45it/s]
train:  79%|███████▉  | 95/120 [00:40<00:10,  2.44it/s]
train:  81%|████████  | 97/120 [00:41<00:09,  2.43it/s]
train:  82%|████████▎ | 99/120 [00:42<00:08,  2.42it/s]
train:  84%|████████▍ | 101/120 [00:43<00:07,  2.40it/s]
train:  86%|████████▌ | 103/120 [00:44<00:07,  2.40it/s]
train:  88%|████████▊ | 105/120 [00:45<00:06,  2.39it/s]
train:  89%|████████▉ | 107/120 [00:45<00:05,  2.38it/s]
train:  91%|█████████ | 109/120 [00:46<00:04,  2.39it/s]
train:  92%|█████████▎| 111/120 [00:47<00:03,  2.39it/s]
train:  94%|█████████▍| 113/120 [00:48<00:02,  2.41it/s]
train:  96%|█████████▌| 115/120 [00:49<00:02,  2.44it/s]
train:  98%|█████████▊| 117/120 [00:50<00:01,  2.40it/s]
train:  99%|█████████▉| 119/120 [00:52<00:00,  1.63it/s]
                                                        

eval:   0%|          | 0/30 [00:00<?, ?it/s]
eval:   3%|▎         | 1/30 [00:00<00:23,  1.24it/s]
eval:  10%|█         | 3/30 [00:01<00:13,  1.99it/s]
eval:  17%|█▋        | 5/30 [00:02<00:11,  2.15it/s]
eval:  23%|██▎       | 7/30 [00:03<00:09,  2.33it/s]
eval:  30%|███       | 9/30 [00:04<00:08,  2.41it/s]
eval:  37%|███▋      | 11/30 [00:04<00:07,  2.47it/s]
eval:  43%|████▎     | 13/30 [00:05<00:06,  2.49it/s]
eval:  50%|█████     | 15/30 [00:06<00:05,  2.51it/s]
eval:  57%|█████▋    | 17/30 [00:07<00:05,  2.58it/s]
eval:  63%|██████▎   | 19/30 [00:07<00:04,  2.67it/s]
eval:  70%|███████   | 21/30 [00:08<00:03,  2.72it/s]
eval:  77%|███████▋  | 23/30 [00:09<00:02,  2.73it/s]
eval:  83%|████████▎ | 25/30 [00:09<00:01,  2.70it/s]
eval:  90%|█████████ | 27/30 [00:10<00:01,  2.75it/s]
eval:  97%|█████████▋| 29/30 [00:11<00:00,  2.78it/s]
                                                     
Epoch 03 | stage 1 | train loss 0.5093 (cls 0.5093, ctr 0.0000) acc 0.8458 f1 0.8469 | val loss 2.0580 (cls 2.0580, ctr 0.0000) acc 0.6167 f1 0.5955 | lr 5.58e-05

train:   0%|          | 0/120 [00:00<?, ?it/s]
train:   1%|          | 1/120 [00:00<01:44,  1.14it/s]
train:   2%|▎         | 3/120 [00:01<01:02,  1.86it/s]
train:   4%|▍         | 5/120 [00:02<00:54,  2.11it/s]
train:   6%|▌         | 7/120 [00:03<00:50,  2.23it/s]
train:   8%|▊         | 9/120 [00:04<00:47,  2.32it/s]
train:   9%|▉         | 11/120 [00:05<00:46,  2.34it/s]
train:  11%|█         | 13/120 [00:05<00:45,  2.35it/s]
train:  12%|█▎        | 15/120 [00:06<00:43,  2.39it/s]
train:  14%|█▍        | 17/120 [00:07<00:43,  2.38it/s]
train:  16%|█▌        | 19/120 [00:08<00:42,  2.37it/s]
train:  18%|█▊        | 21/120 [00:09<00:41,  2.40it/s]
train:  19%|█▉        | 23/120 [00:10<00:40,  2.40it/s]
train:  21%|██        | 25/120 [00:10<00:39,  2.40it/s]
train:  22%|██▎       | 27/120 [00:11<00:38,  2.41it/s]
train:  24%|██▍       | 29/120 [00:12<00:38,  2.39it/s]
train:  26%|██▌       | 31/120 [00:13<00:36,  2.41it/s]
train:  28%|██▊       | 33/120 [00:14<00:35,  2.45it/s]
train:  29%|██▉       | 35/120 [00:14<00:35,  2.41it/s]
train:  31%|███       | 37/120 [00:15<00:34,  2.41it/s]
train:  32%|███▎      | 39/120 [00:16<00:33,  2.41it/s]
train:  34%|███▍      | 41/120 [00:17<00:32,  2.41it/s]
train:  36%|███▌      | 43/120 [00:18<00:31,  2.43it/s]
train:  38%|███▊      | 45/120 [00:19<00:30,  2.46it/s]
train:  39%|███▉      | 47/120 [00:19<00:29,  2.43it/s]
train:  41%|████      | 49/120 [00:22<00:43,  1.62it/s]
train:  42%|████▎     | 51/120 [00:22<00:39,  1.76it/s]
train:  44%|████▍     | 53/120 [00:23<00:34,  1.92it/s]
train:  46%|████▌     | 55/120 [00:24<00:31,  2.06it/s]
train:  48%|████▊     | 57/120 [00:25<00:29,  2.16it/s]
train:  49%|████▉     | 59/120 [00:26<00:27,  2.24it/s]
train:  51%|█████     | 61/120 [00:27<00:25,  2.28it/s]
train:  52%|█████▎    | 63/120 [00:27<00:24,  2.31it/s]
train:  54%|█████▍    | 65/120 [00:28<00:23,  2.35it/s]
train:  56%|█████▌    | 67/120 [00:29<00:21,  2.44it/s]
train:  57%|█████▊    | 69/120 [00:30<00:20,  2.49it/s]
train:  59%|█████▉    | 71/120 [00:31<00:19,  2.54it/s]
train:  61%|██████    | 73/120 [00:31<00:18,  2.52it/s]
train:  62%|██████▎   | 75/120 [00:32<00:17,  2.50it/s]
train:  64%|██████▍   | 77/120 [00:33<00:16,  2.53it/s]
train:  66%|██████▌   | 79/120 [00:34<00:16,  2.53it/s]
train:  68%|██████▊   | 81/120 [00:35<00:15,  2.50it/s]
train:  69%|██████▉   | 83/120 [00:35<00:14,  2.52it/s]
train:  71%|███████   | 85/120 [00:36<00:13,  2.52it/s]
train:  72%|███████▎  | 87/120 [00:37<00:13,  2.50it/s]
train:  74%|███████▍  | 89/120 [00:38<00:12,  2.49it/s]
train:  75%|███████▌  | 90/120 [00:38<00:10,  2.80it/s]
train:  76%|███████▌  | 91/120 [00:39<00:12,  2.37it/s]
train:  77%|███████▋  | 92/120 [00:39<00:10,  2.76it/s]
train:  78%|███████▊  | 93/120 [00:39<00:11,  2.30it/s]
train:  78%|███████▊  | 94/120 [00:40<00:09,  2.66it/s]
train:  79%|███████▉  | 95/120 [00:40<00:11,  2.23it/s]
train:  80%|████████  | 96/120 [00:40<00:09,  2.61it/s]
train:  81%|████████  | 97/120 [00:41<00:10,  2.26it/s]
train:  82%|████████▏ | 98/120 [00:41<00:08,  2.61it/s]
train:  82%|████████▎ | 99/120 [00:42<00:09,  2.25it/s]
train:  83%|████████▎ | 100/120 [00:42<00:07,  2.63it/s]
train:  84%|████████▍ | 101/120 [00:43<00:08,  2.30it/s]
train:  85%|████████▌ | 102/120 [00:43<00:06,  2.71it/s]
train:  86%|████████▌ | 103/120 [00:43<00:07,  2.28it/s]
train:  87%|████████▋ | 104/120 [00:44<00:05,  2.70it/s]
train:  88%|████████▊ | 105/120 [00:44<00:06,  2.24it/s]
train:  88%|████████▊ | 106/120 [00:45<00:05,  2.64it/s]
train:  89%|████████▉ | 107/120 [00:45<00:05,  2.17it/s]
train:  90%|█████████ | 108/120 [00:45<00:04,  2.66it/s]
train:  91%|█████████ | 109/120 [00:46<00:04,  2.22it/s]
train:  92%|█████████▏| 110/120 [00:46<00:03,  2.74it/s]
train:  92%|█████████▎| 111/120 [00:47<00:04,  2.25it/s]
train:  93%|█████████▎| 112/120 [00:47<00:02,  2.70it/s]
train:  94%|█████████▍| 113/120 [00:48<00:03,  2.24it/s]
train:  95%|█████████▌| 114/120 [00:48<00:02,  2.67it/s]
train:  96%|█████████▌| 115/120 [00:48<00:02,  2.21it/s]
train:  97%|█████████▋| 116/120 [00:49<00:01,  2.57it/s]
train:  98%|█████████▊| 117/120 [00:49<00:01,  2.26it/s]
train:  98%|█████████▊| 118/120 [00:50<00:00,  2.58it/s]
train:  99%|█████████▉| 119/120 [00:50<00:00,  2.27it/s]
train: 100%|██████████| 120/120 [00:50<00:00,  2.65it/s]
                                                        

eval:   0%|          | 0/30 [00:00<?, ?it/s]
eval:   3%|▎         | 1/30 [00:00<00:24,  1.18it/s]
eval:  10%|█         | 3/30 [00:01<00:13,  1.96it/s]
eval:  17%|█▋        | 5/30 [00:02<00:11,  2.13it/s]
eval:  23%|██▎       | 7/30 [00:04<00:16,  1.39it/s]
eval:  30%|███       | 9/30 [00:05<00:12,  1.67it/s]
eval:  37%|███▋      | 11/30 [00:06<00:09,  1.92it/s]
eval:  43%|████▎     | 13/30 [00:06<00:08,  2.06it/s]
eval:  50%|█████     | 15/30 [00:07<00:06,  2.18it/s]
eval:  57%|█████▋    | 17/30 [00:08<00:05,  2.27it/s]
eval:  63%|██████▎   | 19/30 [00:09<00:04,  2.38it/s]
eval:  70%|███████   | 21/30 [00:10<00:03,  2.45it/s]
eval:  77%|███████▋  | 23/30 [00:10<00:02,  2.47it/s]
eval:  83%|████████▎ | 25/30 [00:11<00:01,  2.51it/s]
eval:  90%|█████████ | 27/30 [00:12<00:01,  2.61it/s]
eval:  97%|█████████▋| 29/30 [00:13<00:00,  2.68it/s]
                                                     
Epoch 04 | stage 1 | train loss 0.5038 (cls 0.5038, ctr 0.0000) acc 0.8542 f1 0.8531 | val loss 1.7299 (cls 1.7299, ctr 0.0000) acc 0.6333 f1 0.6156 | lr 3.00e-05

train:   0%|          | 0/120 [00:00<?, ?it/s]
train:   1%|          | 1/120 [00:00<01:43,  1.15it/s]
train:   2%|▎         | 3/120 [00:01<00:58,  2.01it/s]
train:   4%|▍         | 5/120 [00:02<00:50,  2.29it/s]
train:   6%|▌         | 7/120 [00:03<00:47,  2.39it/s]
train:   7%|▋         | 8/120 [00:03<00:39,  2.83it/s]
train:   8%|▊         | 9/120 [00:03<00:48,  2.28it/s]
train:   8%|▊         | 10/120 [00:04<00:39,  2.80it/s]
train:   9%|▉         | 11/120 [00:04<00:50,  2.16it/s]
train:  10%|█         | 12/120 [00:04<00:39,  2.75it/s]
train:  11%|█         | 13/120 [00:05<00:48,  2.19it/s]
train:  12%|█▏        | 14/120 [00:05<00:37,  2.83it/s]
train:  12%|█▎        | 15/120 [00:06<00:47,  2.21it/s]
train:  13%|█▎        | 16/120 [00:06<00:37,  2.77it/s]
train:  14%|█▍        | 17/120 [00:07<00:47,  2.17it/s]
train:  16%|█▌        | 19/120 [00:08<00:44,  2.29it/s]
train:  18%|█▊        | 21/120 [00:08<00:42,  2.34it/s]
train:  18%|█▊        | 22/120 [00:09<00:35,  2.79it/s]
train:  19%|█▉        | 23/120 [00:09<00:43,  2.22it/s]
train:  20%|██        | 24/120 [00:09<00:34,  2.76it/s]
train:  21%|██        | 25/120 [00:10<00:44,  2.14it/s]
train:  22%|██▏       | 26/120 [00:10<00:34,  2.73it/s]
train:  22%|██▎       | 27/120 [00:11<00:43,  2.13it/s]
train:  23%|██▎       | 28/120 [00:11<00:33,  2.71it/s]
train:  24%|██▍       | 29/120 [00:12<00:42,  2.12it/s]
train:  25%|██▌       | 30/120 [00:12<00:32,  2.73it/s]
train:  26%|██▌       | 31/120 [00:13<00:40,  2.20it/s]
train:  27%|██▋       | 32/120 [00:13<00:31,  2.80it/s]
train:  28%|██▊       | 33/120 [00:13<00:40,  2.14it/s]
train:  28%|██▊       | 34/120 [00:14<00:31,  2.77it/s]
train:  29%|██▉       | 35/120 [00:14<00:39,  2.14it/s]
train:  30%|███       | 36/120 [00:14<00:30,  2.78it/s]
train:  31%|███       | 37/120 [00:15<00:38,  2.15it/s]
train:  32%|███▎      | 39/120 [00:16<00:35,  2.30it/s]
train:  33%|███▎      | 40/120 [00:16<00:28,  2.81it/s]
train:  34%|███▍      | 41/120 [00:17<00:35,  2.23it/s]
train:  35%|███▌      | 42/120 [00:17<00:28,  2.78it/s]
train:  36%|███▌      | 43/120 [00:18<00:35,  2.20it/s]
train:  37%|███▋      | 44/120 [00:18<00:27,  2.78it/s]
train:  38%|███▊      | 45/120 [00:18<00:35,  2.14it/s]
train:  39%|███▉      | 47/120 [00:19<00:32,  2.24it/s]
train:  40%|████      | 48/120 [00:19<00:26,  2.72it/s]
train:  41%|████      | 49/120 [00:20<00:32,  2.18it/s]
train:  42%|████▏     | 50/120 [00:20<00:25,  2.72it/s]
train:  42%|████▎     | 51/120 [00:21<00:31,  2.20it/s]
train:  43%|████▎     | 52/120 [00:21<00:25,  2.70it/s]
train:  44%|████▍     | 53/120 [00:22<00:30,  2.18it/s]
train:  45%|████▌     | 54/120 [00:22<00:24,  2.71it/s]
train:  46%|████▌     | 55/120 [00:23<00:30,  2.13it/s]
train:  47%|████▋     | 56/120 [00:23<00:23,  2.70it/s]
train:  48%|████▊     | 57/120 [00:25<00:54,  1.16it/s]
train:  48%|████▊     | 58/120 [00:25<00:39,  1.56it/s]
train:  49%|████▉     | 59/120 [00:26<00:40,  1.49it/s]
train:  51%|█████     | 61/120 [00:26<00:32,  1.82it/s]
train:  52%|█████▎    | 63/120 [00:27<00:28,  2.01it/s]
train:  54%|█████▍    | 65/120 [00:28<00:25,  2.12it/s]
train:  56%|█████▌    | 67/120 [00:29<00:24,  2.19it/s]
train:  57%|█████▊    | 69/120 [00:30<00:22,  2.26it/s]
train:  59%|█████▉    | 71/120 [00:31<00:21,  2.31it/s]
train:  61%|██████    | 73/120 [00:31<00:20,  2.34it/s]
train:  62%|██████▎   | 75/120 [00:32<00:19,  2.32it/s]
train:  64%|██████▍   | 77/120 [00:33<00:18,  2.36it/s]
train:  66%|██████▌   | 79/120 [00:34<00:17,  2.37it/s]
train:  68%|██████▊   | 81/120 [00:35<00:16,  2.38it/s]
train:  69%|██████▉   | 83/120 [00:36<00:15,  2.39it/s]
train:  71%|███████   | 85/120 [00:36<00:14,  2.42it/s]
train:  72%|███████▎  | 87/120 [00:37<00:13,  2.42it/s]
train:  74%|███████▍  | 89/120 [00:38<00:12,  2.39it/s]
train:  76%|███████▌  | 91/120 [00:39<00:12,  2.40it/s]
train:  78%|███████▊  | 93/120 [00:40<00:11,  2.39it/s]
train:  79%|███████▉  | 95/120 [00:41<00:10,  2.40it/s]
train:  81%|████████  | 97/120 [00:41<00:09,  2.42it/s]
train:  82%|████████▎ | 99/120 [00:42<00:08,  2.46it/s]
train:  83%|████████▎ | 100/120 [00:42<00:07,  2.81it/s]
train:  84%|████████▍ | 101/120 [00:43<00:08,  2.34it/s]
train:  86%|████████▌ | 103/120 [00:44<00:07,  2.41it/s]
train:  87%|████████▋ | 104/120 [00:44<00:05,  2.84it/s]
train:  88%|████████▊ | 105/120 [00:45<00:06,  2.30it/s]
train:  88%|████████▊ | 106/120 [00:45<00:04,  2.83it/s]
train:  89%|████████▉ | 107/120 [00:45<00:05,  2.27it/s]
train:  90%|█████████ | 108/120 [00:46<00:04,  2.84it/s]
train:  91%|█████████ | 109/120 [00:46<00:05,  2.16it/s]
train:  92%|█████████▎| 111/120 [00:47<00:03,  2.27it/s]
train:  94%|█████████▍| 113/120 [00:48<00:03,  2.33it/s]
train:  96%|█████████▌| 115/120 [00:49<00:02,  2.34it/s]
train:  98%|█████████▊| 117/120 [00:50<00:01,  2.39it/s]
train:  99%|█████████▉| 119/120 [00:50<00:00,  2.38it/s]
                                                        

eval:   0%|          | 0/30 [00:00<?, ?it/s]
eval:   3%|▎         | 1/30 [00:00<00:23,  1.23it/s]
eval:  10%|█         | 3/30 [00:01<00:13,  1.98it/s]
eval:  17%|█▋        | 5/30 [00:02<00:11,  2.17it/s]
eval:  23%|██▎       | 7/30 [00:03<00:09,  2.37it/s]
eval:  30%|███       | 9/30 [00:03<00:08,  2.44it/s]
eval:  37%|███▋      | 11/30 [00:04<00:07,  2.52it/s]
eval:  43%|████▎     | 13/30 [00:05<00:06,  2.53it/s]
eval:  50%|█████     | 15/30 [00:07<00:08,  1.78it/s]
eval:  57%|█████▋    | 17/30 [00:08<00:06,  1.96it/s]
eval:  63%|██████▎   | 19/30 [00:08<00:05,  2.13it/s]
eval:  70%|███████   | 21/30 [00:09<00:03,  2.28it/s]
eval:  77%|███████▋  | 23/30 [00:10<00:02,  2.35it/s]
eval:  83%|████████▎ | 25/30 [00:11<00:02,  2.39it/s]
eval:  90%|█████████ | 27/30 [00:11<00:01,  2.48it/s]
eval:  97%|█████████▋| 29/30 [00:12<00:00,  2.53it/s]
                                                     
Epoch 05 | stage 1 | train loss 0.5537 (cls 0.5537, ctr 0.0000) acc 0.8281 f1 0.8256 | val loss 1.9865 (cls 1.9865, ctr 0.0000) acc 0.6292 f1 0.6025 | lr 3.00e-05
[INFO] Optimizer groups (stage 2): fusion=461,833@3.00e-04, audio=14,773,552@1.00e-05, video=8,397,832@1.00e-05
[INFO] Cosine scheduler (group-wise): group0: base_lr=3.00e-04, eta_min=3.00e-05, group1: base_lr=1.00e-05, eta_min=1.00e-06, group2: base_lr=1.00e-05, eta_min=1.00e-06
[INFO] Switched to stage-2 at epoch 6.

train:   0%|          | 0/120 [00:00<?, ?it/s]
train:   1%|          | 1/120 [00:00<01:50,  1.07it/s]
train:   2%|▏         | 2/120 [00:01<00:53,  2.22it/s]
train:   2%|▎         | 3/120 [00:01<01:07,  1.74it/s]
train:   3%|▎         | 4/120 [00:01<00:45,  2.54it/s]
train:   4%|▍         | 5/120 [00:02<00:54,  2.11it/s]
train:   5%|▌         | 6/120 [00:02<00:39,  2.85it/s]
train:   6%|▌         | 7/120 [00:03<00:55,  2.04it/s]
train:   8%|▊         | 9/120 [00:04<00:49,  2.22it/s]
train:   8%|▊         | 10/120 [00:04<00:39,  2.75it/s]
train:   9%|▉         | 11/120 [00:05<00:50,  2.17it/s]
train:  10%|█         | 12/120 [00:05<00:38,  2.77it/s]
train:  11%|█         | 13/120 [00:05<00:50,  2.13it/s]
train:  12%|█▏        | 14/120 [00:05<00:38,  2.73it/s]
train:  12%|█▎        | 15/120 [00:06<00:48,  2.15it/s]
train:  13%|█▎        | 16/120 [00:06<00:37,  2.78it/s]
train:  14%|█▍        | 17/120 [00:07<00:47,  2.19it/s]
train:  15%|█▌        | 18/120 [00:07<00:36,  2.83it/s]
train:  16%|█▌        | 19/120 [00:08<00:46,  2.16it/s]
train:  17%|█▋        | 20/120 [00:08<00:35,  2.79it/s]
train:  18%|█▊        | 21/120 [00:09<00:44,  2.22it/s]
train:  18%|█▊        | 22/120 [00:09<00:34,  2.85it/s]
train:  19%|█▉        | 23/120 [00:10<00:47,  2.05it/s]
train:  21%|██        | 25/120 [00:10<00:43,  2.19it/s]
train:  22%|██▏       | 26/120 [00:10<00:35,  2.68it/s]
train:  22%|██▎       | 27/120 [00:11<00:43,  2.15it/s]
train:  23%|██▎       | 28/120 [00:11<00:33,  2.71it/s]
train:  24%|██▍       | 29/120 [00:12<00:41,  2.17it/s]
train:  26%|██▌       | 31/120 [00:13<00:39,  2.27it/s]
train:  28%|██▊       | 33/120 [00:14<00:36,  2.37it/s]
train:  28%|██▊       | 34/120 [00:14<00:30,  2.83it/s]
train:  29%|██▉       | 35/120 [00:15<00:39,  2.14it/s]
train:  30%|███       | 36/120 [00:15<00:31,  2.64it/s]
train:  31%|███       | 37/120 [00:15<00:38,  2.13it/s]
train:  32%|███▏      | 38/120 [00:16<00:30,  2.69it/s]
train:  32%|███▎      | 39/120 [00:16<00:37,  2.15it/s]
train:  33%|███▎      | 40/120 [00:16<00:29,  2.75it/s]
train:  34%|███▍      | 41/120 [00:17<00:37,  2.11it/s]
train:  36%|███▌      | 43/120 [00:18<00:34,  2.23it/s]
train:  37%|███▋      | 44/120 [00:18<00:27,  2.74it/s]
train:  38%|███▊      | 45/120 [00:19<00:34,  2.14it/s]
train:  38%|███▊      | 46/120 [00:19<00:27,  2.70it/s]
train:  39%|███▉      | 47/120 [00:20<00:33,  2.18it/s]
train:  40%|████      | 48/120 [00:20<00:26,  2.76it/s]
train:  41%|████      | 49/120 [00:20<00:33,  2.13it/s]
train:  42%|████▎     | 51/120 [00:21<00:30,  2.28it/s]
train:  43%|████▎     | 52/120 [00:21<00:24,  2.79it/s]
train:  44%|████▍     | 53/120 [00:22<00:31,  2.11it/s]
train:  45%|████▌     | 54/120 [00:22<00:25,  2.64it/s]
train:  46%|████▌     | 55/120 [00:23<00:30,  2.13it/s]
train:  47%|████▋     | 56/120 [00:23<00:23,  2.72it/s]
train:  48%|████▊     | 57/120 [00:24<00:29,  2.15it/s]
train:  48%|████▊     | 58/120 [00:24<00:22,  2.74it/s]
train:  49%|████▉     | 59/120 [00:25<00:29,  2.10it/s]
train:  50%|█████     | 60/120 [00:25<00:22,  2.72it/s]
train:  51%|█████     | 61/120 [00:25<00:26,  2.20it/s]
train:  52%|█████▎    | 63/120 [00:26<00:24,  2.28it/s]
train:  53%|█████▎    | 64/120 [00:26<00:19,  2.81it/s]
train:  54%|█████▍    | 65/120 [00:27<00:25,  2.13it/s]
train:  56%|█████▌    | 67/120 [00:28<00:22,  2.33it/s]
train:  57%|█████▋    | 68/120 [00:28<00:18,  2.82it/s]
train:  57%|█████▊    | 69/120 [00:29<00:22,  2.25it/s]
train:  58%|█████▊    | 70/120 [00:29<00:17,  2.79it/s]
train:  59%|█████▉    | 71/120 [00:30<00:22,  2.15it/s]
train:  60%|██████    | 72/120 [00:30<00:17,  2.71it/s]
train:  61%|██████    | 73/120 [00:30<00:21,  2.14it/s]
train:  62%|██████▏   | 74/120 [00:31<00:16,  2.74it/s]
train:  62%|██████▎   | 75/120 [00:31<00:21,  2.13it/s]
train:  64%|██████▍   | 77/120 [00:32<00:19,  2.20it/s]
train:  65%|██████▌   | 78/120 [00:32<00:15,  2.68it/s]
train:  66%|██████▌   | 79/120 [00:33<00:18,  2.17it/s]
train:  67%|██████▋   | 80/120 [00:33<00:14,  2.74it/s]
train:  68%|██████▊   | 81/120 [00:34<00:18,  2.09it/s]
train:  68%|██████▊   | 82/120 [00:34<00:14,  2.64it/s]
train:  69%|██████▉   | 83/120 [00:35<00:17,  2.13it/s]
train:  70%|███████   | 84/120 [00:35<00:13,  2.74it/s]
train:  71%|███████   | 85/120 [00:36<00:16,  2.12it/s]
train:  72%|███████▏  | 86/120 [00:36<00:12,  2.73it/s]
train:  72%|███████▎  | 87/120 [00:36<00:15,  2.08it/s]
train:  73%|███████▎  | 88/120 [00:37<00:11,  2.69it/s]
train:  74%|███████▍  | 89/120 [00:37<00:14,  2.10it/s]
train:  75%|███████▌  | 90/120 [00:37<00:11,  2.73it/s]
train:  76%|███████▌  | 91/120 [00:38<00:13,  2.14it/s]
train:  77%|███████▋  | 92/120 [00:38<00:10,  2.75it/s]
train:  78%|███████▊  | 93/120 [00:39<00:13,  2.06it/s]
train:  78%|███████▊  | 94/120 [00:39<00:09,  2.68it/s]
train:  79%|███████▉  | 95/120 [00:40<00:12,  2.05it/s]
train:  80%|████████  | 96/120 [00:40<00:08,  2.68it/s]
train:  81%|████████  | 97/120 [00:41<00:10,  2.13it/s]
train:  82%|████████▏ | 98/120 [00:41<00:07,  2.77it/s]
train:  82%|████████▎ | 99/120 [00:43<00:21,  1.01s/it]
train:  83%|████████▎ | 100/120 [00:43<00:14,  1.35it/s]
train:  84%|████████▍ | 101/120 [00:44<00:14,  1.31it/s]
train:  85%|████████▌ | 102/120 [00:44<00:10,  1.76it/s]
train:  86%|████████▌ | 103/120 [00:45<00:10,  1.64it/s]
train:  87%|████████▋ | 104/120 [00:45<00:07,  2.18it/s]
train:  88%|████████▊ | 105/120 [00:46<00:08,  1.84it/s]
train:  88%|████████▊ | 106/120 [00:46<00:05,  2.42it/s]
train:  89%|████████▉ | 107/120 [00:47<00:06,  1.94it/s]
train:  90%|█████████ | 108/120 [00:47<00:04,  2.53it/s]
train:  91%|█████████ | 109/120 [00:48<00:05,  2.03it/s]
train:  92%|█████████▏| 110/120 [00:48<00:03,  2.65it/s]
train:  92%|█████████▎| 111/120 [00:48<00:04,  2.06it/s]
train:  93%|█████████▎| 112/120 [00:48<00:03,  2.66it/s]
train:  94%|█████████▍| 113/120 [00:49<00:03,  2.05it/s]
train:  96%|█████████▌| 115/120 [00:50<00:02,  2.13it/s]
train:  97%|█████████▋| 116/120 [00:50<00:01,  2.62it/s]
train:  98%|█████████▊| 117/120 [00:51<00:01,  2.17it/s]
train:  98%|█████████▊| 118/120 [00:51<00:00,  2.72it/s]
train:  99%|█████████▉| 119/120 [00:52<00:00,  2.19it/s]
train: 100%|██████████| 120/120 [00:52<00:00,  2.78it/s]
                                                        

eval:   0%|          | 0/30 [00:00<?, ?it/s]
eval:   3%|▎         | 1/30 [00:00<00:24,  1.17it/s]
eval:  10%|█         | 3/30 [00:01<00:13,  1.99it/s]
eval:  17%|█▋        | 5/30 [00:02<00:11,  2.17it/s]
eval:  23%|██▎       | 7/30 [00:03<00:09,  2.37it/s]
eval:  30%|███       | 9/30 [00:03<00:08,  2.43it/s]
eval:  37%|███▋      | 11/30 [00:04<00:07,  2.50it/s]
eval:  43%|████▎     | 13/30 [00:05<00:06,  2.52it/s]
eval:  50%|█████     | 15/30 [00:06<00:05,  2.53it/s]
eval:  57%|█████▋    | 17/30 [00:07<00:05,  2.54it/s]
eval:  63%|██████▎   | 19/30 [00:07<00:04,  2.58it/s]
eval:  70%|███████   | 21/30 [00:08<00:03,  2.61it/s]
eval:  77%|███████▋  | 23/30 [00:09<00:02,  2.59it/s]
eval:  83%|████████▎ | 25/30 [00:10<00:01,  2.53it/s]
eval:  90%|█████████ | 27/30 [00:10<00:01,  2.59it/s]
eval:  97%|█████████▋| 29/30 [00:11<00:00,  2.62it/s]
                                                     
Epoch 06 | stage 2 | train loss 0.5082 (cls 0.5082, ctr 0.0000) acc 0.8323 f1 0.8326 | val loss 2.0608 (cls 2.0608, ctr 0.0000) acc 0.6333 f1 0.6051 | lr [2.96e-04, 9.86e-06, 9.86e-06]

train:   0%|          | 0/120 [00:00<?, ?it/s]
train:   1%|          | 1/120 [00:00<01:51,  1.07it/s]
train:   2%|▏         | 2/120 [00:01<00:53,  2.20it/s]
train:   2%|▎         | 3/120 [00:01<01:07,  1.73it/s]
train:   3%|▎         | 4/120 [00:01<00:46,  2.52it/s]
train:   4%|▍         | 5/120 [00:02<00:57,  2.01it/s]
train:   5%|▌         | 6/120 [00:02<00:41,  2.74it/s]
train:   6%|▌         | 7/120 [00:03<00:56,  2.01it/s]
train:   7%|▋         | 8/120 [00:03<00:42,  2.66it/s]
train:   8%|▊         | 9/120 [00:04<00:52,  2.11it/s]
train:   8%|▊         | 10/120 [00:04<00:39,  2.78it/s]
train:   9%|▉         | 11/120 [00:05<00:53,  2.05it/s]
train:  10%|█         | 12/120 [00:05<00:40,  2.69it/s]
train:  11%|█         | 13/120 [00:05<00:50,  2.10it/s]
train:  12%|█▏        | 14/120 [00:06<00:38,  2.73it/s]
train:  12%|█▎        | 15/120 [00:06<00:51,  2.05it/s]
train:  13%|█▎        | 16/120 [00:06<00:38,  2.68it/s]
train:  14%|█▍        | 17/120 [00:07<00:49,  2.09it/s]
train:  16%|█▌        | 19/120 [00:08<00:45,  2.23it/s]
train:  17%|█▋        | 20/120 [00:08<00:36,  2.72it/s]
train:  18%|█▊        | 21/120 [00:09<00:46,  2.14it/s]
train:  19%|█▉        | 23/120 [00:10<00:43,  2.23it/s]
train:  21%|██        | 25/120 [00:11<00:42,  2.23it/s]
train:  22%|██▏       | 26/120 [00:11<00:35,  2.66it/s]
train:  22%|██▎       | 27/120 [00:13<01:09,  1.34it/s]
train:  23%|██▎       | 28/120 [00:13<00:54,  1.70it/s]
train:  24%|██▍       | 29/120 [00:14<00:57,  1.58it/s]
train:  26%|██▌       | 31/120 [00:14<00:48,  1.83it/s]
train:  27%|██▋       | 32/120 [00:15<00:39,  2.25it/s]
train:  28%|██▊       | 33/120 [00:15<00:45,  1.91it/s]
train:  29%|██▉       | 35/120 [00:16<00:40,  2.12it/s]
train:  31%|███       | 37/120 [00:17<00:37,  2.24it/s]
train:  32%|███▏      | 38/120 [00:17<00:30,  2.66it/s]
train:  32%|███▎      | 39/120 [00:18<00:37,  2.15it/s]
train:  33%|███▎      | 40/120 [00:18<00:30,  2.65it/s]
train:  34%|███▍      | 41/120 [00:19<00:38,  2.07it/s]
train:  35%|███▌      | 42/120 [00:19<00:29,  2.62it/s]
train:  36%|███▌      | 43/120 [00:19<00:35,  2.16it/s]
train:  38%|███▊      | 45/120 [00:20<00:33,  2.24it/s]
train:  39%|███▉      | 47/120 [00:21<00:32,  2.27it/s]
train:  41%|████      | 49/120 [00:22<00:30,  2.29it/s]
train:  42%|████▎     | 51/120 [00:23<00:29,  2.32it/s]
train:  44%|████▍     | 53/120 [00:24<00:28,  2.32it/s]
train:  46%|████▌     | 55/120 [00:25<00:27,  2.34it/s]
train:  47%|████▋     | 56/120 [00:25<00:23,  2.72it/s]
train:  48%|████▊     | 57/120 [00:25<00:28,  2.23it/s]
train:  49%|████▉     | 59/120 [00:26<00:27,  2.23it/s]
train:  50%|█████     | 60/120 [00:26<00:22,  2.65it/s]
train:  51%|█████     | 61/120 [00:27<00:26,  2.19it/s]
train:  52%|█████▏    | 62/120 [00:27<00:21,  2.70it/s]
train:  52%|█████▎    | 63/120 [00:28<00:26,  2.16it/s]
train:  53%|█████▎    | 64/120 [00:28<00:20,  2.73it/s]
train:  54%|█████▍    | 65/120 [00:29<00:25,  2.19it/s]
train:  55%|█████▌    | 66/120 [00:29<00:19,  2.82it/s]
train:  56%|█████▌    | 67/120 [00:30<00:24,  2.13it/s]
train:  57%|█████▋    | 68/120 [00:30<00:19,  2.73it/s]
train:  57%|█████▊    | 69/120 [00:30<00:23,  2.13it/s]
train:  58%|█████▊    | 70/120 [00:31<00:17,  2.78it/s]
train:  59%|█████▉    | 71/120 [00:31<00:23,  2.07it/s]
train:  61%|██████    | 73/120 [00:32<00:21,  2.17it/s]
train:  62%|██████▏   | 74/120 [00:32<00:17,  2.68it/s]
train:  62%|██████▎   | 75/120 [00:33<00:21,  2.09it/s]
train:  63%|██████▎   | 76/120 [00:33<00:16,  2.64it/s]
train:  64%|██████▍   | 77/120 [00:34<00:20,  2.13it/s]
train:  65%|██████▌   | 78/120 [00:34<00:15,  2.73it/s]
train:  66%|██████▌   | 79/120 [00:35<00:19,  2.06it/s]
train:  67%|██████▋   | 80/120 [00:35<00:15,  2.66it/s]
train:  68%|██████▊   | 81/120 [00:36<00:18,  2.11it/s]
train:  69%|██████▉   | 83/120 [00:36<00:16,  2.21it/s]
train:  71%|███████   | 85/120 [00:37<00:15,  2.24it/s]
train:  72%|███████▏  | 86/120 [00:37<00:12,  2.69it/s]
train:  72%|███████▎  | 87/120 [00:38<00:15,  2.16it/s]
train:  74%|███████▍  | 89/120 [00:39<00:13,  2.24it/s]
train:  75%|███████▌  | 90/120 [00:39<00:11,  2.70it/s]
train:  76%|███████▌  | 91/120 [00:40<00:12,  2.25it/s]
train:  77%|███████▋  | 92/120 [00:40<00:10,  2.78it/s]
train:  78%|███████▊  | 93/120 [00:41<00:12,  2.23it/s]
train:  78%|███████▊  | 94/120 [00:41<00:09,  2.82it/s]
train:  79%|███████▉  | 95/120 [00:42<00:12,  2.08it/s]
train:  81%|████████  | 97/120 [00:42<00:10,  2.24it/s]
train:  82%|████████▏ | 98/120 [00:42<00:07,  2.76it/s]
train:  82%|████████▎ | 99/120 [00:43<00:09,  2.15it/s]
train:  83%|████████▎ | 100/120 [00:43<00:07,  2.70it/s]
train:  84%|████████▍ | 101/120 [00:44<00:08,  2.16it/s]
train:  86%|████████▌ | 103/120 [00:46<00:12,  1.41it/s]
train:  87%|████████▋ | 104/120 [00:46<00:09,  1.77it/s]
train:  88%|████████▊ | 105/120 [00:47<00:08,  1.69it/s]
train:  89%|████████▉ | 107/120 [00:48<00:06,  1.88it/s]
train:  90%|█████████ | 108/120 [00:48<00:05,  2.31it/s]
train:  91%|█████████ | 109/120 [00:49<00:05,  1.98it/s]
train:  92%|█████████▏| 110/120 [00:49<00:04,  2.49it/s]
train:  92%|█████████▎| 111/120 [00:49<00:04,  2.06it/s]
train:  93%|█████████▎| 112/120 [00:50<00:03,  2.62it/s]
train:  94%|█████████▍| 113/120 [00:50<00:03,  2.10it/s]
train:  95%|█████████▌| 114/120 [00:50<00:02,  2.71it/s]
train:  96%|█████████▌| 115/120 [00:51<00:02,  2.18it/s]
train:  97%|█████████▋| 116/120 [00:51<00:01,  2.81it/s]
train:  98%|█████████▊| 117/120 [00:52<00:01,  2.11it/s]
train:  98%|█████████▊| 118/120 [00:52<00:00,  2.72it/s]
train:  99%|█████████▉| 119/120 [00:53<00:00,  2.18it/s]
train: 100%|██████████| 120/120 [00:53<00:00,  2.80it/s]
                                                        

eval:   0%|          | 0/30 [00:00<?, ?it/s]
eval:   3%|▎         | 1/30 [00:00<00:24,  1.20it/s]
eval:  10%|█         | 3/30 [00:01<00:13,  2.00it/s]
eval:  17%|█▋        | 5/30 [00:02<00:11,  2.13it/s]
eval:  23%|██▎       | 7/30 [00:03<00:09,  2.35it/s]
eval:  30%|███       | 9/30 [00:03<00:08,  2.44it/s]
eval:  37%|███▋      | 11/30 [00:04<00:07,  2.50it/s]
eval:  43%|████▎     | 13/30 [00:05<00:06,  2.51it/s]
eval:  50%|█████     | 15/30 [00:06<00:05,  2.53it/s]
eval:  57%|█████▋    | 17/30 [00:07<00:05,  2.55it/s]
eval:  63%|██████▎   | 19/30 [00:07<00:04,  2.60it/s]
eval:  70%|███████   | 21/30 [00:08<00:03,  2.64it/s]
eval:  77%|███████▋  | 23/30 [00:09<00:02,  2.63it/s]
eval:  83%|████████▎ | 25/30 [00:10<00:01,  2.58it/s]
eval:  90%|█████████ | 27/30 [00:10<00:01,  2.62it/s]
eval:  97%|█████████▋| 29/30 [00:11<00:00,  2.63it/s]
                                                     
Epoch 07 | stage 2 | train loss 0.5854 (cls 0.5854, ctr 0.0000) acc 0.7917 f1 0.7939 | val loss 2.1178 (cls 2.1178, ctr 0.0000) acc 0.6333 f1 0.6108 | lr [2.91e-04, 9.68e-06, 9.68e-06]

train:   0%|          | 0/120 [00:00<?, ?it/s]
train:   1%|          | 1/120 [00:00<01:53,  1.04it/s]
train:   2%|▏         | 2/120 [00:01<00:54,  2.16it/s]
train:   2%|▎         | 3/120 [00:01<01:09,  1.68it/s]
train:   3%|▎         | 4/120 [00:01<00:46,  2.48it/s]
train:   4%|▍         | 5/120 [00:02<00:58,  1.97it/s]
train:   5%|▌         | 6/120 [00:02<00:42,  2.68it/s]
train:   6%|▌         | 7/120 [00:03<00:53,  2.10it/s]
train:   7%|▋         | 8/120 [00:03<00:40,  2.76it/s]
train:   8%|▊         | 9/120 [00:04<00:51,  2.14it/s]
train:   8%|▊         | 10/120 [00:04<00:39,  2.79it/s]
train:   9%|▉         | 11/120 [00:05<00:52,  2.07it/s]
train:  10%|█         | 12/120 [00:05<00:40,  2.70it/s]
train:  11%|█         | 13/120 [00:05<00:50,  2.11it/s]
train:  12%|█▏        | 14/120 [00:06<00:38,  2.76it/s]
train:  12%|█▎        | 15/120 [00:06<00:52,  2.02it/s]
train:  13%|█▎        | 16/120 [00:06<00:39,  2.64it/s]
train:  14%|█▍        | 17/120 [00:07<00:47,  2.16it/s]
train:  15%|█▌        | 18/120 [00:07<00:36,  2.81it/s]
train:  16%|█▌        | 19/120 [00:08<00:48,  2.09it/s]
train:  17%|█▋        | 20/120 [00:08<00:36,  2.71it/s]
train:  18%|█▊        | 21/120 [00:09<00:47,  2.07it/s]
train:  18%|█▊        | 22/120 [00:09<00:36,  2.67it/s]
train:  19%|█▉        | 23/120 [00:10<00:46,  2.09it/s]
train:  20%|██        | 24/120 [00:10<00:35,  2.72it/s]
train:  21%|██        | 25/120 [00:11<00:45,  2.07it/s]
train:  22%|██▏       | 26/120 [00:11<00:35,  2.68it/s]
train:  22%|██▎       | 27/120 [00:11<00:45,  2.06it/s]
train:  24%|██▍       | 29/120 [00:12<00:41,  2.18it/s]
train:  25%|██▌       | 30/120 [00:12<00:33,  2.68it/s]
train:  26%|██▌       | 31/120 [00:14<01:10,  1.27it/s]
train:  27%|██▋       | 32/120 [00:14<00:53,  1.66it/s]
train:  28%|██▊       | 33/120 [00:15<00:55,  1.57it/s]
train:  28%|██▊       | 34/120 [00:15<00:41,  2.05it/s]
train:  29%|██▉       | 35/120 [00:16<00:47,  1.81it/s]
train:  30%|███       | 36/120 [00:16<00:35,  2.37it/s]
train:  31%|███       | 37/120 [00:17<00:42,  1.94it/s]
train:  32%|███▏      | 38/120 [00:17<00:32,  2.54it/s]
train:  32%|███▎      | 39/120 [00:18<00:40,  2.02it/s]
train:  33%|███▎      | 40/120 [00:18<00:30,  2.62it/s]
train:  34%|███▍      | 41/120 [00:19<00:37,  2.09it/s]
train:  35%|███▌      | 42/120 [00:19<00:29,  2.69it/s]
train:  36%|███▌      | 43/120 [00:19<00:36,  2.10it/s]
train:  37%|███▋      | 44/120 [00:19<00:27,  2.72it/s]
train:  38%|███▊      | 45/120 [00:20<00:35,  2.13it/s]
train:  38%|███▊      | 46/120 [00:20<00:26,  2.76it/s]
train:  39%|███▉      | 47/120 [00:21<00:34,  2.10it/s]
train:  40%|████      | 48/120 [00:21<00:26,  2.70it/s]
train:  41%|████      | 49/120 [00:22<00:34,  2.06it/s]
train:  42%|████▏     | 50/120 [00:22<00:26,  2.67it/s]
train:  42%|████▎     | 51/120 [00:23<00:33,  2.06it/s]
train:  43%|████▎     | 52/120 [00:23<00:25,  2.67it/s]
train:  44%|████▍     | 53/120 [00:24<00:31,  2.10it/s]
train:  45%|████▌     | 54/120 [00:24<00:24,  2.72it/s]
train:  46%|████▌     | 55/120 [00:24<00:30,  2.10it/s]
train:  47%|████▋     | 56/120 [00:25<00:23,  2.73it/s]
train:  48%|████▊     | 57/120 [00:25<00:29,  2.13it/s]
train:  48%|████▊     | 58/120 [00:25<00:22,  2.76it/s]
train:  49%|████▉     | 59/120 [00:26<00:29,  2.07it/s]
train:  50%|█████     | 60/120 [00:26<00:22,  2.67it/s]
train:  51%|█████     | 61/120 [00:27<00:28,  2.07it/s]
train:  52%|█████▏    | 62/120 [00:27<00:21,  2.68it/s]
train:  52%|█████▎    | 63/120 [00:28<00:26,  2.12it/s]
train:  54%|█████▍    | 65/120 [00:29<00:25,  2.15it/s]
train:  55%|█████▌    | 66/120 [00:29<00:20,  2.65it/s]
train:  56%|█████▌    | 67/120 [00:30<00:24,  2.17it/s]
train:  57%|█████▋    | 68/120 [00:30<00:18,  2.74it/s]
train:  57%|█████▊    | 69/120 [00:30<00:25,  2.03it/s]
train:  58%|█████▊    | 70/120 [00:31<00:19,  2.59it/s]
train:  59%|█████▉    | 71/120 [00:31<00:23,  2.07it/s]
train:  60%|██████    | 72/120 [00:31<00:17,  2.68it/s]
train:  61%|██████    | 73/120 [00:32<00:22,  2.05it/s]
train:  62%|██████▏   | 74/120 [00:32<00:17,  2.65it/s]
train:  62%|██████▎   | 75/120 [00:33<00:22,  2.03it/s]
train:  63%|██████▎   | 76/120 [00:33<00:16,  2.64it/s]
train:  64%|██████▍   | 77/120 [00:34<00:20,  2.06it/s]
train:  65%|██████▌   | 78/120 [00:34<00:15,  2.67it/s]
train:  66%|██████▌   | 79/120 [00:35<00:20,  2.03it/s]
train:  67%|██████▋   | 80/120 [00:35<00:15,  2.66it/s]
train:  68%|██████▊   | 81/120 [00:36<00:19,  2.04it/s]
train:  68%|██████▊   | 82/120 [00:36<00:14,  2.66it/s]
train:  69%|██████▉   | 83/120 [00:36<00:17,  2.10it/s]
train:  70%|███████   | 84/120 [00:37<00:13,  2.71it/s]
train:  71%|███████   | 85/120 [00:37<00:16,  2.13it/s]
train:  72%|███████▏  | 86/120 [00:37<00:12,  2.77it/s]
train:  72%|███████▎  | 87/120 [00:38<00:15,  2.09it/s]
train:  73%|███████▎  | 88/120 [00:38<00:11,  2.73it/s]
train:  74%|███████▍  | 89/120 [00:39<00:14,  2.14it/s]
train:  75%|███████▌  | 90/120 [00:39<00:10,  2.78it/s]
train:  76%|███████▌  | 91/120 [00:40<00:13,  2.11it/s]
train:  77%|███████▋  | 92/120 [00:40<00:10,  2.77it/s]
train:  78%|███████▊  | 93/120 [00:41<00:12,  2.11it/s]
train:  78%|███████▊  | 94/120 [00:41<00:09,  2.74it/s]
train:  79%|███████▉  | 95/120 [00:42<00:11,  2.10it/s]
train:  80%|████████  | 96/120 [00:42<00:08,  2.74it/s]
train:  81%|████████  | 97/120 [00:42<00:10,  2.22it/s]
train:  82%|████████▏ | 98/120 [00:42<00:07,  2.88it/s]
train:  82%|████████▎ | 99/120 [00:43<00:09,  2.13it/s]
train:  83%|████████▎ | 100/120 [00:43<00:07,  2.77it/s]
train:  84%|████████▍ | 101/120 [00:44<00:09,  2.11it/s]
train:  86%|████████▌ | 103/120 [00:45<00:07,  2.24it/s]
train:  88%|████████▊ | 105/120 [00:46<00:06,  2.29it/s]
train:  89%|████████▉ | 107/120 [00:46<00:05,  2.36it/s]
train:  90%|█████████ | 108/120 [00:48<00:07,  1.66it/s]
train:  91%|█████████ | 109/120 [00:48<00:06,  1.59it/s]
train:  92%|█████████▎| 111/120 [00:49<00:05,  1.80it/s]
train:  93%|█████████▎| 112/120 [00:49<00:03,  2.18it/s]
train:  94%|█████████▍| 113/120 [00:50<00:03,  1.89it/s]
train:  95%|█████████▌| 114/120 [00:50<00:02,  2.36it/s]
train:  96%|█████████▌| 115/120 [00:51<00:02,  1.98it/s]
train:  97%|█████████▋| 116/120 [00:51<00:01,  2.52it/s]
train:  98%|█████████▊| 117/120 [00:52<00:01,  1.96it/s]
train:  98%|█████████▊| 118/120 [00:52<00:00,  2.52it/s]
train:  99%|█████████▉| 119/120 [00:53<00:00,  2.13it/s]
train: 100%|██████████| 120/120 [00:53<00:00,  2.76it/s]
                                                        

eval:   0%|          | 0/30 [00:00<?, ?it/s]
eval:   3%|▎         | 1/30 [00:00<00:24,  1.18it/s]
eval:  10%|█         | 3/30 [00:01<00:13,  1.95it/s]
eval:  17%|█▋        | 5/30 [00:02<00:11,  2.16it/s]
eval:  23%|██▎       | 7/30 [00:03<00:09,  2.33it/s]
eval:  30%|███       | 9/30 [00:04<00:08,  2.41it/s]
eval:  37%|███▋      | 11/30 [00:04<00:07,  2.48it/s]
eval:  43%|████▎     | 13/30 [00:05<00:06,  2.52it/s]
eval:  50%|█████     | 15/30 [00:06<00:05,  2.54it/s]
eval:  57%|█████▋    | 17/30 [00:07<00:05,  2.53it/s]
eval:  63%|██████▎   | 19/30 [00:07<00:04,  2.58it/s]
eval:  70%|███████   | 21/30 [00:08<00:03,  2.60it/s]
eval:  77%|███████▋  | 23/30 [00:09<00:02,  2.57it/s]
eval:  83%|████████▎ | 25/30 [00:10<00:01,  2.53it/s]
eval:  90%|█████████ | 27/30 [00:10<00:01,  2.57it/s]
eval:  97%|█████████▋| 29/30 [00:11<00:00,  2.59it/s]
                                                     
Epoch 08 | stage 2 | train loss 0.3613 (cls 0.3613, ctr 0.0000) acc 0.8708 f1 0.8706 | val loss 1.7885 (cls 1.7885, ctr 0.0000) acc 0.6667 f1 0.6324 | lr [2.83e-04, 9.44e-06, 9.44e-06]

train:   0%|          | 0/120 [00:00<?, ?it/s]
train:   1%|          | 1/120 [00:01<02:11,  1.10s/it]
train:   2%|▏         | 2/120 [00:01<01:01,  1.93it/s]
train:   2%|▎         | 3/120 [00:01<01:03,  1.83it/s]
train:   3%|▎         | 4/120 [00:01<00:44,  2.58it/s]
train:   4%|▍         | 5/120 [00:02<00:58,  1.98it/s]
train:   5%|▌         | 6/120 [00:02<00:42,  2.70it/s]
train:   6%|▌         | 7/120 [00:03<00:54,  2.08it/s]
train:   7%|▋         | 8/120 [00:03<00:40,  2.75it/s]
train:   8%|▊         | 9/120 [00:04<00:51,  2.14it/s]
train:   8%|▊         | 10/120 [00:04<00:39,  2.79it/s]
train:   9%|▉         | 11/120 [00:05<00:52,  2.08it/s]
train:  11%|█         | 13/120 [00:05<00:47,  2.25it/s]
train:  12%|█▏        | 14/120 [00:06<00:38,  2.77it/s]
train:  12%|█▎        | 15/120 [00:06<00:49,  2.11it/s]
train:  13%|█▎        | 16/120 [00:06<00:39,  2.66it/s]
train:  14%|█▍        | 17/120 [00:07<00:49,  2.10it/s]
train:  15%|█▌        | 18/120 [00:07<00:37,  2.69it/s]
train:  16%|█▌        | 19/120 [00:08<00:49,  2.03it/s]
train:  17%|█▋        | 20/120 [00:08<00:38,  2.62it/s]
train:  18%|█▊        | 21/120 [00:09<00:48,  2.02it/s]
train:  18%|█▊        | 22/120 [00:09<00:37,  2.61it/s]
train:  19%|█▉        | 23/120 [00:10<00:47,  2.06it/s]
train:  20%|██        | 24/120 [00:10<00:35,  2.68it/s]
train:  21%|██        | 25/120 [00:11<00:43,  2.17it/s]
train:  22%|██▏       | 26/120 [00:11<00:33,  2.78it/s]
train:  22%|██▎       | 27/120 [00:11<00:44,  2.08it/s]
train:  23%|██▎       | 28/120 [00:12<00:34,  2.70it/s]
train:  24%|██▍       | 29/120 [00:12<00:43,  2.10it/s]
train:  25%|██▌       | 30/120 [00:12<00:33,  2.72it/s]
train:  26%|██▌       | 31/120 [00:13<00:41,  2.13it/s]
train:  27%|██▋       | 32/120 [00:13<00:32,  2.74it/s]
train:  28%|██▊       | 33/120 [00:14<00:41,  2.08it/s]
train:  29%|██▉       | 35/120 [00:16<01:02,  1.35it/s]
train:  30%|███       | 36/120 [00:16<00:49,  1.71it/s]
train:  31%|███       | 37/120 [00:17<00:50,  1.64it/s]
train:  32%|███▏      | 38/120 [00:17<00:39,  2.10it/s]
train:  32%|███▎      | 39/120 [00:18<00:44,  1.81it/s]
train:  33%|███▎      | 40/120 [00:18<00:34,  2.35it/s]
train:  34%|███▍      | 41/120 [00:19<00:39,  1.99it/s]
train:  36%|███▌      | 43/120 [00:19<00:36,  2.10it/s]
train:  37%|███▋      | 44/120 [00:20<00:29,  2.58it/s]
train:  38%|███▊      | 45/120 [00:20<00:35,  2.13it/s]
train:  38%|███▊      | 46/120 [00:20<00:27,  2.69it/s]
train:  39%|███▉      | 47/120 [00:21<00:34,  2.11it/s]
train:  40%|████      | 48/120 [00:21<00:26,  2.70it/s]
train:  41%|████      | 49/120 [00:22<00:33,  2.11it/s]
train:  42%|████▏     | 50/120 [00:22<00:25,  2.71it/s]
train:  42%|████▎     | 51/120 [00:23<00:32,  2.13it/s]
train:  43%|████▎     | 52/120 [00:23<00:24,  2.77it/s]
train:  44%|████▍     | 53/120 [00:24<00:30,  2.16it/s]
train:  46%|████▌     | 55/120 [00:24<00:28,  2.26it/s]
train:  47%|████▋     | 56/120 [00:25<00:23,  2.77it/s]
train:  48%|████▊     | 57/120 [00:25<00:29,  2.14it/s]
train:  49%|████▉     | 59/120 [00:26<00:27,  2.24it/s]
train:  50%|█████     | 60/120 [00:26<00:22,  2.73it/s]
train:  51%|█████     | 61/120 [00:27<00:26,  2.20it/s]
train:  52%|█████▏    | 62/120 [00:27<00:21,  2.76it/s]
train:  52%|█████▎    | 63/120 [00:28<00:26,  2.16it/s]
train:  54%|█████▍    | 65/120 [00:29<00:24,  2.23it/s]
train:  56%|█████▌    | 67/120 [00:29<00:22,  2.33it/s]
train:  57%|█████▋    | 68/120 [00:30<00:18,  2.79it/s]
train:  57%|█████▊    | 69/120 [00:30<00:23,  2.19it/s]
train:  58%|█████▊    | 70/120 [00:30<00:18,  2.71it/s]
train:  59%|█████▉    | 71/120 [00:31<00:22,  2.19it/s]
train:  61%|██████    | 73/120 [00:32<00:20,  2.26it/s]
train:  62%|██████▎   | 75/120 [00:33<00:19,  2.34it/s]
train:  64%|██████▍   | 77/120 [00:34<00:18,  2.37it/s]
train:  65%|██████▌   | 78/120 [00:34<00:15,  2.78it/s]
train:  66%|██████▌   | 79/120 [00:34<00:18,  2.27it/s]
train:  67%|██████▋   | 80/120 [00:35<00:14,  2.77it/s]
train:  68%|██████▊   | 81/120 [00:35<00:17,  2.20it/s]
train:  68%|██████▊   | 82/120 [00:35<00:13,  2.76it/s]
train:  69%|██████▉   | 83/120 [00:36<00:17,  2.18it/s]
train:  70%|███████   | 84/120 [00:36<00:13,  2.77it/s]
train:  71%|███████   | 85/120 [00:37<00:16,  2.16it/s]
train:  72%|███████▏  | 86/120 [00:37<00:12,  2.76it/s]
train:  72%|███████▎  | 87/120 [00:38<00:15,  2.11it/s]
train:  73%|███████▎  | 88/120 [00:38<00:11,  2.75it/s]
train:  74%|███████▍  | 89/120 [00:39<00:14,  2.09it/s]
train:  76%|███████▌  | 91/120 [00:40<00:13,  2.18it/s]
train:  77%|███████▋  | 92/120 [00:40<00:10,  2.67it/s]
train:  78%|███████▊  | 93/120 [00:40<00:12,  2.19it/s]
train:  78%|███████▊  | 94/120 [00:40<00:09,  2.76it/s]
train:  79%|███████▉  | 95/120 [00:41<00:11,  2.10it/s]
train:  80%|████████  | 96/120 [00:41<00:08,  2.69it/s]
train:  81%|████████  | 97/120 [00:42<00:11,  2.08it/s]
train:  82%|████████▎ | 99/120 [00:43<00:09,  2.23it/s]
train:  83%|████████▎ | 100/120 [00:43<00:07,  2.73it/s]
train:  84%|████████▍ | 101/120 [00:44<00:08,  2.14it/s]
train:  86%|████████▌ | 103/120 [00:45<00:07,  2.23it/s]
train:  88%|████████▊ | 105/120 [00:45<00:06,  2.31it/s]
train:  88%|████████▊ | 106/120 [00:46<00:05,  2.74it/s]
train:  89%|████████▉ | 107/120 [00:46<00:05,  2.24it/s]
train:  91%|█████████ | 109/120 [00:47<00:04,  2.25it/s]
train:  92%|█████████▏| 110/120 [00:47<00:03,  2.69it/s]
train:  92%|█████████▎| 111/120 [00:49<00:06,  1.31it/s]
train:  93%|█████████▎| 112/120 [00:49<00:04,  1.67it/s]
train:  94%|█████████▍| 113/120 [00:50<00:04,  1.58it/s]
train:  95%|█████████▌| 114/120 [00:50<00:02,  2.06it/s]
train:  96%|█████████▌| 115/120 [00:51<00:02,  1.81it/s]
train:  97%|█████████▋| 116/120 [00:51<00:01,  2.35it/s]
train:  98%|█████████▊| 117/120 [00:52<00:01,  1.97it/s]
train:  98%|█████████▊| 118/120 [00:52<00:00,  2.56it/s]
train:  99%|█████████▉| 119/120 [00:53<00:00,  2.06it/s]
train: 100%|██████████| 120/120 [00:53<00:00,  2.68it/s]
                                                        

eval:   0%|          | 0/30 [00:00<?, ?it/s]
eval:   3%|▎         | 1/30 [00:00<00:24,  1.20it/s]
eval:  10%|█         | 3/30 [00:01<00:13,  1.96it/s]
eval:  17%|█▋        | 5/30 [00:02<00:11,  2.16it/s]
eval:  23%|██▎       | 7/30 [00:03<00:09,  2.36it/s]
eval:  30%|███       | 9/30 [00:03<00:08,  2.44it/s]
eval:  37%|███▋      | 11/30 [00:04<00:07,  2.50it/s]
eval:  43%|████▎     | 13/30 [00:05<00:06,  2.52it/s]
eval:  50%|█████     | 15/30 [00:06<00:05,  2.52it/s]
eval:  57%|█████▋    | 17/30 [00:07<00:05,  2.52it/s]
eval:  63%|██████▎   | 19/30 [00:07<00:04,  2.60it/s]
eval:  70%|███████   | 21/30 [00:08<00:03,  2.62it/s]
eval:  77%|███████▋  | 23/30 [00:09<00:02,  2.62it/s]
eval:  83%|████████▎ | 25/30 [00:10<00:01,  2.57it/s]
eval:  90%|█████████ | 27/30 [00:10<00:01,  2.60it/s]
eval:  97%|█████████▋| 29/30 [00:11<00:00,  2.62it/s]
                                                     
Epoch 09 | stage 2 | train loss 0.3828 (cls 0.3828, ctr 0.0000) acc 0.8698 f1 0.8650 | val loss 1.5989 (cls 1.5989, ctr 0.0000) acc 0.6917 f1 0.6664 | lr [2.74e-04, 9.14e-06, 9.14e-06]

train:   0%|          | 0/120 [00:00<?, ?it/s]
train:   1%|          | 1/120 [00:00<01:54,  1.04it/s]
train:   2%|▏         | 2/120 [00:01<00:54,  2.16it/s]
train:   2%|▎         | 3/120 [00:01<01:10,  1.65it/s]
train:   3%|▎         | 4/120 [00:01<00:47,  2.44it/s]
train:   4%|▍         | 5/120 [00:02<01:00,  1.90it/s]
train:   5%|▌         | 6/120 [00:02<00:43,  2.61it/s]
train:   6%|▌         | 7/120 [00:03<00:57,  1.97it/s]
train:   7%|▋         | 8/120 [00:03<00:42,  2.64it/s]
train:   8%|▊         | 9/120 [00:04<00:54,  2.03it/s]
train:   8%|▊         | 10/120 [00:04<00:41,  2.67it/s]
train:   9%|▉         | 11/120 [00:05<00:51,  2.11it/s]
train:  11%|█         | 13/120 [00:06<00:49,  2.16it/s]
train:  12%|█▏        | 14/120 [00:06<00:39,  2.67it/s]
train:  12%|█▎        | 15/120 [00:06<00:47,  2.21it/s]
train:  13%|█▎        | 16/120 [00:07<00:37,  2.79it/s]
train:  14%|█▍        | 17/120 [00:07<00:49,  2.09it/s]
train:  15%|█▌        | 18/120 [00:07<00:38,  2.68it/s]
train:  16%|█▌        | 19/120 [00:08<00:46,  2.16it/s]
train:  17%|█▋        | 20/120 [00:08<00:35,  2.79it/s]
train:  18%|█▊        | 21/120 [00:09<00:45,  2.17it/s]
train:  18%|█▊        | 22/120 [00:09<00:35,  2.79it/s]
train:  19%|█▉        | 23/120 [00:10<00:46,  2.09it/s]
train:  20%|██        | 24/120 [00:10<00:35,  2.72it/s]
train:  21%|██        | 25/120 [00:11<00:44,  2.11it/s]
train:  22%|██▏       | 26/120 [00:11<00:34,  2.75it/s]
train:  22%|██▎       | 27/120 [00:11<00:43,  2.14it/s]
train:  23%|██▎       | 28/120 [00:12<00:33,  2.79it/s]
train:  24%|██▍       | 29/120 [00:12<00:44,  2.04it/s]
train:  25%|██▌       | 30/120 [00:12<00:33,  2.65it/s]
train:  26%|██▌       | 31/120 [00:13<00:43,  2.05it/s]
train:  27%|██▋       | 32/120 [00:13<00:33,  2.66it/s]
train:  28%|██▊       | 33/120 [00:14<00:40,  2.17it/s]
train:  28%|██▊       | 34/120 [00:14<00:30,  2.80it/s]
train:  29%|██▉       | 35/120 [00:15<00:40,  2.10it/s]
train:  30%|███       | 36/120 [00:15<00:30,  2.73it/s]
train:  31%|███       | 37/120 [00:16<00:40,  2.05it/s]
train:  32%|███▏      | 38/120 [00:16<00:30,  2.67it/s]
train:  32%|███▎      | 39/120 [00:18<01:08,  1.19it/s]
train:  33%|███▎      | 40/120 [00:18<00:49,  1.61it/s]
train:  34%|███▍      | 41/120 [00:19<00:50,  1.55it/s]
train:  36%|███▌      | 43/120 [00:19<00:42,  1.79it/s]
train:  37%|███▋      | 44/120 [00:20<00:34,  2.22it/s]
train:  38%|███▊      | 45/120 [00:20<00:38,  1.93it/s]
train:  38%|███▊      | 46/120 [00:20<00:29,  2.47it/s]
train:  39%|███▉      | 47/120 [00:21<00:36,  1.99it/s]
train:  40%|████      | 48/120 [00:21<00:27,  2.58it/s]
train:  41%|████      | 49/120 [00:22<00:34,  2.08it/s]
train:  42%|████▏     | 50/120 [00:22<00:26,  2.68it/s]
train:  42%|████▎     | 51/120 [00:23<00:33,  2.08it/s]
train:  43%|████▎     | 52/120 [00:23<00:25,  2.70it/s]
train:  44%|████▍     | 53/120 [00:24<00:31,  2.13it/s]
train:  45%|████▌     | 54/120 [00:24<00:24,  2.74it/s]
train:  46%|████▌     | 55/120 [00:25<00:31,  2.08it/s]
train:  47%|████▋     | 56/120 [00:25<00:23,  2.70it/s]
train:  48%|████▊     | 57/120 [00:25<00:29,  2.13it/s]
train:  48%|████▊     | 58/120 [00:25<00:22,  2.76it/s]
train:  49%|████▉     | 59/120 [00:26<00:29,  2.06it/s]
train:  50%|█████     | 60/120 [00:26<00:22,  2.67it/s]
train:  51%|█████     | 61/120 [00:27<00:28,  2.10it/s]
train:  52%|█████▏    | 62/120 [00:27<00:21,  2.73it/s]
train:  52%|█████▎    | 63/120 [00:28<00:26,  2.16it/s]
train:  53%|█████▎    | 64/120 [00:28<00:19,  2.81it/s]
train:  54%|█████▍    | 65/120 [00:29<00:25,  2.19it/s]
train:  56%|█████▌    | 67/120 [00:30<00:24,  2.18it/s]
train:  57%|█████▋    | 68/120 [00:30<00:19,  2.68it/s]
train:  57%|█████▊    | 69/120 [00:30<00:23,  2.16it/s]
train:  58%|█████▊    | 70/120 [00:30<00:18,  2.72it/s]
train:  59%|█████▉    | 71/120 [00:31<00:22,  2.16it/s]
train:  61%|██████    | 73/120 [00:32<00:19,  2.35it/s]
train:  62%|██████▏   | 74/120 [00:32<00:16,  2.86it/s]
train:  62%|██████▎   | 75/120 [00:33<00:20,  2.21it/s]
train:  64%|██████▍   | 77/120 [00:34<00:18,  2.29it/s]
train:  65%|██████▌   | 78/120 [00:34<00:15,  2.76it/s]
train:  66%|██████▌   | 79/120 [00:34<00:18,  2.26it/s]
train:  67%|██████▋   | 80/120 [00:35<00:14,  2.81it/s]
train:  68%|██████▊   | 81/120 [00:35<00:17,  2.26it/s]
train:  68%|██████▊   | 82/120 [00:35<00:13,  2.85it/s]
train:  69%|██████▉   | 83/120 [00:36<00:16,  2.21it/s]
train:  70%|███████   | 84/120 [00:36<00:12,  2.82it/s]
train:  71%|███████   | 85/120 [00:37<00:16,  2.11it/s]
train:  72%|███████▏  | 86/120 [00:37<00:12,  2.72it/s]
train:  72%|███████▎  | 87/120 [00:38<00:15,  2.19it/s]
train:  73%|███████▎  | 88/120 [00:38<00:11,  2.83it/s]
train:  74%|███████▍  | 89/120 [00:39<00:14,  2.11it/s]
train:  75%|███████▌  | 90/120 [00:39<00:11,  2.72it/s]
train:  76%|███████▌  | 91/120 [00:39<00:14,  2.06it/s]
train:  77%|███████▋  | 92/120 [00:40<00:10,  2.67it/s]
train:  78%|███████▊  | 93/120 [00:40<00:13,  1.96it/s]
train:  78%|███████▊  | 94/120 [00:41<00:10,  2.56it/s]
train:  79%|███████▉  | 95/120 [00:41<00:12,  2.05it/s]
train:  80%|████████  | 96/120 [00:41<00:09,  2.67it/s]
train:  81%|████████  | 97/120 [00:42<00:11,  2.05it/s]
train:  82%|████████▏ | 98/120 [00:42<00:08,  2.66it/s]
train:  82%|████████▎ | 99/120 [00:43<00:10,  2.09it/s]
train:  83%|████████▎ | 100/120 [00:43<00:07,  2.73it/s]
train:  84%|████████▍ | 101/120 [00:44<00:08,  2.18it/s]
train:  85%|████████▌ | 102/120 [00:44<00:06,  2.83it/s]
train:  86%|████████▌ | 103/120 [00:45<00:08,  2.08it/s]
train:  87%|████████▋ | 104/120 [00:45<00:05,  2.70it/s]
train:  88%|████████▊ | 105/120 [00:45<00:07,  2.10it/s]
train:  88%|████████▊ | 106/120 [00:46<00:05,  2.74it/s]
train:  89%|████████▉ | 107/120 [00:46<00:06,  2.06it/s]
train:  90%|█████████ | 108/120 [00:46<00:04,  2.69it/s]
train:  91%|█████████ | 109/120 [00:47<00:05,  2.13it/s]
train:  92%|█████████▎| 111/120 [00:48<00:04,  2.22it/s]
train:  93%|█████████▎| 112/120 [00:48<00:02,  2.72it/s]
train:  94%|█████████▍| 113/120 [00:49<00:03,  2.23it/s]
train:  95%|█████████▌| 114/120 [00:49<00:02,  2.79it/s]
train:  96%|█████████▌| 115/120 [00:50<00:02,  2.20it/s]
train:  97%|█████████▋| 116/120 [00:50<00:01,  2.80it/s]
train:  98%|█████████▊| 117/120 [00:50<00:01,  2.13it/s]
train:  98%|█████████▊| 118/120 [00:51<00:00,  2.76it/s]
train:  99%|█████████▉| 119/120 [00:51<00:00,  2.19it/s]
train: 100%|██████████| 120/120 [00:51<00:00,  2.79it/s]
                                                        

eval:   0%|          | 0/30 [00:00<?, ?it/s]
eval:   3%|▎         | 1/30 [00:00<00:24,  1.20it/s]
eval:  10%|█         | 3/30 [00:01<00:13,  1.98it/s]
eval:  17%|█▋        | 5/30 [00:02<00:11,  2.14it/s]
eval:  23%|██▎       | 7/30 [00:03<00:09,  2.35it/s]
eval:  30%|███       | 9/30 [00:03<00:08,  2.42it/s]
eval:  37%|███▋      | 11/30 [00:04<00:07,  2.50it/s]
eval:  43%|████▎     | 13/30 [00:05<00:06,  2.49it/s]
eval:  50%|█████     | 15/30 [00:06<00:05,  2.51it/s]
eval:  57%|█████▋    | 17/30 [00:07<00:05,  2.52it/s]
eval:  63%|██████▎   | 19/30 [00:07<00:04,  2.58it/s]
eval:  70%|███████   | 21/30 [00:08<00:03,  2.60it/s]
eval:  77%|███████▋  | 23/30 [00:09<00:02,  2.59it/s]
eval:  83%|████████▎ | 25/30 [00:10<00:01,  2.54it/s]
eval:  90%|█████████ | 27/30 [00:10<00:01,  2.57it/s]
eval:  97%|█████████▋| 29/30 [00:11<00:00,  2.61it/s]
                                                     
Epoch 10 | stage 2 | train loss 0.4533 (cls 0.4533, ctr 0.0000) acc 0.8427 f1 0.8474 | val loss 1.8549 (cls 1.8549, ctr 0.0000) acc 0.6417 f1 0.6295 | lr [2.63e-04, 8.78e-06, 8.78e-06]

train:   0%|          | 0/120 [00:00<?, ?it/s]
train:   1%|          | 1/120 [00:00<01:49,  1.09it/s]
train:   2%|▎         | 3/120 [00:03<02:24,  1.24s/it]
train:   3%|▎         | 4/120 [00:03<01:38,  1.18it/s]
train:   4%|▍         | 5/120 [00:04<01:34,  1.22it/s]
train:   5%|▌         | 6/120 [00:04<01:07,  1.68it/s]
train:   6%|▌         | 7/120 [00:05<01:12,  1.55it/s]
train:   7%|▋         | 8/120 [00:05<00:53,  2.10it/s]
train:   8%|▊         | 9/120 [00:06<01:03,  1.75it/s]
train:   8%|▊         | 10/120 [00:06<00:47,  2.33it/s]
train:   9%|▉         | 11/120 [00:07<00:55,  1.96it/s]
train:  10%|█         | 12/120 [00:07<00:41,  2.58it/s]
train:  11%|█         | 13/120 [00:07<00:52,  2.05it/s]
train:  12%|█▏        | 14/120 [00:07<00:39,  2.69it/s]
train:  12%|█▎        | 15/120 [00:08<00:48,  2.14it/s]
train:  13%|█▎        | 16/120 [00:08<00:37,  2.78it/s]
train:  14%|█▍        | 17/120 [00:09<00:50,  2.04it/s]
train:  15%|█▌        | 18/120 [00:09<00:38,  2.65it/s]
train:  16%|█▌        | 19/120 [00:10<00:48,  2.10it/s]
train:  17%|█▋        | 20/120 [00:10<00:36,  2.74it/s]
train:  18%|█▊        | 21/120 [00:11<00:46,  2.14it/s]
train:  18%|█▊        | 22/120 [00:11<00:35,  2.77it/s]
train:  19%|█▉        | 23/120 [00:12<00:47,  2.04it/s]
train:  21%|██        | 25/120 [00:12<00:43,  2.20it/s]
train:  22%|██▏       | 26/120 [00:13<00:34,  2.73it/s]
train:  22%|██▎       | 27/120 [00:13<00:43,  2.14it/s]
train:  23%|██▎       | 28/120 [00:13<00:34,  2.67it/s]
train:  24%|██▍       | 29/120 [00:14<00:43,  2.07it/s]
train:  25%|██▌       | 30/120 [00:14<00:33,  2.67it/s]
train:  26%|██▌       | 31/120 [00:15<00:43,  2.07it/s]
train:  27%|██▋       | 32/120 [00:15<00:33,  2.66it/s]
train:  28%|██▊       | 33/120 [00:16<00:41,  2.11it/s]
train:  28%|██▊       | 34/120 [00:16<00:31,  2.75it/s]
train:  29%|██▉       | 35/120 [00:17<00:41,  2.04it/s]
train:  30%|███       | 36/120 [00:17<00:31,  2.65it/s]
train:  31%|███       | 37/120 [00:18<00:41,  2.02it/s]
train:  32%|███▏      | 38/120 [00:18<00:31,  2.62it/s]
train:  32%|███▎      | 39/120 [00:18<00:38,  2.11it/s]
train:  33%|███▎      | 40/120 [00:19<00:29,  2.72it/s]
train:  34%|███▍      | 41/120 [00:19<00:38,  2.08it/s]
train:  35%|███▌      | 42/120 [00:19<00:29,  2.67it/s]
train:  36%|███▌      | 43/120 [00:20<00:35,  2.18it/s]
train:  37%|███▋      | 44/120 [00:20<00:27,  2.81it/s]
train:  38%|███▊      | 45/120 [00:21<00:37,  2.01it/s]
train:  38%|███▊      | 46/120 [00:21<00:28,  2.62it/s]
train:  39%|███▉      | 47/120 [00:22<00:34,  2.13it/s]
train:  40%|████      | 48/120 [00:22<00:26,  2.76it/s]
train:  41%|████      | 49/120 [00:23<00:33,  2.09it/s]
train:  42%|████▏     | 50/120 [00:23<00:25,  2.74it/s]
train:  42%|████▎     | 51/120 [00:24<00:33,  2.05it/s]
train:  43%|████▎     | 52/120 [00:24<00:25,  2.64it/s]
train:  44%|████▍     | 53/120 [00:24<00:32,  2.07it/s]
train:  45%|████▌     | 54/120 [00:24<00:24,  2.72it/s]
train:  46%|████▌     | 55/120 [00:25<00:31,  2.05it/s]
train:  47%|████▋     | 56/120 [00:25<00:24,  2.65it/s]
train:  48%|████▊     | 57/120 [00:26<00:31,  2.03it/s]
train:  49%|████▉     | 59/120 [00:27<00:28,  2.15it/s]
train:  50%|█████     | 60/120 [00:27<00:22,  2.64it/s]
train:  51%|█████     | 61/120 [00:28<00:27,  2.17it/s]
train:  52%|█████▏    | 62/120 [00:28<00:21,  2.74it/s]
train:  52%|█████▎    | 63/120 [00:29<00:27,  2.07it/s]
train:  54%|█████▍    | 65/120 [00:30<00:25,  2.19it/s]
train:  55%|█████▌    | 66/120 [00:30<00:20,  2.67it/s]
train:  56%|█████▌    | 67/120 [00:30<00:23,  2.22it/s]
train:  57%|█████▋    | 68/120 [00:30<00:18,  2.79it/s]
train:  57%|█████▊    | 69/120 [00:31<00:24,  2.12it/s]
train:  58%|█████▊    | 70/120 [00:31<00:18,  2.71it/s]
train:  59%|█████▉    | 71/120 [00:32<00:22,  2.16it/s]
train:  61%|██████    | 73/120 [00:33<00:21,  2.15it/s]
train:  62%|██████▏   | 74/120 [00:33<00:17,  2.65it/s]
train:  62%|██████▎   | 75/120 [00:34<00:20,  2.17it/s]
train:  63%|██████▎   | 76/120 [00:34<00:16,  2.74it/s]
train:  64%|██████▍   | 77/120 [00:35<00:19,  2.19it/s]
train:  65%|██████▌   | 78/120 [00:35<00:15,  2.79it/s]
train:  66%|██████▌   | 79/120 [00:37<00:33,  1.23it/s]
train:  67%|██████▋   | 80/120 [00:37<00:24,  1.65it/s]
train:  68%|██████▊   | 81/120 [00:37<00:25,  1.54it/s]
train:  68%|██████▊   | 82/120 [00:38<00:18,  2.05it/s]
train:  69%|██████▉   | 83/120 [00:38<00:20,  1.79it/s]
train:  71%|███████   | 85/120 [00:39<00:17,  2.03it/s]
train:  72%|███████▎  | 87/120 [00:40<00:15,  2.14it/s]
train:  73%|███████▎  | 88/120 [00:40<00:12,  2.57it/s]
train:  74%|███████▍  | 89/120 [00:41<00:14,  2.11it/s]
train:  75%|███████▌  | 90/120 [00:41<00:11,  2.62it/s]
train:  76%|███████▌  | 91/120 [00:42<00:13,  2.11it/s]
train:  78%|███████▊  | 93/120 [00:43<00:12,  2.20it/s]
train:  78%|███████▊  | 94/120 [00:43<00:09,  2.67it/s]
train:  79%|███████▉  | 95/120 [00:43<00:11,  2.11it/s]
train:  80%|████████  | 96/120 [00:44<00:09,  2.65it/s]
train:  81%|████████  | 97/120 [00:44<00:11,  2.05it/s]
train:  82%|████████▏ | 98/120 [00:44<00:08,  2.63it/s]
train:  82%|████████▎ | 99/120 [00:45<00:10,  2.05it/s]
train:  83%|████████▎ | 100/120 [00:45<00:07,  2.65it/s]
train:  84%|████████▍ | 101/120 [00:46<00:09,  2.09it/s]
train:  85%|████████▌ | 102/120 [00:46<00:06,  2.71it/s]
train:  86%|████████▌ | 103/120 [00:47<00:08,  2.10it/s]
train:  87%|████████▋ | 104/120 [00:47<00:05,  2.74it/s]
train:  88%|████████▊ | 105/120 [00:48<00:07,  2.12it/s]
train:  88%|████████▊ | 106/120 [00:48<00:05,  2.74it/s]
train:  89%|████████▉ | 107/120 [00:49<00:06,  2.07it/s]
train:  91%|█████████ | 109/120 [00:49<00:05,  2.13it/s]
train:  92%|█████████▏| 110/120 [00:50<00:03,  2.61it/s]
train:  92%|█████████▎| 111/120 [00:50<00:04,  2.17it/s]
train:  93%|█████████▎| 112/120 [00:50<00:02,  2.72it/s]
train:  94%|█████████▍| 113/120 [00:51<00:03,  2.09it/s]
train:  95%|█████████▌| 114/120 [00:51<00:02,  2.68it/s]
train:  96%|█████████▌| 115/120 [00:52<00:02,  2.13it/s]
train:  97%|█████████▋| 116/120 [00:52<00:01,  2.73it/s]
train:  98%|█████████▊| 117/120 [00:53<00:01,  2.08it/s]
train:  98%|█████████▊| 118/120 [00:53<00:00,  2.72it/s]
train:  99%|█████████▉| 119/120 [00:54<00:00,  2.16it/s]
                                                        

eval:   0%|          | 0/30 [00:00<?, ?it/s]
eval:   3%|▎         | 1/30 [00:00<00:24,  1.17it/s]
eval:  10%|█         | 3/30 [00:01<00:13,  1.94it/s]
eval:  17%|█▋        | 5/30 [00:02<00:11,  2.12it/s]
eval:  23%|██▎       | 7/30 [00:03<00:09,  2.33it/s]
eval:  30%|███       | 9/30 [00:04<00:08,  2.41it/s]
eval:  37%|███▋      | 11/30 [00:04<00:07,  2.55it/s]
eval:  43%|████▎     | 13/30 [00:05<00:06,  2.60it/s]
eval:  50%|█████     | 15/30 [00:06<00:05,  2.62it/s]
eval:  57%|█████▋    | 17/30 [00:06<00:04,  2.64it/s]
eval:  63%|██████▎   | 19/30 [00:07<00:04,  2.69it/s]
eval:  70%|███████   | 21/30 [00:08<00:03,  2.74it/s]
eval:  77%|███████▋  | 23/30 [00:09<00:02,  2.70it/s]
eval:  83%|████████▎ | 25/30 [00:09<00:01,  2.61it/s]
eval:  90%|█████████ | 27/30 [00:10<00:01,  2.60it/s]
eval:  97%|█████████▋| 29/30 [00:11<00:00,  2.59it/s]
                                                     
Epoch 11 | stage 2 | train loss 0.3975 (cls 0.3975, ctr 0.0000) acc 0.8552 f1 0.8522 | val loss 1.9108 (cls 1.9108, ctr 0.0000) acc 0.6792 f1 0.6544 | lr [2.51e-04, 8.37e-06, 8.37e-06]

train:   0%|          | 0/120 [00:00<?, ?it/s]
train:   1%|          | 1/120 [00:00<01:57,  1.01it/s]
train:   2%|▏         | 2/120 [00:01<00:55,  2.12it/s]
train:   2%|▎         | 3/120 [00:01<01:07,  1.74it/s]
train:   4%|▍         | 5/120 [00:02<00:56,  2.04it/s]
train:   6%|▌         | 7/120 [00:04<01:27,  1.30it/s]
train:   7%|▋         | 8/120 [00:04<01:08,  1.64it/s]
train:   8%|▊         | 9/120 [00:05<01:12,  1.53it/s]
train:   8%|▊         | 10/120 [00:05<00:55,  1.97it/s]
train:   9%|▉         | 11/120 [00:06<01:02,  1.75it/s]
train:  10%|█         | 12/120 [00:06<00:47,  2.26it/s]
train:  11%|█         | 13/120 [00:07<00:56,  1.91it/s]
train:  12%|█▎        | 15/120 [00:08<00:49,  2.12it/s]
train:  13%|█▎        | 16/120 [00:08<00:39,  2.61it/s]
train:  14%|█▍        | 17/120 [00:09<00:50,  2.03it/s]
train:  15%|█▌        | 18/120 [00:09<00:39,  2.56it/s]
train:  16%|█▌        | 19/120 [00:10<00:49,  2.05it/s]
train:  18%|█▊        | 21/120 [00:10<00:45,  2.16it/s]
train:  18%|█▊        | 22/120 [00:11<00:37,  2.64it/s]
train:  19%|█▉        | 23/120 [00:11<00:46,  2.08it/s]
train:  20%|██        | 24/120 [00:11<00:36,  2.62it/s]
train:  21%|██        | 25/120 [00:12<00:43,  2.18it/s]
train:  22%|██▏       | 26/120 [00:12<00:34,  2.76it/s]
train:  22%|██▎       | 27/120 [00:13<00:43,  2.15it/s]
train:  23%|██▎       | 28/120 [00:13<00:33,  2.77it/s]
train:  24%|██▍       | 29/120 [00:14<00:43,  2.10it/s]
train:  25%|██▌       | 30/120 [00:14<00:33,  2.72it/s]
train:  26%|██▌       | 31/120 [00:15<00:41,  2.15it/s]
train:  27%|██▋       | 32/120 [00:15<00:31,  2.78it/s]
train:  28%|██▊       | 33/120 [00:15<00:39,  2.20it/s]
train:  29%|██▉       | 35/120 [00:16<00:38,  2.20it/s]
train:  30%|███       | 36/120 [00:16<00:31,  2.71it/s]
train:  31%|███       | 37/120 [00:17<00:37,  2.23it/s]
train:  32%|███▎      | 39/120 [00:18<00:34,  2.32it/s]
train:  34%|███▍      | 41/120 [00:19<00:34,  2.31it/s]
train:  36%|███▌      | 43/120 [00:20<00:33,  2.31it/s]
train:  37%|███▋      | 44/120 [00:20<00:27,  2.72it/s]
train:  38%|███▊      | 45/120 [00:20<00:34,  2.19it/s]
train:  38%|███▊      | 46/120 [00:21<00:27,  2.66it/s]
train:  39%|███▉      | 47/120 [00:21<00:33,  2.18it/s]
train:  40%|████      | 48/120 [00:21<00:26,  2.74it/s]
train:  41%|████      | 49/120 [00:22<00:32,  2.20it/s]
train:  42%|████▏     | 50/120 [00:22<00:25,  2.79it/s]
train:  42%|████▎     | 51/120 [00:23<00:31,  2.18it/s]
train:  43%|████▎     | 52/120 [00:23<00:24,  2.78it/s]
train:  44%|████▍     | 53/120 [00:24<00:29,  2.24it/s]
train:  45%|████▌     | 54/120 [00:24<00:22,  2.89it/s]
train:  46%|████▌     | 55/120 [00:25<00:31,  2.09it/s]
train:  47%|████▋     | 56/120 [00:25<00:23,  2.72it/s]
train:  48%|████▊     | 57/120 [00:25<00:29,  2.10it/s]
train:  48%|████▊     | 58/120 [00:26<00:22,  2.72it/s]
train:  49%|████▉     | 59/120 [00:26<00:29,  2.09it/s]
train:  50%|█████     | 60/120 [00:26<00:22,  2.72it/s]
train:  51%|█████     | 61/120 [00:27<00:28,  2.07it/s]
train:  52%|█████▏    | 62/120 [00:27<00:21,  2.70it/s]
train:  52%|█████▎    | 63/120 [00:28<00:27,  2.05it/s]
train:  53%|█████▎    | 64/120 [00:28<00:20,  2.68it/s]
train:  54%|█████▍    | 65/120 [00:29<00:26,  2.10it/s]
train:  55%|█████▌    | 66/120 [00:29<00:19,  2.73it/s]
train:  56%|█████▌    | 67/120 [00:30<00:25,  2.10it/s]
train:  57%|█████▋    | 68/120 [00:30<00:18,  2.74it/s]
train:  57%|█████▊    | 69/120 [00:30<00:23,  2.16it/s]
train:  59%|█████▉    | 71/120 [00:31<00:21,  2.27it/s]
train:  60%|██████    | 72/120 [00:31<00:17,  2.78it/s]
train:  61%|██████    | 73/120 [00:32<00:21,  2.22it/s]
train:  62%|██████▏   | 74/120 [00:32<00:16,  2.78it/s]
train:  62%|██████▎   | 75/120 [00:33<00:21,  2.13it/s]
train:  63%|██████▎   | 76/120 [00:33<00:16,  2.74it/s]
train:  64%|██████▍   | 77/120 [00:34<00:20,  2.14it/s]
train:  65%|██████▌   | 78/120 [00:34<00:15,  2.75it/s]
train:  66%|██████▌   | 79/120 [00:35<00:19,  2.15it/s]
train:  67%|██████▋   | 80/120 [00:35<00:14,  2.78it/s]
train:  68%|██████▊   | 81/120 [00:35<00:17,  2.17it/s]
train:  69%|██████▉   | 83/120 [00:36<00:16,  2.24it/s]
train:  70%|███████   | 84/120 [00:36<00:13,  2.75it/s]
train:  71%|███████   | 85/120 [00:38<00:27,  1.27it/s]
train:  72%|███████▏  | 86/120 [00:39<00:20,  1.65it/s]
train:  72%|███████▎  | 87/120 [00:39<00:21,  1.56it/s]
train:  73%|███████▎  | 88/120 [00:39<00:15,  2.05it/s]
train:  74%|███████▍  | 89/120 [00:40<00:16,  1.83it/s]
train:  76%|███████▌  | 91/120 [00:41<00:14,  1.97it/s]
train:  78%|███████▊  | 93/120 [00:42<00:12,  2.12it/s]
train:  78%|███████▊  | 94/120 [00:42<00:10,  2.54it/s]
train:  79%|███████▉  | 95/120 [00:43<00:12,  2.07it/s]
train:  80%|████████  | 96/120 [00:43<00:09,  2.57it/s]
train:  81%|████████  | 97/120 [00:43<00:10,  2.15it/s]
train:  82%|████████▏ | 98/120 [00:44<00:08,  2.72it/s]
train:  82%|████████▎ | 99/120 [00:44<00:10,  2.09it/s]
train:  83%|████████▎ | 100/120 [00:44<00:07,  2.71it/s]
train:  84%|████████▍ | 101/120 [00:45<00:09,  2.05it/s]
train:  85%|████████▌ | 102/120 [00:45<00:06,  2.66it/s]
train:  86%|████████▌ | 103/120 [00:46<00:08,  2.06it/s]
train:  88%|████████▊ | 105/120 [00:47<00:06,  2.25it/s]
train:  88%|████████▊ | 106/120 [00:47<00:05,  2.76it/s]
train:  89%|████████▉ | 107/120 [00:48<00:06,  2.12it/s]
train:  91%|█████████ | 109/120 [00:49<00:04,  2.21it/s]
train:  92%|█████████▏| 110/120 [00:49<00:03,  2.69it/s]
train:  92%|█████████▎| 111/120 [00:49<00:04,  2.15it/s]
train:  93%|█████████▎| 112/120 [00:50<00:02,  2.68it/s]
train:  94%|█████████▍| 113/120 [00:50<00:03,  2.08it/s]
train:  96%|█████████▌| 115/120 [00:51<00:02,  2.24it/s]
train:  98%|█████████▊| 117/120 [00:52<00:01,  2.26it/s]
train:  99%|█████████▉| 119/120 [00:53<00:00,  2.40it/s]
train: 100%|██████████| 120/120 [00:53<00:00,  2.80it/s]
                                                        

eval:   0%|          | 0/30 [00:00<?, ?it/s]
eval:   3%|▎         | 1/30 [00:00<00:24,  1.18it/s]
eval:  10%|█         | 3/30 [00:01<00:13,  1.98it/s]
eval:  17%|█▋        | 5/30 [00:02<00:11,  2.17it/s]
eval:  23%|██▎       | 7/30 [00:03<00:09,  2.36it/s]
eval:  30%|███       | 9/30 [00:03<00:08,  2.43it/s]
eval:  37%|███▋      | 11/30 [00:04<00:07,  2.50it/s]
eval:  43%|████▎     | 13/30 [00:05<00:06,  2.49it/s]
eval:  50%|█████     | 15/30 [00:06<00:06,  2.49it/s]
eval:  57%|█████▋    | 17/30 [00:07<00:05,  2.49it/s]
eval:  63%|██████▎   | 19/30 [00:07<00:04,  2.53it/s]
eval:  70%|███████   | 21/30 [00:08<00:03,  2.56it/s]
eval:  77%|███████▋  | 23/30 [00:09<00:02,  2.54it/s]
eval:  83%|████████▎ | 25/30 [00:10<00:02,  2.50it/s]
eval:  90%|█████████ | 27/30 [00:11<00:01,  2.56it/s]
eval:  97%|█████████▋| 29/30 [00:11<00:00,  2.59it/s]
                                                     
Epoch 12 | stage 2 | train loss 0.4237 (cls 0.4237, ctr 0.0000) acc 0.8427 f1 0.8412 | val loss 1.7790 (cls 1.7790, ctr 0.0000) acc 0.7208 f1 0.6862 | lr [2.37e-04, 7.91e-06, 7.91e-06]

train:   0%|          | 0/120 [00:00<?, ?it/s]
train:   1%|          | 1/120 [00:00<01:54,  1.04it/s]
train:   2%|▏         | 2/120 [00:01<00:54,  2.16it/s]
train:   2%|▎         | 3/120 [00:01<01:06,  1.76it/s]
train:   4%|▍         | 5/120 [00:02<00:56,  2.03it/s]
train:   5%|▌         | 6/120 [00:02<00:43,  2.61it/s]
train:   6%|▌         | 7/120 [00:03<00:53,  2.13it/s]
train:   8%|▊         | 9/120 [00:04<00:50,  2.21it/s]
train:   8%|▊         | 10/120 [00:04<00:40,  2.69it/s]
train:   9%|▉         | 11/120 [00:06<01:26,  1.27it/s]
train:  10%|█         | 12/120 [00:06<01:05,  1.65it/s]
train:  11%|█         | 13/120 [00:07<01:08,  1.56it/s]
train:  12%|█▏        | 14/120 [00:07<00:51,  2.05it/s]
train:  12%|█▎        | 15/120 [00:08<00:59,  1.76it/s]
train:  13%|█▎        | 16/120 [00:08<00:44,  2.32it/s]
train:  14%|█▍        | 17/120 [00:08<00:54,  1.89it/s]
train:  15%|█▌        | 18/120 [00:09<00:41,  2.48it/s]
train:  16%|█▌        | 19/120 [00:09<00:49,  2.05it/s]
train:  18%|█▊        | 21/120 [00:10<00:45,  2.19it/s]
train:  18%|█▊        | 22/120 [00:10<00:36,  2.71it/s]
train:  19%|█▉        | 23/120 [00:11<00:45,  2.12it/s]
train:  20%|██        | 24/120 [00:11<00:35,  2.69it/s]
train:  21%|██        | 25/120 [00:12<00:45,  2.10it/s]
train:  22%|██▏       | 26/120 [00:12<00:34,  2.69it/s]
train:  22%|██▎       | 27/120 [00:13<00:44,  2.10it/s]
train:  24%|██▍       | 29/120 [00:14<00:43,  2.11it/s]
train:  25%|██▌       | 30/120 [00:14<00:34,  2.60it/s]
train:  26%|██▌       | 31/120 [00:14<00:41,  2.12it/s]
train:  27%|██▋       | 32/120 [00:15<00:32,  2.68it/s]
train:  28%|██▊       | 33/120 [00:15<00:39,  2.21it/s]
train:  28%|██▊       | 34/120 [00:15<00:30,  2.83it/s]
train:  29%|██▉       | 35/120 [00:16<00:39,  2.17it/s]
train:  30%|███       | 36/120 [00:16<00:30,  2.79it/s]
train:  31%|███       | 37/120 [00:17<00:39,  2.13it/s]
train:  32%|███▏      | 38/120 [00:17<00:29,  2.75it/s]
train:  32%|███▎      | 39/120 [00:18<00:37,  2.17it/s]
train:  34%|███▍      | 41/120 [00:19<00:36,  2.19it/s]
train:  36%|███▌      | 43/120 [00:19<00:33,  2.29it/s]
train:  37%|███▋      | 44/120 [00:20<00:27,  2.75it/s]
train:  38%|███▊      | 45/120 [00:20<00:34,  2.17it/s]
train:  38%|███▊      | 46/120 [00:20<00:27,  2.69it/s]
train:  39%|███▉      | 47/120 [00:21<00:34,  2.14it/s]
train:  41%|████      | 49/120 [00:22<00:31,  2.23it/s]
train:  42%|████▏     | 50/120 [00:22<00:25,  2.71it/s]
train:  42%|████▎     | 51/120 [00:23<00:32,  2.16it/s]
train:  43%|████▎     | 52/120 [00:23<00:25,  2.69it/s]
train:  44%|████▍     | 53/120 [00:24<00:30,  2.17it/s]
train:  45%|████▌     | 54/120 [00:24<00:23,  2.76it/s]
train:  46%|████▌     | 55/120 [00:24<00:30,  2.12it/s]
train:  47%|████▋     | 56/120 [00:25<00:23,  2.74it/s]
train:  48%|████▊     | 57/120 [00:25<00:30,  2.07it/s]
train:  48%|████▊     | 58/120 [00:25<00:23,  2.68it/s]
train:  49%|████▉     | 59/120 [00:26<00:28,  2.11it/s]
train:  51%|█████     | 61/120 [00:27<00:26,  2.25it/s]
train:  52%|█████▎    | 63/120 [00:28<00:24,  2.31it/s]
train:  54%|█████▍    | 65/120 [00:29<00:24,  2.28it/s]
train:  55%|█████▌    | 66/120 [00:29<00:20,  2.69it/s]
train:  56%|█████▌    | 67/120 [00:30<00:23,  2.21it/s]
train:  57%|█████▋    | 68/120 [00:30<00:19,  2.71it/s]
train:  57%|█████▊    | 69/120 [00:30<00:23,  2.20it/s]
train:  59%|█████▉    | 71/120 [00:31<00:20,  2.34it/s]
train:  60%|██████    | 72/120 [00:31<00:16,  2.83it/s]
train:  61%|██████    | 73/120 [00:32<00:21,  2.17it/s]
train:  62%|██████▏   | 74/120 [00:32<00:16,  2.72it/s]
train:  62%|██████▎   | 75/120 [00:33<00:20,  2.16it/s]
train:  63%|██████▎   | 76/120 [00:33<00:16,  2.73it/s]
train:  64%|██████▍   | 77/120 [00:34<00:20,  2.14it/s]
train:  65%|██████▌   | 78/120 [00:34<00:15,  2.74it/s]
train:  66%|██████▌   | 79/120 [00:35<00:19,  2.12it/s]
train:  67%|██████▋   | 80/120 [00:35<00:14,  2.75it/s]
train:  68%|██████▊   | 81/120 [00:35<00:18,  2.08it/s]
train:  68%|██████▊   | 82/120 [00:36<00:14,  2.71it/s]
train:  69%|██████▉   | 83/120 [00:36<00:18,  2.04it/s]
train:  71%|███████   | 85/120 [00:37<00:16,  2.11it/s]
train:  72%|███████▏  | 86/120 [00:37<00:13,  2.60it/s]
train:  72%|███████▎  | 87/120 [00:39<00:25,  1.27it/s]
train:  73%|███████▎  | 88/120 [00:39<00:19,  1.65it/s]
train:  74%|███████▍  | 89/120 [00:40<00:19,  1.55it/s]
train:  76%|███████▌  | 91/120 [00:41<00:16,  1.77it/s]
train:  77%|███████▋  | 92/120 [00:41<00:12,  2.18it/s]
train:  78%|███████▊  | 93/120 [00:42<00:14,  1.91it/s]
train:  78%|███████▊  | 94/120 [00:42<00:10,  2.42it/s]
train:  79%|███████▉  | 95/120 [00:43<00:12,  2.05it/s]
train:  80%|████████  | 96/120 [00:43<00:09,  2.63it/s]
train:  81%|████████  | 97/120 [00:44<00:11,  2.04it/s]
train:  82%|████████▏ | 98/120 [00:44<00:08,  2.64it/s]
train:  82%|████████▎ | 99/120 [00:44<00:10,  2.06it/s]
train:  84%|████████▍ | 101/120 [00:45<00:08,  2.19it/s]
train:  85%|████████▌ | 102/120 [00:45<00:06,  2.68it/s]
train:  86%|████████▌ | 103/120 [00:46<00:07,  2.16it/s]
train:  88%|████████▊ | 105/120 [00:47<00:06,  2.23it/s]
train:  88%|████████▊ | 106/120 [00:47<00:05,  2.71it/s]
train:  89%|████████▉ | 107/120 [00:48<00:06,  2.16it/s]
train:  90%|█████████ | 108/120 [00:48<00:04,  2.70it/s]
train:  91%|█████████ | 109/120 [00:49<00:05,  2.15it/s]
train:  92%|█████████▎| 111/120 [00:49<00:03,  2.25it/s]
train:  94%|█████████▍| 113/120 [00:50<00:02,  2.38it/s]
train:  95%|█████████▌| 114/120 [00:50<00:02,  2.83it/s]
train:  96%|█████████▌| 115/120 [00:51<00:02,  2.30it/s]
train:  97%|█████████▋| 116/120 [00:51<00:01,  2.82it/s]
train:  98%|█████████▊| 117/120 [00:52<00:01,  2.17it/s]
train:  98%|█████████▊| 118/120 [00:52<00:00,  2.74it/s]
train:  99%|█████████▉| 119/120 [00:53<00:00,  2.24it/s]
                                                        

eval:   0%|          | 0/30 [00:00<?, ?it/s]
eval:   3%|▎         | 1/30 [00:00<00:24,  1.20it/s]
eval:  10%|█         | 3/30 [00:01<00:13,  1.96it/s]
eval:  17%|█▋        | 5/30 [00:02<00:11,  2.14it/s]
eval:  23%|██▎       | 7/30 [00:03<00:09,  2.33it/s]
eval:  30%|███       | 9/30 [00:04<00:08,  2.40it/s]
eval:  37%|███▋      | 11/30 [00:04<00:07,  2.48it/s]
eval:  43%|████▎     | 13/30 [00:05<00:06,  2.52it/s]
eval:  50%|█████     | 15/30 [00:06<00:05,  2.54it/s]
eval:  57%|█████▋    | 17/30 [00:07<00:05,  2.52it/s]
eval:  63%|██████▎   | 19/30 [00:07<00:04,  2.57it/s]
eval:  70%|███████   | 21/30 [00:08<00:03,  2.60it/s]
eval:  77%|███████▋  | 23/30 [00:09<00:02,  2.59it/s]
eval:  83%|████████▎ | 25/30 [00:10<00:01,  2.54it/s]
eval:  90%|█████████ | 27/30 [00:10<00:01,  2.58it/s]
eval:  97%|█████████▋| 29/30 [00:11<00:00,  2.61it/s]
                                                     
Epoch 13 | stage 2 | train loss 0.3633 (cls 0.3633, ctr 0.0000) acc 0.8698 f1 0.8712 | val loss 1.8151 (cls 1.8151, ctr 0.0000) acc 0.7167 f1 0.6823 | lr [2.22e-04, 7.42e-06, 7.42e-06]

train:   0%|          | 0/120 [00:00<?, ?it/s]
train:   1%|          | 1/120 [00:00<01:54,  1.04it/s]
train:   2%|▎         | 3/120 [00:01<01:05,  1.78it/s]
train:   3%|▎         | 4/120 [00:01<00:46,  2.49it/s]
train:   4%|▍         | 5/120 [00:02<00:59,  1.92it/s]
train:   5%|▌         | 6/120 [00:02<00:44,  2.59it/s]
train:   6%|▌         | 7/120 [00:03<00:54,  2.07it/s]
train:   7%|▋         | 8/120 [00:03<00:41,  2.73it/s]
train:   8%|▊         | 9/120 [00:04<00:55,  2.01it/s]
train:   8%|▊         | 10/120 [00:04<00:42,  2.62it/s]
train:   9%|▉         | 11/120 [00:05<00:51,  2.12it/s]
train:  10%|█         | 12/120 [00:05<00:39,  2.76it/s]
train:  11%|█         | 13/120 [00:06<00:51,  2.08it/s]
train:  12%|█▏        | 14/120 [00:06<00:39,  2.71it/s]
train:  12%|█▎        | 15/120 [00:08<01:30,  1.17it/s]
train:  13%|█▎        | 16/120 [00:08<01:06,  1.57it/s]
train:  14%|█▍        | 17/120 [00:08<01:08,  1.49it/s]
train:  15%|█▌        | 18/120 [00:09<00:51,  1.99it/s]
train:  16%|█▌        | 19/120 [00:09<00:58,  1.73it/s]
train:  17%|█▋        | 20/120 [00:09<00:43,  2.28it/s]
train:  18%|█▊        | 21/120 [00:10<00:51,  1.92it/s]
train:  18%|█▊        | 22/120 [00:10<00:38,  2.53it/s]
train:  19%|█▉        | 23/120 [00:11<00:46,  2.09it/s]
train:  20%|██        | 24/120 [00:11<00:35,  2.71it/s]
train:  21%|██        | 25/120 [00:12<00:44,  2.13it/s]
train:  22%|██▎       | 27/120 [00:13<00:42,  2.19it/s]
train:  24%|██▍       | 29/120 [00:13<00:39,  2.29it/s]
train:  25%|██▌       | 30/120 [00:14<00:32,  2.73it/s]
train:  26%|██▌       | 31/120 [00:14<00:40,  2.20it/s]
train:  27%|██▋       | 32/120 [00:14<00:32,  2.74it/s]
train:  28%|██▊       | 33/120 [00:15<00:40,  2.15it/s]
train:  28%|██▊       | 34/120 [00:15<00:31,  2.73it/s]
train:  29%|██▉       | 35/120 [00:16<00:41,  2.05it/s]
train:  30%|███       | 36/120 [00:16<00:31,  2.63it/s]
train:  31%|███       | 37/120 [00:17<00:39,  2.08it/s]
train:  32%|███▏      | 38/120 [00:17<00:30,  2.70it/s]
train:  32%|███▎      | 39/120 [00:18<00:36,  2.20it/s]
train:  33%|███▎      | 40/120 [00:18<00:28,  2.82it/s]
train:  34%|███▍      | 41/120 [00:19<00:36,  2.15it/s]
train:  35%|███▌      | 42/120 [00:19<00:27,  2.80it/s]
train:  36%|███▌      | 43/120 [00:19<00:36,  2.09it/s]
train:  38%|███▊      | 45/120 [00:20<00:34,  2.16it/s]
train:  38%|███▊      | 46/120 [00:20<00:27,  2.66it/s]
train:  39%|███▉      | 47/120 [00:21<00:33,  2.18it/s]
train:  40%|████      | 48/120 [00:21<00:26,  2.76it/s]
train:  41%|████      | 49/120 [00:22<00:32,  2.16it/s]
train:  42%|████▏     | 50/120 [00:22<00:25,  2.77it/s]
train:  42%|████▎     | 51/120 [00:23<00:32,  2.12it/s]
train:  43%|████▎     | 52/120 [00:23<00:24,  2.73it/s]
train:  44%|████▍     | 53/120 [00:24<00:32,  2.04it/s]
train:  46%|████▌     | 55/120 [00:25<00:30,  2.16it/s]
train:  48%|████▊     | 57/120 [00:25<00:27,  2.28it/s]
train:  48%|████▊     | 58/120 [00:25<00:22,  2.72it/s]
train:  49%|████▉     | 59/120 [00:26<00:28,  2.18it/s]
train:  50%|█████     | 60/120 [00:26<00:22,  2.70it/s]
train:  51%|█████     | 61/120 [00:27<00:26,  2.24it/s]
train:  52%|█████▏    | 62/120 [00:27<00:20,  2.84it/s]
train:  52%|█████▎    | 63/120 [00:28<00:25,  2.20it/s]
train:  53%|█████▎    | 64/120 [00:28<00:20,  2.79it/s]
train:  54%|█████▍    | 65/120 [00:29<00:25,  2.16it/s]
train:  55%|█████▌    | 66/120 [00:29<00:19,  2.79it/s]
train:  56%|█████▌    | 67/120 [00:29<00:24,  2.13it/s]
train:  57%|█████▋    | 68/120 [00:30<00:18,  2.76it/s]
train:  57%|█████▊    | 69/120 [00:30<00:24,  2.12it/s]
train:  58%|█████▊    | 70/120 [00:30<00:18,  2.74it/s]
train:  59%|█████▉    | 71/120 [00:31<00:22,  2.15it/s]
train:  61%|██████    | 73/120 [00:32<00:21,  2.24it/s]
train:  62%|██████▏   | 74/120 [00:32<00:16,  2.74it/s]
train:  62%|██████▎   | 75/120 [00:33<00:20,  2.25it/s]
train:  64%|██████▍   | 77/120 [00:34<00:19,  2.19it/s]
train:  65%|██████▌   | 78/120 [00:34<00:15,  2.67it/s]
train:  66%|██████▌   | 79/120 [00:35<00:19,  2.15it/s]
train:  68%|██████▊   | 81/120 [00:35<00:17,  2.27it/s]
train:  68%|██████▊   | 82/120 [00:35<00:13,  2.74it/s]
train:  69%|██████▉   | 83/120 [00:36<00:16,  2.21it/s]
train:  70%|███████   | 84/120 [00:36<00:13,  2.77it/s]
train:  71%|███████   | 85/120 [00:37<00:16,  2.08it/s]
train:  72%|███████▏  | 86/120 [00:37<00:12,  2.65it/s]
train:  72%|███████▎  | 87/120 [00:38<00:15,  2.12it/s]
train:  73%|███████▎  | 88/120 [00:38<00:11,  2.69it/s]
train:  74%|███████▍  | 89/120 [00:39<00:14,  2.12it/s]
train:  75%|███████▌  | 90/120 [00:39<00:10,  2.75it/s]
train:  76%|███████▌  | 91/120 [00:40<00:13,  2.13it/s]
train:  77%|███████▋  | 92/120 [00:40<00:10,  2.75it/s]
train:  78%|███████▊  | 93/120 [00:42<00:23,  1.15it/s]
train:  78%|███████▊  | 94/120 [00:42<00:16,  1.56it/s]
train:  79%|███████▉  | 95/120 [00:43<00:16,  1.52it/s]
train:  80%|████████  | 96/120 [00:43<00:11,  2.03it/s]
train:  81%|████████  | 97/120 [00:43<00:13,  1.76it/s]
train:  82%|████████▏ | 98/120 [00:43<00:09,  2.32it/s]
train:  82%|████████▎ | 99/120 [00:44<00:11,  1.90it/s]
train:  83%|████████▎ | 100/120 [00:44<00:08,  2.50it/s]
train:  84%|████████▍ | 101/120 [00:45<00:09,  2.00it/s]
train:  85%|████████▌ | 102/120 [00:45<00:06,  2.61it/s]
train:  86%|████████▌ | 103/120 [00:46<00:08,  2.08it/s]
train:  87%|████████▋ | 104/120 [00:46<00:05,  2.71it/s]
train:  88%|████████▊ | 105/120 [00:47<00:07,  2.08it/s]
train:  88%|████████▊ | 106/120 [00:47<00:05,  2.71it/s]
train:  89%|████████▉ | 107/120 [00:48<00:06,  2.04it/s]
train:  90%|█████████ | 108/120 [00:48<00:04,  2.67it/s]
train:  91%|█████████ | 109/120 [00:48<00:05,  2.04it/s]
train:  92%|█████████▏| 110/120 [00:49<00:03,  2.65it/s]
train:  92%|█████████▎| 111/120 [00:49<00:04,  2.06it/s]
train:  93%|█████████▎| 112/120 [00:49<00:02,  2.68it/s]
train:  94%|█████████▍| 113/120 [00:50<00:03,  2.06it/s]
train:  95%|█████████▌| 114/120 [00:50<00:02,  2.70it/s]
train:  96%|█████████▌| 115/120 [00:51<00:02,  2.04it/s]
train:  97%|█████████▋| 116/120 [00:51<00:01,  2.65it/s]
train:  98%|█████████▊| 117/120 [00:52<00:01,  2.02it/s]
train:  99%|█████████▉| 119/120 [00:53<00:00,  2.23it/s]
train: 100%|██████████| 120/120 [00:53<00:00,  2.75it/s]
                                                        

eval:   0%|          | 0/30 [00:00<?, ?it/s]
eval:   3%|▎         | 1/30 [00:00<00:24,  1.17it/s]
eval:  10%|█         | 3/30 [00:01<00:13,  1.95it/s]
eval:  17%|█▋        | 5/30 [00:02<00:11,  2.13it/s]
eval:  23%|██▎       | 7/30 [00:03<00:09,  2.34it/s]
eval:  30%|███       | 9/30 [00:04<00:08,  2.40it/s]
eval:  37%|███▋      | 11/30 [00:04<00:07,  2.47it/s]
eval:  43%|████▎     | 13/30 [00:05<00:06,  2.50it/s]
eval:  50%|█████     | 15/30 [00:06<00:05,  2.51it/s]
eval:  57%|█████▋    | 17/30 [00:07<00:05,  2.50it/s]
eval:  63%|██████▎   | 19/30 [00:07<00:04,  2.55it/s]
eval:  70%|███████   | 21/30 [00:08<00:03,  2.57it/s]
eval:  77%|███████▋  | 23/30 [00:09<00:02,  2.55it/s]
eval:  83%|████████▎ | 25/30 [00:10<00:01,  2.51it/s]
eval:  90%|█████████ | 27/30 [00:11<00:01,  2.56it/s]
eval:  97%|█████████▋| 29/30 [00:11<00:00,  2.59it/s]
                                                     
Epoch 14 | stage 2 | train loss 0.3805 (cls 0.3805, ctr 0.0000) acc 0.8687 f1 0.8687 | val loss 1.9131 (cls 1.9131, ctr 0.0000) acc 0.7083 f1 0.6694 | lr [2.07e-04, 6.89e-06, 6.89e-06]

train:   0%|          | 0/120 [00:00<?, ?it/s]
train:   1%|          | 1/120 [00:00<01:48,  1.10it/s]
train:   2%|▏         | 2/120 [00:01<00:51,  2.28it/s]
train:   2%|▎         | 3/120 [00:01<01:07,  1.74it/s]
train:   3%|▎         | 4/120 [00:01<00:45,  2.53it/s]
train:   4%|▍         | 5/120 [00:02<00:57,  2.01it/s]
train:   5%|▌         | 6/120 [00:02<00:41,  2.73it/s]
train:   6%|▌         | 7/120 [00:03<00:56,  1.99it/s]
train:   7%|▋         | 8/120 [00:03<00:42,  2.64it/s]
train:   8%|▊         | 9/120 [00:04<00:56,  1.97it/s]
train:   9%|▉         | 11/120 [00:05<00:49,  2.21it/s]
train:  10%|█         | 12/120 [00:05<00:39,  2.72it/s]
train:  11%|█         | 13/120 [00:06<00:51,  2.06it/s]
train:  12%|█▏        | 14/120 [00:06<00:40,  2.60it/s]
train:  12%|█▎        | 15/120 [00:06<00:48,  2.15it/s]
train:  14%|█▍        | 17/120 [00:07<00:46,  2.22it/s]
train:  15%|█▌        | 18/120 [00:07<00:37,  2.70it/s]
train:  16%|█▌        | 19/120 [00:09<01:18,  1.28it/s]
train:  18%|█▊        | 21/120 [00:10<01:01,  1.60it/s]
train:  18%|█▊        | 22/120 [00:10<00:49,  1.98it/s]
train:  19%|█▉        | 23/120 [00:11<00:54,  1.76it/s]
train:  20%|██        | 24/120 [00:11<00:42,  2.24it/s]
train:  21%|██        | 25/120 [00:12<00:49,  1.91it/s]
train:  22%|██▎       | 27/120 [00:13<00:44,  2.08it/s]
train:  23%|██▎       | 28/120 [00:13<00:36,  2.54it/s]
train:  24%|██▍       | 29/120 [00:14<00:43,  2.11it/s]
train:  25%|██▌       | 30/120 [00:14<00:34,  2.62it/s]
train:  26%|██▌       | 31/120 [00:14<00:42,  2.10it/s]
train:  27%|██▋       | 32/120 [00:14<00:32,  2.69it/s]
train:  28%|██▊       | 33/120 [00:15<00:41,  2.12it/s]
train:  28%|██▊       | 34/120 [00:15<00:31,  2.74it/s]
train:  29%|██▉       | 35/120 [00:16<00:40,  2.09it/s]
train:  31%|███       | 37/120 [00:17<00:37,  2.19it/s]
train:  32%|███▏      | 38/120 [00:17<00:30,  2.66it/s]
train:  32%|███▎      | 39/120 [00:18<00:37,  2.17it/s]
train:  33%|███▎      | 40/120 [00:18<00:29,  2.73it/s]
train:  34%|███▍      | 41/120 [00:18<00:35,  2.25it/s]
train:  36%|███▌      | 43/120 [00:19<00:33,  2.28it/s]
train:  37%|███▋      | 44/120 [00:19<00:27,  2.78it/s]
train:  38%|███▊      | 45/120 [00:20<00:33,  2.22it/s]
train:  38%|███▊      | 46/120 [00:20<00:26,  2.81it/s]
train:  39%|███▉      | 47/120 [00:21<00:33,  2.15it/s]
train:  40%|████      | 48/120 [00:21<00:26,  2.74it/s]
train:  41%|████      | 49/120 [00:22<00:33,  2.10it/s]
train:  42%|████▎     | 51/120 [00:23<00:31,  2.20it/s]
train:  44%|████▍     | 53/120 [00:24<00:29,  2.24it/s]
train:  46%|████▌     | 55/120 [00:24<00:28,  2.27it/s]
train:  47%|████▋     | 56/120 [00:25<00:23,  2.68it/s]
train:  48%|████▊     | 57/120 [00:25<00:27,  2.28it/s]
train:  48%|████▊     | 58/120 [00:25<00:22,  2.79it/s]
train:  49%|████▉     | 59/120 [00:26<00:27,  2.18it/s]
train:  50%|█████     | 60/120 [00:26<00:21,  2.75it/s]
train:  51%|█████     | 61/120 [00:27<00:28,  2.08it/s]
train:  52%|█████▎    | 63/120 [00:28<00:26,  2.17it/s]
train:  53%|█████▎    | 64/120 [00:28<00:21,  2.63it/s]
train:  54%|█████▍    | 65/120 [00:29<00:25,  2.17it/s]
train:  55%|█████▌    | 66/120 [00:29<00:19,  2.72it/s]
train:  56%|█████▌    | 67/120 [00:30<00:25,  2.07it/s]
train:  57%|█████▊    | 69/120 [00:30<00:23,  2.21it/s]
train:  58%|█████▊    | 70/120 [00:31<00:18,  2.69it/s]
train:  59%|█████▉    | 71/120 [00:31<00:23,  2.12it/s]
train:  60%|██████    | 72/120 [00:31<00:18,  2.66it/s]
train:  61%|██████    | 73/120 [00:32<00:22,  2.12it/s]
train:  62%|██████▏   | 74/120 [00:32<00:16,  2.72it/s]
train:  62%|██████▎   | 75/120 [00:33<00:21,  2.13it/s]
train:  63%|██████▎   | 76/120 [00:33<00:15,  2.75it/s]
train:  64%|██████▍   | 77/120 [00:34<00:20,  2.10it/s]
train:  66%|██████▌   | 79/120 [00:35<00:18,  2.27it/s]
train:  68%|██████▊   | 81/120 [00:35<00:16,  2.34it/s]
train:  68%|██████▊   | 82/120 [00:36<00:13,  2.79it/s]
train:  69%|██████▉   | 83/120 [00:36<00:16,  2.22it/s]
train:  70%|███████   | 84/120 [00:36<00:13,  2.72it/s]
train:  71%|███████   | 85/120 [00:37<00:16,  2.16it/s]
train:  72%|███████▏  | 86/120 [00:37<00:12,  2.75it/s]
train:  72%|███████▎  | 87/120 [00:38<00:15,  2.09it/s]
train:  73%|███████▎  | 88/120 [00:38<00:11,  2.69it/s]
train:  74%|███████▍  | 89/120 [00:39<00:14,  2.11it/s]
train:  75%|███████▌  | 90/120 [00:39<00:10,  2.73it/s]
train:  76%|███████▌  | 91/120 [00:40<00:13,  2.09it/s]
train:  77%|███████▋  | 92/120 [00:40<00:10,  2.70it/s]
train:  78%|███████▊  | 93/120 [00:41<00:12,  2.12it/s]
train:  78%|███████▊  | 94/120 [00:41<00:09,  2.76it/s]
train:  79%|███████▉  | 95/120 [00:41<00:12,  2.07it/s]
train:  80%|████████  | 96/120 [00:41<00:08,  2.69it/s]
train:  81%|████████  | 97/120 [00:44<00:20,  1.14it/s]
train:  82%|████████▏ | 98/120 [00:44<00:14,  1.54it/s]
train:  82%|████████▎ | 99/120 [00:44<00:14,  1.48it/s]
train:  83%|████████▎ | 100/120 [00:45<00:10,  1.98it/s]
train:  84%|████████▍ | 101/120 [00:45<00:10,  1.80it/s]
train:  85%|████████▌ | 102/120 [00:45<00:07,  2.38it/s]
train:  86%|████████▌ | 103/120 [00:46<00:08,  1.95it/s]
train:  87%|████████▋ | 104/120 [00:46<00:06,  2.56it/s]
train:  88%|████████▊ | 105/120 [00:47<00:07,  1.98it/s]
train:  88%|████████▊ | 106/120 [00:47<00:05,  2.58it/s]
train:  89%|████████▉ | 107/120 [00:48<00:06,  2.07it/s]
train:  90%|█████████ | 108/120 [00:48<00:04,  2.68it/s]
train:  91%|█████████ | 109/120 [00:49<00:05,  2.13it/s]
train:  92%|█████████▏| 110/120 [00:49<00:03,  2.75it/s]
train:  92%|█████████▎| 111/120 [00:49<00:04,  2.18it/s]
train:  93%|█████████▎| 112/120 [00:49<00:02,  2.82it/s]
train:  94%|█████████▍| 113/120 [00:50<00:03,  2.11it/s]
train:  95%|█████████▌| 114/120 [00:50<00:02,  2.72it/s]
train:  96%|█████████▌| 115/120 [00:51<00:02,  2.13it/s]
train:  97%|█████████▋| 116/120 [00:51<00:01,  2.79it/s]
train:  98%|█████████▊| 117/120 [00:52<00:01,  2.09it/s]
train:  99%|█████████▉| 119/120 [00:53<00:00,  2.20it/s]
train: 100%|██████████| 120/120 [00:53<00:00,  2.68it/s]
                                                        

eval:   0%|          | 0/30 [00:00<?, ?it/s]
eval:   3%|▎         | 1/30 [00:00<00:24,  1.16it/s]
eval:  10%|█         | 3/30 [00:01<00:13,  1.95it/s]
eval:  17%|█▋        | 5/30 [00:02<00:11,  2.15it/s]
eval:  23%|██▎       | 7/30 [00:03<00:09,  2.32it/s]
eval:  30%|███       | 9/30 [00:04<00:08,  2.41it/s]
eval:  37%|███▋      | 11/30 [00:04<00:07,  2.49it/s]
eval:  43%|████▎     | 13/30 [00:05<00:06,  2.51it/s]
eval:  50%|█████     | 15/30 [00:06<00:05,  2.52it/s]
eval:  57%|█████▋    | 17/30 [00:07<00:05,  2.51it/s]
eval:  63%|██████▎   | 19/30 [00:07<00:04,  2.57it/s]
eval:  70%|███████   | 21/30 [00:08<00:03,  2.59it/s]
eval:  77%|███████▋  | 23/30 [00:09<00:02,  2.57it/s]
eval:  83%|████████▎ | 25/30 [00:10<00:01,  2.52it/s]
eval:  90%|█████████ | 27/30 [00:11<00:01,  2.58it/s]
eval:  97%|█████████▋| 29/30 [00:11<00:00,  2.61it/s]
                                                     
Epoch 15 | stage 2 | train loss 0.2663 (cls 0.2663, ctr 0.0000) acc 0.9115 f1 0.9114 | val loss 1.7319 (cls 1.7319, ctr 0.0000) acc 0.6958 f1 0.6777 | lr [1.90e-04, 6.34e-06, 6.34e-06]

train:   0%|          | 0/120 [00:00<?, ?it/s]
train:   1%|          | 1/120 [00:00<01:55,  1.03it/s]
train:   2%|▏         | 2/120 [00:01<00:55,  2.15it/s]
train:   2%|▎         | 3/120 [00:01<01:07,  1.73it/s]
train:   3%|▎         | 4/120 [00:01<00:45,  2.53it/s]
train:   4%|▍         | 5/120 [00:02<00:59,  1.94it/s]
train:   5%|▌         | 6/120 [00:02<00:43,  2.64it/s]
train:   6%|▌         | 7/120 [00:03<00:54,  2.07it/s]
train:   7%|▋         | 8/120 [00:03<00:41,  2.73it/s]
train:   8%|▊         | 9/120 [00:04<00:54,  2.05it/s]
train:   8%|▊         | 10/120 [00:04<00:40,  2.68it/s]
train:   9%|▉         | 11/120 [00:05<00:52,  2.08it/s]
train:  10%|█         | 12/120 [00:05<00:39,  2.70it/s]
train:  11%|█         | 13/120 [00:06<00:51,  2.09it/s]
train:  12%|█▎        | 15/120 [00:06<00:47,  2.22it/s]
train:  13%|█▎        | 16/120 [00:06<00:38,  2.72it/s]
train:  14%|█▍        | 17/120 [00:07<00:46,  2.20it/s]
train:  15%|█▌        | 18/120 [00:07<00:37,  2.74it/s]
train:  16%|█▌        | 19/120 [00:08<00:46,  2.18it/s]
train:  17%|█▋        | 20/120 [00:08<00:36,  2.73it/s]
train:  18%|█▊        | 21/120 [00:09<00:46,  2.11it/s]
train:  18%|█▊        | 22/120 [00:09<00:36,  2.71it/s]
train:  19%|█▉        | 23/120 [00:10<00:45,  2.12it/s]
train:  21%|██        | 25/120 [00:12<01:12,  1.32it/s]
train:  22%|██▎       | 27/120 [00:13<00:58,  1.58it/s]
train:  23%|██▎       | 28/120 [00:13<00:47,  1.92it/s]
train:  24%|██▍       | 29/120 [00:14<00:51,  1.77it/s]
train:  25%|██▌       | 30/120 [00:14<00:40,  2.23it/s]
train:  26%|██▌       | 31/120 [00:14<00:47,  1.88it/s]
train:  27%|██▋       | 32/120 [00:15<00:36,  2.40it/s]
train:  28%|██▊       | 33/120 [00:15<00:44,  1.97it/s]
train:  28%|██▊       | 34/120 [00:15<00:33,  2.56it/s]
train:  29%|██▉       | 35/120 [00:16<00:42,  2.00it/s]
train:  30%|███       | 36/120 [00:16<00:32,  2.59it/s]
train:  31%|███       | 37/120 [00:17<00:40,  2.04it/s]
train:  32%|███▎      | 39/120 [00:18<00:37,  2.15it/s]
train:  33%|███▎      | 40/120 [00:18<00:30,  2.63it/s]
train:  34%|███▍      | 41/120 [00:19<00:36,  2.16it/s]
train:  35%|███▌      | 42/120 [00:19<00:28,  2.72it/s]
train:  36%|███▌      | 43/120 [00:20<00:35,  2.14it/s]
train:  37%|███▋      | 44/120 [00:20<00:27,  2.75it/s]
train:  38%|███▊      | 45/120 [00:20<00:34,  2.16it/s]
train:  39%|███▉      | 47/120 [00:21<00:32,  2.25it/s]
train:  41%|████      | 49/120 [00:22<00:30,  2.32it/s]
train:  42%|████▏     | 50/120 [00:22<00:25,  2.78it/s]
train:  42%|████▎     | 51/120 [00:23<00:31,  2.21it/s]
train:  44%|████▍     | 53/120 [00:24<00:29,  2.29it/s]
train:  45%|████▌     | 54/120 [00:24<00:23,  2.75it/s]
train:  46%|████▌     | 55/120 [00:25<00:29,  2.23it/s]
train:  47%|████▋     | 56/120 [00:25<00:23,  2.78it/s]
train:  48%|████▊     | 57/120 [00:25<00:28,  2.18it/s]
train:  49%|████▉     | 59/120 [00:26<00:27,  2.22it/s]
train:  50%|█████     | 60/120 [00:26<00:22,  2.70it/s]
train:  51%|█████     | 61/120 [00:27<00:27,  2.16it/s]
train:  52%|█████▏    | 62/120 [00:27<00:21,  2.71it/s]
train:  52%|█████▎    | 63/120 [00:28<00:27,  2.11it/s]
train:  54%|█████▍    | 65/120 [00:29<00:24,  2.24it/s]
train:  55%|█████▌    | 66/120 [00:29<00:19,  2.72it/s]
train:  56%|█████▌    | 67/120 [00:30<00:24,  2.19it/s]
train:  57%|█████▋    | 68/120 [00:30<00:18,  2.74it/s]
train:  57%|█████▊    | 69/120 [00:30<00:23,  2.17it/s]
train:  58%|█████▊    | 70/120 [00:31<00:18,  2.78it/s]
train:  59%|█████▉    | 71/120 [00:31<00:23,  2.09it/s]
train:  61%|██████    | 73/120 [00:32<00:21,  2.20it/s]
train:  62%|██████▏   | 74/120 [00:32<00:16,  2.71it/s]
train:  62%|██████▎   | 75/120 [00:33<00:20,  2.18it/s]
train:  63%|██████▎   | 76/120 [00:33<00:15,  2.75it/s]
train:  64%|██████▍   | 77/120 [00:34<00:20,  2.09it/s]
train:  65%|██████▌   | 78/120 [00:34<00:15,  2.67it/s]
train:  66%|██████▌   | 79/120 [00:35<00:19,  2.15it/s]
train:  67%|██████▋   | 80/120 [00:35<00:14,  2.77it/s]
train:  68%|██████▊   | 81/120 [00:36<00:18,  2.09it/s]
train:  69%|██████▉   | 83/120 [00:36<00:16,  2.19it/s]
train:  71%|███████   | 85/120 [00:37<00:15,  2.27it/s]
train:  72%|███████▎  | 87/120 [00:38<00:14,  2.26it/s]
train:  73%|███████▎  | 88/120 [00:38<00:11,  2.67it/s]
train:  74%|███████▍  | 89/120 [00:39<00:14,  2.18it/s]
train:  75%|███████▌  | 90/120 [00:39<00:11,  2.68it/s]
train:  76%|███████▌  | 91/120 [00:40<00:13,  2.11it/s]
train:  77%|███████▋  | 92/120 [00:40<00:10,  2.67it/s]
train:  78%|███████▊  | 93/120 [00:41<00:12,  2.08it/s]
train:  78%|███████▊  | 94/120 [00:41<00:09,  2.68it/s]
train:  79%|███████▉  | 95/120 [00:42<00:12,  2.02it/s]
train:  80%|████████  | 96/120 [00:42<00:09,  2.60it/s]
train:  81%|████████  | 97/120 [00:42<00:10,  2.13it/s]
train:  82%|████████▏ | 98/120 [00:43<00:08,  2.73it/s]
train:  82%|████████▎ | 99/120 [00:43<00:10,  2.01it/s]
train:  84%|████████▍ | 101/120 [00:45<00:14,  1.32it/s]
train:  85%|████████▌ | 102/120 [00:46<00:10,  1.67it/s]
train:  86%|████████▌ | 103/120 [00:46<00:10,  1.57it/s]
train:  87%|████████▋ | 104/120 [00:46<00:07,  2.01it/s]
train:  88%|████████▊ | 105/120 [00:47<00:08,  1.84it/s]
train:  88%|████████▊ | 106/120 [00:47<00:05,  2.38it/s]
train:  89%|████████▉ | 107/120 [00:48<00:06,  1.91it/s]
train:  91%|█████████ | 109/120 [00:49<00:05,  2.07it/s]
train:  92%|█████████▏| 110/120 [00:49<00:03,  2.55it/s]
train:  92%|█████████▎| 111/120 [00:50<00:04,  2.06it/s]
train:  94%|█████████▍| 113/120 [00:51<00:03,  2.21it/s]
train:  95%|█████████▌| 114/120 [00:51<00:02,  2.69it/s]
train:  96%|█████████▌| 115/120 [00:51<00:02,  2.21it/s]
train:  98%|█████████▊| 117/120 [00:52<00:01,  2.23it/s]
train:  98%|█████████▊| 118/120 [00:52<00:00,  2.68it/s]
train:  99%|█████████▉| 119/120 [00:53<00:00,  2.25it/s]
                                                        

eval:   0%|          | 0/30 [00:00<?, ?it/s]
eval:   3%|▎         | 1/30 [00:00<00:24,  1.20it/s]
eval:  10%|█         | 3/30 [00:01<00:13,  1.95it/s]
eval:  17%|█▋        | 5/30 [00:02<00:11,  2.15it/s]
eval:  23%|██▎       | 7/30 [00:03<00:09,  2.34it/s]
eval:  30%|███       | 9/30 [00:03<00:08,  2.44it/s]
eval:  37%|███▋      | 11/30 [00:04<00:07,  2.51it/s]
eval:  43%|████▎     | 13/30 [00:05<00:06,  2.52it/s]
eval:  50%|█████     | 15/30 [00:06<00:05,  2.50it/s]
eval:  57%|█████▋    | 17/30 [00:07<00:05,  2.50it/s]
eval:  63%|██████▎   | 19/30 [00:07<00:04,  2.56it/s]
eval:  70%|███████   | 21/30 [00:08<00:03,  2.58it/s]
eval:  77%|███████▋  | 23/30 [00:09<00:02,  2.57it/s]
eval:  83%|████████▎ | 25/30 [00:10<00:01,  2.51it/s]
eval:  90%|█████████ | 27/30 [00:11<00:01,  2.55it/s]
eval:  97%|█████████▋| 29/30 [00:11<00:00,  2.59it/s]
                                                     
Epoch 16 | stage 2 | train loss 0.3227 (cls 0.3227, ctr 0.0000) acc 0.8958 f1 0.8952 | val loss 1.6712 (cls 1.6712, ctr 0.0000) acc 0.7208 f1 0.6858 | lr [1.73e-04, 5.78e-06, 5.78e-06]

train:   0%|          | 0/120 [00:00<?, ?it/s]
train:   1%|          | 1/120 [00:00<01:50,  1.08it/s]
train:   2%|▏         | 2/120 [00:01<00:53,  2.22it/s]
train:   2%|▎         | 3/120 [00:01<01:07,  1.74it/s]
train:   3%|▎         | 4/120 [00:01<00:45,  2.56it/s]
train:   4%|▍         | 5/120 [00:02<00:58,  1.96it/s]
train:   5%|▌         | 6/120 [00:02<00:42,  2.68it/s]
train:   6%|▌         | 7/120 [00:03<00:55,  2.05it/s]
train:   7%|▋         | 8/120 [00:03<00:41,  2.73it/s]
train:   8%|▊         | 9/120 [00:04<00:54,  2.03it/s]
train:   9%|▉         | 11/120 [00:05<00:50,  2.16it/s]
train:  10%|█         | 12/120 [00:05<00:40,  2.68it/s]
train:  11%|█         | 13/120 [00:06<00:50,  2.10it/s]
train:  12%|█▏        | 14/120 [00:06<00:40,  2.64it/s]
train:  12%|█▎        | 15/120 [00:06<00:49,  2.10it/s]
train:  13%|█▎        | 16/120 [00:06<00:38,  2.70it/s]
train:  14%|█▍        | 17/120 [00:07<00:47,  2.17it/s]
train:  15%|█▌        | 18/120 [00:07<00:36,  2.80it/s]
train:  16%|█▌        | 19/120 [00:08<00:48,  2.07it/s]
train:  18%|█▊        | 21/120 [00:09<00:45,  2.18it/s]
train:  18%|█▊        | 22/120 [00:09<00:36,  2.67it/s]
train:  19%|█▉        | 23/120 [00:10<00:44,  2.16it/s]
train:  20%|██        | 24/120 [00:10<00:35,  2.74it/s]
train:  21%|██        | 25/120 [00:11<00:45,  2.10it/s]
train:  22%|██▏       | 26/120 [00:11<00:35,  2.68it/s]
train:  22%|██▎       | 27/120 [00:11<00:44,  2.08it/s]
train:  23%|██▎       | 28/120 [00:13<01:08,  1.35it/s]
train:  24%|██▍       | 29/120 [00:14<01:07,  1.35it/s]
train:  25%|██▌       | 30/120 [00:14<00:49,  1.80it/s]
train:  26%|██▌       | 31/120 [00:14<00:53,  1.65it/s]
train:  28%|██▊       | 33/120 [00:15<00:45,  1.91it/s]
train:  28%|██▊       | 34/120 [00:15<00:36,  2.36it/s]
train:  29%|██▉       | 35/120 [00:16<00:42,  2.00it/s]
train:  30%|███       | 36/120 [00:16<00:33,  2.54it/s]
train:  31%|███       | 37/120 [00:17<00:41,  2.02it/s]
train:  32%|███▏      | 38/120 [00:17<00:31,  2.60it/s]
train:  32%|███▎      | 39/120 [00:18<00:38,  2.08it/s]
train:  33%|███▎      | 40/120 [00:18<00:29,  2.71it/s]
train:  34%|███▍      | 41/120 [00:19<00:37,  2.08it/s]
train:  35%|███▌      | 42/120 [00:19<00:28,  2.70it/s]
train:  36%|███▌      | 43/120 [00:20<00:37,  2.07it/s]
train:  37%|███▋      | 44/120 [00:20<00:28,  2.67it/s]
train:  38%|███▊      | 45/120 [00:20<00:36,  2.08it/s]
train:  38%|███▊      | 46/120 [00:20<00:27,  2.69it/s]
train:  39%|███▉      | 47/120 [00:21<00:34,  2.10it/s]
train:  40%|████      | 48/120 [00:21<00:26,  2.73it/s]
train:  41%|████      | 49/120 [00:22<00:34,  2.07it/s]
train:  42%|████▏     | 50/120 [00:22<00:25,  2.69it/s]
train:  42%|████▎     | 51/120 [00:23<00:33,  2.05it/s]
train:  43%|████▎     | 52/120 [00:23<00:25,  2.66it/s]
train:  44%|████▍     | 53/120 [00:24<00:32,  2.06it/s]
train:  45%|████▌     | 54/120 [00:24<00:24,  2.67it/s]
train:  46%|████▌     | 55/120 [00:25<00:31,  2.06it/s]
train:  47%|████▋     | 56/120 [00:25<00:23,  2.69it/s]
train:  48%|████▊     | 57/120 [00:26<00:31,  2.02it/s]
train:  49%|████▉     | 59/120 [00:26<00:28,  2.11it/s]
train:  51%|█████     | 61/120 [00:27<00:26,  2.24it/s]
train:  52%|█████▏    | 62/120 [00:27<00:21,  2.69it/s]
train:  52%|█████▎    | 63/120 [00:28<00:26,  2.17it/s]
train:  54%|█████▍    | 65/120 [00:29<00:23,  2.30it/s]
train:  56%|█████▌    | 67/120 [00:30<00:23,  2.26it/s]
train:  57%|█████▋    | 68/120 [00:30<00:19,  2.67it/s]
train:  57%|█████▊    | 69/120 [00:31<00:23,  2.21it/s]
train:  59%|█████▉    | 71/120 [00:32<00:21,  2.24it/s]
train:  60%|██████    | 72/120 [00:32<00:17,  2.68it/s]
train:  61%|██████    | 73/120 [00:32<00:21,  2.19it/s]
train:  62%|██████▏   | 74/120 [00:32<00:16,  2.71it/s]
train:  62%|██████▎   | 75/120 [00:33<00:20,  2.15it/s]
train:  63%|██████▎   | 76/120 [00:33<00:16,  2.74it/s]
train:  64%|██████▍   | 77/120 [00:34<00:20,  2.10it/s]
train:  65%|██████▌   | 78/120 [00:34<00:15,  2.70it/s]
train:  66%|██████▌   | 79/120 [00:35<00:19,  2.11it/s]
train:  67%|██████▋   | 80/120 [00:35<00:14,  2.73it/s]
train:  68%|██████▊   | 81/120 [00:36<00:18,  2.12it/s]
train:  68%|██████▊   | 82/120 [00:36<00:13,  2.73it/s]
train:  69%|██████▉   | 83/120 [00:37<00:17,  2.09it/s]
train:  70%|███████   | 84/120 [00:37<00:13,  2.70it/s]
train:  71%|███████   | 85/120 [00:37<00:16,  2.17it/s]
train:  72%|███████▏  | 86/120 [00:37<00:12,  2.81it/s]
train:  72%|███████▎  | 87/120 [00:38<00:16,  2.04it/s]
train:  73%|███████▎  | 88/120 [00:38<00:12,  2.66it/s]
train:  74%|███████▍  | 89/120 [00:39<00:14,  2.08it/s]
train:  75%|███████▌  | 90/120 [00:39<00:11,  2.69it/s]
train:  76%|███████▌  | 91/120 [00:40<00:13,  2.14it/s]
train:  77%|███████▋  | 92/120 [00:40<00:10,  2.78it/s]
train:  78%|███████▊  | 93/120 [00:41<00:12,  2.13it/s]
train:  78%|███████▊  | 94/120 [00:41<00:09,  2.78it/s]
train:  79%|███████▉  | 95/120 [00:42<00:12,  2.01it/s]
train:  81%|████████  | 97/120 [00:43<00:10,  2.18it/s]
train:  82%|████████▏ | 98/120 [00:43<00:08,  2.69it/s]
train:  82%|████████▎ | 99/120 [00:43<00:09,  2.14it/s]
train:  83%|████████▎ | 100/120 [00:43<00:07,  2.72it/s]
train:  84%|████████▍ | 101/120 [00:44<00:09,  2.10it/s]
train:  86%|████████▌ | 103/120 [00:45<00:07,  2.23it/s]
train:  87%|████████▋ | 104/120 [00:46<00:10,  1.48it/s]
train:  88%|████████▊ | 105/120 [00:47<00:10,  1.45it/s]
train:  88%|████████▊ | 106/120 [00:47<00:07,  1.88it/s]
train:  89%|████████▉ | 107/120 [00:48<00:07,  1.70it/s]
train:  90%|█████████ | 108/120 [00:48<00:05,  2.22it/s]
train:  91%|█████████ | 109/120 [00:49<00:05,  1.86it/s]
train:  92%|█████████▏| 110/120 [00:49<00:04,  2.41it/s]
train:  92%|█████████▎| 111/120 [00:50<00:04,  1.98it/s]
train:  93%|█████████▎| 112/120 [00:50<00:03,  2.58it/s]
train:  94%|█████████▍| 113/120 [00:50<00:03,  2.09it/s]
train:  96%|█████████▌| 115/120 [00:51<00:02,  2.24it/s]
train:  97%|█████████▋| 116/120 [00:51<00:01,  2.75it/s]
train:  98%|█████████▊| 117/120 [00:52<00:01,  2.18it/s]
train:  98%|█████████▊| 118/120 [00:52<00:00,  2.74it/s]
train:  99%|█████████▉| 119/120 [00:53<00:00,  2.20it/s]
train: 100%|██████████| 120/120 [00:53<00:00,  2.80it/s]
                                                        

eval:   0%|          | 0/30 [00:00<?, ?it/s]
eval:   3%|▎         | 1/30 [00:00<00:24,  1.18it/s]
eval:  10%|█         | 3/30 [00:01<00:13,  1.94it/s]
eval:  17%|█▋        | 5/30 [00:02<00:11,  2.14it/s]
eval:  23%|██▎       | 7/30 [00:03<00:09,  2.34it/s]
eval:  30%|███       | 9/30 [00:04<00:08,  2.41it/s]
eval:  37%|███▋      | 11/30 [00:04<00:07,  2.49it/s]
eval:  43%|████▎     | 13/30 [00:05<00:06,  2.50it/s]
eval:  50%|█████     | 15/30 [00:06<00:05,  2.52it/s]
eval:  57%|█████▋    | 17/30 [00:07<00:05,  2.50it/s]
eval:  63%|██████▎   | 19/30 [00:07<00:04,  2.55it/s]
eval:  70%|███████   | 21/30 [00:08<00:03,  2.59it/s]
eval:  77%|███████▋  | 23/30 [00:09<00:02,  2.56it/s]
eval:  83%|████████▎ | 25/30 [00:10<00:01,  2.52it/s]
eval:  90%|█████████ | 27/30 [00:11<00:01,  2.56it/s]
eval:  97%|█████████▋| 29/30 [00:11<00:00,  2.59it/s]
                                                     
Epoch 17 | stage 2 | train loss 0.3443 (cls 0.3443, ctr 0.0000) acc 0.8813 f1 0.8836 | val loss 1.6155 (cls 1.6155, ctr 0.0000) acc 0.7292 f1 0.7087 | lr [1.57e-04, 5.22e-06, 5.22e-06]

train:   0%|          | 0/120 [00:00<?, ?it/s]
train:   1%|          | 1/120 [00:00<01:55,  1.03it/s]
train:   2%|▏         | 2/120 [00:01<00:54,  2.16it/s]
train:   2%|▎         | 3/120 [00:01<01:07,  1.74it/s]
train:   3%|▎         | 4/120 [00:01<00:45,  2.54it/s]
train:   4%|▍         | 5/120 [00:02<00:58,  1.97it/s]
train:   5%|▌         | 6/120 [00:02<00:42,  2.69it/s]
train:   6%|▌         | 7/120 [00:03<00:55,  2.03it/s]
train:   7%|▋         | 8/120 [00:03<00:41,  2.70it/s]
train:   8%|▊         | 9/120 [00:04<00:53,  2.07it/s]
train:   8%|▊         | 10/120 [00:04<00:40,  2.73it/s]
train:   9%|▉         | 11/120 [00:05<00:52,  2.07it/s]
train:  10%|█         | 12/120 [00:05<00:40,  2.70it/s]
train:  11%|█         | 13/120 [00:06<00:51,  2.07it/s]
train:  12%|█▎        | 15/120 [00:06<00:47,  2.22it/s]
train:  13%|█▎        | 16/120 [00:06<00:38,  2.74it/s]
train:  14%|█▍        | 17/120 [00:07<00:46,  2.19it/s]
train:  15%|█▌        | 18/120 [00:07<00:36,  2.77it/s]
train:  16%|█▌        | 19/120 [00:08<00:45,  2.21it/s]
train:  17%|█▋        | 20/120 [00:08<00:35,  2.84it/s]
train:  18%|█▊        | 21/120 [00:09<00:44,  2.22it/s]
train:  19%|█▉        | 23/120 [00:10<00:43,  2.25it/s]
train:  20%|██        | 24/120 [00:10<00:34,  2.76it/s]
train:  21%|██        | 25/120 [00:10<00:43,  2.18it/s]
train:  22%|██▏       | 26/120 [00:11<00:34,  2.75it/s]
train:  22%|██▎       | 27/120 [00:11<00:42,  2.19it/s]
train:  24%|██▍       | 29/120 [00:12<00:40,  2.23it/s]
train:  26%|██▌       | 31/120 [00:14<01:01,  1.45it/s]
train:  27%|██▋       | 32/120 [00:14<00:49,  1.77it/s]
train:  28%|██▊       | 33/120 [00:15<00:52,  1.67it/s]
train:  28%|██▊       | 34/120 [00:15<00:41,  2.10it/s]
train:  29%|██▉       | 35/120 [00:16<00:46,  1.84it/s]
train:  30%|███       | 36/120 [00:16<00:35,  2.35it/s]
train:  31%|███       | 37/120 [00:17<00:42,  1.95it/s]
train:  32%|███▏      | 38/120 [00:17<00:32,  2.50it/s]
train:  32%|███▎      | 39/120 [00:18<00:39,  2.05it/s]
train:  33%|███▎      | 40/120 [00:18<00:30,  2.63it/s]
train:  34%|███▍      | 41/120 [00:18<00:37,  2.11it/s]
train:  35%|███▌      | 42/120 [00:19<00:28,  2.72it/s]
train:  36%|███▌      | 43/120 [00:19<00:37,  2.05it/s]
train:  37%|███▋      | 44/120 [00:19<00:28,  2.67it/s]
train:  38%|███▊      | 45/120 [00:20<00:36,  2.06it/s]
train:  39%|███▉      | 47/120 [00:21<00:32,  2.24it/s]
train:  40%|████      | 48/120 [00:21<00:26,  2.74it/s]
train:  41%|████      | 49/120 [00:22<00:33,  2.14it/s]
train:  42%|████▏     | 50/120 [00:22<00:26,  2.69it/s]
train:  42%|████▎     | 51/120 [00:23<00:31,  2.22it/s]
train:  43%|████▎     | 52/120 [00:23<00:24,  2.81it/s]
train:  44%|████▍     | 53/120 [00:23<00:29,  2.25it/s]
train:  45%|████▌     | 54/120 [00:24<00:22,  2.87it/s]
train:  46%|████▌     | 55/120 [00:24<00:30,  2.13it/s]
train:  48%|████▊     | 57/120 [00:25<00:28,  2.20it/s]
train:  48%|████▊     | 58/120 [00:25<00:22,  2.71it/s]
train:  49%|████▉     | 59/120 [00:26<00:27,  2.20it/s]
train:  50%|█████     | 60/120 [00:26<00:21,  2.76it/s]
train:  51%|█████     | 61/120 [00:27<00:27,  2.13it/s]
train:  52%|█████▏    | 62/120 [00:27<00:21,  2.71it/s]
train:  52%|█████▎    | 63/120 [00:28<00:27,  2.08it/s]
train:  53%|█████▎    | 64/120 [00:28<00:20,  2.69it/s]
train:  54%|█████▍    | 65/120 [00:28<00:25,  2.19it/s]
train:  56%|█████▌    | 67/120 [00:29<00:23,  2.24it/s]
train:  57%|█████▋    | 68/120 [00:29<00:18,  2.77it/s]
train:  57%|█████▊    | 69/120 [00:30<00:22,  2.24it/s]
train:  59%|█████▉    | 71/120 [00:31<00:21,  2.24it/s]
train:  60%|██████    | 72/120 [00:31<00:17,  2.72it/s]
train:  61%|██████    | 73/120 [00:32<00:21,  2.14it/s]
train:  62%|██████▏   | 74/120 [00:32<00:17,  2.66it/s]
train:  62%|██████▎   | 75/120 [00:33<00:20,  2.18it/s]
train:  63%|██████▎   | 76/120 [00:33<00:15,  2.76it/s]
train:  64%|██████▍   | 77/120 [00:34<00:20,  2.06it/s]
train:  65%|██████▌   | 78/120 [00:34<00:15,  2.68it/s]
train:  66%|██████▌   | 79/120 [00:34<00:19,  2.11it/s]
train:  67%|██████▋   | 80/120 [00:35<00:14,  2.72it/s]
train:  68%|██████▊   | 81/120 [00:35<00:19,  2.05it/s]
train:  68%|██████▊   | 82/120 [00:35<00:14,  2.66it/s]
train:  69%|██████▉   | 83/120 [00:36<00:17,  2.08it/s]
train:  70%|███████   | 84/120 [00:36<00:13,  2.72it/s]
train:  71%|███████   | 85/120 [00:37<00:16,  2.13it/s]
train:  72%|███████▏  | 86/120 [00:37<00:12,  2.76it/s]
train:  72%|███████▎  | 87/120 [00:38<00:15,  2.16it/s]
train:  73%|███████▎  | 88/120 [00:38<00:11,  2.79it/s]
train:  74%|███████▍  | 89/120 [00:39<00:14,  2.13it/s]
train:  75%|███████▌  | 90/120 [00:39<00:10,  2.75it/s]
train:  76%|███████▌  | 91/120 [00:39<00:13,  2.13it/s]
train:  77%|███████▋  | 92/120 [00:40<00:10,  2.77it/s]
train:  78%|███████▊  | 93/120 [00:40<00:12,  2.15it/s]
train:  79%|███████▉  | 95/120 [00:41<00:11,  2.20it/s]
train:  80%|████████  | 96/120 [00:41<00:08,  2.71it/s]
train:  81%|████████  | 97/120 [00:42<00:10,  2.25it/s]
train:  82%|████████▎ | 99/120 [00:43<00:09,  2.26it/s]
train:  83%|████████▎ | 100/120 [00:43<00:07,  2.74it/s]
train:  84%|████████▍ | 101/120 [00:44<00:08,  2.15it/s]
train:  85%|████████▌ | 102/120 [00:44<00:06,  2.70it/s]
train:  86%|████████▌ | 103/120 [00:45<00:08,  2.09it/s]
train:  87%|████████▋ | 104/120 [00:45<00:05,  2.68it/s]
train:  88%|████████▊ | 105/120 [00:45<00:07,  2.10it/s]
train:  88%|████████▊ | 106/120 [00:45<00:05,  2.71it/s]
train:  89%|████████▉ | 107/120 [00:46<00:06,  2.16it/s]
train:  90%|█████████ | 108/120 [00:46<00:04,  2.78it/s]
train:  91%|█████████ | 109/120 [00:48<00:09,  1.16it/s]
train:  92%|█████████▏| 110/120 [00:48<00:06,  1.57it/s]
train:  92%|█████████▎| 111/120 [00:49<00:05,  1.53it/s]
train:  93%|█████████▎| 112/120 [00:49<00:03,  2.04it/s]
train:  94%|█████████▍| 113/120 [00:50<00:04,  1.75it/s]
train:  95%|█████████▌| 114/120 [00:50<00:02,  2.30it/s]
train:  96%|█████████▌| 115/120 [00:51<00:02,  1.89it/s]
train:  97%|█████████▋| 116/120 [00:51<00:01,  2.47it/s]
train:  98%|█████████▊| 117/120 [00:52<00:01,  2.02it/s]
train:  98%|█████████▊| 118/120 [00:52<00:00,  2.64it/s]
train:  99%|█████████▉| 119/120 [00:52<00:00,  2.08it/s]
                                                        

eval:   0%|          | 0/30 [00:00<?, ?it/s]
eval:   3%|▎         | 1/30 [00:00<00:24,  1.17it/s]
eval:  10%|█         | 3/30 [00:01<00:13,  1.93it/s]
eval:  17%|█▋        | 5/30 [00:02<00:11,  2.12it/s]
eval:  23%|██▎       | 7/30 [00:03<00:09,  2.33it/s]
eval:  30%|███       | 9/30 [00:04<00:08,  2.39it/s]
eval:  37%|███▋      | 11/30 [00:04<00:07,  2.47it/s]
eval:  43%|████▎     | 13/30 [00:05<00:06,  2.49it/s]
eval:  50%|█████     | 15/30 [00:06<00:06,  2.50it/s]
eval:  57%|█████▋    | 17/30 [00:07<00:05,  2.51it/s]
eval:  63%|██████▎   | 19/30 [00:07<00:04,  2.55it/s]
eval:  70%|███████   | 21/30 [00:08<00:03,  2.56it/s]
eval:  77%|███████▋  | 23/30 [00:09<00:02,  2.54it/s]
eval:  83%|████████▎ | 25/30 [00:10<00:02,  2.48it/s]
eval:  90%|█████████ | 27/30 [00:11<00:01,  2.54it/s]
eval:  97%|█████████▋| 29/30 [00:11<00:00,  2.57it/s]
                                                     
Epoch 18 | stage 2 | train loss 0.3773 (cls 0.3773, ctr 0.0000) acc 0.8635 f1 0.8638 | val loss 1.3342 (cls 1.3342, ctr 0.0000) acc 0.7583 f1 0.7458 | lr [1.40e-04, 4.66e-06, 4.66e-06]

train:   0%|          | 0/120 [00:00<?, ?it/s]
train:   1%|          | 1/120 [00:01<01:59,  1.00s/it]
train:   2%|▏         | 2/120 [00:01<00:56,  2.09it/s]
train:   2%|▎         | 3/120 [00:01<01:08,  1.72it/s]
train:   4%|▍         | 5/120 [00:02<00:54,  2.11it/s]
train:   6%|▌         | 7/120 [00:03<00:51,  2.18it/s]
train:   8%|▊         | 9/120 [00:04<00:48,  2.28it/s]
train:   8%|▊         | 10/120 [00:04<00:40,  2.71it/s]
train:   9%|▉         | 11/120 [00:05<00:49,  2.21it/s]
train:  11%|█         | 13/120 [00:05<00:46,  2.28it/s]
train:  12%|█▏        | 14/120 [00:06<00:38,  2.73it/s]
train:  12%|█▎        | 15/120 [00:06<00:46,  2.25it/s]
train:  14%|█▍        | 17/120 [00:07<00:44,  2.32it/s]
train:  15%|█▌        | 18/120 [00:07<00:36,  2.79it/s]
train:  16%|█▌        | 19/120 [00:08<00:44,  2.25it/s]
train:  17%|█▋        | 20/120 [00:08<00:35,  2.80it/s]
train:  18%|█▊        | 21/120 [00:09<00:45,  2.20it/s]
train:  18%|█▊        | 22/120 [00:09<00:35,  2.77it/s]
train:  19%|█▉        | 23/120 [00:10<00:45,  2.15it/s]
train:  20%|██        | 24/120 [00:10<00:34,  2.77it/s]
train:  21%|██        | 25/120 [00:10<00:46,  2.06it/s]
train:  22%|██▏       | 26/120 [00:11<00:35,  2.67it/s]
train:  22%|██▎       | 27/120 [00:11<00:44,  2.10it/s]
train:  23%|██▎       | 28/120 [00:11<00:33,  2.72it/s]
train:  24%|██▍       | 29/120 [00:12<00:43,  2.07it/s]
train:  25%|██▌       | 30/120 [00:12<00:33,  2.67it/s]
train:  26%|██▌       | 31/120 [00:13<00:41,  2.13it/s]
train:  27%|██▋       | 32/120 [00:13<00:31,  2.76it/s]
train:  28%|██▊       | 33/120 [00:14<00:40,  2.12it/s]
train:  28%|██▊       | 34/120 [00:14<00:31,  2.76it/s]
train:  29%|██▉       | 35/120 [00:16<01:16,  1.12it/s]
train:  30%|███       | 36/120 [00:16<00:55,  1.51it/s]
train:  31%|███       | 37/120 [00:17<00:55,  1.50it/s]
train:  32%|███▎      | 39/120 [00:18<00:45,  1.79it/s]
train:  33%|███▎      | 40/120 [00:18<00:35,  2.25it/s]
train:  34%|███▍      | 41/120 [00:19<00:40,  1.94it/s]
train:  35%|███▌      | 42/120 [00:19<00:31,  2.47it/s]
train:  36%|███▌      | 43/120 [00:19<00:38,  2.02it/s]
train:  38%|███▊      | 45/120 [00:20<00:34,  2.16it/s]
train:  38%|███▊      | 46/120 [00:20<00:27,  2.65it/s]
train:  39%|███▉      | 47/120 [00:21<00:34,  2.12it/s]
train:  40%|████      | 48/120 [00:21<00:27,  2.67it/s]
train:  41%|████      | 49/120 [00:22<00:34,  2.08it/s]
train:  42%|████▏     | 50/120 [00:22<00:26,  2.66it/s]
train:  42%|████▎     | 51/120 [00:23<00:33,  2.08it/s]
train:  43%|████▎     | 52/120 [00:23<00:25,  2.67it/s]
train:  44%|████▍     | 53/120 [00:24<00:32,  2.06it/s]
train:  45%|████▌     | 54/120 [00:24<00:24,  2.68it/s]
train:  46%|████▌     | 55/120 [00:24<00:30,  2.11it/s]
train:  47%|████▋     | 56/120 [00:25<00:23,  2.73it/s]
train:  48%|████▊     | 57/120 [00:25<00:29,  2.14it/s]
train:  48%|████▊     | 58/120 [00:25<00:22,  2.77it/s]
train:  49%|████▉     | 59/120 [00:26<00:28,  2.15it/s]
train:  51%|█████     | 61/120 [00:27<00:26,  2.24it/s]
train:  52%|█████▎    | 63/120 [00:28<00:25,  2.24it/s]
train:  53%|█████▎    | 64/120 [00:28<00:20,  2.67it/s]
train:  54%|█████▍    | 65/120 [00:29<00:24,  2.26it/s]
train:  55%|█████▌    | 66/120 [00:29<00:19,  2.81it/s]
train:  56%|█████▌    | 67/120 [00:30<00:24,  2.15it/s]
train:  57%|█████▋    | 68/120 [00:30<00:19,  2.72it/s]
train:  57%|█████▊    | 69/120 [00:30<00:24,  2.12it/s]
train:  58%|█████▊    | 70/120 [00:30<00:18,  2.72it/s]
train:  59%|█████▉    | 71/120 [00:31<00:23,  2.11it/s]
train:  60%|██████    | 72/120 [00:31<00:17,  2.73it/s]
train:  61%|██████    | 73/120 [00:32<00:22,  2.06it/s]
train:  62%|██████▏   | 74/120 [00:32<00:17,  2.68it/s]
train:  62%|██████▎   | 75/120 [00:33<00:22,  1.99it/s]
train:  63%|██████▎   | 76/120 [00:33<00:16,  2.60it/s]
train:  64%|██████▍   | 77/120 [00:34<00:21,  2.01it/s]
train:  65%|██████▌   | 78/120 [00:34<00:15,  2.64it/s]
train:  66%|██████▌   | 79/120 [00:35<00:19,  2.09it/s]
train:  68%|██████▊   | 81/120 [00:36<00:17,  2.20it/s]
train:  68%|██████▊   | 82/120 [00:36<00:14,  2.70it/s]
train:  69%|██████▉   | 83/120 [00:36<00:16,  2.19it/s]
train:  70%|███████   | 84/120 [00:36<00:13,  2.76it/s]
train:  71%|███████   | 85/120 [00:37<00:16,  2.07it/s]
train:  72%|███████▏  | 86/120 [00:37<00:12,  2.64it/s]
train:  72%|███████▎  | 87/120 [00:38<00:15,  2.08it/s]
train:  73%|███████▎  | 88/120 [00:38<00:11,  2.69it/s]
train:  74%|███████▍  | 89/120 [00:39<00:14,  2.13it/s]
train:  76%|███████▌  | 91/120 [00:40<00:12,  2.26it/s]
train:  77%|███████▋  | 92/120 [00:40<00:10,  2.76it/s]
train:  78%|███████▊  | 93/120 [00:41<00:12,  2.20it/s]
train:  78%|███████▊  | 94/120 [00:41<00:09,  2.77it/s]
train:  79%|███████▉  | 95/120 [00:41<00:11,  2.14it/s]
train:  80%|████████  | 96/120 [00:42<00:08,  2.74it/s]
train:  81%|████████  | 97/120 [00:42<00:10,  2.13it/s]
train:  82%|████████▏ | 98/120 [00:42<00:08,  2.74it/s]
train:  82%|████████▎ | 99/120 [00:43<00:09,  2.14it/s]
train:  83%|████████▎ | 100/120 [00:43<00:07,  2.78it/s]
train:  84%|████████▍ | 101/120 [00:44<00:08,  2.12it/s]
train:  86%|████████▌ | 103/120 [00:45<00:07,  2.20it/s]
train:  87%|████████▋ | 104/120 [00:45<00:05,  2.70it/s]
train:  88%|████████▊ | 105/120 [00:46<00:07,  2.11it/s]
train:  88%|████████▊ | 106/120 [00:46<00:05,  2.66it/s]
train:  89%|████████▉ | 107/120 [00:47<00:06,  2.06it/s]
train:  91%|█████████ | 109/120 [00:47<00:05,  2.20it/s]
train:  92%|█████████▏| 110/120 [00:47<00:03,  2.70it/s]
train:  92%|█████████▎| 111/120 [00:50<00:07,  1.22it/s]
train:  93%|█████████▎| 112/120 [00:50<00:05,  1.59it/s]
train:  94%|█████████▍| 113/120 [00:50<00:04,  1.52it/s]
train:  95%|█████████▌| 114/120 [00:51<00:03,  1.99it/s]
train:  96%|█████████▌| 115/120 [00:51<00:02,  1.75it/s]
train:  97%|█████████▋| 116/120 [00:51<00:01,  2.29it/s]
train:  98%|█████████▊| 117/120 [00:52<00:01,  1.95it/s]
train:  98%|█████████▊| 118/120 [00:52<00:00,  2.53it/s]
train:  99%|█████████▉| 119/120 [00:53<00:00,  2.12it/s]
train: 100%|██████████| 120/120 [00:53<00:00,  2.74it/s]
                                                        

eval:   0%|          | 0/30 [00:00<?, ?it/s]
eval:   3%|▎         | 1/30 [00:00<00:24,  1.16it/s]
eval:  10%|█         | 3/30 [00:01<00:13,  1.97it/s]
eval:  17%|█▋        | 5/30 [00:02<00:11,  2.17it/s]
eval:  23%|██▎       | 7/30 [00:03<00:09,  2.35it/s]
eval:  30%|███       | 9/30 [00:04<00:08,  2.41it/s]
eval:  37%|███▋      | 11/30 [00:04<00:07,  2.48it/s]
eval:  43%|████▎     | 13/30 [00:05<00:06,  2.51it/s]
eval:  50%|█████     | 15/30 [00:06<00:05,  2.52it/s]
eval:  57%|█████▋    | 17/30 [00:07<00:05,  2.53it/s]
eval:  63%|██████▎   | 19/30 [00:07<00:04,  2.59it/s]
eval:  70%|███████   | 21/30 [00:08<00:03,  2.61it/s]
eval:  77%|███████▋  | 23/30 [00:09<00:02,  2.58it/s]
eval:  83%|████████▎ | 25/30 [00:10<00:01,  2.52it/s]
eval:  90%|█████████ | 27/30 [00:10<00:01,  2.57it/s]
eval:  97%|█████████▋| 29/30 [00:11<00:00,  2.60it/s]
                                                     
Epoch 19 | stage 2 | train loss 0.3428 (cls 0.3428, ctr 0.0000) acc 0.8604 f1 0.8554 | val loss 1.5511 (cls 1.5511, ctr 0.0000) acc 0.7167 f1 0.6960 | lr [1.23e-04, 4.11e-06, 4.11e-06]

train:   0%|          | 0/120 [00:00<?, ?it/s]
train:   1%|          | 1/120 [00:00<01:51,  1.07it/s]
train:   2%|▏         | 2/120 [00:01<00:53,  2.22it/s]
train:   2%|▎         | 3/120 [00:01<01:09,  1.68it/s]
train:   3%|▎         | 4/120 [00:01<00:47,  2.46it/s]
train:   4%|▍         | 5/120 [00:02<00:55,  2.06it/s]
train:   5%|▌         | 6/120 [00:02<00:40,  2.78it/s]
train:   6%|▌         | 7/120 [00:03<00:55,  2.02it/s]
train:   8%|▊         | 9/120 [00:04<00:52,  2.12it/s]
train:   8%|▊         | 10/120 [00:04<00:41,  2.64it/s]
train:   9%|▉         | 11/120 [00:05<00:50,  2.14it/s]
train:  11%|█         | 13/120 [00:06<00:48,  2.21it/s]
train:  12%|█▏        | 14/120 [00:06<00:39,  2.70it/s]
train:  12%|█▎        | 15/120 [00:06<00:47,  2.20it/s]
train:  13%|█▎        | 16/120 [00:06<00:37,  2.76it/s]
train:  14%|█▍        | 17/120 [00:07<00:47,  2.17it/s]
train:  15%|█▌        | 18/120 [00:07<00:36,  2.76it/s]
train:  16%|█▌        | 19/120 [00:08<00:46,  2.17it/s]
train:  18%|█▊        | 21/120 [00:09<00:43,  2.29it/s]
train:  18%|█▊        | 22/120 [00:09<00:35,  2.79it/s]
train:  19%|█▉        | 23/120 [00:10<00:43,  2.23it/s]
train:  20%|██        | 24/120 [00:10<00:34,  2.80it/s]
train:  21%|██        | 25/120 [00:10<00:43,  2.19it/s]
train:  22%|██▏       | 26/120 [00:11<00:33,  2.77it/s]
train:  22%|██▎       | 27/120 [00:11<00:42,  2.17it/s]
train:  23%|██▎       | 28/120 [00:11<00:33,  2.78it/s]
train:  24%|██▍       | 29/120 [00:12<00:44,  2.07it/s]
train:  25%|██▌       | 30/120 [00:12<00:33,  2.66it/s]
train:  26%|██▌       | 31/120 [00:13<00:41,  2.12it/s]
train:  28%|██▊       | 33/120 [00:14<00:39,  2.23it/s]
train:  28%|██▊       | 34/120 [00:14<00:31,  2.75it/s]
train:  29%|██▉       | 35/120 [00:15<00:38,  2.19it/s]
train:  31%|███       | 37/120 [00:15<00:35,  2.32it/s]
train:  32%|███▎      | 39/120 [00:16<00:35,  2.29it/s]
train:  33%|███▎      | 40/120 [00:18<00:52,  1.51it/s]
train:  34%|███▍      | 41/120 [00:19<00:53,  1.46it/s]
train:  35%|███▌      | 42/120 [00:19<00:42,  1.85it/s]
train:  36%|███▌      | 43/120 [00:19<00:45,  1.70it/s]
train:  37%|███▋      | 44/120 [00:20<00:34,  2.18it/s]
train:  38%|███▊      | 45/120 [00:20<00:39,  1.88it/s]
train:  38%|███▊      | 46/120 [00:20<00:30,  2.43it/s]
train:  39%|███▉      | 47/120 [00:21<00:36,  2.00it/s]
train:  40%|████      | 48/120 [00:21<00:27,  2.58it/s]
train:  41%|████      | 49/120 [00:22<00:34,  2.04it/s]
train:  42%|████▏     | 50/120 [00:22<00:26,  2.65it/s]
train:  42%|████▎     | 51/120 [00:23<00:33,  2.07it/s]
train:  43%|████▎     | 52/120 [00:23<00:25,  2.69it/s]
train:  44%|████▍     | 53/120 [00:24<00:32,  2.08it/s]
train:  45%|████▌     | 54/120 [00:24<00:24,  2.70it/s]
train:  46%|████▌     | 55/120 [00:24<00:31,  2.06it/s]
train:  47%|████▋     | 56/120 [00:25<00:23,  2.69it/s]
train:  48%|████▊     | 57/120 [00:25<00:30,  2.06it/s]
train:  49%|████▉     | 59/120 [00:26<00:27,  2.22it/s]
train:  51%|█████     | 61/120 [00:27<00:25,  2.27it/s]
train:  52%|█████▏    | 62/120 [00:27<00:21,  2.72it/s]
train:  52%|█████▎    | 63/120 [00:28<00:25,  2.23it/s]
train:  54%|█████▍    | 65/120 [00:29<00:24,  2.24it/s]
train:  55%|█████▌    | 66/120 [00:29<00:19,  2.70it/s]
train:  56%|█████▌    | 67/120 [00:30<00:24,  2.14it/s]
train:  57%|█████▊    | 69/120 [00:30<00:23,  2.20it/s]
train:  58%|█████▊    | 70/120 [00:31<00:18,  2.65it/s]
train:  59%|█████▉    | 71/120 [00:31<00:22,  2.15it/s]
train:  60%|██████    | 72/120 [00:31<00:17,  2.68it/s]
train:  61%|██████    | 73/120 [00:32<00:21,  2.17it/s]
train:  62%|██████▎   | 75/120 [00:33<00:19,  2.25it/s]
train:  64%|██████▍   | 77/120 [00:34<00:19,  2.25it/s]
train:  65%|██████▌   | 78/120 [00:34<00:15,  2.67it/s]
train:  66%|██████▌   | 79/120 [00:35<00:18,  2.18it/s]
train:  67%|██████▋   | 80/120 [00:35<00:14,  2.68it/s]
train:  68%|██████▊   | 81/120 [00:36<00:18,  2.15it/s]
train:  68%|██████▊   | 82/120 [00:36<00:13,  2.73it/s]
train:  69%|██████▉   | 83/120 [00:36<00:17,  2.10it/s]
train:  70%|███████   | 84/120 [00:37<00:13,  2.69it/s]
train:  71%|███████   | 85/120 [00:37<00:16,  2.12it/s]
train:  72%|███████▏  | 86/120 [00:37<00:12,  2.73it/s]
train:  72%|███████▎  | 87/120 [00:38<00:15,  2.08it/s]
train:  74%|███████▍  | 89/120 [00:39<00:14,  2.21it/s]
train:  76%|███████▌  | 91/120 [00:40<00:12,  2.30it/s]
train:  77%|███████▋  | 92/120 [00:40<00:10,  2.76it/s]
train:  78%|███████▊  | 93/120 [00:41<00:12,  2.13it/s]
train:  78%|███████▊  | 94/120 [00:41<00:09,  2.64it/s]
train:  79%|███████▉  | 95/120 [00:41<00:11,  2.14it/s]
train:  80%|████████  | 96/120 [00:42<00:08,  2.72it/s]
train:  81%|████████  | 97/120 [00:42<00:10,  2.13it/s]
train:  82%|████████▏ | 98/120 [00:42<00:08,  2.72it/s]
train:  82%|████████▎ | 99/120 [00:43<00:09,  2.13it/s]
train:  83%|████████▎ | 100/120 [00:43<00:07,  2.75it/s]
train:  84%|████████▍ | 101/120 [00:44<00:08,  2.12it/s]
train:  86%|████████▌ | 103/120 [00:45<00:07,  2.25it/s]
train:  88%|████████▊ | 105/120 [00:46<00:06,  2.32it/s]
train:  88%|████████▊ | 106/120 [00:46<00:05,  2.77it/s]
train:  89%|████████▉ | 107/120 [00:46<00:05,  2.24it/s]
train:  90%|█████████ | 108/120 [00:47<00:04,  2.79it/s]
train:  91%|█████████ | 109/120 [00:47<00:05,  2.17it/s]
train:  92%|█████████▏| 110/120 [00:47<00:03,  2.73it/s]
train:  92%|█████████▎| 111/120 [00:48<00:04,  2.15it/s]
train:  94%|█████████▍| 113/120 [00:49<00:03,  2.29it/s]
train:  96%|█████████▌| 115/120 [00:50<00:02,  2.27it/s]
train:  97%|█████████▋| 116/120 [00:50<00:01,  2.70it/s]
train:  98%|█████████▊| 117/120 [00:52<00:02,  1.30it/s]
train:  98%|█████████▊| 118/120 [00:52<00:01,  1.65it/s]
train:  99%|█████████▉| 119/120 [00:53<00:00,  1.60it/s]
train: 100%|██████████| 120/120 [00:53<00:00,  2.06it/s]
                                                        

eval:   0%|          | 0/30 [00:00<?, ?it/s]
eval:   3%|▎         | 1/30 [00:00<00:25,  1.16it/s]
eval:  10%|█         | 3/30 [00:01<00:14,  1.92it/s]
eval:  17%|█▋        | 5/30 [00:02<00:11,  2.12it/s]
eval:  23%|██▎       | 7/30 [00:03<00:09,  2.31it/s]
eval:  30%|███       | 9/30 [00:04<00:08,  2.39it/s]
eval:  37%|███▋      | 11/30 [00:04<00:07,  2.45it/s]
eval:  43%|████▎     | 13/30 [00:05<00:06,  2.47it/s]
eval:  50%|█████     | 15/30 [00:06<00:06,  2.48it/s]
eval:  57%|█████▋    | 17/30 [00:07<00:05,  2.49it/s]
eval:  63%|██████▎   | 19/30 [00:07<00:04,  2.53it/s]
eval:  70%|███████   | 21/30 [00:08<00:03,  2.56it/s]
eval:  77%|███████▋  | 23/30 [00:09<00:02,  2.54it/s]
eval:  83%|████████▎ | 25/30 [00:10<00:01,  2.50it/s]
eval:  90%|█████████ | 27/30 [00:11<00:01,  2.54it/s]
eval:  97%|█████████▋| 29/30 [00:11<00:00,  2.56it/s]
                                                     
Epoch 20 | stage 2 | train loss 0.2277 (cls 0.2277, ctr 0.0000) acc 0.9156 f1 0.9139 | val loss 1.6847 (cls 1.6847, ctr 0.0000) acc 0.7167 f1 0.6949 | lr [1.08e-04, 3.58e-06, 3.58e-06]

train:   0%|          | 0/120 [00:00<?, ?it/s]
train:   1%|          | 1/120 [00:00<01:50,  1.08it/s]
train:   2%|▎         | 3/120 [00:01<01:05,  1.80it/s]
train:   3%|▎         | 4/120 [00:01<00:46,  2.50it/s]
train:   4%|▍         | 5/120 [00:02<00:58,  1.98it/s]
train:   5%|▌         | 6/120 [00:02<00:43,  2.64it/s]
train:   6%|▌         | 7/120 [00:03<00:53,  2.11it/s]
train:   7%|▋         | 8/120 [00:03<00:40,  2.78it/s]
train:   8%|▊         | 9/120 [00:04<00:51,  2.15it/s]
train:   8%|▊         | 10/120 [00:04<00:39,  2.81it/s]
train:   9%|▉         | 11/120 [00:05<00:52,  2.08it/s]
train:  10%|█         | 12/120 [00:05<00:39,  2.73it/s]
train:  11%|█         | 13/120 [00:05<00:50,  2.10it/s]
train:  12%|█▏        | 14/120 [00:06<00:38,  2.75it/s]
train:  12%|█▎        | 15/120 [00:06<00:52,  2.01it/s]
train:  13%|█▎        | 16/120 [00:06<00:39,  2.63it/s]
train:  14%|█▍        | 17/120 [00:07<00:48,  2.11it/s]
train:  16%|█▌        | 19/120 [00:08<00:45,  2.20it/s]
train:  17%|█▋        | 20/120 [00:08<00:36,  2.71it/s]
train:  18%|█▊        | 21/120 [00:09<00:44,  2.23it/s]
train:  18%|█▊        | 22/120 [00:09<00:34,  2.82it/s]
train:  19%|█▉        | 23/120 [00:10<00:45,  2.12it/s]
train:  20%|██        | 24/120 [00:10<00:35,  2.69it/s]
train:  21%|██        | 25/120 [00:10<00:44,  2.14it/s]
train:  22%|██▎       | 27/120 [00:11<00:40,  2.29it/s]
train:  23%|██▎       | 28/120 [00:11<00:32,  2.80it/s]
train:  24%|██▍       | 29/120 [00:12<00:40,  2.23it/s]
train:  25%|██▌       | 30/120 [00:12<00:32,  2.79it/s]
train:  26%|██▌       | 31/120 [00:13<00:42,  2.07it/s]
train:  27%|██▋       | 32/120 [00:13<00:33,  2.66it/s]
train:  28%|██▊       | 33/120 [00:14<00:42,  2.04it/s]
train:  28%|██▊       | 34/120 [00:14<00:32,  2.63it/s]
train:  29%|██▉       | 35/120 [00:15<00:41,  2.05it/s]
train:  30%|███       | 36/120 [00:15<00:31,  2.66it/s]
train:  31%|███       | 37/120 [00:16<00:40,  2.05it/s]
train:  32%|███▎      | 39/120 [00:16<00:37,  2.18it/s]
train:  33%|███▎      | 40/120 [00:17<00:29,  2.69it/s]
train:  34%|███▍      | 41/120 [00:17<00:37,  2.12it/s]
train:  35%|███▌      | 42/120 [00:17<00:29,  2.68it/s]
train:  36%|███▌      | 43/120 [00:18<00:35,  2.16it/s]
train:  37%|███▋      | 44/120 [00:20<00:59,  1.27it/s]
train:  38%|███▊      | 45/120 [00:21<01:00,  1.24it/s]
train:  38%|███▊      | 46/120 [00:21<00:44,  1.66it/s]
train:  39%|███▉      | 47/120 [00:21<00:46,  1.57it/s]
train:  41%|████      | 49/120 [00:22<00:39,  1.79it/s]
train:  42%|████▎     | 51/120 [00:23<00:34,  1.97it/s]
train:  43%|████▎     | 52/120 [00:23<00:28,  2.37it/s]
train:  44%|████▍     | 53/120 [00:24<00:33,  2.00it/s]
train:  45%|████▌     | 54/120 [00:24<00:26,  2.48it/s]
train:  46%|████▌     | 55/120 [00:25<00:32,  1.98it/s]
train:  47%|████▋     | 56/120 [00:25<00:25,  2.52it/s]
train:  48%|████▊     | 57/120 [00:26<00:32,  1.96it/s]
train:  48%|████▊     | 58/120 [00:26<00:24,  2.53it/s]
train:  49%|████▉     | 59/120 [00:27<00:32,  1.89it/s]
train:  50%|█████     | 60/120 [00:27<00:24,  2.47it/s]
train:  51%|█████     | 61/120 [00:28<00:30,  1.95it/s]
train:  52%|█████▏    | 62/120 [00:28<00:23,  2.52it/s]
train:  52%|█████▎    | 63/120 [00:29<00:28,  2.03it/s]
train:  53%|█████▎    | 64/120 [00:29<00:21,  2.63it/s]
train:  54%|█████▍    | 65/120 [00:29<00:25,  2.15it/s]
train:  56%|█████▌    | 67/120 [00:30<00:22,  2.33it/s]
train:  57%|█████▋    | 68/120 [00:30<00:18,  2.87it/s]
train:  57%|█████▊    | 69/120 [00:31<00:22,  2.23it/s]
train:  58%|█████▊    | 70/120 [00:31<00:17,  2.81it/s]
train:  59%|█████▉    | 71/120 [00:32<00:22,  2.22it/s]
train:  60%|██████    | 72/120 [00:32<00:16,  2.85it/s]
train:  61%|██████    | 73/120 [00:33<00:20,  2.25it/s]
train:  62%|██████▏   | 74/120 [00:33<00:15,  2.90it/s]
train:  62%|██████▎   | 75/120 [00:33<00:19,  2.29it/s]
train:  64%|██████▍   | 77/120 [00:34<00:18,  2.37it/s]
train:  65%|██████▌   | 78/120 [00:34<00:14,  2.88it/s]
train:  66%|██████▌   | 79/120 [00:35<00:17,  2.31it/s]
train:  67%|██████▋   | 80/120 [00:35<00:13,  2.89it/s]
train:  68%|██████▊   | 81/120 [00:36<00:19,  2.04it/s]
train:  68%|██████▊   | 82/120 [00:36<00:14,  2.61it/s]
train:  69%|██████▉   | 83/120 [00:37<00:17,  2.16it/s]
train:  70%|███████   | 84/120 [00:37<00:12,  2.77it/s]
train:  71%|███████   | 85/120 [00:37<00:16,  2.16it/s]
train:  72%|███████▏  | 86/120 [00:38<00:12,  2.80it/s]
train:  72%|███████▎  | 87/120 [00:38<00:16,  2.03it/s]
train:  73%|███████▎  | 88/120 [00:38<00:12,  2.63it/s]
train:  74%|███████▍  | 89/120 [00:39<00:15,  2.04it/s]
train:  76%|███████▌  | 91/120 [00:40<00:13,  2.19it/s]
train:  78%|███████▊  | 93/120 [00:41<00:12,  2.23it/s]
train:  78%|███████▊  | 94/120 [00:41<00:09,  2.67it/s]
train:  79%|███████▉  | 95/120 [00:42<00:11,  2.18it/s]
train:  80%|████████  | 96/120 [00:42<00:08,  2.69it/s]
train:  81%|████████  | 97/120 [00:43<00:10,  2.18it/s]
train:  82%|████████▏ | 98/120 [00:43<00:07,  2.78it/s]
train:  82%|████████▎ | 99/120 [00:43<00:10,  2.08it/s]
train:  83%|████████▎ | 100/120 [00:44<00:07,  2.67it/s]
train:  84%|████████▍ | 101/120 [00:44<00:09,  2.04it/s]
train:  85%|████████▌ | 102/120 [00:44<00:06,  2.65it/s]
train:  86%|████████▌ | 103/120 [00:45<00:08,  2.10it/s]
train:  88%|████████▊ | 105/120 [00:46<00:06,  2.17it/s]
train:  89%|████████▉ | 107/120 [00:47<00:05,  2.24it/s]
train:  90%|█████████ | 108/120 [00:47<00:04,  2.68it/s]
train:  91%|█████████ | 109/120 [00:48<00:05,  2.18it/s]
train:  92%|█████████▎| 111/120 [00:49<00:04,  2.24it/s]
train:  93%|█████████▎| 112/120 [00:49<00:02,  2.69it/s]
train:  94%|█████████▍| 113/120 [00:49<00:03,  2.18it/s]
train:  95%|█████████▌| 114/120 [00:50<00:02,  2.70it/s]
train:  96%|█████████▌| 115/120 [00:50<00:02,  2.07it/s]
train:  98%|█████████▊| 117/120 [00:51<00:01,  2.17it/s]
train:  99%|█████████▉| 119/120 [00:53<00:00,  1.42it/s]
train: 100%|██████████| 120/120 [00:54<00:00,  1.73it/s]
                                                        

eval:   0%|          | 0/30 [00:00<?, ?it/s]
eval:   3%|▎         | 1/30 [00:00<00:25,  1.13it/s]
eval:  10%|█         | 3/30 [00:01<00:14,  1.87it/s]
eval:  17%|█▋        | 5/30 [00:02<00:12,  2.05it/s]
eval:  23%|██▎       | 7/30 [00:03<00:10,  2.22it/s]
eval:  30%|███       | 9/30 [00:04<00:09,  2.31it/s]
eval:  37%|███▋      | 11/30 [00:04<00:07,  2.38it/s]
eval:  43%|████▎     | 13/30 [00:05<00:07,  2.41it/s]
eval:  50%|█████     | 15/30 [00:06<00:06,  2.42it/s]
eval:  57%|█████▋    | 17/30 [00:07<00:05,  2.40it/s]
eval:  63%|██████▎   | 19/30 [00:08<00:04,  2.45it/s]
eval:  70%|███████   | 21/30 [00:08<00:03,  2.52it/s]
eval:  77%|███████▋  | 23/30 [00:09<00:02,  2.56it/s]
eval:  83%|████████▎ | 25/30 [00:10<00:01,  2.55it/s]
eval:  90%|█████████ | 27/30 [00:11<00:01,  2.61it/s]
eval:  97%|█████████▋| 29/30 [00:11<00:00,  2.66it/s]
                                                     
Epoch 21 | stage 2 | train loss 0.3080 (cls 0.3080, ctr 0.0000) acc 0.8896 f1 0.8904 | val loss 1.7065 (cls 1.7065, ctr 0.0000) acc 0.7208 f1 0.6897 | lr [9.27e-05, 3.09e-06, 3.09e-06]

train:   0%|          | 0/120 [00:00<?, ?it/s]
train:   1%|          | 1/120 [00:00<01:43,  1.15it/s]
train:   2%|▎         | 3/120 [00:01<01:01,  1.90it/s]
train:   3%|▎         | 4/120 [00:01<00:44,  2.61it/s]
train:   4%|▍         | 5/120 [00:02<00:55,  2.09it/s]
train:   5%|▌         | 6/120 [00:02<00:40,  2.79it/s]
train:   6%|▌         | 7/120 [00:03<00:55,  2.03it/s]
train:   8%|▊         | 9/120 [00:04<00:52,  2.13it/s]
train:   9%|▉         | 11/120 [00:05<00:49,  2.20it/s]
train:  11%|█         | 13/120 [00:05<00:47,  2.27it/s]
train:  12%|█▏        | 14/120 [00:06<00:39,  2.70it/s]
train:  12%|█▎        | 15/120 [00:06<00:48,  2.15it/s]
train:  14%|█▍        | 17/120 [00:07<00:45,  2.26it/s]
train:  15%|█▌        | 18/120 [00:07<00:37,  2.71it/s]
train:  16%|█▌        | 19/120 [00:08<00:45,  2.20it/s]
train:  17%|█▋        | 20/120 [00:08<00:36,  2.72it/s]
train:  18%|█▊        | 21/120 [00:09<00:46,  2.13it/s]
train:  18%|█▊        | 22/120 [00:09<00:36,  2.70it/s]
train:  19%|█▉        | 23/120 [00:10<00:46,  2.07it/s]
train:  20%|██        | 24/120 [00:10<00:36,  2.66it/s]
train:  21%|██        | 25/120 [00:11<00:45,  2.07it/s]
train:  22%|██▏       | 26/120 [00:11<00:35,  2.68it/s]
train:  22%|██▎       | 27/120 [00:11<00:44,  2.07it/s]
train:  23%|██▎       | 28/120 [00:12<00:33,  2.71it/s]
train:  24%|██▍       | 29/120 [00:12<00:43,  2.08it/s]
train:  25%|██▌       | 30/120 [00:12<00:33,  2.68it/s]
train:  26%|██▌       | 31/120 [00:13<00:42,  2.08it/s]
train:  27%|██▋       | 32/120 [00:13<00:32,  2.70it/s]
train:  28%|██▊       | 33/120 [00:14<00:42,  2.04it/s]
train:  29%|██▉       | 35/120 [00:15<00:39,  2.17it/s]
train:  30%|███       | 36/120 [00:15<00:31,  2.67it/s]
train:  31%|███       | 37/120 [00:16<00:37,  2.22it/s]
train:  32%|███▎      | 39/120 [00:17<00:36,  2.22it/s]
train:  33%|███▎      | 40/120 [00:17<00:29,  2.69it/s]
train:  34%|███▍      | 41/120 [00:17<00:36,  2.14it/s]
train:  35%|███▌      | 42/120 [00:18<00:29,  2.67it/s]
train:  36%|███▌      | 43/120 [00:18<00:36,  2.10it/s]
train:  37%|███▋      | 44/120 [00:18<00:28,  2.67it/s]
train:  38%|███▊      | 45/120 [00:19<00:36,  2.03it/s]
train:  38%|███▊      | 46/120 [00:19<00:28,  2.63it/s]
train:  39%|███▉      | 47/120 [00:20<00:35,  2.06it/s]
train:  40%|████      | 48/120 [00:20<00:27,  2.66it/s]
train:  41%|████      | 49/120 [00:21<00:35,  2.01it/s]
train:  42%|████▏     | 50/120 [00:21<00:26,  2.60it/s]
train:  42%|████▎     | 51/120 [00:22<00:35,  1.95it/s]
train:  43%|████▎     | 52/120 [00:22<00:26,  2.52it/s]
train:  44%|████▍     | 53/120 [00:23<00:33,  1.97it/s]
train:  45%|████▌     | 54/120 [00:23<00:25,  2.57it/s]
train:  46%|████▌     | 55/120 [00:24<00:31,  2.05it/s]
train:  47%|████▋     | 56/120 [00:24<00:24,  2.66it/s]
train:  48%|████▊     | 57/120 [00:24<00:31,  1.98it/s]
train:  49%|████▉     | 59/120 [00:25<00:29,  2.10it/s]
train:  50%|█████     | 60/120 [00:25<00:23,  2.59it/s]
train:  51%|█████     | 61/120 [00:26<00:29,  2.03it/s]
train:  52%|█████▏    | 62/120 [00:26<00:22,  2.54it/s]
train:  52%|█████▎    | 63/120 [00:27<00:27,  2.08it/s]
train:  54%|█████▍    | 65/120 [00:28<00:24,  2.22it/s]
train:  55%|█████▌    | 66/120 [00:28<00:19,  2.70it/s]
train:  56%|█████▌    | 67/120 [00:29<00:26,  2.02it/s]
train:  57%|█████▊    | 69/120 [00:30<00:24,  2.11it/s]
train:  58%|█████▊    | 70/120 [00:30<00:19,  2.58it/s]
train:  59%|█████▉    | 71/120 [00:31<00:22,  2.17it/s]
train:  60%|██████    | 72/120 [00:31<00:17,  2.70it/s]
train:  61%|██████    | 73/120 [00:31<00:22,  2.11it/s]
train:  62%|██████▏   | 74/120 [00:32<00:17,  2.66it/s]
train:  62%|██████▎   | 75/120 [00:32<00:21,  2.05it/s]
train:  63%|██████▎   | 76/120 [00:32<00:16,  2.62it/s]
train:  64%|██████▍   | 77/120 [00:33<00:21,  2.01it/s]
train:  65%|██████▌   | 78/120 [00:33<00:16,  2.62it/s]
train:  66%|██████▌   | 79/120 [00:34<00:19,  2.08it/s]
train:  67%|██████▋   | 80/120 [00:34<00:14,  2.71it/s]
train:  68%|██████▊   | 81/120 [00:36<00:36,  1.06it/s]
train:  68%|██████▊   | 82/120 [00:37<00:26,  1.45it/s]
train:  69%|██████▉   | 83/120 [00:37<00:27,  1.37it/s]
train:  70%|███████   | 84/120 [00:37<00:19,  1.83it/s]
train:  71%|███████   | 85/120 [00:38<00:21,  1.60it/s]
train:  72%|███████▏  | 86/120 [00:38<00:16,  2.10it/s]
train:  72%|███████▎  | 87/120 [00:39<00:19,  1.72it/s]
train:  73%|███████▎  | 88/120 [00:39<00:14,  2.25it/s]
train:  74%|███████▍  | 89/120 [00:40<00:17,  1.77it/s]
train:  75%|███████▌  | 90/120 [00:40<00:13,  2.31it/s]
train:  76%|███████▌  | 91/120 [00:41<00:16,  1.81it/s]
train:  77%|███████▋  | 92/120 [00:41<00:11,  2.35it/s]
train:  78%|███████▊  | 93/120 [00:42<00:14,  1.85it/s]
train:  79%|███████▉  | 95/120 [00:43<00:12,  1.96it/s]
train:  80%|████████  | 96/120 [00:43<00:09,  2.43it/s]
train:  81%|████████  | 97/120 [00:44<00:11,  1.94it/s]
train:  82%|████████▏ | 98/120 [00:44<00:08,  2.46it/s]
train:  82%|████████▎ | 99/120 [00:45<00:11,  1.90it/s]
train:  83%|████████▎ | 100/120 [00:45<00:08,  2.41it/s]
train:  84%|████████▍ | 101/120 [00:46<00:09,  1.91it/s]
train:  86%|████████▌ | 103/120 [00:47<00:07,  2.15it/s]
train:  87%|████████▋ | 104/120 [00:47<00:06,  2.65it/s]
train:  88%|████████▊ | 105/120 [00:47<00:06,  2.17it/s]
train:  89%|████████▉ | 107/120 [00:48<00:05,  2.22it/s]
train:  90%|█████████ | 108/120 [00:48<00:04,  2.70it/s]
train:  91%|█████████ | 109/120 [00:49<00:04,  2.25it/s]
train:  92%|█████████▏| 110/120 [00:49<00:03,  2.82it/s]
train:  92%|█████████▎| 111/120 [00:50<00:04,  2.12it/s]
train:  93%|█████████▎| 112/120 [00:50<00:02,  2.69it/s]
train:  94%|█████████▍| 113/120 [00:51<00:03,  2.21it/s]
train:  96%|█████████▌| 115/120 [00:52<00:02,  2.37it/s]
train:  97%|█████████▋| 116/120 [00:52<00:01,  2.89it/s]
train:  98%|█████████▊| 117/120 [00:52<00:01,  2.27it/s]
train:  99%|█████████▉| 119/120 [00:53<00:00,  2.45it/s]
train: 100%|██████████| 120/120 [00:53<00:00,  2.95it/s]
                                                        

eval:   0%|          | 0/30 [00:00<?, ?it/s]
eval:   3%|▎         | 1/30 [00:00<00:23,  1.22it/s]
eval:  10%|█         | 3/30 [00:01<00:13,  2.03it/s]
eval:  17%|█▋        | 5/30 [00:02<00:11,  2.22it/s]
eval:  23%|██▎       | 7/30 [00:03<00:09,  2.43it/s]
eval:  30%|███       | 9/30 [00:03<00:08,  2.51it/s]
eval:  37%|███▋      | 11/30 [00:04<00:07,  2.60it/s]
eval:  43%|████▎     | 13/30 [00:05<00:06,  2.61it/s]
eval:  50%|█████     | 15/30 [00:06<00:05,  2.63it/s]
eval:  57%|█████▋    | 17/30 [00:06<00:04,  2.62it/s]
eval:  63%|██████▎   | 19/30 [00:07<00:04,  2.66it/s]
eval:  70%|███████   | 21/30 [00:08<00:03,  2.65it/s]
eval:  77%|███████▋  | 23/30 [00:09<00:02,  2.59it/s]
eval:  83%|████████▎ | 25/30 [00:10<00:02,  2.50it/s]
eval:  90%|█████████ | 27/30 [00:10<00:01,  2.54it/s]
eval:  97%|█████████▋| 29/30 [00:11<00:00,  2.54it/s]
                                                     
Epoch 22 | stage 2 | train loss 0.4003 (cls 0.4003, ctr 0.0000) acc 0.8417 f1 0.8475 | val loss 1.4312 (cls 1.4312, ctr 0.0000) acc 0.7625 f1 0.7385 | lr [7.89e-05, 2.63e-06, 2.63e-06]

train:   0%|          | 0/120 [00:00<?, ?it/s]
train:   1%|          | 1/120 [00:01<01:59,  1.00s/it]
train:   2%|▎         | 3/120 [00:01<01:05,  1.77it/s]
train:   3%|▎         | 4/120 [00:01<00:47,  2.46it/s]
train:   4%|▍         | 5/120 [00:02<01:02,  1.84it/s]
train:   5%|▌         | 6/120 [00:02<00:46,  2.47it/s]
train:   6%|▌         | 7/120 [00:03<00:56,  2.00it/s]
train:   7%|▋         | 8/120 [00:03<00:42,  2.63it/s]
train:   8%|▊         | 9/120 [00:05<01:30,  1.23it/s]
train:   8%|▊         | 10/120 [00:05<01:06,  1.66it/s]
train:   9%|▉         | 11/120 [00:06<01:10,  1.55it/s]
train:  10%|█         | 12/120 [00:06<00:52,  2.06it/s]
train:  11%|█         | 13/120 [00:07<01:00,  1.75it/s]
train:  12%|█▏        | 14/120 [00:07<00:45,  2.31it/s]
train:  12%|█▎        | 15/120 [00:08<00:55,  1.90it/s]
train:  14%|█▍        | 17/120 [00:08<00:50,  2.03it/s]
train:  16%|█▌        | 19/120 [00:09<00:47,  2.14it/s]
train:  17%|█▋        | 20/120 [00:09<00:38,  2.57it/s]
train:  18%|█▊        | 21/120 [00:10<00:47,  2.09it/s]
train:  18%|█▊        | 22/120 [00:10<00:37,  2.60it/s]
train:  19%|█▉        | 23/120 [00:11<00:47,  2.04it/s]
train:  20%|██        | 24/120 [00:11<00:37,  2.58it/s]
train:  21%|██        | 25/120 [00:12<00:47,  2.02it/s]
train:  22%|██▏       | 26/120 [00:12<00:36,  2.59it/s]
train:  22%|██▎       | 27/120 [00:13<00:46,  2.01it/s]
train:  23%|██▎       | 28/120 [00:13<00:35,  2.59it/s]
train:  24%|██▍       | 29/120 [00:14<00:44,  2.03it/s]
train:  26%|██▌       | 31/120 [00:15<00:40,  2.20it/s]
train:  28%|██▊       | 33/120 [00:15<00:36,  2.37it/s]
train:  28%|██▊       | 34/120 [00:15<00:30,  2.84it/s]
train:  29%|██▉       | 35/120 [00:16<00:38,  2.21it/s]
train:  30%|███       | 36/120 [00:16<00:30,  2.73it/s]
train:  31%|███       | 37/120 [00:17<00:36,  2.25it/s]
train:  32%|███▏      | 38/120 [00:17<00:28,  2.85it/s]
train:  32%|███▎      | 39/120 [00:18<00:37,  2.14it/s]
train:  33%|███▎      | 40/120 [00:18<00:29,  2.75it/s]
train:  34%|███▍      | 41/120 [00:19<00:37,  2.12it/s]
train:  36%|███▌      | 43/120 [00:19<00:33,  2.33it/s]
train:  37%|███▋      | 44/120 [00:20<00:26,  2.84it/s]
train:  38%|███▊      | 45/120 [00:20<00:33,  2.21it/s]
train:  38%|███▊      | 46/120 [00:20<00:26,  2.78it/s]
train:  39%|███▉      | 47/120 [00:21<00:33,  2.15it/s]
train:  40%|████      | 48/120 [00:21<00:26,  2.76it/s]
train:  41%|████      | 49/120 [00:22<00:34,  2.04it/s]
train:  42%|████▏     | 50/120 [00:22<00:26,  2.62it/s]
train:  42%|████▎     | 51/120 [00:23<00:33,  2.09it/s]
train:  43%|████▎     | 52/120 [00:23<00:25,  2.71it/s]
train:  44%|████▍     | 53/120 [00:24<00:30,  2.16it/s]
train:  45%|████▌     | 54/120 [00:24<00:23,  2.78it/s]
train:  46%|████▌     | 55/120 [00:25<00:31,  2.10it/s]
train:  47%|████▋     | 56/120 [00:25<00:23,  2.73it/s]
train:  48%|████▊     | 57/120 [00:25<00:29,  2.13it/s]
train:  49%|████▉     | 59/120 [00:26<00:28,  2.17it/s]
train:  50%|█████     | 60/120 [00:26<00:22,  2.68it/s]
train:  51%|█████     | 61/120 [00:27<00:27,  2.12it/s]
train:  52%|█████▏    | 62/120 [00:27<00:21,  2.67it/s]
train:  52%|█████▎    | 63/120 [00:28<00:27,  2.06it/s]
train:  53%|█████▎    | 64/120 [00:28<00:21,  2.64it/s]
train:  54%|█████▍    | 65/120 [00:29<00:26,  2.09it/s]
train:  55%|█████▌    | 66/120 [00:29<00:20,  2.69it/s]
train:  56%|█████▌    | 67/120 [00:30<00:26,  1.98it/s]
train:  57%|█████▋    | 68/120 [00:30<00:20,  2.55it/s]
train:  57%|█████▊    | 69/120 [00:31<00:25,  1.96it/s]
train:  59%|█████▉    | 71/120 [00:32<00:23,  2.08it/s]
train:  60%|██████    | 72/120 [00:32<00:18,  2.55it/s]
train:  61%|██████    | 73/120 [00:32<00:22,  2.06it/s]
train:  62%|██████▏   | 74/120 [00:33<00:17,  2.60it/s]
train:  62%|██████▎   | 75/120 [00:33<00:21,  2.06it/s]
train:  63%|██████▎   | 76/120 [00:33<00:16,  2.63it/s]
train:  64%|██████▍   | 77/120 [00:34<00:20,  2.15it/s]
train:  65%|██████▌   | 78/120 [00:34<00:15,  2.75it/s]
train:  66%|██████▌   | 79/120 [00:35<00:20,  2.01it/s]
train:  68%|██████▊   | 81/120 [00:36<00:18,  2.12it/s]
train:  69%|██████▉   | 83/120 [00:38<00:25,  1.47it/s]
train:  70%|███████   | 84/120 [00:38<00:19,  1.80it/s]
train:  71%|███████   | 85/120 [00:39<00:21,  1.66it/s]
train:  72%|███████▏  | 86/120 [00:39<00:16,  2.09it/s]
train:  72%|███████▎  | 87/120 [00:40<00:17,  1.84it/s]
train:  73%|███████▎  | 88/120 [00:40<00:13,  2.35it/s]
train:  74%|███████▍  | 89/120 [00:41<00:16,  1.89it/s]
train:  75%|███████▌  | 90/120 [00:41<00:12,  2.45it/s]
train:  76%|███████▌  | 91/120 [00:41<00:14,  1.99it/s]
train:  77%|███████▋  | 92/120 [00:41<00:10,  2.56it/s]
train:  78%|███████▊  | 93/120 [00:42<00:13,  1.98it/s]
train:  78%|███████▊  | 94/120 [00:42<00:10,  2.58it/s]
train:  79%|███████▉  | 95/120 [00:43<00:13,  1.91it/s]
train:  81%|████████  | 97/120 [00:44<00:11,  2.06it/s]
train:  82%|████████▎ | 99/120 [00:45<00:09,  2.15it/s]
train:  83%|████████▎ | 100/120 [00:45<00:07,  2.57it/s]
train:  84%|████████▍ | 101/120 [00:46<00:09,  2.05it/s]
train:  85%|████████▌ | 102/120 [00:46<00:07,  2.56it/s]
train:  86%|████████▌ | 103/120 [00:47<00:08,  2.03it/s]
train:  87%|████████▋ | 104/120 [00:47<00:06,  2.59it/s]
train:  88%|████████▊ | 105/120 [00:48<00:07,  2.09it/s]
train:  89%|████████▉ | 107/120 [00:48<00:05,  2.23it/s]
train:  91%|█████████ | 109/120 [00:49<00:04,  2.36it/s]
train:  92%|█████████▎| 111/120 [00:50<00:03,  2.35it/s]
train:  93%|█████████▎| 112/120 [00:50<00:02,  2.77it/s]
train:  94%|█████████▍| 113/120 [00:51<00:03,  2.24it/s]
train:  96%|█████████▌| 115/120 [00:52<00:02,  2.34it/s]
train:  98%|█████████▊| 117/120 [00:52<00:01,  2.44it/s]
train:  99%|█████████▉| 119/120 [00:53<00:00,  2.48it/s]
                                                        

eval:   0%|          | 0/30 [00:00<?, ?it/s]
eval:   3%|▎         | 1/30 [00:00<00:24,  1.17it/s]
eval:  10%|█         | 3/30 [00:01<00:14,  1.90it/s]
eval:  17%|█▋        | 5/30 [00:02<00:12,  2.07it/s]
eval:  23%|██▎       | 7/30 [00:03<00:10,  2.24it/s]
eval:  30%|███       | 9/30 [00:04<00:08,  2.35it/s]
eval:  37%|███▋      | 11/30 [00:04<00:07,  2.43it/s]
eval:  43%|████▎     | 13/30 [00:05<00:06,  2.45it/s]
eval:  50%|█████     | 15/30 [00:06<00:06,  2.46it/s]
eval:  57%|█████▋    | 17/30 [00:07<00:05,  2.46it/s]
eval:  63%|██████▎   | 19/30 [00:08<00:04,  2.50it/s]
eval:  70%|███████   | 21/30 [00:08<00:03,  2.53it/s]
eval:  77%|███████▋  | 23/30 [00:09<00:02,  2.48it/s]
eval:  83%|████████▎ | 25/30 [00:10<00:02,  2.42it/s]
eval:  90%|█████████ | 27/30 [00:11<00:01,  2.47it/s]
eval:  97%|█████████▋| 29/30 [00:12<00:00,  2.49it/s]
                                                     
Epoch 23 | stage 2 | train loss 0.3380 (cls 0.3380, ctr 0.0000) acc 0.8698 f1 0.8735 | val loss 1.4139 (cls 1.4139, ctr 0.0000) acc 0.7375 f1 0.7168 | lr [6.66e-05, 2.22e-06, 2.22e-06]

train:   0%|          | 0/120 [00:00<?, ?it/s]
train:   1%|          | 1/120 [00:00<01:47,  1.10it/s]
train:   2%|▏         | 2/120 [00:01<00:51,  2.30it/s]
train:   2%|▎         | 3/120 [00:01<01:08,  1.70it/s]
train:   4%|▍         | 5/120 [00:02<00:58,  1.96it/s]
train:   5%|▌         | 6/120 [00:02<00:45,  2.52it/s]
train:   6%|▌         | 7/120 [00:03<00:58,  1.93it/s]
train:   7%|▋         | 8/120 [00:03<00:44,  2.52it/s]
train:   8%|▊         | 9/120 [00:05<01:28,  1.25it/s]
train:   8%|▊         | 10/120 [00:05<01:05,  1.68it/s]
train:   9%|▉         | 11/120 [00:06<01:10,  1.54it/s]
train:  10%|█         | 12/120 [00:06<00:52,  2.04it/s]
train:  11%|█         | 13/120 [00:07<01:00,  1.78it/s]
train:  12%|█▏        | 14/120 [00:07<00:45,  2.33it/s]
train:  12%|█▎        | 15/120 [00:08<00:54,  1.92it/s]
train:  14%|█▍        | 17/120 [00:08<00:49,  2.08it/s]
train:  16%|█▌        | 19/120 [00:09<00:46,  2.15it/s]
train:  17%|█▋        | 20/120 [00:09<00:38,  2.58it/s]
train:  18%|█▊        | 21/120 [00:10<00:47,  2.09it/s]
train:  18%|█▊        | 22/120 [00:10<00:37,  2.59it/s]
train:  19%|█▉        | 23/120 [00:11<00:47,  2.04it/s]
train:  21%|██        | 25/120 [00:12<00:44,  2.12it/s]
train:  22%|██▏       | 26/120 [00:12<00:36,  2.60it/s]
train:  22%|██▎       | 27/120 [00:13<00:44,  2.07it/s]
train:  23%|██▎       | 28/120 [00:13<00:35,  2.61it/s]
train:  24%|██▍       | 29/120 [00:14<00:44,  2.06it/s]
train:  26%|██▌       | 31/120 [00:15<00:39,  2.25it/s]
train:  27%|██▋       | 32/120 [00:15<00:32,  2.74it/s]
train:  28%|██▊       | 33/120 [00:15<00:38,  2.24it/s]
train:  29%|██▉       | 35/120 [00:16<00:37,  2.26it/s]
train:  30%|███       | 36/120 [00:16<00:30,  2.73it/s]
train:  31%|███       | 37/120 [00:17<00:35,  2.31it/s]
train:  32%|███▎      | 39/120 [00:18<00:34,  2.36it/s]
train:  33%|███▎      | 40/120 [00:18<00:28,  2.84it/s]
train:  34%|███▍      | 41/120 [00:19<00:35,  2.25it/s]
train:  36%|███▌      | 43/120 [00:19<00:32,  2.34it/s]
train:  37%|███▋      | 44/120 [00:20<00:27,  2.81it/s]
train:  38%|███▊      | 45/120 [00:20<00:33,  2.22it/s]
train:  38%|███▊      | 46/120 [00:20<00:26,  2.76it/s]
train:  39%|███▉      | 47/120 [00:21<00:35,  2.05it/s]
train:  40%|████      | 48/120 [00:21<00:27,  2.61it/s]
train:  41%|████      | 49/120 [00:22<00:34,  2.08it/s]
train:  42%|████▏     | 50/120 [00:22<00:26,  2.67it/s]
train:  42%|████▎     | 51/120 [00:23<00:33,  2.06it/s]
train:  44%|████▍     | 53/120 [00:24<00:30,  2.20it/s]
train:  45%|████▌     | 54/120 [00:24<00:24,  2.70it/s]
train:  46%|████▌     | 55/120 [00:25<00:30,  2.12it/s]
train:  47%|████▋     | 56/120 [00:25<00:23,  2.69it/s]
train:  48%|████▊     | 57/120 [00:25<00:29,  2.12it/s]
train:  49%|████▉     | 59/120 [00:26<00:27,  2.20it/s]
train:  50%|█████     | 60/120 [00:26<00:22,  2.69it/s]
train:  51%|█████     | 61/120 [00:27<00:27,  2.16it/s]
train:  52%|█████▎    | 63/120 [00:28<00:25,  2.21it/s]
train:  53%|█████▎    | 64/120 [00:28<00:20,  2.67it/s]
train:  54%|█████▍    | 65/120 [00:29<00:25,  2.17it/s]
train:  55%|█████▌    | 66/120 [00:29<00:20,  2.70it/s]
train:  56%|█████▌    | 67/120 [00:30<00:25,  2.12it/s]
train:  57%|█████▊    | 69/120 [00:31<00:23,  2.15it/s]
train:  59%|█████▉    | 71/120 [00:31<00:21,  2.23it/s]
train:  60%|██████    | 72/120 [00:32<00:18,  2.67it/s]
train:  61%|██████    | 73/120 [00:32<00:21,  2.18it/s]
train:  62%|██████▎   | 75/120 [00:33<00:20,  2.19it/s]
train:  63%|██████▎   | 76/120 [00:33<00:16,  2.63it/s]
train:  64%|██████▍   | 77/120 [00:34<00:19,  2.15it/s]
train:  65%|██████▌   | 78/120 [00:34<00:15,  2.69it/s]
train:  66%|██████▌   | 79/120 [00:35<00:19,  2.09it/s]
train:  67%|██████▋   | 80/120 [00:35<00:15,  2.66it/s]
train:  68%|██████▊   | 81/120 [00:36<00:18,  2.07it/s]
train:  68%|██████▊   | 82/120 [00:36<00:14,  2.67it/s]
train:  69%|██████▉   | 83/120 [00:37<00:18,  2.05it/s]
train:  70%|███████   | 84/120 [00:37<00:13,  2.65it/s]
train:  71%|███████   | 85/120 [00:39<00:28,  1.22it/s]
train:  72%|███████▏  | 86/120 [00:39<00:20,  1.64it/s]
train:  72%|███████▎  | 87/120 [00:40<00:21,  1.52it/s]
train:  73%|███████▎  | 88/120 [00:40<00:15,  2.01it/s]
train:  74%|███████▍  | 89/120 [00:40<00:18,  1.72it/s]
train:  76%|███████▌  | 91/120 [00:41<00:14,  1.99it/s]
train:  77%|███████▋  | 92/120 [00:41<00:11,  2.47it/s]
train:  78%|███████▊  | 93/120 [00:42<00:13,  1.97it/s]
train:  78%|███████▊  | 94/120 [00:42<00:10,  2.49it/s]
train:  79%|███████▉  | 95/120 [00:43<00:12,  2.01it/s]
train:  80%|████████  | 96/120 [00:43<00:09,  2.57it/s]
train:  81%|████████  | 97/120 [00:44<00:11,  2.02it/s]
train:  82%|████████▏ | 98/120 [00:44<00:08,  2.62it/s]
train:  82%|████████▎ | 99/120 [00:45<00:10,  2.07it/s]
train:  83%|████████▎ | 100/120 [00:45<00:07,  2.68it/s]
train:  84%|████████▍ | 101/120 [00:46<00:09,  2.00it/s]
train:  85%|████████▌ | 102/120 [00:46<00:06,  2.60it/s]
train:  86%|████████▌ | 103/120 [00:46<00:08,  2.10it/s]
train:  87%|████████▋ | 104/120 [00:47<00:05,  2.72it/s]
train:  88%|████████▊ | 105/120 [00:47<00:07,  2.03it/s]
train:  88%|████████▊ | 106/120 [00:47<00:05,  2.65it/s]
train:  89%|████████▉ | 107/120 [00:48<00:06,  2.08it/s]
train:  90%|█████████ | 108/120 [00:48<00:04,  2.72it/s]
train:  91%|█████████ | 109/120 [00:49<00:05,  2.09it/s]
train:  92%|█████████▎| 111/120 [00:50<00:03,  2.30it/s]
train:  94%|█████████▍| 113/120 [00:51<00:02,  2.34it/s]
train:  95%|█████████▌| 114/120 [00:51<00:02,  2.81it/s]
train:  96%|█████████▌| 115/120 [00:51<00:02,  2.33it/s]
train:  97%|█████████▋| 116/120 [00:51<00:01,  2.87it/s]
train:  98%|█████████▊| 117/120 [00:52<00:01,  2.29it/s]
train:  98%|█████████▊| 118/120 [00:52<00:00,  2.90it/s]
train:  99%|█████████▉| 119/120 [00:53<00:00,  2.20it/s]
                                                        

eval:   0%|          | 0/30 [00:00<?, ?it/s]
eval:   3%|▎         | 1/30 [00:00<00:25,  1.16it/s]
eval:  10%|█         | 3/30 [00:01<00:14,  1.88it/s]
eval:  17%|█▋        | 5/30 [00:02<00:11,  2.10it/s]
eval:  23%|██▎       | 7/30 [00:03<00:09,  2.30it/s]
eval:  30%|███       | 9/30 [00:04<00:08,  2.39it/s]
eval:  37%|███▋      | 11/30 [00:04<00:07,  2.48it/s]
eval:  43%|████▎     | 13/30 [00:05<00:06,  2.51it/s]
eval:  50%|█████     | 15/30 [00:06<00:05,  2.52it/s]
eval:  57%|█████▋    | 17/30 [00:07<00:05,  2.51it/s]
eval:  63%|██████▎   | 19/30 [00:07<00:04,  2.51it/s]
eval:  70%|███████   | 21/30 [00:08<00:03,  2.53it/s]
eval:  77%|███████▋  | 23/30 [00:09<00:02,  2.48it/s]
eval:  83%|████████▎ | 25/30 [00:10<00:02,  2.44it/s]
eval:  90%|█████████ | 27/30 [00:11<00:01,  2.47it/s]
eval:  97%|█████████▋| 29/30 [00:12<00:00,  2.51it/s]
                                                     
Epoch 24 | stage 2 | train loss 0.3083 (cls 0.3083, ctr 0.0000) acc 0.8885 f1 0.8912 | val loss 1.4677 (cls 1.4677, ctr 0.0000) acc 0.7292 f1 0.7086 | lr [5.58e-05, 1.86e-06, 1.86e-06]

train:   0%|          | 0/120 [00:00<?, ?it/s]
train:   1%|          | 1/120 [00:00<01:55,  1.03it/s]
train:   2%|▏         | 2/120 [00:01<00:55,  2.14it/s]
train:   2%|▎         | 3/120 [00:01<01:09,  1.69it/s]
train:   3%|▎         | 4/120 [00:01<00:46,  2.48it/s]
train:   4%|▍         | 5/120 [00:02<01:01,  1.86it/s]
train:   5%|▌         | 6/120 [00:02<00:44,  2.55it/s]
train:   6%|▌         | 7/120 [00:03<00:56,  2.00it/s]
train:   7%|▋         | 8/120 [00:03<00:42,  2.66it/s]
train:   8%|▊         | 9/120 [00:04<00:53,  2.07it/s]
train:   8%|▊         | 10/120 [00:04<00:40,  2.72it/s]
train:   9%|▉         | 11/120 [00:05<00:52,  2.06it/s]
train:  10%|█         | 12/120 [00:05<00:40,  2.68it/s]
train:  11%|█         | 13/120 [00:07<01:26,  1.24it/s]
train:  12%|█▏        | 14/120 [00:07<01:02,  1.68it/s]
train:  12%|█▎        | 15/120 [00:07<01:05,  1.61it/s]
train:  13%|█▎        | 16/120 [00:08<00:48,  2.13it/s]
train:  14%|█▍        | 17/120 [00:08<00:57,  1.79it/s]
train:  15%|█▌        | 18/120 [00:08<00:43,  2.36it/s]
train:  16%|█▌        | 19/120 [00:09<00:53,  1.88it/s]
train:  17%|█▋        | 20/120 [00:09<00:40,  2.46it/s]
train:  18%|█▊        | 21/120 [00:10<00:50,  1.96it/s]
train:  18%|█▊        | 22/120 [00:10<00:38,  2.56it/s]
train:  19%|█▉        | 23/120 [00:11<00:48,  2.01it/s]
train:  21%|██        | 25/120 [00:12<00:45,  2.10it/s]
train:  22%|██▏       | 26/120 [00:12<00:36,  2.59it/s]
train:  22%|██▎       | 27/120 [00:13<00:44,  2.10it/s]
train:  23%|██▎       | 28/120 [00:13<00:34,  2.66it/s]
train:  24%|██▍       | 29/120 [00:14<00:45,  2.02it/s]
train:  25%|██▌       | 30/120 [00:14<00:34,  2.59it/s]
train:  26%|██▌       | 31/120 [00:14<00:43,  2.05it/s]
train:  27%|██▋       | 32/120 [00:15<00:33,  2.66it/s]
train:  28%|██▊       | 33/120 [00:15<00:41,  2.12it/s]
train:  28%|██▊       | 34/120 [00:15<00:31,  2.73it/s]
train:  29%|██▉       | 35/120 [00:16<00:40,  2.12it/s]
train:  30%|███       | 36/120 [00:16<00:30,  2.76it/s]
train:  31%|███       | 37/120 [00:17<00:39,  2.11it/s]
train:  32%|███▏      | 38/120 [00:17<00:29,  2.74it/s]
train:  32%|███▎      | 39/120 [00:18<00:38,  2.10it/s]
train:  34%|███▍      | 41/120 [00:19<00:35,  2.20it/s]
train:  35%|███▌      | 42/120 [00:19<00:28,  2.72it/s]
train:  36%|███▌      | 43/120 [00:19<00:35,  2.18it/s]
train:  38%|███▊      | 45/120 [00:20<00:32,  2.31it/s]
train:  39%|███▉      | 47/120 [00:21<00:30,  2.38it/s]
train:  40%|████      | 48/120 [00:21<00:25,  2.82it/s]
train:  41%|████      | 49/120 [00:22<00:32,  2.18it/s]
train:  42%|████▏     | 50/120 [00:22<00:26,  2.68it/s]
train:  42%|████▎     | 51/120 [00:23<00:30,  2.23it/s]
train:  43%|████▎     | 52/120 [00:23<00:24,  2.80it/s]
train:  44%|████▍     | 53/120 [00:24<00:30,  2.17it/s]
train:  46%|████▌     | 55/120 [00:24<00:28,  2.29it/s]
train:  48%|████▊     | 57/120 [00:25<00:26,  2.37it/s]
train:  48%|████▊     | 58/120 [00:25<00:21,  2.83it/s]
train:  49%|████▉     | 59/120 [00:26<00:27,  2.24it/s]
train:  50%|█████     | 60/120 [00:26<00:21,  2.76it/s]
train:  51%|█████     | 61/120 [00:27<00:26,  2.20it/s]
train:  52%|█████▏    | 62/120 [00:27<00:20,  2.79it/s]
train:  52%|█████▎    | 63/120 [00:28<00:26,  2.12it/s]
train:  53%|█████▎    | 64/120 [00:28<00:20,  2.71it/s]
train:  54%|█████▍    | 65/120 [00:29<00:26,  2.05it/s]
train:  55%|█████▌    | 66/120 [00:29<00:20,  2.65it/s]
train:  56%|█████▌    | 67/120 [00:30<00:26,  2.03it/s]
train:  57%|█████▋    | 68/120 [00:30<00:19,  2.62it/s]
train:  57%|█████▊    | 69/120 [00:30<00:25,  1.99it/s]
train:  58%|█████▊    | 70/120 [00:31<00:19,  2.60it/s]
train:  59%|█████▉    | 71/120 [00:31<00:23,  2.09it/s]
train:  60%|██████    | 72/120 [00:31<00:17,  2.68it/s]
train:  61%|██████    | 73/120 [00:32<00:23,  2.01it/s]
train:  62%|██████▎   | 75/120 [00:33<00:20,  2.15it/s]
train:  63%|██████▎   | 76/120 [00:33<00:16,  2.63it/s]
train:  64%|██████▍   | 77/120 [00:34<00:20,  2.08it/s]
train:  65%|██████▌   | 78/120 [00:34<00:16,  2.62it/s]
train:  66%|██████▌   | 79/120 [00:35<00:19,  2.06it/s]
train:  67%|██████▋   | 80/120 [00:35<00:15,  2.65it/s]
train:  68%|██████▊   | 81/120 [00:36<00:19,  2.03it/s]
train:  68%|██████▊   | 82/120 [00:36<00:14,  2.64it/s]
train:  69%|██████▉   | 83/120 [00:37<00:18,  2.03it/s]
train:  70%|███████   | 84/120 [00:37<00:13,  2.63it/s]
train:  71%|███████   | 85/120 [00:37<00:17,  1.96it/s]
train:  72%|███████▏  | 86/120 [00:38<00:13,  2.54it/s]
train:  72%|███████▎  | 87/120 [00:39<00:27,  1.20it/s]
train:  73%|███████▎  | 88/120 [00:40<00:19,  1.62it/s]
train:  74%|███████▍  | 89/120 [00:40<00:20,  1.50it/s]
train:  75%|███████▌  | 90/120 [00:40<00:15,  1.99it/s]
train:  76%|███████▌  | 91/120 [00:41<00:16,  1.75it/s]
train:  77%|███████▋  | 92/120 [00:41<00:12,  2.30it/s]
train:  78%|███████▊  | 93/120 [00:42<00:14,  1.90it/s]
train:  79%|███████▉  | 95/120 [00:43<00:12,  2.05it/s]
train:  80%|████████  | 96/120 [00:43<00:09,  2.55it/s]
train:  81%|████████  | 97/120 [00:44<00:12,  1.90it/s]
train:  82%|████████▏ | 98/120 [00:44<00:09,  2.43it/s]
train:  82%|████████▎ | 99/120 [00:45<00:10,  2.02it/s]
train:  83%|████████▎ | 100/120 [00:45<00:07,  2.56it/s]
train:  84%|████████▍ | 101/120 [00:46<00:09,  2.02it/s]
train:  85%|████████▌ | 102/120 [00:46<00:06,  2.62it/s]
train:  86%|████████▌ | 103/120 [00:46<00:08,  2.02it/s]
train:  87%|████████▋ | 104/120 [00:47<00:06,  2.61it/s]
train:  88%|████████▊ | 105/120 [00:47<00:07,  1.98it/s]
train:  89%|████████▉ | 107/120 [00:48<00:06,  2.12it/s]
train:  90%|█████████ | 108/120 [00:48<00:04,  2.62it/s]
train:  91%|█████████ | 109/120 [00:49<00:05,  2.16it/s]
train:  92%|█████████▎| 111/120 [00:50<00:03,  2.26it/s]
train:  93%|█████████▎| 112/120 [00:50<00:02,  2.74it/s]
train:  94%|█████████▍| 113/120 [00:51<00:03,  2.16it/s]
train:  95%|█████████▌| 114/120 [00:51<00:02,  2.72it/s]
train:  96%|█████████▌| 115/120 [00:52<00:02,  2.18it/s]
train:  98%|█████████▊| 117/120 [00:52<00:01,  2.33it/s]
train:  98%|█████████▊| 118/120 [00:52<00:00,  2.85it/s]
train:  99%|█████████▉| 119/120 [00:53<00:00,  2.26it/s]
                                                        

eval:   0%|          | 0/30 [00:00<?, ?it/s]
eval:   3%|▎         | 1/30 [00:00<00:23,  1.24it/s]
eval:  10%|█         | 3/30 [00:01<00:13,  1.93it/s]
eval:  17%|█▋        | 5/30 [00:02<00:11,  2.13it/s]
eval:  23%|██▎       | 7/30 [00:03<00:09,  2.34it/s]
eval:  30%|███       | 9/30 [00:03<00:08,  2.43it/s]
eval:  37%|███▋      | 11/30 [00:04<00:07,  2.51it/s]
eval:  43%|████▎     | 13/30 [00:05<00:06,  2.53it/s]
eval:  50%|█████     | 15/30 [00:06<00:05,  2.52it/s]
eval:  57%|█████▋    | 17/30 [00:07<00:05,  2.48it/s]
eval:  63%|██████▎   | 19/30 [00:07<00:04,  2.52it/s]
eval:  70%|███████   | 21/30 [00:08<00:03,  2.52it/s]
eval:  77%|███████▋  | 23/30 [00:09<00:02,  2.50it/s]
eval:  83%|████████▎ | 25/30 [00:10<00:02,  2.45it/s]
eval:  90%|█████████ | 27/30 [00:11<00:01,  2.51it/s]
eval:  97%|█████████▋| 29/30 [00:11<00:00,  2.53it/s]
                                                     
Epoch 25 | stage 2 | train loss 0.3872 (cls 0.3872, ctr 0.0000) acc 0.8594 f1 0.8646 | val loss 1.6069 (cls 1.6069, ctr 0.0000) acc 0.7167 f1 0.6957 | lr [4.67e-05, 1.56e-06, 1.56e-06]

train:   0%|          | 0/120 [00:00<?, ?it/s]
train:   1%|          | 1/120 [00:00<01:53,  1.05it/s]
train:   2%|▏         | 2/120 [00:01<00:53,  2.19it/s]
train:   2%|▎         | 3/120 [00:01<01:10,  1.67it/s]
train:   3%|▎         | 4/120 [00:01<00:46,  2.48it/s]
train:   4%|▍         | 5/120 [00:02<01:02,  1.84it/s]
train:   5%|▌         | 6/120 [00:02<00:45,  2.52it/s]
train:   6%|▌         | 7/120 [00:03<00:58,  1.94it/s]
train:   7%|▋         | 8/120 [00:03<00:43,  2.58it/s]
train:   8%|▊         | 9/120 [00:04<00:56,  1.97it/s]
train:   8%|▊         | 10/120 [00:04<00:42,  2.59it/s]
train:   9%|▉         | 11/120 [00:05<00:57,  1.89it/s]
train:  10%|█         | 12/120 [00:05<00:43,  2.48it/s]
train:  11%|█         | 13/120 [00:06<00:53,  2.00it/s]
train:  12%|█▏        | 14/120 [00:07<01:15,  1.41it/s]
train:  12%|█▎        | 15/120 [00:08<01:14,  1.41it/s]
train:  13%|█▎        | 16/120 [00:08<00:55,  1.89it/s]
train:  14%|█▍        | 17/120 [00:09<01:03,  1.61it/s]
train:  15%|█▌        | 18/120 [00:09<00:47,  2.14it/s]
train:  16%|█▌        | 19/120 [00:10<00:56,  1.80it/s]
train:  17%|█▋        | 20/120 [00:10<00:42,  2.37it/s]
train:  18%|█▊        | 21/120 [00:10<00:52,  1.89it/s]
train:  18%|█▊        | 22/120 [00:11<00:39,  2.48it/s]
train:  19%|█▉        | 23/120 [00:11<00:47,  2.03it/s]
train:  20%|██        | 24/120 [00:11<00:36,  2.63it/s]
train:  21%|██        | 25/120 [00:12<00:47,  2.00it/s]
train:  22%|██▎       | 27/120 [00:13<00:44,  2.11it/s]
train:  23%|██▎       | 28/120 [00:13<00:35,  2.61it/s]
train:  24%|██▍       | 29/120 [00:14<00:43,  2.08it/s]
train:  26%|██▌       | 31/120 [00:15<00:42,  2.11it/s]
train:  28%|██▊       | 33/120 [00:16<00:38,  2.24it/s]
train:  29%|██▉       | 35/120 [00:16<00:37,  2.29it/s]
train:  30%|███       | 36/120 [00:17<00:30,  2.71it/s]
train:  31%|███       | 37/120 [00:17<00:36,  2.26it/s]
train:  32%|███▎      | 39/120 [00:18<00:34,  2.32it/s]
train:  33%|███▎      | 40/120 [00:18<00:28,  2.78it/s]
train:  34%|███▍      | 41/120 [00:19<00:34,  2.29it/s]
train:  36%|███▌      | 43/120 [00:20<00:34,  2.26it/s]
train:  38%|███▊      | 45/120 [00:21<00:32,  2.31it/s]
train:  38%|███▊      | 46/120 [00:21<00:27,  2.72it/s]
train:  39%|███▉      | 47/120 [00:21<00:31,  2.29it/s]
train:  41%|████      | 49/120 [00:22<00:31,  2.25it/s]
train:  42%|████▎     | 51/120 [00:23<00:30,  2.28it/s]
train:  44%|████▍     | 53/120 [00:24<00:29,  2.30it/s]
train:  45%|████▌     | 54/120 [00:24<00:24,  2.70it/s]
train:  46%|████▌     | 55/120 [00:25<00:28,  2.28it/s]
train:  47%|████▋     | 56/120 [00:25<00:22,  2.78it/s]
train:  48%|████▊     | 57/120 [00:26<00:29,  2.17it/s]
train:  48%|████▊     | 58/120 [00:26<00:22,  2.72it/s]
train:  49%|████▉     | 59/120 [00:26<00:28,  2.12it/s]
train:  50%|█████     | 60/120 [00:27<00:22,  2.71it/s]
train:  51%|█████     | 61/120 [00:27<00:29,  2.03it/s]
train:  52%|█████▏    | 62/120 [00:28<00:22,  2.61it/s]
train:  52%|█████▎    | 63/120 [00:28<00:27,  2.08it/s]
train:  53%|█████▎    | 64/120 [00:28<00:20,  2.69it/s]
train:  54%|█████▍    | 65/120 [00:29<00:27,  2.01it/s]
train:  55%|█████▌    | 66/120 [00:29<00:20,  2.62it/s]
train:  56%|█████▌    | 67/120 [00:30<00:26,  1.98it/s]
train:  57%|█████▋    | 68/120 [00:30<00:20,  2.58it/s]
train:  57%|█████▊    | 69/120 [00:31<00:25,  2.00it/s]
train:  58%|█████▊    | 70/120 [00:31<00:19,  2.61it/s]
train:  59%|█████▉    | 71/120 [00:32<00:23,  2.05it/s]
train:  60%|██████    | 72/120 [00:32<00:18,  2.66it/s]
train:  61%|██████    | 73/120 [00:33<00:22,  2.05it/s]
train:  62%|██████▏   | 74/120 [00:33<00:17,  2.68it/s]
train:  62%|██████▎   | 75/120 [00:33<00:21,  2.07it/s]
train:  63%|██████▎   | 76/120 [00:34<00:16,  2.69it/s]
train:  64%|██████▍   | 77/120 [00:34<00:20,  2.07it/s]
train:  66%|██████▌   | 79/120 [00:35<00:18,  2.16it/s]
train:  67%|██████▋   | 80/120 [00:35<00:15,  2.66it/s]
train:  68%|██████▊   | 81/120 [00:36<00:18,  2.08it/s]
train:  68%|██████▊   | 82/120 [00:36<00:14,  2.62it/s]
train:  69%|██████▉   | 83/120 [00:37<00:18,  2.04it/s]
train:  70%|███████   | 84/120 [00:37<00:13,  2.59it/s]
train:  71%|███████   | 85/120 [00:38<00:17,  2.05it/s]
train:  72%|███████▏  | 86/120 [00:38<00:12,  2.63it/s]
train:  72%|███████▎  | 87/120 [00:39<00:16,  2.05it/s]
train:  73%|███████▎  | 88/120 [00:39<00:12,  2.64it/s]
train:  74%|███████▍  | 89/120 [00:41<00:24,  1.27it/s]
train:  75%|███████▌  | 90/120 [00:41<00:17,  1.72it/s]
train:  76%|███████▌  | 91/120 [00:41<00:18,  1.57it/s]
train:  77%|███████▋  | 92/120 [00:42<00:13,  2.09it/s]
train:  78%|███████▊  | 93/120 [00:42<00:15,  1.80it/s]
train:  78%|███████▊  | 94/120 [00:42<00:11,  2.36it/s]
train:  79%|███████▉  | 95/120 [00:43<00:12,  1.97it/s]
train:  80%|████████  | 96/120 [00:43<00:09,  2.58it/s]
train:  81%|████████  | 97/120 [00:44<00:11,  1.96it/s]
train:  82%|████████▏ | 98/120 [00:44<00:08,  2.56it/s]
train:  82%|████████▎ | 99/120 [00:45<00:10,  2.03it/s]
train:  83%|████████▎ | 100/120 [00:45<00:07,  2.66it/s]
train:  84%|████████▍ | 101/120 [00:46<00:09,  2.04it/s]
train:  86%|████████▌ | 103/120 [00:47<00:07,  2.14it/s]
train:  88%|████████▊ | 105/120 [00:47<00:06,  2.25it/s]
train:  88%|████████▊ | 106/120 [00:48<00:05,  2.69it/s]
train:  89%|████████▉ | 107/120 [00:48<00:06,  2.15it/s]
train:  91%|█████████ | 109/120 [00:49<00:04,  2.25it/s]
train:  92%|█████████▎| 111/120 [00:50<00:03,  2.33it/s]
train:  93%|█████████▎| 112/120 [00:50<00:02,  2.77it/s]
train:  94%|█████████▍| 113/120 [00:51<00:03,  2.30it/s]
train:  96%|█████████▌| 115/120 [00:52<00:02,  2.35it/s]
train:  98%|█████████▊| 117/120 [00:52<00:01,  2.32it/s]
train:  99%|█████████▉| 119/120 [00:53<00:00,  2.36it/s]
train: 100%|██████████| 120/120 [00:53<00:00,  2.74it/s]
                                                        

eval:   0%|          | 0/30 [00:00<?, ?it/s]
eval:   3%|▎         | 1/30 [00:00<00:25,  1.13it/s]
eval:  10%|█         | 3/30 [00:01<00:14,  1.85it/s]
eval:  17%|█▋        | 5/30 [00:02<00:12,  2.05it/s]
eval:  23%|██▎       | 7/30 [00:03<00:09,  2.30it/s]
eval:  30%|███       | 9/30 [00:04<00:08,  2.42it/s]
eval:  37%|███▋      | 11/30 [00:04<00:07,  2.53it/s]
eval:  43%|████▎     | 13/30 [00:05<00:06,  2.56it/s]
eval:  50%|█████     | 15/30 [00:06<00:05,  2.53it/s]
eval:  57%|█████▋    | 17/30 [00:07<00:05,  2.48it/s]
eval:  63%|██████▎   | 19/30 [00:08<00:04,  2.50it/s]
eval:  70%|███████   | 21/30 [00:08<00:03,  2.49it/s]
eval:  77%|███████▋  | 23/30 [00:09<00:02,  2.47it/s]
eval:  83%|████████▎ | 25/30 [00:10<00:02,  2.41it/s]
eval:  90%|█████████ | 27/30 [00:11<00:01,  2.48it/s]
eval:  97%|█████████▋| 29/30 [00:12<00:00,  2.52it/s]
                                                     
Epoch 26 | stage 2 | train loss 0.2971 (cls 0.2971, ctr 0.0000) acc 0.8875 f1 0.8894 | val loss 1.6264 (cls 1.6264, ctr 0.0000) acc 0.7375 f1 0.7055 | lr [3.95e-05, 1.32e-06, 1.32e-06]

Early stopping triggered! No improvement for 8 epochs.
Best val F1: 0.7458
[INFO] Reloaded best validation checkpoint: /home/louis/projects/MultimodalEmotionRecognition/outputs/speaker_independent_tracked_v1/fold_01/gated/best.pt (epoch 18)

eval:   0%|          | 0/30 [00:00<?, ?it/s]libEGL warning: DRI3 error: Could not get DRI3 device
libEGL warning: Ensure your X server supports DRI3 to get accelerated rendering
libEGL warning: DRI3 error: Could not get DRI3 device
libEGL warning: Ensure your X server supports DRI3 to get accelerated rendering
WARNING: All log messages before absl::InitializeLog() is called are written to STDERR
WARNING: All log messages before absl::InitializeLog() is called are written to STDERR
I0000 00:00:1791461377.080912   40752 gl_context_egl.cc:85] Successfully initialized EGL. Major : 1 Minor: 5
I0000 00:00:1791461377.080917   40751 gl_context_egl.cc:85] Successfully initialized EGL. Major : 1 Minor: 5
I0000 00:00:1791461377.091068   41009 gl_context.cc:369] GL version: 3.2 (OpenGL ES 3.2 Mesa 25.2.8-0ubuntu0.24.04.2), renderer: llvmpipe (LLVM 20.1.2, 256 bits)
I0000 00:00:1791461377.091117   41008 gl_context.cc:369] GL version: 3.2 (OpenGL ES 3.2 Mesa 25.2.8-0ubuntu0.24.04.2), renderer: llvmpipe (LLVM 20.1.2, 256 bits)
INFO: INFO: Created TensorFlow Lite XNNPACK delegate for CPU.
Created TensorFlow Lite XNNPACK delegate for CPU.
W0000 00:00:1791461377.102929   40893 inference_feedback_manager.cc:114] Feedback manager requires a model with a single signature inference. Disabling support for feedback tensors.
W0000 00:00:1791461377.103523   40883 inference_feedback_manager.cc:114] Feedback manager requires a model with a single signature inference. Disabling support for feedback tensors.

eval:   3%|▎         | 1/30 [00:01<00:57,  1.97s/it]
eval:   7%|▋         | 2/30 [00:02<00:24,  1.13it/s]
eval:  10%|█         | 3/30 [00:02<00:21,  1.23it/s]
eval:  17%|█▋        | 5/30 [00:03<00:14,  1.67it/s]
eval:  23%|██▎       | 7/30 [00:04<00:12,  1.91it/s]
eval:  30%|███       | 9/30 [00:05<00:10,  2.07it/s]
eval:  37%|███▋      | 11/30 [00:06<00:08,  2.19it/s]
eval:  43%|████▎     | 13/30 [00:08<00:10,  1.65it/s]
eval:  50%|█████     | 15/30 [00:08<00:08,  1.85it/s]
eval:  57%|█████▋    | 17/30 [00:09<00:06,  1.99it/s]
eval:  63%|██████▎   | 19/30 [00:10<00:05,  2.13it/s]
eval:  70%|███████   | 21/30 [00:11<00:04,  2.23it/s]
eval:  77%|███████▋  | 23/30 [00:12<00:03,  2.28it/s]
eval:  83%|████████▎ | 25/30 [00:12<00:02,  2.28it/s]
eval:  90%|█████████ | 27/30 [00:13<00:01,  2.36it/s]
eval:  97%|█████████▋| 29/30 [00:14<00:00,  2.42it/s]
                                                     
Test | loss 1.4648 (cls 1.4648, ctr 0.0000) acc 0.6625 f1 0.6139
Best val macro-F1: 0.7458 | checkpoint: /home/louis/projects/MultimodalEmotionRecognition/outputs/speaker_independent_tracked_v1/fold_01/gated/best.pt
wandb: 
wandb: Run history:
wandb: best/val_macro_f1 ▁
wandb:             epoch ▁▁▂▂▂▂▃▃▃▄▄▄▄▅▅▅▅▆▆▆▇▇▇▇██
wandb:        lr/group_0 ▇▆▃▂▁████▇▇▇▆▆▆▅▅▄▄▃▃▃▂▂▂▁
wandb:        lr/group_1 ████▇▇▇▆▆▅▅▅▄▄▃▃▂▂▂▁▁
wandb:        lr/group_2 ████▇▇▇▆▆▅▅▅▄▄▃▃▂▂▂▁▁
wandb:             stage ▁▁▁▁▁█████████████████████
wandb:          test/acc ▁
wandb:     test/accuracy ▁
wandb:   test/best_epoch ▁
wandb:     test/cls_loss ▁
wandb:               +16 ...
wandb: 
wandb: Run summary:
wandb: best/val_macro_f1 0.74582
wandb:             epoch 26
wandb:        lr/group_0 5e-05
wandb:        lr/group_1 0.0
wandb:        lr/group_2 0.0
wandb:             stage 2
wandb:          test/acc 0.6625
wandb:     test/accuracy 0.6625
wandb:   test/best_epoch 18
wandb:     test/cls_loss 1.46477
wandb:               +16 ...
wandb: 
wandb: You can sync this run to the cloud by running:
wandb: wandb sync /home/louis/projects/MultimodalEmotionRecognition/outputs/speaker_independent_tracked_v1/fold_01/gated/wandb/offline-run-20261008_194117-a5881de84d0540e39c3a5215242757d5
wandb: Find logs at: ./outputs/speaker_independent_tracked_v1/fold_01/gated/wandb/offline-run-20261008_194117-a5881de84d0540e39c3a5215242757d5/logs
