[REVISION] SKIP complete matching run: /home/louis/projects/MultimodalEmotionRecognition/outputs/speaker_independent_tracked_v1/fold_01/audio
[REVISION] SKIP complete matching run: /home/louis/projects/MultimodalEmotionRecognition/outputs/speaker_independent_tracked_v1/fold_01/video
[REVISION] fold=1 model=xattn smoke=False
[REVISION] profile=spmb2026-xattn-v1 resolved={"audio_backbone_lr": 8e-06, "audio_n_mels": 64, "backbone_lr": 3e-05, "batch_size": 8, "cosine_stage2_only": false, "early_stopping_patience": 10, "epochs": 35, "frames": 8, "fusion": "xattn", "fusion_align_dim": 256, "fusion_align_mode": "none", "fusion_align_temperature": 0.07, "fusion_align_weight": 0.1, "fusion_unfreeze_audio": true, "fusion_unfreeze_video_blocks": 1, "fusion_unfreeze_wavlm_layers": 2, "label_smoothing": 0.05, "lr": 0.0002, "no_pretrained_video": false, "num_classes": 8, "num_workers": -1, "seed": 42, "smoke": false, "split_mode": "actor", "stage1_epochs": 6, "temporal_dropout": 0.1, "temporal_num_heads": 4, "temporal_num_layers": 1, "temporal_pooling": "mean", "train_ratio": 0.7, "two_stage_training": true, "use_cosine_annealing": true, "use_face_crop": true, "use_resnet_audio": false, "use_wavlm": true, "val_ratio": 0.15, "video_backbone_lr": 8e-06, "wandb": false, "wavlm_stage": 1, "weight_decay": 0.0002, "xattn_attn_dropout": 0.1, "xattn_d_model": 96, "xattn_emotion_prior_dim": 8, "xattn_emotion_prior_dropout": 0.1, "xattn_emotion_prior_hidden_dim": 64, "xattn_head": "gated", "xattn_heads": 4, "xattn_stochastic_depth": 0.1, "xattn_use_emotion_prior": false}
[REVISION] disjoint split={'fold': 1, 'train_actors': [9, 10, 11, 12, 13, 14, 15, 16, 17, 18, 19, 20, 21, 22, 23, 24], 'val_actors': [5, 6, 7, 8], 'test_actors': [1, 2, 3, 4]}
[REVISION] audio_ckpt=/home/louis/projects/MultimodalEmotionRecognition/outputs/speaker_independent_tracked_v1/fold_01/audio/best.pt video_ckpt=/home/louis/projects/MultimodalEmotionRecognition/outputs/speaker_independent_tracked_v1/fold_01/video/best.pt
wandb: WARNING `resume` will be ignored since W&B syncing is set to `offline`. Starting a new run with run id c724cd30296a45878f4dd8a59e96e0bd.
wandb: Tracking run with wandb version 0.24.1
wandb: W&B syncing is set to `offline` in this directory. Run `wandb online` or set WANDB_MODE=online to enable cloud syncing.
wandb: Run data is saved locally in /home/louis/projects/MultimodalEmotionRecognition/outputs/speaker_independent_tracked_v1/fold_01/xattn/wandb/offline-run-20261008_204313-c724cd30296a45878f4dd8a59e96e0bd
Total pairs: 1440
Sample pair: actor=1 emotion=1 intensity=1 statement=1 repetition=1
Sample pair: actor=2 emotion=1 intensity=1 statement=1 repetition=1
Sample pair: actor=3 emotion=1 intensity=1 statement=1 repetition=1
Using actor-based split
Train pairs: 960 | Val pairs: 240 | Test pairs: 240
Train class distribution: {0: 64, 1: 128, 2: 128, 3: 128, 4: 128, 5: 128, 6: 128, 7: 128}
Val class distribution: {0: 16, 1: 32, 2: 32, 3: 32, 4: 32, 5: 32, 6: 32, 7: 32}
Test class distribution: {0: 16, 1: 32, 2: 32, 3: 32, 4: 32, 5: 32, 6: 32, 7: 32}
DataLoader config: num_workers=2, pin_memory=True, persistent_workers=True

============================================================
CUDA available: True
GPU device: NVIDIA GeForce RTX 5080 Laptop GPU
GPU memory: 17.07 GB
Device: cuda
============================================================

Warning: You are sending unauthenticated requests to the HF Hub. Please set a HF_TOKEN to enable higher rate limits and faster downloads.

Loading weights:   0%|          | 0/248 [00:00<?, ?it/s]
Loading weights:   0%|          | 1/248 [00:00<00:00, 21509.25it/s, Materializing param=encoder.layer_norm.bias]
Loading weights:   0%|          | 1/248 [00:00<00:00, 7626.01it/s, Materializing param=encoder.layer_norm.bias] 
Loading weights:   1%|          | 2/248 [00:00<00:00, 7605.27it/s, Materializing param=encoder.layer_norm.weight]
Loading weights:   1%|          | 2/248 [00:00<00:00, 6213.78it/s, Materializing param=encoder.layer_norm.weight]
Loading weights:   1%|          | 3/248 [00:00<00:00, 2007.48it/s, Materializing param=encoder.layers.0.attention.gru_rel_pos_const]
Loading weights:   1%|          | 3/248 [00:00<00:00, 1800.39it/s, Materializing param=encoder.layers.0.attention.gru_rel_pos_const]
Loading weights:   2%|▏         | 4/248 [00:00<00:00, 1670.04it/s, Materializing param=encoder.layers.0.attention.gru_rel_pos_linear.bias]
Loading weights:   2%|▏         | 4/248 [00:00<00:00, 1609.02it/s, Materializing param=encoder.layers.0.attention.gru_rel_pos_linear.bias]
Loading weights:   2%|▏         | 5/248 [00:00<00:00, 1924.17it/s, Materializing param=encoder.layers.0.attention.gru_rel_pos_linear.weight]
Loading weights:   2%|▏         | 5/248 [00:00<00:00, 1877.32it/s, Materializing param=encoder.layers.0.attention.gru_rel_pos_linear.weight]
Loading weights:   2%|▏         | 6/248 [00:00<00:00, 2169.84it/s, Materializing param=encoder.layers.0.attention.k_proj.bias]              
Loading weights:   2%|▏         | 6/248 [00:00<00:00, 2124.42it/s, Materializing param=encoder.layers.0.attention.k_proj.bias]
Loading weights:   3%|▎         | 7/248 [00:00<00:00, 2363.18it/s, Materializing param=encoder.layers.0.attention.k_proj.weight]
Loading weights:   3%|▎         | 7/248 [00:00<00:00, 2284.48it/s, Materializing param=encoder.layers.0.attention.k_proj.weight]
Loading weights:   3%|▎         | 8/248 [00:00<00:00, 2517.97it/s, Materializing param=encoder.layers.0.attention.out_proj.bias]
Loading weights:   3%|▎         | 8/248 [00:00<00:00, 2473.79it/s, Materializing param=encoder.layers.0.attention.out_proj.bias]
Loading weights:   4%|▎         | 9/248 [00:00<00:00, 2706.00it/s, Materializing param=encoder.layers.0.attention.out_proj.weight]
Loading weights:   4%|▎         | 9/248 [00:00<00:00, 2663.05it/s, Materializing param=encoder.layers.0.attention.out_proj.weight]
Loading weights:   4%|▍         | 10/248 [00:00<00:00, 2888.64it/s, Materializing param=encoder.layers.0.attention.q_proj.bias]   
Loading weights:   4%|▍         | 10/248 [00:00<00:00, 2846.49it/s, Materializing param=encoder.layers.0.attention.q_proj.bias]
Loading weights:   4%|▍         | 11/248 [00:00<00:00, 2794.17it/s, Materializing param=encoder.layers.0.attention.q_proj.weight]
Loading weights:   4%|▍         | 11/248 [00:00<00:00, 2718.92it/s, Materializing param=encoder.layers.0.attention.q_proj.weight]
Loading weights:   5%|▍         | 12/248 [00:00<00:00, 2846.97it/s, Materializing param=encoder.layers.0.attention.rel_attn_embed.weight]
Loading weights:   5%|▍         | 12/248 [00:00<00:00, 2789.85it/s, Materializing param=encoder.layers.0.attention.rel_attn_embed.weight]
Loading weights:   5%|▌         | 13/248 [00:00<00:00, 2960.79it/s, Materializing param=encoder.layers.0.attention.v_proj.bias]          
Loading weights:   5%|▌         | 13/248 [00:00<00:00, 2926.78it/s, Materializing param=encoder.layers.0.attention.v_proj.bias]
Loading weights:   6%|▌         | 14/248 [00:00<00:00, 3097.55it/s, Materializing param=encoder.layers.0.attention.v_proj.weight]
Loading weights:   6%|▌         | 14/248 [00:00<00:00, 3064.57it/s, Materializing param=encoder.layers.0.attention.v_proj.weight]
Loading weights:   6%|▌         | 15/248 [00:00<00:00, 3229.04it/s, Materializing param=encoder.layers.0.feed_forward.intermediate_dense.bias]
Loading weights:   6%|▌         | 15/248 [00:00<00:00, 3167.74it/s, Materializing param=encoder.layers.0.feed_forward.intermediate_dense.bias]
Loading weights:   6%|▋         | 16/248 [00:00<00:00, 3294.66it/s, Materializing param=encoder.layers.0.feed_forward.intermediate_dense.weight]
Loading weights:   6%|▋         | 16/248 [00:00<00:00, 3251.08it/s, Materializing param=encoder.layers.0.feed_forward.intermediate_dense.weight]
Loading weights:   7%|▋         | 17/248 [00:00<00:00, 3354.65it/s, Materializing param=encoder.layers.0.feed_forward.output_dense.bias]        
Loading weights:   7%|▋         | 17/248 [00:00<00:00, 3288.13it/s, Materializing param=encoder.layers.0.feed_forward.output_dense.bias]
Loading weights:   7%|▋         | 18/248 [00:00<00:00, 3378.57it/s, Materializing param=encoder.layers.0.feed_forward.output_dense.weight]
Loading weights:   7%|▋         | 18/248 [00:00<00:00, 3333.81it/s, Materializing param=encoder.layers.0.feed_forward.output_dense.weight]
Loading weights:   8%|▊         | 19/248 [00:00<00:00, 3406.07it/s, Materializing param=encoder.layers.0.final_layer_norm.bias]           
Loading weights:   8%|▊         | 19/248 [00:00<00:00, 3357.71it/s, Materializing param=encoder.layers.0.final_layer_norm.bias]
Loading weights:   8%|▊         | 20/248 [00:00<00:00, 3411.67it/s, Materializing param=encoder.layers.0.final_layer_norm.weight]
Loading weights:   8%|▊         | 20/248 [00:00<00:00, 3372.58it/s, Materializing param=encoder.layers.0.final_layer_norm.weight]
Loading weights:   8%|▊         | 21/248 [00:00<00:00, 3454.54it/s, Materializing param=encoder.layers.0.layer_norm.bias]        
Loading weights:   8%|▊         | 21/248 [00:00<00:00, 3404.20it/s, Materializing param=encoder.layers.0.layer_norm.bias]
Loading weights:   9%|▉         | 22/248 [00:00<00:00, 3501.89it/s, Materializing param=encoder.layers.0.layer_norm.weight]
Loading weights:   9%|▉         | 22/248 [00:00<00:00, 3470.80it/s, Materializing param=encoder.layers.0.layer_norm.weight]
Loading weights:   9%|▉         | 23/248 [00:00<00:00, 3456.68it/s, Materializing param=encoder.layers.1.attention.gru_rel_pos_const]
Loading weights:   9%|▉         | 23/248 [00:00<00:00, 3419.92it/s, Materializing param=encoder.layers.1.attention.gru_rel_pos_const]
Loading weights:  10%|▉         | 24/248 [00:00<00:00, 3522.90it/s, Materializing param=encoder.layers.1.attention.gru_rel_pos_linear.bias]
Loading weights:  10%|▉         | 24/248 [00:00<00:00, 3498.17it/s, Materializing param=encoder.layers.1.attention.gru_rel_pos_linear.bias]
Loading weights:  10%|█         | 25/248 [00:00<00:00, 3603.73it/s, Materializing param=encoder.layers.1.attention.gru_rel_pos_linear.weight]
Loading weights:  10%|█         | 25/248 [00:00<00:00, 3576.93it/s, Materializing param=encoder.layers.1.attention.gru_rel_pos_linear.weight]
Loading weights:  10%|█         | 26/248 [00:00<00:00, 3679.59it/s, Materializing param=encoder.layers.1.attention.k_proj.bias]              
Loading weights:  10%|█         | 26/248 [00:00<00:00, 3627.33it/s, Materializing param=encoder.layers.1.attention.k_proj.bias]
Loading weights:  11%|█         | 27/248 [00:00<00:00, 3575.48it/s, Materializing param=encoder.layers.1.attention.k_proj.weight]
Loading weights:  11%|█         | 27/248 [00:00<00:00, 3523.09it/s, Materializing param=encoder.layers.1.attention.k_proj.weight]
Loading weights:  11%|█▏        | 28/248 [00:00<00:00, 3602.25it/s, Materializing param=encoder.layers.1.attention.out_proj.bias]
Loading weights:  11%|█▏        | 28/248 [00:00<00:00, 3571.79it/s, Materializing param=encoder.layers.1.attention.out_proj.bias]
Loading weights:  12%|█▏        | 29/248 [00:00<00:00, 3648.75it/s, Materializing param=encoder.layers.1.attention.out_proj.weight]
Loading weights:  12%|█▏        | 29/248 [00:00<00:00, 3618.25it/s, Materializing param=encoder.layers.1.attention.out_proj.weight]
Loading weights:  12%|█▏        | 30/248 [00:00<00:00, 3699.55it/s, Materializing param=encoder.layers.1.attention.q_proj.bias]    
Loading weights:  12%|█▏        | 30/248 [00:00<00:00, 3672.98it/s, Materializing param=encoder.layers.1.attention.q_proj.bias]
Loading weights:  12%|█▎        | 31/248 [00:00<00:00, 3759.21it/s, Materializing param=encoder.layers.1.attention.q_proj.weight]
Loading weights:  12%|█▎        | 31/248 [00:00<00:00, 3735.98it/s, Materializing param=encoder.layers.1.attention.q_proj.weight]
Loading weights:  13%|█▎        | 32/248 [00:00<00:00, 3823.21it/s, Materializing param=encoder.layers.1.attention.v_proj.bias]  
Loading weights:  13%|█▎        | 32/248 [00:00<00:00, 3799.30it/s, Materializing param=encoder.layers.1.attention.v_proj.bias]
Loading weights:  13%|█▎        | 33/248 [00:00<00:00, 3881.55it/s, Materializing param=encoder.layers.1.attention.v_proj.weight]
Loading weights:  13%|█▎        | 33/248 [00:00<00:00, 3859.79it/s, Materializing param=encoder.layers.1.attention.v_proj.weight]
Loading weights:  14%|█▎        | 34/248 [00:00<00:00, 3942.78it/s, Materializing param=encoder.layers.1.feed_forward.intermediate_dense.bias]
Loading weights:  14%|█▎        | 34/248 [00:00<00:00, 3919.26it/s, Materializing param=encoder.layers.1.feed_forward.intermediate_dense.bias]
Loading weights:  14%|█▍        | 35/248 [00:00<00:00, 3930.51it/s, Materializing param=encoder.layers.1.feed_forward.intermediate_dense.weight]
Loading weights:  14%|█▍        | 35/248 [00:00<00:00, 3890.10it/s, Materializing param=encoder.layers.1.feed_forward.intermediate_dense.weight]
Loading weights:  15%|█▍        | 36/248 [00:00<00:00, 3942.84it/s, Materializing param=encoder.layers.1.feed_forward.output_dense.bias]        
Loading weights:  15%|█▍        | 36/248 [00:00<00:00, 3919.20it/s, Materializing param=encoder.layers.1.feed_forward.output_dense.bias]
Loading weights:  15%|█▍        | 37/248 [00:00<00:00, 3995.19it/s, Materializing param=encoder.layers.1.feed_forward.output_dense.weight]
Loading weights:  15%|█▍        | 37/248 [00:00<00:00, 3974.01it/s, Materializing param=encoder.layers.1.feed_forward.output_dense.weight]
Loading weights:  15%|█▌        | 38/248 [00:00<00:00, 4037.38it/s, Materializing param=encoder.layers.1.final_layer_norm.bias]           
Loading weights:  15%|█▌        | 38/248 [00:00<00:00, 4013.79it/s, Materializing param=encoder.layers.1.final_layer_norm.bias]
Loading weights:  16%|█▌        | 39/248 [00:00<00:00, 4086.18it/s, Materializing param=encoder.layers.1.final_layer_norm.weight]
Loading weights:  16%|█▌        | 39/248 [00:00<00:00, 4065.76it/s, Materializing param=encoder.layers.1.final_layer_norm.weight]
Loading weights:  16%|█▌        | 40/248 [00:00<00:00, 4139.86it/s, Materializing param=encoder.layers.1.layer_norm.bias]        
Loading weights:  16%|█▌        | 40/248 [00:00<00:00, 4118.32it/s, Materializing param=encoder.layers.1.layer_norm.bias]
Loading weights:  17%|█▋        | 41/248 [00:00<00:00, 4189.91it/s, Materializing param=encoder.layers.1.layer_norm.weight]
Loading weights:  17%|█▋        | 41/248 [00:00<00:00, 4170.40it/s, Materializing param=encoder.layers.1.layer_norm.weight]
Loading weights:  17%|█▋        | 42/248 [00:00<00:00, 4197.10it/s, Materializing param=encoder.layers.2.attention.gru_rel_pos_const]
Loading weights:  17%|█▋        | 42/248 [00:00<00:00, 4165.54it/s, Materializing param=encoder.layers.2.attention.gru_rel_pos_const]
Loading weights:  17%|█▋        | 43/248 [00:00<00:00, 4232.10it/s, Materializing param=encoder.layers.2.attention.gru_rel_pos_linear.bias]
Loading weights:  17%|█▋        | 43/248 [00:00<00:00, 4210.07it/s, Materializing param=encoder.layers.2.attention.gru_rel_pos_linear.bias]
Loading weights:  18%|█▊        | 44/248 [00:00<00:00, 4275.14it/s, Materializing param=encoder.layers.2.attention.gru_rel_pos_linear.weight]
Loading weights:  18%|█▊        | 44/248 [00:00<00:00, 4254.15it/s, Materializing param=encoder.layers.2.attention.gru_rel_pos_linear.weight]
Loading weights:  18%|█▊        | 45/248 [00:00<00:00, 4317.60it/s, Materializing param=encoder.layers.2.attention.k_proj.bias]              
Loading weights:  18%|█▊        | 45/248 [00:00<00:00, 4296.86it/s, Materializing param=encoder.layers.2.attention.k_proj.bias]
Loading weights:  19%|█▊        | 46/248 [00:00<00:00, 4361.07it/s, Materializing param=encoder.layers.2.attention.k_proj.weight]
Loading weights:  19%|█▊        | 46/248 [00:00<00:00, 4340.56it/s, Materializing param=encoder.layers.2.attention.k_proj.weight]
Loading weights:  19%|█▉        | 47/248 [00:00<00:00, 4404.50it/s, Materializing param=encoder.layers.2.attention.out_proj.bias]
Loading weights:  19%|█▉        | 47/248 [00:00<00:00, 4354.11it/s, Materializing param=encoder.layers.2.attention.out_proj.bias]
Loading weights:  19%|█▉        | 48/248 [00:00<00:00, 4382.67it/s, Materializing param=encoder.layers.2.attention.out_proj.weight]
Loading weights:  19%|█▉        | 48/248 [00:00<00:00, 4354.23it/s, Materializing param=encoder.layers.2.attention.out_proj.weight]
Loading weights:  20%|█▉        | 49/248 [00:00<00:00, 4270.39it/s, Materializing param=encoder.layers.2.attention.q_proj.bias]    
Loading weights:  20%|█▉        | 49/248 [00:00<00:00, 4242.36it/s, Materializing param=encoder.layers.2.attention.q_proj.bias]
Loading weights:  20%|██        | 50/248 [00:00<00:00, 4295.07it/s, Materializing param=encoder.layers.2.attention.q_proj.weight]
Loading weights:  20%|██        | 50/248 [00:00<00:00, 4276.24it/s, Materializing param=encoder.layers.2.attention.q_proj.weight]
Loading weights:  21%|██        | 51/248 [00:00<00:00, 4334.19it/s, Materializing param=encoder.layers.2.attention.v_proj.bias]  
Loading weights:  21%|██        | 51/248 [00:00<00:00, 4316.35it/s, Materializing param=encoder.layers.2.attention.v_proj.bias]
Loading weights:  21%|██        | 52/248 [00:00<00:00, 4365.83it/s, Materializing param=encoder.layers.2.attention.v_proj.weight]
Loading weights:  21%|██        | 52/248 [00:00<00:00, 4343.49it/s, Materializing param=encoder.layers.2.attention.v_proj.weight]
Loading weights:  21%|██▏       | 53/248 [00:00<00:00, 4399.68it/s, Materializing param=encoder.layers.2.feed_forward.intermediate_dense.bias]
Loading weights:  21%|██▏       | 53/248 [00:00<00:00, 4381.81it/s, Materializing param=encoder.layers.2.feed_forward.intermediate_dense.bias]
Loading weights:  22%|██▏       | 54/248 [00:00<00:00, 4436.94it/s, Materializing param=encoder.layers.2.feed_forward.intermediate_dense.weight]
Loading weights:  22%|██▏       | 54/248 [00:00<00:00, 4419.02it/s, Materializing param=encoder.layers.2.feed_forward.intermediate_dense.weight]
Loading weights:  22%|██▏       | 55/248 [00:00<00:00, 4473.97it/s, Materializing param=encoder.layers.2.feed_forward.output_dense.bias]        
Loading weights:  22%|██▏       | 55/248 [00:00<00:00, 4455.65it/s, Materializing param=encoder.layers.2.feed_forward.output_dense.bias]
Loading weights:  23%|██▎       | 56/248 [00:00<00:00, 4509.92it/s, Materializing param=encoder.layers.2.feed_forward.output_dense.weight]
Loading weights:  23%|██▎       | 56/248 [00:00<00:00, 4491.55it/s, Materializing param=encoder.layers.2.feed_forward.output_dense.weight]
Loading weights:  23%|██▎       | 57/248 [00:00<00:00, 4544.12it/s, Materializing param=encoder.layers.2.final_layer_norm.bias]           
Loading weights:  23%|██▎       | 57/248 [00:00<00:00, 4526.31it/s, Materializing param=encoder.layers.2.final_layer_norm.bias]
Loading weights:  23%|██▎       | 58/248 [00:00<00:00, 4578.68it/s, Materializing param=encoder.layers.2.final_layer_norm.weight]
Loading weights:  23%|██▎       | 58/248 [00:00<00:00, 4561.33it/s, Materializing param=encoder.layers.2.final_layer_norm.weight]
Loading weights:  24%|██▍       | 59/248 [00:00<00:00, 4607.41it/s, Materializing param=encoder.layers.2.layer_norm.bias]        
Loading weights:  24%|██▍       | 59/248 [00:00<00:00, 4588.02it/s, Materializing param=encoder.layers.2.layer_norm.bias]
Loading weights:  24%|██▍       | 60/248 [00:00<00:00, 4638.26it/s, Materializing param=encoder.layers.2.layer_norm.weight]
Loading weights:  24%|██▍       | 60/248 [00:00<00:00, 4620.72it/s, Materializing param=encoder.layers.2.layer_norm.weight]
Loading weights:  25%|██▍       | 61/248 [00:00<00:00, 4670.29it/s, Materializing param=encoder.layers.3.attention.gru_rel_pos_const]
Loading weights:  25%|██▍       | 61/248 [00:00<00:00, 4651.95it/s, Materializing param=encoder.layers.3.attention.gru_rel_pos_const]
Loading weights:  25%|██▌       | 62/248 [00:00<00:00, 4616.41it/s, Materializing param=encoder.layers.3.attention.gru_rel_pos_linear.bias]
Loading weights:  25%|██▌       | 62/248 [00:00<00:00, 4568.72it/s, Materializing param=encoder.layers.3.attention.gru_rel_pos_linear.bias]
Loading weights:  25%|██▌       | 63/248 [00:00<00:00, 4580.05it/s, Materializing param=encoder.layers.3.attention.gru_rel_pos_linear.weight]
Loading weights:  25%|██▌       | 63/248 [00:00<00:00, 4560.60it/s, Materializing param=encoder.layers.3.attention.gru_rel_pos_linear.weight]
Loading weights:  26%|██▌       | 64/248 [00:00<00:00, 4607.23it/s, Materializing param=encoder.layers.3.attention.k_proj.bias]              
Loading weights:  26%|██▌       | 64/248 [00:00<00:00, 4590.68it/s, Materializing param=encoder.layers.3.attention.k_proj.bias]
Loading weights:  26%|██▌       | 65/248 [00:00<00:00, 4612.71it/s, Materializing param=encoder.layers.3.attention.k_proj.weight]
Loading weights:  26%|██▌       | 65/248 [00:00<00:00, 4592.43it/s, Materializing param=encoder.layers.3.attention.k_proj.weight]
Loading weights:  27%|██▋       | 66/248 [00:00<00:00, 4637.07it/s, Materializing param=encoder.layers.3.attention.out_proj.bias]
Loading weights:  27%|██▋       | 66/248 [00:00<00:00, 4593.45it/s, Materializing param=encoder.layers.3.attention.out_proj.bias]
Loading weights:  27%|██▋       | 67/248 [00:00<00:00, 4638.57it/s, Materializing param=encoder.layers.3.attention.out_proj.weight]
Loading weights:  27%|██▋       | 67/248 [00:00<00:00, 4623.00it/s, Materializing param=encoder.layers.3.attention.out_proj.weight]
Loading weights:  27%|██▋       | 68/248 [00:00<00:00, 4668.88it/s, Materializing param=encoder.layers.3.attention.q_proj.bias]    
Loading weights:  27%|██▋       | 68/248 [00:00<00:00, 4653.27it/s, Materializing param=encoder.layers.3.attention.q_proj.bias]
Loading weights:  28%|██▊       | 69/248 [00:00<00:00, 4696.49it/s, Materializing param=encoder.layers.3.attention.q_proj.weight]
Loading weights:  28%|██▊       | 69/248 [00:00<00:00, 4680.92it/s, Materializing param=encoder.layers.3.attention.q_proj.weight]
Loading weights:  28%|██▊       | 70/248 [00:00<00:00, 4724.91it/s, Materializing param=encoder.layers.3.attention.v_proj.bias]  
Loading weights:  28%|██▊       | 70/248 [00:00<00:00, 4709.53it/s, Materializing param=encoder.layers.3.attention.v_proj.bias]
Loading weights:  29%|██▊       | 71/248 [00:00<00:00, 4752.94it/s, Materializing param=encoder.layers.3.attention.v_proj.weight]
Loading weights:  29%|██▊       | 71/248 [00:00<00:00, 4737.22it/s, Materializing param=encoder.layers.3.attention.v_proj.weight]
Loading weights:  29%|██▉       | 72/248 [00:00<00:00, 4779.76it/s, Materializing param=encoder.layers.3.feed_forward.intermediate_dense.bias]
Loading weights:  29%|██▉       | 72/248 [00:00<00:00, 4763.10it/s, Materializing param=encoder.layers.3.feed_forward.intermediate_dense.bias]
Loading weights:  29%|██▉       | 73/248 [00:00<00:00, 4805.08it/s, Materializing param=encoder.layers.3.feed_forward.intermediate_dense.weight]
Loading weights:  29%|██▉       | 73/248 [00:00<00:00, 4789.67it/s, Materializing param=encoder.layers.3.feed_forward.intermediate_dense.weight]
Loading weights:  30%|██▉       | 74/248 [00:00<00:00, 4832.00it/s, Materializing param=encoder.layers.3.feed_forward.output_dense.bias]        
Loading weights:  30%|██▉       | 74/248 [00:00<00:00, 4816.33it/s, Materializing param=encoder.layers.3.feed_forward.output_dense.bias]
Loading weights:  30%|███       | 75/248 [00:00<00:00, 4858.19it/s, Materializing param=encoder.layers.3.feed_forward.output_dense.weight]
Loading weights:  30%|███       | 75/248 [00:00<00:00, 4842.11it/s, Materializing param=encoder.layers.3.feed_forward.output_dense.weight]
Loading weights:  31%|███       | 76/248 [00:00<00:00, 4882.55it/s, Materializing param=encoder.layers.3.final_layer_norm.bias]           
Loading weights:  31%|███       | 76/248 [00:00<00:00, 4866.82it/s, Materializing param=encoder.layers.3.final_layer_norm.bias]
Loading weights:  31%|███       | 77/248 [00:00<00:00, 4897.44it/s, Materializing param=encoder.layers.3.final_layer_norm.weight]
Loading weights:  31%|███       | 77/248 [00:00<00:00, 4880.41it/s, Materializing param=encoder.layers.3.final_layer_norm.weight]
Loading weights:  31%|███▏      | 78/248 [00:00<00:00, 4846.32it/s, Materializing param=encoder.layers.3.layer_norm.bias]        
Loading weights:  31%|███▏      | 78/248 [00:00<00:00, 4807.51it/s, Materializing param=encoder.layers.3.layer_norm.bias]
Loading weights:  32%|███▏      | 79/248 [00:00<00:00, 4838.50it/s, Materializing param=encoder.layers.3.layer_norm.weight]
Loading weights:  32%|███▏      | 79/248 [00:00<00:00, 4822.30it/s, Materializing param=encoder.layers.3.layer_norm.weight]
Loading weights:  32%|███▏      | 80/248 [00:00<00:00, 4829.64it/s, Materializing param=encoder.layers.4.attention.gru_rel_pos_const]
Loading weights:  32%|███▏      | 80/248 [00:00<00:00, 4804.82it/s, Materializing param=encoder.layers.4.attention.gru_rel_pos_const]
Loading weights:  33%|███▎      | 81/248 [00:00<00:00, 4831.74it/s, Materializing param=encoder.layers.4.attention.gru_rel_pos_linear.bias]
Loading weights:  33%|███▎      | 81/248 [00:00<00:00, 4785.25it/s, Materializing param=encoder.layers.4.attention.gru_rel_pos_linear.bias]
Loading weights:  33%|███▎      | 82/248 [00:00<00:00, 4763.81it/s, Materializing param=encoder.layers.4.attention.gru_rel_pos_linear.weight]
Loading weights:  33%|███▎      | 82/248 [00:00<00:00, 4742.99it/s, Materializing param=encoder.layers.4.attention.gru_rel_pos_linear.weight]
Loading weights:  33%|███▎      | 83/248 [00:00<00:00, 4777.37it/s, Materializing param=encoder.layers.4.attention.k_proj.bias]              
Loading weights:  33%|███▎      | 83/248 [00:00<00:00, 4763.45it/s, Materializing param=encoder.layers.4.attention.k_proj.bias]
Loading weights:  34%|███▍      | 84/248 [00:00<00:00, 4799.82it/s, Materializing param=encoder.layers.4.attention.k_proj.weight]
Loading weights:  34%|███▍      | 84/248 [00:00<00:00, 4786.26it/s, Materializing param=encoder.layers.4.attention.k_proj.weight]
Loading weights:  34%|███▍      | 85/248 [00:00<00:00, 4823.32it/s, Materializing param=encoder.layers.4.attention.out_proj.bias]
Loading weights:  34%|███▍      | 85/248 [00:00<00:00, 4810.24it/s, Materializing param=encoder.layers.4.attention.out_proj.bias]
Loading weights:  35%|███▍      | 86/248 [00:00<00:00, 4846.82it/s, Materializing param=encoder.layers.4.attention.out_proj.weight]
Loading weights:  35%|███▍      | 86/248 [00:00<00:00, 4818.59it/s, Materializing param=encoder.layers.4.attention.out_proj.weight]
Loading weights:  35%|███▌      | 87/248 [00:00<00:00, 4849.87it/s, Materializing param=encoder.layers.4.attention.q_proj.bias]    
Loading weights:  35%|███▌      | 87/248 [00:00<00:00, 4835.09it/s, Materializing param=encoder.layers.4.attention.q_proj.bias]
Loading weights:  35%|███▌      | 88/248 [00:00<00:00, 4870.15it/s, Materializing param=encoder.layers.4.attention.q_proj.weight]
Loading weights:  35%|███▌      | 88/248 [00:00<00:00, 4856.37it/s, Materializing param=encoder.layers.4.attention.q_proj.weight]
Loading weights:  36%|███▌      | 89/248 [00:00<00:00, 4891.41it/s, Materializing param=encoder.layers.4.attention.v_proj.bias]  
Loading weights:  36%|███▌      | 89/248 [00:00<00:00, 4878.24it/s, Materializing param=encoder.layers.4.attention.v_proj.bias]
Loading weights:  36%|███▋      | 90/248 [00:00<00:00, 4912.32it/s, Materializing param=encoder.layers.4.attention.v_proj.weight]
Loading weights:  36%|███▋      | 90/248 [00:00<00:00, 4898.93it/s, Materializing param=encoder.layers.4.attention.v_proj.weight]
Loading weights:  37%|███▋      | 91/248 [00:00<00:00, 4932.37it/s, Materializing param=encoder.layers.4.feed_forward.intermediate_dense.bias]
Loading weights:  37%|███▋      | 91/248 [00:00<00:00, 4919.21it/s, Materializing param=encoder.layers.4.feed_forward.intermediate_dense.bias]
Loading weights:  37%|███▋      | 92/248 [00:00<00:00, 4953.10it/s, Materializing param=encoder.layers.4.feed_forward.intermediate_dense.weight]
Loading weights:  37%|███▋      | 92/248 [00:00<00:00, 4935.93it/s, Materializing param=encoder.layers.4.feed_forward.intermediate_dense.weight]
Loading weights:  38%|███▊      | 93/248 [00:00<00:00, 4944.11it/s, Materializing param=encoder.layers.4.feed_forward.output_dense.bias]        
Loading weights:  38%|███▊      | 93/248 [00:00<00:00, 4922.52it/s, Materializing param=encoder.layers.4.feed_forward.output_dense.bias]
Loading weights:  38%|███▊      | 94/248 [00:00<00:00, 4949.71it/s, Materializing param=encoder.layers.4.feed_forward.output_dense.weight]
Loading weights:  38%|███▊      | 94/248 [00:00<00:00, 4935.53it/s, Materializing param=encoder.layers.4.feed_forward.output_dense.weight]
Loading weights:  38%|███▊      | 95/248 [00:00<00:00, 4967.01it/s, Materializing param=encoder.layers.4.final_layer_norm.bias]           
Loading weights:  38%|███▊      | 95/248 [00:00<00:00, 4953.49it/s, Materializing param=encoder.layers.4.final_layer_norm.bias]
Loading weights:  39%|███▊      | 96/248 [00:00<00:00, 4985.18it/s, Materializing param=encoder.layers.4.final_layer_norm.weight]
Loading weights:  39%|███▊      | 96/248 [00:00<00:00, 4971.21it/s, Materializing param=encoder.layers.4.final_layer_norm.weight]
Loading weights:  39%|███▉      | 97/248 [00:00<00:00, 4993.34it/s, Materializing param=encoder.layers.4.layer_norm.bias]        
Loading weights:  39%|███▉      | 97/248 [00:00<00:00, 4978.25it/s, Materializing param=encoder.layers.4.layer_norm.bias]
Loading weights:  40%|███▉      | 98/248 [00:00<00:00, 5009.41it/s, Materializing param=encoder.layers.4.layer_norm.weight]
Loading weights:  40%|███▉      | 98/248 [00:00<00:00, 4996.13it/s, Materializing param=encoder.layers.4.layer_norm.weight]
Loading weights:  40%|███▉      | 99/248 [00:00<00:00, 5027.74it/s, Materializing param=encoder.layers.5.attention.gru_rel_pos_const]
Loading weights:  40%|███▉      | 99/248 [00:00<00:00, 5014.38it/s, Materializing param=encoder.layers.5.attention.gru_rel_pos_const]
Loading weights:  40%|████      | 100/248 [00:00<00:00, 5037.05it/s, Materializing param=encoder.layers.5.attention.gru_rel_pos_linear.bias]
Loading weights:  40%|████      | 100/248 [00:00<00:00, 5022.82it/s, Materializing param=encoder.layers.5.attention.gru_rel_pos_linear.bias]
Loading weights:  41%|████      | 101/248 [00:00<00:00, 5045.25it/s, Materializing param=encoder.layers.5.attention.gru_rel_pos_linear.weight]
Loading weights:  41%|████      | 101/248 [00:00<00:00, 5031.53it/s, Materializing param=encoder.layers.5.attention.gru_rel_pos_linear.weight]
Loading weights:  41%|████      | 102/248 [00:00<00:00, 5061.81it/s, Materializing param=encoder.layers.5.attention.k_proj.bias]              
Loading weights:  41%|████      | 102/248 [00:00<00:00, 5049.08it/s, Materializing param=encoder.layers.5.attention.k_proj.bias]
Loading weights:  42%|████▏     | 103/248 [00:00<00:00, 4980.67it/s, Materializing param=encoder.layers.5.attention.k_proj.weight]
Loading weights:  42%|████▏     | 103/248 [00:00<00:00, 4963.62it/s, Materializing param=encoder.layers.5.attention.k_proj.weight]
Loading weights:  42%|████▏     | 104/248 [00:00<00:00, 4970.52it/s, Materializing param=encoder.layers.5.attention.out_proj.bias]
Loading weights:  42%|████▏     | 104/248 [00:00<00:00, 4955.72it/s, Materializing param=encoder.layers.5.attention.out_proj.bias]
Loading weights:  42%|████▏     | 105/248 [00:00<00:00, 4983.73it/s, Materializing param=encoder.layers.5.attention.out_proj.weight]
Loading weights:  42%|████▏     | 105/248 [00:00<00:00, 4971.24it/s, Materializing param=encoder.layers.5.attention.out_proj.weight]
Loading weights:  43%|████▎     | 106/248 [00:00<00:00, 4994.90it/s, Materializing param=encoder.layers.5.attention.q_proj.bias]    
Loading weights:  43%|████▎     | 106/248 [00:00<00:00, 4982.59it/s, Materializing param=encoder.layers.5.attention.q_proj.bias]
Loading weights:  43%|████▎     | 107/248 [00:00<00:00, 5011.06it/s, Materializing param=encoder.layers.5.attention.q_proj.weight]
Loading weights:  43%|████▎     | 107/248 [00:00<00:00, 4998.89it/s, Materializing param=encoder.layers.5.attention.q_proj.weight]
Loading weights:  44%|████▎     | 108/248 [00:00<00:00, 5027.97it/s, Materializing param=encoder.layers.5.attention.v_proj.bias]  
Loading weights:  44%|████▎     | 108/248 [00:00<00:00, 5015.78it/s, Materializing param=encoder.layers.5.attention.v_proj.bias]
Loading weights:  44%|████▍     | 109/248 [00:00<00:00, 5044.90it/s, Materializing param=encoder.layers.5.attention.v_proj.weight]
Loading weights:  44%|████▍     | 109/248 [00:00<00:00, 5032.91it/s, Materializing param=encoder.layers.5.attention.v_proj.weight]
Loading weights:  44%|████▍     | 110/248 [00:00<00:00, 5061.69it/s, Materializing param=encoder.layers.5.feed_forward.intermediate_dense.bias]
Loading weights:  44%|████▍     | 110/248 [00:00<00:00, 5049.95it/s, Materializing param=encoder.layers.5.feed_forward.intermediate_dense.bias]
Loading weights:  45%|████▍     | 111/248 [00:00<00:00, 5078.40it/s, Materializing param=encoder.layers.5.feed_forward.intermediate_dense.weight]
Loading weights:  45%|████▍     | 111/248 [00:00<00:00, 5066.85it/s, Materializing param=encoder.layers.5.feed_forward.intermediate_dense.weight]
Loading weights:  45%|████▌     | 112/248 [00:00<00:00, 5095.03it/s, Materializing param=encoder.layers.5.feed_forward.output_dense.bias]        
Loading weights:  45%|████▌     | 112/248 [00:00<00:00, 5083.67it/s, Materializing param=encoder.layers.5.feed_forward.output_dense.bias]
Loading weights:  46%|████▌     | 113/248 [00:00<00:00, 5099.38it/s, Materializing param=encoder.layers.5.feed_forward.output_dense.weight]
Loading weights:  46%|████▌     | 113/248 [00:00<00:00, 5086.35it/s, Materializing param=encoder.layers.5.feed_forward.output_dense.weight]
Loading weights:  46%|████▌     | 114/248 [00:00<00:00, 5113.86it/s, Materializing param=encoder.layers.5.final_layer_norm.bias]           
Loading weights:  46%|████▌     | 114/248 [00:00<00:00, 5102.12it/s, Materializing param=encoder.layers.5.final_layer_norm.bias]
Loading weights:  46%|████▋     | 115/248 [00:00<00:00, 5129.15it/s, Materializing param=encoder.layers.5.final_layer_norm.weight]
Loading weights:  46%|████▋     | 115/248 [00:00<00:00, 5118.10it/s, Materializing param=encoder.layers.5.final_layer_norm.weight]
Loading weights:  47%|████▋     | 116/248 [00:00<00:00, 5146.17it/s, Materializing param=encoder.layers.5.layer_norm.bias]        
Loading weights:  47%|████▋     | 116/248 [00:00<00:00, 5135.14it/s, Materializing param=encoder.layers.5.layer_norm.bias]
Loading weights:  47%|████▋     | 117/248 [00:00<00:00, 5162.84it/s, Materializing param=encoder.layers.5.layer_norm.weight]
Loading weights:  47%|████▋     | 117/248 [00:00<00:00, 5145.25it/s, Materializing param=encoder.layers.5.layer_norm.weight]
Loading weights:  48%|████▊     | 118/248 [00:00<00:00, 5171.98it/s, Materializing param=encoder.layers.6.attention.gru_rel_pos_const]
Loading weights:  48%|████▊     | 118/248 [00:00<00:00, 5160.82it/s, Materializing param=encoder.layers.6.attention.gru_rel_pos_const]
Loading weights:  48%|████▊     | 119/248 [00:00<00:00, 5187.30it/s, Materializing param=encoder.layers.6.attention.gru_rel_pos_linear.bias]
Loading weights:  48%|████▊     | 119/248 [00:00<00:00, 5172.89it/s, Materializing param=encoder.layers.6.attention.gru_rel_pos_linear.bias]
Loading weights:  48%|████▊     | 120/248 [00:00<00:00, 5197.08it/s, Materializing param=encoder.layers.6.attention.gru_rel_pos_linear.weight]
Loading weights:  48%|████▊     | 120/248 [00:00<00:00, 5185.52it/s, Materializing param=encoder.layers.6.attention.gru_rel_pos_linear.weight]
Loading weights:  49%|████▉     | 121/248 [00:00<00:00, 5211.60it/s, Materializing param=encoder.layers.6.attention.k_proj.bias]              
Loading weights:  49%|████▉     | 121/248 [00:00<00:00, 5199.96it/s, Materializing param=encoder.layers.6.attention.k_proj.bias]
Loading weights:  49%|████▉     | 122/248 [00:00<00:00, 5225.59it/s, Materializing param=encoder.layers.6.attention.k_proj.weight]
Loading weights:  49%|████▉     | 122/248 [00:00<00:00, 5213.87it/s, Materializing param=encoder.layers.6.attention.k_proj.weight]
Loading weights:  50%|████▉     | 123/248 [00:00<00:00, 5239.74it/s, Materializing param=encoder.layers.6.attention.out_proj.bias]
Loading weights:  50%|████▉     | 123/248 [00:00<00:00, 5228.59it/s, Materializing param=encoder.layers.6.attention.out_proj.bias]
Loading weights:  50%|█████     | 124/248 [00:00<00:00, 5253.95it/s, Materializing param=encoder.layers.6.attention.out_proj.weight]
Loading weights:  50%|█████     | 124/248 [00:00<00:00, 5242.40it/s, Materializing param=encoder.layers.6.attention.out_proj.weight]
Loading weights:  50%|█████     | 125/248 [00:00<00:00, 5266.42it/s, Materializing param=encoder.layers.6.attention.q_proj.bias]    
Loading weights:  50%|█████     | 125/248 [00:00<00:00, 5255.07it/s, Materializing param=encoder.layers.6.attention.q_proj.bias]
Loading weights:  51%|█████     | 126/248 [00:00<00:00, 5279.91it/s, Materializing param=encoder.layers.6.attention.q_proj.weight]
Loading weights:  51%|█████     | 126/248 [00:00<00:00, 5095.57it/s, Materializing param=encoder.layers.6.attention.q_proj.weight]
Loading weights:  51%|█████     | 127/248 [00:00<00:00, 5081.97it/s, Materializing param=encoder.layers.6.attention.v_proj.bias]  
Loading weights:  51%|█████     | 127/248 [00:00<00:00, 5060.05it/s, Materializing param=encoder.layers.6.attention.v_proj.bias]
Loading weights:  52%|█████▏    | 128/248 [00:00<00:00, 5079.34it/s, Materializing param=encoder.layers.6.attention.v_proj.weight]
Loading weights:  52%|█████▏    | 128/248 [00:00<00:00, 5068.84it/s, Materializing param=encoder.layers.6.attention.v_proj.weight]
Loading weights:  52%|█████▏    | 129/248 [00:00<00:00, 5091.42it/s, Materializing param=encoder.layers.6.feed_forward.intermediate_dense.bias]
Loading weights:  52%|█████▏    | 129/248 [00:00<00:00, 5080.90it/s, Materializing param=encoder.layers.6.feed_forward.intermediate_dense.bias]
Loading weights:  52%|█████▏    | 130/248 [00:00<00:00, 5105.24it/s, Materializing param=encoder.layers.6.feed_forward.intermediate_dense.weight]
Loading weights:  52%|█████▏    | 130/248 [00:00<00:00, 5094.46it/s, Materializing param=encoder.layers.6.feed_forward.intermediate_dense.weight]
Loading weights:  53%|█████▎    | 131/248 [00:00<00:00, 5118.77it/s, Materializing param=encoder.layers.6.feed_forward.output_dense.bias]        
Loading weights:  53%|█████▎    | 131/248 [00:00<00:00, 5096.55it/s, Materializing param=encoder.layers.6.feed_forward.output_dense.bias]
Loading weights:  53%|█████▎    | 132/248 [00:00<00:00, 5120.26it/s, Materializing param=encoder.layers.6.feed_forward.output_dense.weight]
Loading weights:  53%|█████▎    | 132/248 [00:00<00:00, 5110.76it/s, Materializing param=encoder.layers.6.feed_forward.output_dense.weight]
Loading weights:  54%|█████▎    | 133/248 [00:00<00:00, 5135.02it/s, Materializing param=encoder.layers.6.final_layer_norm.bias]           
Loading weights:  54%|█████▎    | 133/248 [00:00<00:00, 5125.67it/s, Materializing param=encoder.layers.6.final_layer_norm.bias]
Loading weights:  54%|█████▍    | 134/248 [00:00<00:00, 5120.92it/s, Materializing param=encoder.layers.6.final_layer_norm.weight]
Loading weights:  54%|█████▍    | 134/248 [00:00<00:00, 5105.90it/s, Materializing param=encoder.layers.6.final_layer_norm.weight]
Loading weights:  54%|█████▍    | 135/248 [00:00<00:00, 5126.12it/s, Materializing param=encoder.layers.6.layer_norm.bias]        
Loading weights:  54%|█████▍    | 135/248 [00:00<00:00, 5115.37it/s, Materializing param=encoder.layers.6.layer_norm.bias]
Loading weights:  55%|█████▍    | 136/248 [00:00<00:00, 5100.46it/s, Materializing param=encoder.layers.6.layer_norm.weight]
Loading weights:  55%|█████▍    | 136/248 [00:00<00:00, 5082.74it/s, Materializing param=encoder.layers.6.layer_norm.weight]
Loading weights:  55%|█████▌    | 137/248 [00:00<00:00, 5099.39it/s, Materializing param=encoder.layers.7.attention.gru_rel_pos_const]
Loading weights:  55%|█████▌    | 137/248 [00:00<00:00, 5088.73it/s, Materializing param=encoder.layers.7.attention.gru_rel_pos_const]
Loading weights:  56%|█████▌    | 138/248 [00:00<00:00, 5110.94it/s, Materializing param=encoder.layers.7.attention.gru_rel_pos_linear.bias]
Loading weights:  56%|█████▌    | 138/248 [00:00<00:00, 5101.44it/s, Materializing param=encoder.layers.7.attention.gru_rel_pos_linear.bias]
Loading weights:  56%|█████▌    | 139/248 [00:00<00:00, 5124.94it/s, Materializing param=encoder.layers.7.attention.gru_rel_pos_linear.weight]
Loading weights:  56%|█████▌    | 139/248 [00:00<00:00, 5116.17it/s, Materializing param=encoder.layers.7.attention.gru_rel_pos_linear.weight]
Loading weights:  56%|█████▋    | 140/248 [00:00<00:00, 5139.99it/s, Materializing param=encoder.layers.7.attention.k_proj.bias]              
Loading weights:  56%|█████▋    | 140/248 [00:00<00:00, 5131.36it/s, Materializing param=encoder.layers.7.attention.k_proj.bias]
Loading weights:  57%|█████▋    | 141/248 [00:00<00:00, 5154.37it/s, Materializing param=encoder.layers.7.attention.k_proj.weight]
Loading weights:  57%|█████▋    | 141/248 [00:00<00:00, 5145.22it/s, Materializing param=encoder.layers.7.attention.k_proj.weight]
Loading weights:  57%|█████▋    | 142/248 [00:00<00:00, 5168.00it/s, Materializing param=encoder.layers.7.attention.out_proj.bias]
Loading weights:  57%|█████▋    | 142/248 [00:00<00:00, 5158.87it/s, Materializing param=encoder.layers.7.attention.out_proj.bias]
Loading weights:  58%|█████▊    | 143/248 [00:00<00:00, 5181.42it/s, Materializing param=encoder.layers.7.attention.out_proj.weight]
Loading weights:  58%|█████▊    | 143/248 [00:00<00:00, 5171.99it/s, Materializing param=encoder.layers.7.attention.out_proj.weight]
Loading weights:  58%|█████▊    | 144/248 [00:00<00:00, 5191.55it/s, Materializing param=encoder.layers.7.attention.q_proj.bias]    
Loading weights:  58%|█████▊    | 144/248 [00:00<00:00, 5180.64it/s, Materializing param=encoder.layers.7.attention.q_proj.bias]
Loading weights:  58%|█████▊    | 145/248 [00:00<00:00, 5201.27it/s, Materializing param=encoder.layers.7.attention.q_proj.weight]
Loading weights:  58%|█████▊    | 145/248 [00:00<00:00, 5190.53it/s, Materializing param=encoder.layers.7.attention.q_proj.weight]
Loading weights:  59%|█████▉    | 146/248 [00:00<00:00, 5181.97it/s, Materializing param=encoder.layers.7.attention.v_proj.bias]  
Loading weights:  59%|█████▉    | 146/248 [00:00<00:00, 5170.72it/s, Materializing param=encoder.layers.7.attention.v_proj.bias]
Loading weights:  59%|█████▉    | 147/248 [00:00<00:00, 5192.33it/s, Materializing param=encoder.layers.7.attention.v_proj.weight]
Loading weights:  59%|█████▉    | 147/248 [00:00<00:00, 5183.46it/s, Materializing param=encoder.layers.7.attention.v_proj.weight]
Loading weights:  60%|█████▉    | 148/248 [00:00<00:00, 5199.06it/s, Materializing param=encoder.layers.7.feed_forward.intermediate_dense.bias]
Loading weights:  60%|█████▉    | 148/248 [00:00<00:00, 5173.36it/s, Materializing param=encoder.layers.7.feed_forward.intermediate_dense.bias]
Loading weights:  60%|██████    | 149/248 [00:00<00:00, 5155.73it/s, Materializing param=encoder.layers.7.feed_forward.intermediate_dense.weight]
Loading weights:  60%|██████    | 149/248 [00:00<00:00, 5139.82it/s, Materializing param=encoder.layers.7.feed_forward.intermediate_dense.weight]
Loading weights:  60%|██████    | 150/248 [00:00<00:00, 5142.73it/s, Materializing param=encoder.layers.7.feed_forward.output_dense.bias]        
Loading weights:  60%|██████    | 150/248 [00:00<00:00, 5131.02it/s, Materializing param=encoder.layers.7.feed_forward.output_dense.bias]
Loading weights:  61%|██████    | 151/248 [00:00<00:00, 5150.03it/s, Materializing param=encoder.layers.7.feed_forward.output_dense.weight]
Loading weights:  61%|██████    | 151/248 [00:00<00:00, 5140.20it/s, Materializing param=encoder.layers.7.feed_forward.output_dense.weight]
Loading weights:  61%|██████▏   | 152/248 [00:00<00:00, 5160.17it/s, Materializing param=encoder.layers.7.final_layer_norm.bias]           
Loading weights:  61%|██████▏   | 152/248 [00:00<00:00, 5151.08it/s, Materializing param=encoder.layers.7.final_layer_norm.bias]
Loading weights:  62%|██████▏   | 153/248 [00:00<00:00, 5171.60it/s, Materializing param=encoder.layers.7.final_layer_norm.weight]
Loading weights:  62%|██████▏   | 153/248 [00:00<00:00, 5162.86it/s, Materializing param=encoder.layers.7.final_layer_norm.weight]
Loading weights:  62%|██████▏   | 154/248 [00:00<00:00, 5182.72it/s, Materializing param=encoder.layers.7.layer_norm.bias]        
Loading weights:  62%|██████▏   | 154/248 [00:00<00:00, 5173.92it/s, Materializing param=encoder.layers.7.layer_norm.bias]
Loading weights:  62%|██████▎   | 155/248 [00:00<00:00, 5193.96it/s, Materializing param=encoder.layers.7.layer_norm.weight]
Loading weights:  62%|██████▎   | 155/248 [00:00<00:00, 5184.76it/s, Materializing param=encoder.layers.7.layer_norm.weight]
Loading weights:  63%|██████▎   | 156/248 [00:00<00:00, 5204.97it/s, Materializing param=encoder.layers.8.attention.gru_rel_pos_const]
Loading weights:  63%|██████▎   | 156/248 [00:00<00:00, 5194.27it/s, Materializing param=encoder.layers.8.attention.gru_rel_pos_const]
Loading weights:  63%|██████▎   | 157/248 [00:00<00:00, 5213.86it/s, Materializing param=encoder.layers.8.attention.gru_rel_pos_linear.bias]
Loading weights:  63%|██████▎   | 157/248 [00:00<00:00, 5194.70it/s, Materializing param=encoder.layers.8.attention.gru_rel_pos_linear.bias]
Loading weights:  64%|██████▎   | 158/248 [00:00<00:00, 5213.80it/s, Materializing param=encoder.layers.8.attention.gru_rel_pos_linear.weight]
Loading weights:  64%|██████▎   | 158/248 [00:00<00:00, 5204.87it/s, Materializing param=encoder.layers.8.attention.gru_rel_pos_linear.weight]
Loading weights:  64%|██████▍   | 159/248 [00:00<00:00, 5224.97it/s, Materializing param=encoder.layers.8.attention.k_proj.bias]              
Loading weights:  64%|██████▍   | 159/248 [00:00<00:00, 5216.43it/s, Materializing param=encoder.layers.8.attention.k_proj.bias]
Loading weights:  65%|██████▍   | 160/248 [00:00<00:00, 5236.29it/s, Materializing param=encoder.layers.8.attention.k_proj.weight]
Loading weights:  65%|██████▍   | 160/248 [00:00<00:00, 5228.14it/s, Materializing param=encoder.layers.8.attention.k_proj.weight]
Loading weights:  65%|██████▍   | 161/248 [00:00<00:00, 5248.01it/s, Materializing param=encoder.layers.8.attention.out_proj.bias]
Loading weights:  65%|██████▍   | 161/248 [00:00<00:00, 5236.46it/s, Materializing param=encoder.layers.8.attention.out_proj.bias]
Loading weights:  65%|██████▌   | 162/248 [00:00<00:00, 5254.31it/s, Materializing param=encoder.layers.8.attention.out_proj.weight]
Loading weights:  65%|██████▌   | 162/248 [00:00<00:00, 5245.67it/s, Materializing param=encoder.layers.8.attention.out_proj.weight]
Loading weights:  66%|██████▌   | 163/248 [00:00<00:00, 5264.84it/s, Materializing param=encoder.layers.8.attention.q_proj.bias]    
Loading weights:  66%|██████▌   | 163/248 [00:00<00:00, 5256.10it/s, Materializing param=encoder.layers.8.attention.q_proj.bias]
Loading weights:  66%|██████▌   | 164/248 [00:00<00:00, 5275.04it/s, Materializing param=encoder.layers.8.attention.q_proj.weight]
Loading weights:  66%|██████▌   | 164/248 [00:00<00:00, 5266.24it/s, Materializing param=encoder.layers.8.attention.q_proj.weight]
Loading weights:  67%|██████▋   | 165/248 [00:00<00:00, 5285.20it/s, Materializing param=encoder.layers.8.attention.v_proj.bias]  
Loading weights:  67%|██████▋   | 165/248 [00:00<00:00, 5276.46it/s, Materializing param=encoder.layers.8.attention.v_proj.bias]
Loading weights:  67%|██████▋   | 166/248 [00:00<00:00, 5295.84it/s, Materializing param=encoder.layers.8.attention.v_proj.weight]
Loading weights:  67%|██████▋   | 166/248 [00:00<00:00, 5284.82it/s, Materializing param=encoder.layers.8.attention.v_proj.weight]
Loading weights:  67%|██████▋   | 167/248 [00:00<00:00, 5301.45it/s, Materializing param=encoder.layers.8.feed_forward.intermediate_dense.bias]
Loading weights:  67%|██████▋   | 167/248 [00:00<00:00, 5292.64it/s, Materializing param=encoder.layers.8.feed_forward.intermediate_dense.bias]
Loading weights:  68%|██████▊   | 168/248 [00:00<00:00, 5296.12it/s, Materializing param=encoder.layers.8.feed_forward.intermediate_dense.weight]
Loading weights:  68%|██████▊   | 168/248 [00:00<00:00, 5279.65it/s, Materializing param=encoder.layers.8.feed_forward.intermediate_dense.weight]
Loading weights:  68%|██████▊   | 169/248 [00:00<00:00, 5290.58it/s, Materializing param=encoder.layers.8.feed_forward.output_dense.bias]        
Loading weights:  68%|██████▊   | 169/248 [00:00<00:00, 5281.04it/s, Materializing param=encoder.layers.8.feed_forward.output_dense.bias]
Loading weights:  69%|██████▊   | 170/248 [00:00<00:00, 5299.50it/s, Materializing param=encoder.layers.8.feed_forward.output_dense.weight]
Loading weights:  69%|██████▊   | 170/248 [00:00<00:00, 5291.36it/s, Materializing param=encoder.layers.8.feed_forward.output_dense.weight]
Loading weights:  69%|██████▉   | 171/248 [00:00<00:00, 5310.35it/s, Materializing param=encoder.layers.8.final_layer_norm.bias]           
Loading weights:  69%|██████▉   | 171/248 [00:00<00:00, 5280.01it/s, Materializing param=encoder.layers.8.final_layer_norm.bias]
Loading weights:  69%|██████▉   | 172/248 [00:00<00:00, 5239.41it/s, Materializing param=encoder.layers.8.final_layer_norm.weight]
Loading weights:  69%|██████▉   | 172/248 [00:00<00:00, 5223.03it/s, Materializing param=encoder.layers.8.final_layer_norm.weight]
Loading weights:  70%|██████▉   | 173/248 [00:00<00:00, 5235.24it/s, Materializing param=encoder.layers.8.layer_norm.bias]        
Loading weights:  70%|██████▉   | 173/248 [00:00<00:00, 5226.26it/s, Materializing param=encoder.layers.8.layer_norm.bias]
Loading weights:  70%|███████   | 174/248 [00:00<00:00, 5243.56it/s, Materializing param=encoder.layers.8.layer_norm.weight]
Loading weights:  70%|███████   | 174/248 [00:00<00:00, 5235.32it/s, Materializing param=encoder.layers.8.layer_norm.weight]
Loading weights:  71%|███████   | 175/248 [00:00<00:00, 5252.75it/s, Materializing param=encoder.layers.9.attention.gru_rel_pos_const]
Loading weights:  71%|███████   | 175/248 [00:00<00:00, 5244.79it/s, Materializing param=encoder.layers.9.attention.gru_rel_pos_const]
Loading weights:  71%|███████   | 176/248 [00:00<00:00, 5255.68it/s, Materializing param=encoder.layers.9.attention.gru_rel_pos_linear.bias]
Loading weights:  71%|███████   | 176/248 [00:00<00:00, 5237.82it/s, Materializing param=encoder.layers.9.attention.gru_rel_pos_linear.bias]
Loading weights:  71%|███████▏  | 177/248 [00:00<00:00, 5246.07it/s, Materializing param=encoder.layers.9.attention.gru_rel_pos_linear.weight]
Loading weights:  71%|███████▏  | 177/248 [00:00<00:00, 5237.15it/s, Materializing param=encoder.layers.9.attention.gru_rel_pos_linear.weight]
Loading weights:  72%|███████▏  | 178/248 [00:00<00:00, 5244.32it/s, Materializing param=encoder.layers.9.attention.k_proj.bias]              
Loading weights:  72%|███████▏  | 178/248 [00:00<00:00, 5234.28it/s, Materializing param=encoder.layers.9.attention.k_proj.bias]
Loading weights:  72%|███████▏  | 179/248 [00:00<00:00, 5250.25it/s, Materializing param=encoder.layers.9.attention.k_proj.weight]
Loading weights:  72%|███████▏  | 179/248 [00:00<00:00, 5242.73it/s, Materializing param=encoder.layers.9.attention.k_proj.weight]
Loading weights:  73%|███████▎  | 180/248 [00:00<00:00, 5259.54it/s, Materializing param=encoder.layers.9.attention.out_proj.bias]
Loading weights:  73%|███████▎  | 180/248 [00:00<00:00, 5252.14it/s, Materializing param=encoder.layers.9.attention.out_proj.bias]
Loading weights:  73%|███████▎  | 181/248 [00:00<00:00, 5270.07it/s, Materializing param=encoder.layers.9.attention.out_proj.weight]
Loading weights:  73%|███████▎  | 181/248 [00:00<00:00, 5262.91it/s, Materializing param=encoder.layers.9.attention.out_proj.weight]
Loading weights:  73%|███████▎  | 182/248 [00:00<00:00, 5281.00it/s, Materializing param=encoder.layers.9.attention.q_proj.bias]    
Loading weights:  73%|███████▎  | 182/248 [00:00<00:00, 5273.70it/s, Materializing param=encoder.layers.9.attention.q_proj.bias]
Loading weights:  74%|███████▍  | 183/248 [00:00<00:00, 5291.60it/s, Materializing param=encoder.layers.9.attention.q_proj.weight]
Loading weights:  74%|███████▍  | 183/248 [00:00<00:00, 5284.68it/s, Materializing param=encoder.layers.9.attention.q_proj.weight]
Loading weights:  74%|███████▍  | 184/248 [00:00<00:00, 5302.57it/s, Materializing param=encoder.layers.9.attention.v_proj.bias]  
Loading weights:  74%|███████▍  | 184/248 [00:00<00:00, 5295.66it/s, Materializing param=encoder.layers.9.attention.v_proj.bias]
Loading weights:  75%|███████▍  | 185/248 [00:00<00:00, 5313.83it/s, Materializing param=encoder.layers.9.attention.v_proj.weight]
Loading weights:  75%|███████▍  | 185/248 [00:00<00:00, 5307.10it/s, Materializing param=encoder.layers.9.attention.v_proj.weight]
Loading weights:  75%|███████▌  | 186/248 [00:00<00:00, 5324.54it/s, Materializing param=encoder.layers.9.feed_forward.intermediate_dense.bias]
Loading weights:  75%|███████▌  | 186/248 [00:00<00:00, 5316.99it/s, Materializing param=encoder.layers.9.feed_forward.intermediate_dense.bias]
Loading weights:  75%|███████▌  | 187/248 [00:00<00:00, 5334.34it/s, Materializing param=encoder.layers.9.feed_forward.intermediate_dense.weight]
Loading weights:  75%|███████▌  | 187/248 [00:00<00:00, 5327.31it/s, Materializing param=encoder.layers.9.feed_forward.intermediate_dense.weight]
Loading weights:  76%|███████▌  | 188/248 [00:00<00:00, 5344.73it/s, Materializing param=encoder.layers.9.feed_forward.output_dense.bias]        
Loading weights:  76%|███████▌  | 188/248 [00:00<00:00, 5337.49it/s, Materializing param=encoder.layers.9.feed_forward.output_dense.bias]
Loading weights:  76%|███████▌  | 189/248 [00:00<00:00, 5354.72it/s, Materializing param=encoder.layers.9.feed_forward.output_dense.weight]
Loading weights:  76%|███████▌  | 189/248 [00:00<00:00, 5347.39it/s, Materializing param=encoder.layers.9.feed_forward.output_dense.weight]
Loading weights:  77%|███████▋  | 190/248 [00:00<00:00, 5364.53it/s, Materializing param=encoder.layers.9.final_layer_norm.bias]           
Loading weights:  77%|███████▋  | 190/248 [00:00<00:00, 5357.32it/s, Materializing param=encoder.layers.9.final_layer_norm.bias]
Loading weights:  77%|███████▋  | 191/248 [00:00<00:00, 5371.40it/s, Materializing param=encoder.layers.9.final_layer_norm.weight]
Loading weights:  77%|███████▋  | 191/248 [00:00<00:00, 5357.78it/s, Materializing param=encoder.layers.9.final_layer_norm.weight]
Loading weights:  77%|███████▋  | 192/248 [00:00<00:00, 5374.23it/s, Materializing param=encoder.layers.9.layer_norm.bias]        
Loading weights:  77%|███████▋  | 192/248 [00:00<00:00, 5366.71it/s, Materializing param=encoder.layers.9.layer_norm.bias]
Loading weights:  78%|███████▊  | 193/248 [00:00<00:00, 5383.89it/s, Materializing param=encoder.layers.9.layer_norm.weight]
Loading weights:  78%|███████▊  | 193/248 [00:00<00:00, 5376.92it/s, Materializing param=encoder.layers.9.layer_norm.weight]
Loading weights:  78%|███████▊  | 194/248 [00:00<00:00, 5392.53it/s, Materializing param=encoder.layers.10.attention.gru_rel_pos_const]
Loading weights:  78%|███████▊  | 194/248 [00:00<00:00, 5384.71it/s, Materializing param=encoder.layers.10.attention.gru_rel_pos_const]
Loading weights:  79%|███████▊  | 195/248 [00:00<00:00, 5380.11it/s, Materializing param=encoder.layers.10.attention.gru_rel_pos_linear.bias]
Loading weights:  79%|███████▊  | 195/248 [00:00<00:00, 5353.55it/s, Materializing param=encoder.layers.10.attention.gru_rel_pos_linear.bias]
Loading weights:  79%|███████▉  | 196/248 [00:00<00:00, 5344.42it/s, Materializing param=encoder.layers.10.attention.gru_rel_pos_linear.weight]
Loading weights:  79%|███████▉  | 196/248 [00:00<00:00, 5332.18it/s, Materializing param=encoder.layers.10.attention.gru_rel_pos_linear.weight]
Loading weights:  79%|███████▉  | 197/248 [00:00<00:00, 5344.72it/s, Materializing param=encoder.layers.10.attention.k_proj.bias]              
Loading weights:  79%|███████▉  | 197/248 [00:00<00:00, 5336.26it/s, Materializing param=encoder.layers.10.attention.k_proj.bias]
Loading weights:  80%|███████▉  | 198/248 [00:00<00:00, 5351.98it/s, Materializing param=encoder.layers.10.attention.k_proj.weight]
Loading weights:  80%|███████▉  | 198/248 [00:00<00:00, 5344.71it/s, Materializing param=encoder.layers.10.attention.k_proj.weight]
Loading weights:  80%|████████  | 199/248 [00:00<00:00, 5360.05it/s, Materializing param=encoder.layers.10.attention.out_proj.bias]
Loading weights:  80%|████████  | 199/248 [00:00<00:00, 5352.83it/s, Materializing param=encoder.layers.10.attention.out_proj.bias]
Loading weights:  81%|████████  | 200/248 [00:00<00:00, 5369.02it/s, Materializing param=encoder.layers.10.attention.out_proj.weight]
Loading weights:  81%|████████  | 200/248 [00:00<00:00, 5362.02it/s, Materializing param=encoder.layers.10.attention.out_proj.weight]
Loading weights:  81%|████████  | 201/248 [00:00<00:00, 5378.41it/s, Materializing param=encoder.layers.10.attention.q_proj.bias]    
Loading weights:  81%|████████  | 201/248 [00:00<00:00, 5371.39it/s, Materializing param=encoder.layers.10.attention.q_proj.bias]
Loading weights:  81%|████████▏ | 202/248 [00:00<00:00, 5387.64it/s, Materializing param=encoder.layers.10.attention.q_proj.weight]
Loading weights:  81%|████████▏ | 202/248 [00:00<00:00, 5380.56it/s, Materializing param=encoder.layers.10.attention.q_proj.weight]
Loading weights:  82%|████████▏ | 203/248 [00:00<00:00, 5396.91it/s, Materializing param=encoder.layers.10.attention.v_proj.bias]  
Loading weights:  82%|████████▏ | 203/248 [00:00<00:00, 5390.11it/s, Materializing param=encoder.layers.10.attention.v_proj.bias]
Loading weights:  82%|████████▏ | 204/248 [00:00<00:00, 5405.65it/s, Materializing param=encoder.layers.10.attention.v_proj.weight]
Loading weights:  82%|████████▏ | 204/248 [00:00<00:00, 5398.82it/s, Materializing param=encoder.layers.10.attention.v_proj.weight]
Loading weights:  83%|████████▎ | 205/248 [00:00<00:00, 5395.97it/s, Materializing param=encoder.layers.10.feed_forward.intermediate_dense.bias]
Loading weights:  83%|████████▎ | 205/248 [00:00<00:00, 5382.43it/s, Materializing param=encoder.layers.10.feed_forward.intermediate_dense.bias]
Loading weights:  83%|████████▎ | 206/248 [00:00<00:00, 5394.06it/s, Materializing param=encoder.layers.10.feed_forward.intermediate_dense.weight]
Loading weights:  83%|████████▎ | 206/248 [00:00<00:00, 5385.63it/s, Materializing param=encoder.layers.10.feed_forward.intermediate_dense.weight]
Loading weights:  83%|████████▎ | 207/248 [00:00<00:00, 5380.21it/s, Materializing param=encoder.layers.10.feed_forward.output_dense.bias]        
Loading weights:  83%|████████▎ | 207/248 [00:00<00:00, 5364.49it/s, Materializing param=encoder.layers.10.feed_forward.output_dense.bias]
Loading weights:  84%|████████▍ | 208/248 [00:00<00:00, 5364.52it/s, Materializing param=encoder.layers.10.feed_forward.output_dense.weight]
Loading weights:  84%|████████▍ | 208/248 [00:00<00:00, 5352.57it/s, Materializing param=encoder.layers.10.feed_forward.output_dense.weight]
Loading weights:  84%|████████▍ | 209/248 [00:00<00:00, 5365.33it/s, Materializing param=encoder.layers.10.final_layer_norm.bias]           
Loading weights:  84%|████████▍ | 209/248 [00:00<00:00, 5358.12it/s, Materializing param=encoder.layers.10.final_layer_norm.bias]
Loading weights:  85%|████████▍ | 210/248 [00:00<00:00, 5373.34it/s, Materializing param=encoder.layers.10.final_layer_norm.weight]
Loading weights:  85%|████████▍ | 210/248 [00:00<00:00, 5366.50it/s, Materializing param=encoder.layers.10.final_layer_norm.weight]
Loading weights:  85%|████████▌ | 211/248 [00:00<00:00, 5382.41it/s, Materializing param=encoder.layers.10.layer_norm.bias]        
Loading weights:  85%|████████▌ | 211/248 [00:00<00:00, 5376.01it/s, Materializing param=encoder.layers.10.layer_norm.bias]
Loading weights:  85%|████████▌ | 212/248 [00:00<00:00, 5391.72it/s, Materializing param=encoder.layers.10.layer_norm.weight]
Loading weights:  85%|████████▌ | 212/248 [00:00<00:00, 5385.42it/s, Materializing param=encoder.layers.10.layer_norm.weight]
Loading weights:  86%|████████▌ | 213/248 [00:00<00:00, 5401.37it/s, Materializing param=encoder.layers.11.attention.gru_rel_pos_const]
Loading weights:  86%|████████▌ | 213/248 [00:00<00:00, 5394.72it/s, Materializing param=encoder.layers.11.attention.gru_rel_pos_const]
Loading weights:  86%|████████▋ | 214/248 [00:00<00:00, 5410.18it/s, Materializing param=encoder.layers.11.attention.gru_rel_pos_linear.bias]
Loading weights:  86%|████████▋ | 214/248 [00:00<00:00, 5403.31it/s, Materializing param=encoder.layers.11.attention.gru_rel_pos_linear.bias]
Loading weights:  87%|████████▋ | 215/248 [00:00<00:00, 5418.74it/s, Materializing param=encoder.layers.11.attention.gru_rel_pos_linear.weight]
Loading weights:  87%|████████▋ | 215/248 [00:00<00:00, 5412.27it/s, Materializing param=encoder.layers.11.attention.gru_rel_pos_linear.weight]
Loading weights:  87%|████████▋ | 216/248 [00:00<00:00, 5427.80it/s, Materializing param=encoder.layers.11.attention.k_proj.bias]              
Loading weights:  87%|████████▋ | 216/248 [00:00<00:00, 5421.33it/s, Materializing param=encoder.layers.11.attention.k_proj.bias]
Loading weights:  88%|████████▊ | 217/248 [00:00<00:00, 5423.91it/s, Materializing param=encoder.layers.11.attention.k_proj.weight]
Loading weights:  88%|████████▊ | 217/248 [00:00<00:00, 5415.42it/s, Materializing param=encoder.layers.11.attention.k_proj.weight]
Loading weights:  88%|████████▊ | 218/248 [00:00<00:00, 5429.68it/s, Materializing param=encoder.layers.11.attention.out_proj.bias]
Loading weights:  88%|████████▊ | 218/248 [00:00<00:00, 5421.21it/s, Materializing param=encoder.layers.11.attention.out_proj.bias]
Loading weights:  88%|████████▊ | 219/248 [00:00<00:00, 5433.10it/s, Materializing param=encoder.layers.11.attention.out_proj.weight]
Loading weights:  88%|████████▊ | 219/248 [00:00<00:00, 5423.60it/s, Materializing param=encoder.layers.11.attention.out_proj.weight]
Loading weights:  89%|████████▊ | 220/248 [00:00<00:00, 5425.62it/s, Materializing param=encoder.layers.11.attention.q_proj.bias]    
Loading weights:  89%|████████▊ | 220/248 [00:00<00:00, 5412.74it/s, Materializing param=encoder.layers.11.attention.q_proj.bias]
Loading weights:  89%|████████▉ | 221/248 [00:00<00:00, 5424.48it/s, Materializing param=encoder.layers.11.attention.q_proj.weight]
Loading weights:  89%|████████▉ | 221/248 [00:00<00:00, 5416.75it/s, Materializing param=encoder.layers.11.attention.q_proj.weight]
Loading weights:  90%|████████▉ | 222/248 [00:00<00:00, 5430.47it/s, Materializing param=encoder.layers.11.attention.v_proj.bias]  
Loading weights:  90%|████████▉ | 222/248 [00:00<00:00, 5418.40it/s, Materializing param=encoder.layers.11.attention.v_proj.bias]
Loading weights:  90%|████████▉ | 223/248 [00:00<00:00, 5431.74it/s, Materializing param=encoder.layers.11.attention.v_proj.weight]
Loading weights:  90%|████████▉ | 223/248 [00:00<00:00, 5422.74it/s, Materializing param=encoder.layers.11.attention.v_proj.weight]
Loading weights:  90%|█████████ | 224/248 [00:00<00:00, 5409.23it/s, Materializing param=encoder.layers.11.feed_forward.intermediate_dense.bias]
Loading weights:  90%|█████████ | 224/248 [00:00<00:00, 5393.12it/s, Materializing param=encoder.layers.11.feed_forward.intermediate_dense.bias]
Loading weights:  91%|█████████ | 225/248 [00:00<00:00, 5401.29it/s, Materializing param=encoder.layers.11.feed_forward.intermediate_dense.weight]
Loading weights:  91%|█████████ | 225/248 [00:00<00:00, 5393.20it/s, Materializing param=encoder.layers.11.feed_forward.intermediate_dense.weight]
Loading weights:  91%|█████████ | 226/248 [00:00<00:00, 5405.43it/s, Materializing param=encoder.layers.11.feed_forward.output_dense.bias]        
Loading weights:  91%|█████████ | 226/248 [00:00<00:00, 5397.28it/s, Materializing param=encoder.layers.11.feed_forward.output_dense.bias]
Loading weights:  92%|█████████▏| 227/248 [00:00<00:00, 5409.91it/s, Materializing param=encoder.layers.11.feed_forward.output_dense.weight]
Loading weights:  92%|█████████▏| 227/248 [00:00<00:00, 5402.64it/s, Materializing param=encoder.layers.11.feed_forward.output_dense.weight]
Loading weights:  92%|█████████▏| 228/248 [00:00<00:00, 5415.56it/s, Materializing param=encoder.layers.11.final_layer_norm.bias]           
Loading weights:  92%|█████████▏| 228/248 [00:00<00:00, 5408.70it/s, Materializing param=encoder.layers.11.final_layer_norm.bias]
Loading weights:  92%|█████████▏| 229/248 [00:00<00:00, 5421.66it/s, Materializing param=encoder.layers.11.final_layer_norm.weight]
Loading weights:  92%|█████████▏| 229/248 [00:00<00:00, 5415.27it/s, Materializing param=encoder.layers.11.final_layer_norm.weight]
Loading weights:  93%|█████████▎| 230/248 [00:00<00:00, 5429.06it/s, Materializing param=encoder.layers.11.layer_norm.bias]        
Loading weights:  93%|█████████▎| 230/248 [00:00<00:00, 5422.81it/s, Materializing param=encoder.layers.11.layer_norm.bias]
Loading weights:  93%|█████████▎| 231/248 [00:00<00:00, 5436.45it/s, Materializing param=encoder.layers.11.layer_norm.weight]
Loading weights:  93%|█████████▎| 231/248 [00:00<00:00, 5430.14it/s, Materializing param=encoder.layers.11.layer_norm.weight]
Loading weights:  94%|█████████▎| 232/248 [00:00<00:00, 5444.34it/s, Materializing param=encoder.pos_conv_embed.conv.bias]   
Loading weights:  94%|█████████▎| 232/248 [00:00<00:00, 5438.35it/s, Materializing param=encoder.pos_conv_embed.conv.bias]
Loading weights:  94%|█████████▍| 233/248 [00:00<00:00, 5446.57it/s, Materializing param=encoder.pos_conv_embed.conv.parametrizations.weight.original0]
Loading weights:  94%|█████████▍| 233/248 [00:00<00:00, 5431.89it/s, Materializing param=encoder.pos_conv_embed.conv.parametrizations.weight.original0]
Loading weights:  94%|█████████▍| 234/248 [00:00<00:00, 5439.48it/s, Materializing param=encoder.pos_conv_embed.conv.parametrizations.weight.original1]
Loading weights:  94%|█████████▍| 234/248 [00:00<00:00, 5432.49it/s, Materializing param=encoder.pos_conv_embed.conv.parametrizations.weight.original1]
Loading weights:  95%|█████████▍| 235/248 [00:00<00:00, 5445.97it/s, Materializing param=feature_extractor.conv_layers.0.conv.weight]                  
Loading weights:  95%|█████████▍| 235/248 [00:00<00:00, 5439.84it/s, Materializing param=feature_extractor.conv_layers.0.conv.weight]
Loading weights:  95%|█████████▌| 236/248 [00:00<00:00, 5440.11it/s, Materializing param=feature_extractor.conv_layers.0.layer_norm.bias]
Loading weights:  95%|█████████▌| 236/248 [00:00<00:00, 5426.01it/s, Materializing param=feature_extractor.conv_layers.0.layer_norm.bias]
Loading weights:  96%|█████████▌| 237/248 [00:00<00:00, 5433.99it/s, Materializing param=feature_extractor.conv_layers.0.layer_norm.weight]
Loading weights:  96%|█████████▌| 237/248 [00:00<00:00, 5418.02it/s, Materializing param=feature_extractor.conv_layers.0.layer_norm.weight]
Loading weights:  96%|█████████▌| 238/248 [00:00<00:00, 5426.83it/s, Materializing param=feature_extractor.conv_layers.1.conv.weight]      
Loading weights:  96%|█████████▌| 238/248 [00:00<00:00, 5419.82it/s, Materializing param=feature_extractor.conv_layers.1.conv.weight]
Loading weights:  96%|█████████▋| 239/248 [00:00<00:00, 5431.89it/s, Materializing param=feature_extractor.conv_layers.2.conv.weight]
Loading weights:  96%|█████████▋| 239/248 [00:00<00:00, 5425.95it/s, Materializing param=feature_extractor.conv_layers.2.conv.weight]
Loading weights:  97%|█████████▋| 240/248 [00:00<00:00, 5437.41it/s, Materializing param=feature_extractor.conv_layers.3.conv.weight]
Loading weights:  97%|█████████▋| 240/248 [00:00<00:00, 5424.20it/s, Materializing param=feature_extractor.conv_layers.3.conv.weight]
Loading weights:  97%|█████████▋| 241/248 [00:00<00:00, 5435.67it/s, Materializing param=feature_extractor.conv_layers.4.conv.weight]
Loading weights:  97%|█████████▋| 241/248 [00:00<00:00, 5429.65it/s, Materializing param=feature_extractor.conv_layers.4.conv.weight]
Loading weights:  98%|█████████▊| 242/248 [00:00<00:00, 5443.03it/s, Materializing param=feature_extractor.conv_layers.5.conv.weight]
Loading weights:  98%|█████████▊| 242/248 [00:00<00:00, 5436.62it/s, Materializing param=feature_extractor.conv_layers.5.conv.weight]
Loading weights:  98%|█████████▊| 243/248 [00:00<00:00, 5450.12it/s, Materializing param=feature_extractor.conv_layers.6.conv.weight]
Loading weights:  98%|█████████▊| 243/248 [00:00<00:00, 5443.89it/s, Materializing param=feature_extractor.conv_layers.6.conv.weight]
Loading weights:  98%|█████████▊| 244/248 [00:00<00:00, 5303.52it/s, Materializing param=feature_projection.layer_norm.bias]         
Loading weights:  98%|█████████▊| 244/248 [00:00<00:00, 5294.22it/s, Materializing param=feature_projection.layer_norm.bias]
Loading weights:  99%|█████████▉| 245/248 [00:00<00:00, 5306.50it/s, Materializing param=feature_projection.layer_norm.weight]
Loading weights:  99%|█████████▉| 245/248 [00:00<00:00, 5300.54it/s, Materializing param=feature_projection.layer_norm.weight]
Loading weights:  99%|█████████▉| 246/248 [00:00<00:00, 5313.62it/s, Materializing param=feature_projection.projection.bias]  
Loading weights:  99%|█████████▉| 246/248 [00:00<00:00, 5307.77it/s, Materializing param=feature_projection.projection.bias]
Loading weights: 100%|█████████▉| 247/248 [00:00<00:00, 5321.03it/s, Materializing param=feature_projection.projection.weight]
Loading weights: 100%|█████████▉| 247/248 [00:00<00:00, 5315.43it/s, Materializing param=feature_projection.projection.weight]
Loading weights: 100%|██████████| 248/248 [00:00<00:00, 5329.37it/s, Materializing param=masked_spec_embed]                   
Loading weights: 100%|██████████| 248/248 [00:00<00:00, 5324.11it/s, Materializing param=masked_spec_embed]
Loading weights: 100%|██████████| 248/248 [00:00<00:00, 5289.54it/s, Materializing param=masked_spec_embed]
[INFO] Loaded audio branch checkpoint: /home/louis/projects/MultimodalEmotionRecognition/outputs/speaker_independent_tracked_v1/fold_01/audio/best.pt (missing=0, unexpected=0)
[INFO] Loaded video branch checkpoint: /home/louis/projects/MultimodalEmotionRecognition/outputs/speaker_independent_tracked_v1/fold_01/video/best.pt (missing=0, unexpected=0)
Model parameters: 106,607,241 (trainable: 12,225,305)

[INFO] Optimizer groups (stage 1): fusion=447,945@2.00e-04
[INFO] Cosine scheduler (group-wise): group0: base_lr=2.00e-04, eta_min=2.00e-05
[INFO] Two-stage fusion enabled: stage1_epochs=6, stage2_epochs=29, video_unfreeze_blocks=1, wavlm_unfreeze_layers=2
[INFO] Trainable parameters after stage setup: 447,945

train:   0%|          | 0/120 [00:00<?, ?it/s]libEGL warning: DRI3 error: Could not get DRI3 device
libEGL warning: Ensure your X server supports DRI3 to get accelerated rendering
libEGL warning: DRI3 error: Could not get DRI3 device
libEGL warning: Ensure your X server supports DRI3 to get accelerated rendering
WARNING: All log messages before absl::InitializeLog() is called are written to STDERR
WARNING: All log messages before absl::InitializeLog() is called are written to STDERR
I0000 00:00:1791463403.169257   32887 gl_context_egl.cc:85] Successfully initialized EGL. Major : 1 Minor: 5
I0000 00:00:1791463403.169257   32888 gl_context_egl.cc:85] Successfully initialized EGL. Major : 1 Minor: 5
I0000 00:00:1791463403.182196   33112 gl_context.cc:369] GL version: 3.2 (OpenGL ES 3.2 Mesa 25.2.8-0ubuntu0.24.04.2), renderer: llvmpipe (LLVM 20.1.2, 256 bits)
INFO: Created TensorFlow Lite XNNPACK delegate for CPU.
I0000 00:00:1791463403.186431   33113 gl_context.cc:369] GL version: 3.2 (OpenGL ES 3.2 Mesa 25.2.8-0ubuntu0.24.04.2), renderer: llvmpipe (LLVM 20.1.2, 256 bits)
INFO: Created TensorFlow Lite XNNPACK delegate for CPU.
W0000 00:00:1791463403.196980   33002 inference_feedback_manager.cc:114] Feedback manager requires a model with a single signature inference. Disabling support for feedback tensors.
W0000 00:00:1791463403.199595   33011 inference_feedback_manager.cc:114] Feedback manager requires a model with a single signature inference. Disabling support for feedback tensors.

train:   1%|          | 1/120 [00:03<06:20,  3.20s/it]
train:   2%|▎         | 3/120 [00:03<01:43,  1.13it/s]
train:   4%|▍         | 5/120 [00:03<00:59,  1.93it/s]
train:   5%|▌         | 6/120 [00:04<00:55,  2.06it/s]
train:   6%|▌         | 7/120 [00:04<00:50,  2.23it/s]
train:   7%|▋         | 8/120 [00:04<00:49,  2.28it/s]
train:   8%|▊         | 9/120 [00:05<00:46,  2.40it/s]
train:   8%|▊         | 10/120 [00:05<00:44,  2.46it/s]
train:   9%|▉         | 11/120 [00:05<00:43,  2.52it/s]
train:  10%|█         | 12/120 [00:06<00:42,  2.55it/s]
train:  11%|█         | 13/120 [00:06<00:41,  2.56it/s]
train:  12%|█▏        | 14/120 [00:07<00:41,  2.57it/s]
train:  12%|█▎        | 15/120 [00:07<00:40,  2.62it/s]
train:  13%|█▎        | 16/120 [00:07<00:40,  2.60it/s]
train:  14%|█▍        | 17/120 [00:08<00:41,  2.48it/s]
train:  15%|█▌        | 18/120 [00:08<00:41,  2.45it/s]
train:  16%|█▌        | 19/120 [00:09<00:42,  2.37it/s]
train:  17%|█▋        | 20/120 [00:09<00:42,  2.34it/s]
train:  18%|█▊        | 21/120 [00:10<00:43,  2.26it/s]
train:  18%|█▊        | 22/120 [00:10<00:44,  2.22it/s]
train:  19%|█▉        | 23/120 [00:11<00:43,  2.22it/s]
train:  20%|██        | 24/120 [00:11<00:43,  2.23it/s]
train:  21%|██        | 25/120 [00:11<00:42,  2.26it/s]
train:  22%|██▏       | 26/120 [00:12<00:42,  2.23it/s]
train:  22%|██▎       | 27/120 [00:12<00:41,  2.25it/s]
train:  23%|██▎       | 28/120 [00:13<00:40,  2.27it/s]
train:  24%|██▍       | 29/120 [00:13<00:40,  2.26it/s]
train:  25%|██▌       | 30/120 [00:14<00:38,  2.31it/s]
train:  26%|██▌       | 31/120 [00:14<00:38,  2.32it/s]
train:  27%|██▋       | 32/120 [00:14<00:39,  2.26it/s]
train:  28%|██▊       | 33/120 [00:15<00:39,  2.23it/s]
train:  28%|██▊       | 34/120 [00:15<00:38,  2.22it/s]
train:  29%|██▉       | 35/120 [00:16<00:37,  2.27it/s]
train:  30%|███       | 36/120 [00:16<00:37,  2.27it/s]
train:  31%|███       | 37/120 [00:17<00:36,  2.25it/s]
train:  32%|███▏      | 38/120 [00:17<00:36,  2.24it/s]
train:  32%|███▎      | 39/120 [00:18<00:36,  2.24it/s]
train:  33%|███▎      | 40/120 [00:19<01:00,  1.32it/s]
train:  34%|███▍      | 41/120 [00:20<00:52,  1.52it/s]
train:  35%|███▌      | 42/120 [00:20<00:46,  1.68it/s]
train:  36%|███▌      | 43/120 [00:20<00:42,  1.81it/s]
train:  37%|███▋      | 44/120 [00:21<00:38,  1.95it/s]
train:  38%|███▊      | 45/120 [00:21<00:37,  2.01it/s]
train:  38%|███▊      | 46/120 [00:22<00:34,  2.13it/s]
train:  39%|███▉      | 47/120 [00:22<00:33,  2.20it/s]
train:  40%|████      | 48/120 [00:23<00:31,  2.26it/s]
train:  41%|████      | 49/120 [00:23<00:30,  2.31it/s]
train:  42%|████▏     | 50/120 [00:23<00:30,  2.27it/s]
train:  42%|████▎     | 51/120 [00:24<00:29,  2.37it/s]
train:  43%|████▎     | 52/120 [00:24<00:29,  2.30it/s]
train:  44%|████▍     | 53/120 [00:25<00:28,  2.33it/s]
train:  45%|████▌     | 54/120 [00:25<00:28,  2.34it/s]
train:  46%|████▌     | 55/120 [00:26<00:28,  2.29it/s]
train:  47%|████▋     | 56/120 [00:26<00:27,  2.31it/s]
train:  48%|████▊     | 57/120 [00:26<00:28,  2.24it/s]
train:  48%|████▊     | 58/120 [00:27<00:25,  2.43it/s]
train:  49%|████▉     | 59/120 [00:27<00:26,  2.29it/s]
train:  50%|█████     | 60/120 [00:28<00:23,  2.51it/s]
train:  51%|█████     | 61/120 [00:28<00:24,  2.38it/s]
train:  52%|█████▏    | 62/120 [00:28<00:22,  2.57it/s]
train:  52%|█████▎    | 63/120 [00:29<00:24,  2.37it/s]
train:  53%|█████▎    | 64/120 [00:29<00:21,  2.57it/s]
train:  54%|█████▍    | 65/120 [00:30<00:22,  2.39it/s]
train:  55%|█████▌    | 66/120 [00:30<00:20,  2.64it/s]
train:  56%|█████▌    | 67/120 [00:30<00:22,  2.36it/s]
train:  57%|█████▋    | 68/120 [00:31<00:19,  2.63it/s]
train:  57%|█████▊    | 69/120 [00:31<00:21,  2.42it/s]
train:  58%|█████▊    | 70/120 [00:32<00:18,  2.69it/s]
train:  59%|█████▉    | 71/120 [00:32<00:19,  2.48it/s]
train:  60%|██████    | 72/120 [00:32<00:18,  2.66it/s]
train:  61%|██████    | 73/120 [00:33<00:18,  2.52it/s]
train:  62%|██████▏   | 74/120 [00:33<00:17,  2.61it/s]
train:  62%|██████▎   | 75/120 [00:34<00:17,  2.55it/s]
train:  63%|██████▎   | 76/120 [00:34<00:17,  2.54it/s]
train:  64%|██████▍   | 77/120 [00:34<00:17,  2.41it/s]
train:  65%|██████▌   | 78/120 [00:35<00:16,  2.49it/s]
train:  66%|██████▌   | 79/120 [00:35<00:16,  2.42it/s]
train:  67%|██████▋   | 80/120 [00:36<00:16,  2.48it/s]
train:  68%|██████▊   | 81/120 [00:36<00:16,  2.38it/s]
train:  68%|██████▊   | 82/120 [00:36<00:15,  2.48it/s]
train:  69%|██████▉   | 83/120 [00:37<00:15,  2.40it/s]
train:  70%|███████   | 84/120 [00:37<00:14,  2.52it/s]
train:  71%|███████   | 85/120 [00:38<00:14,  2.45it/s]
train:  72%|███████▏  | 86/120 [00:38<00:13,  2.59it/s]
train:  72%|███████▎  | 87/120 [00:38<00:13,  2.38it/s]
train:  73%|███████▎  | 88/120 [00:39<00:12,  2.54it/s]
train:  74%|███████▍  | 89/120 [00:39<00:12,  2.43it/s]
train:  75%|███████▌  | 90/120 [00:40<00:11,  2.54it/s]
train:  76%|███████▌  | 91/120 [00:40<00:11,  2.47it/s]
train:  77%|███████▋  | 92/120 [00:40<00:11,  2.44it/s]
train:  78%|███████▊  | 93/120 [00:41<00:11,  2.39it/s]
train:  78%|███████▊  | 94/120 [00:41<00:11,  2.31it/s]
train:  79%|███████▉  | 95/120 [00:42<00:10,  2.37it/s]
train:  80%|████████  | 96/120 [00:42<00:10,  2.35it/s]
train:  81%|████████  | 97/120 [00:43<00:09,  2.44it/s]
train:  82%|████████▏ | 98/120 [00:43<00:09,  2.34it/s]
train:  82%|████████▎ | 99/120 [00:43<00:08,  2.47it/s]
train:  83%|████████▎ | 100/120 [00:44<00:08,  2.24it/s]
train:  84%|████████▍ | 101/120 [00:44<00:07,  2.41it/s]
train:  85%|████████▌ | 102/120 [00:45<00:08,  2.23it/s]
train:  86%|████████▌ | 103/120 [00:45<00:07,  2.41it/s]
train:  87%|████████▋ | 104/120 [00:46<00:07,  2.26it/s]
train:  88%|████████▊ | 105/120 [00:46<00:06,  2.43it/s]
train:  88%|████████▊ | 106/120 [00:46<00:06,  2.31it/s]
train:  89%|████████▉ | 107/120 [00:47<00:05,  2.42it/s]
train:  90%|█████████ | 108/120 [00:47<00:05,  2.26it/s]
train:  91%|█████████ | 109/120 [00:48<00:04,  2.43it/s]
train:  92%|█████████▏| 110/120 [00:48<00:04,  2.21it/s]
train:  92%|█████████▎| 111/120 [00:49<00:03,  2.45it/s]
train:  93%|█████████▎| 112/120 [00:49<00:03,  2.25it/s]
train:  94%|█████████▍| 113/120 [00:49<00:02,  2.44it/s]
train:  95%|█████████▌| 114/120 [00:50<00:02,  2.30it/s]
train:  96%|█████████▌| 115/120 [00:50<00:01,  2.51it/s]
train:  97%|█████████▋| 116/120 [00:51<00:01,  2.25it/s]
train:  98%|█████████▊| 117/120 [00:51<00:01,  2.47it/s]
train:  98%|█████████▊| 118/120 [00:53<00:01,  1.32it/s]
train:  99%|█████████▉| 119/120 [00:53<00:00,  1.60it/s]
train: 100%|██████████| 120/120 [00:53<00:00,  1.74it/s]
                                                        

eval:   0%|          | 0/30 [00:00<?, ?it/s]libEGL warning: DRI3 error: Could not get DRI3 device
libEGL warning: DRI3 error: Could not get DRI3 device
libEGL warning: Ensure your X server supports DRI3 to get accelerated rendering
libEGL warning: Ensure your X server supports DRI3 to get accelerated rendering
WARNING: All log messages before absl::InitializeLog() is called are written to STDERR
WARNING: All log messages before absl::InitializeLog() is called are written to STDERR
I0000 00:00:1791463457.158416   48581 gl_context_egl.cc:85] Successfully initialized EGL. Major : 1 Minor: 5
I0000 00:00:1791463457.158416   48582 gl_context_egl.cc:85] Successfully initialized EGL. Major : 1 Minor: 5
I0000 00:00:1791463457.171928   48806 gl_context.cc:369] GL version: 3.2 (OpenGL ES 3.2 Mesa 25.2.8-0ubuntu0.24.04.2), renderer: llvmpipe (LLVM 20.1.2, 256 bits)
I0000 00:00:1791463457.172034   48807 gl_context.cc:369] GL version: 3.2 (OpenGL ES 3.2 Mesa 25.2.8-0ubuntu0.24.04.2), renderer: llvmpipe (LLVM 20.1.2, 256 bits)
INFO: Created TensorFlow Lite XNNPACK delegate for CPU.
INFO: Created TensorFlow Lite XNNPACK delegate for CPU.
W0000 00:00:1791463457.189258   48695 inference_feedback_manager.cc:114] Feedback manager requires a model with a single signature inference. Disabling support for feedback tensors.
W0000 00:00:1791463457.189407   48699 inference_feedback_manager.cc:114] Feedback manager requires a model with a single signature inference. Disabling support for feedback tensors.

eval:   3%|▎         | 1/30 [00:02<01:05,  2.26s/it]
eval:  10%|█         | 3/30 [00:02<00:22,  1.19it/s]
eval:  17%|█▋        | 5/30 [00:03<00:15,  1.58it/s]
eval:  23%|██▎       | 7/30 [00:04<00:12,  1.86it/s]
eval:  30%|███       | 9/30 [00:05<00:10,  2.04it/s]
eval:  37%|███▋      | 11/30 [00:06<00:08,  2.20it/s]
eval:  43%|████▎     | 13/30 [00:06<00:07,  2.34it/s]
eval:  50%|█████     | 15/30 [00:07<00:06,  2.43it/s]
eval:  57%|█████▋    | 17/30 [00:08<00:05,  2.48it/s]
eval:  63%|██████▎   | 19/30 [00:09<00:04,  2.55it/s]
eval:  70%|███████   | 21/30 [00:09<00:03,  2.61it/s]
eval:  77%|███████▋  | 23/30 [00:10<00:02,  2.60it/s]
eval:  83%|████████▎ | 25/30 [00:11<00:01,  2.56it/s]
eval:  90%|█████████ | 27/30 [00:12<00:01,  2.62it/s]
eval:  97%|█████████▋| 29/30 [00:13<00:00,  2.65it/s]
                                                     
Epoch 01 | stage 1 | train loss 0.9251 (cls 0.9251, ctr 0.0000) acc 0.8406 f1 0.8274 | val loss 1.1323 (cls 1.1323, ctr 0.0000) acc 0.6875 f1 0.6598 | lr 1.55e-04

train:   0%|          | 0/120 [00:00<?, ?it/s]
train:   1%|          | 1/120 [00:00<01:51,  1.07it/s]
train:   2%|▎         | 3/120 [00:01<01:05,  1.80it/s]
train:   4%|▍         | 5/120 [00:02<00:55,  2.09it/s]
train:   6%|▌         | 7/120 [00:03<00:50,  2.23it/s]
train:   8%|▊         | 9/120 [00:04<00:49,  2.26it/s]
train:   9%|▉         | 11/120 [00:05<00:47,  2.30it/s]
train:  11%|█         | 13/120 [00:05<00:46,  2.33it/s]
train:  12%|█▎        | 15/120 [00:06<00:44,  2.37it/s]
train:  14%|█▍        | 17/120 [00:07<00:44,  2.33it/s]
train:  16%|█▌        | 19/120 [00:08<00:44,  2.29it/s]
train:  18%|█▊        | 21/120 [00:09<00:42,  2.31it/s]
train:  19%|█▉        | 23/120 [00:10<00:41,  2.32it/s]
train:  21%|██        | 25/120 [00:11<00:41,  2.30it/s]
train:  22%|██▎       | 27/120 [00:12<00:40,  2.29it/s]
train:  24%|██▍       | 29/120 [00:12<00:40,  2.27it/s]
train:  26%|██▌       | 31/120 [00:13<00:38,  2.30it/s]
train:  28%|██▊       | 33/120 [00:14<00:36,  2.36it/s]
train:  29%|██▉       | 35/120 [00:15<00:35,  2.39it/s]
train:  31%|███       | 37/120 [00:16<00:35,  2.36it/s]
train:  32%|███▎      | 39/120 [00:17<00:34,  2.34it/s]
train:  34%|███▍      | 41/120 [00:19<00:48,  1.64it/s]
train:  36%|███▌      | 43/120 [00:20<00:44,  1.75it/s]
train:  38%|███▊      | 45/120 [00:21<00:39,  1.89it/s]
train:  39%|███▉      | 47/120 [00:21<00:36,  2.01it/s]
train:  41%|████      | 49/120 [00:22<00:33,  2.10it/s]
train:  42%|████▎     | 51/120 [00:23<00:31,  2.17it/s]
train:  44%|████▍     | 53/120 [00:24<00:30,  2.21it/s]
train:  46%|████▌     | 55/120 [00:25<00:29,  2.24it/s]
train:  48%|████▊     | 57/120 [00:26<00:27,  2.28it/s]
train:  49%|████▉     | 59/120 [00:26<00:26,  2.33it/s]
train:  51%|█████     | 61/120 [00:27<00:24,  2.36it/s]
train:  52%|█████▎    | 63/120 [00:28<00:23,  2.38it/s]
train:  54%|█████▍    | 65/120 [00:29<00:22,  2.40it/s]
train:  56%|█████▌    | 67/120 [00:30<00:21,  2.44it/s]
train:  57%|█████▊    | 69/120 [00:31<00:21,  2.43it/s]
train:  59%|█████▉    | 71/120 [00:31<00:20,  2.43it/s]
train:  61%|██████    | 73/120 [00:32<00:19,  2.47it/s]
train:  62%|██████▎   | 75/120 [00:33<00:18,  2.47it/s]
train:  64%|██████▍   | 77/120 [00:34<00:17,  2.48it/s]
train:  66%|██████▌   | 79/120 [00:35<00:16,  2.47it/s]
train:  68%|██████▊   | 81/120 [00:35<00:15,  2.45it/s]
train:  69%|██████▉   | 83/120 [00:36<00:15,  2.42it/s]
train:  71%|███████   | 85/120 [00:37<00:14,  2.44it/s]
train:  72%|███████▎  | 87/120 [00:38<00:13,  2.45it/s]
train:  74%|███████▍  | 89/120 [00:39<00:12,  2.43it/s]
train:  76%|███████▌  | 91/120 [00:40<00:12,  2.40it/s]
train:  78%|███████▊  | 93/120 [00:40<00:11,  2.32it/s]
train:  79%|███████▉  | 95/120 [00:41<00:10,  2.33it/s]
train:  81%|████████  | 97/120 [00:42<00:10,  2.30it/s]
train:  82%|████████▎ | 99/120 [00:43<00:09,  2.32it/s]
train:  84%|████████▍ | 101/120 [00:44<00:08,  2.33it/s]
train:  86%|████████▌ | 103/120 [00:45<00:07,  2.30it/s]
train:  88%|████████▊ | 105/120 [00:46<00:06,  2.26it/s]
train:  89%|████████▉ | 107/120 [00:47<00:05,  2.28it/s]
train:  91%|█████████ | 109/120 [00:47<00:04,  2.29it/s]
train:  92%|█████████▎| 111/120 [00:48<00:03,  2.30it/s]
train:  94%|█████████▍| 113/120 [00:49<00:03,  2.27it/s]
train:  96%|█████████▌| 115/120 [00:50<00:02,  2.27it/s]
train:  98%|█████████▊| 117/120 [00:52<00:01,  1.71it/s]
train:  99%|█████████▉| 119/120 [00:53<00:00,  1.90it/s]
                                                        

eval:   0%|          | 0/30 [00:00<?, ?it/s]
eval:   3%|▎         | 1/30 [00:00<00:25,  1.13it/s]
eval:  10%|█         | 3/30 [00:01<00:14,  1.86it/s]
eval:  17%|█▋        | 5/30 [00:02<00:12,  2.04it/s]
eval:  23%|██▎       | 7/30 [00:03<00:10,  2.22it/s]
eval:  30%|███       | 9/30 [00:04<00:09,  2.30it/s]
eval:  37%|███▋      | 11/30 [00:05<00:08,  2.37it/s]
eval:  43%|████▎     | 13/30 [00:05<00:07,  2.42it/s]
eval:  50%|█████     | 15/30 [00:06<00:06,  2.49it/s]
eval:  57%|█████▋    | 17/30 [00:07<00:05,  2.53it/s]
eval:  63%|██████▎   | 19/30 [00:08<00:04,  2.62it/s]
eval:  70%|███████   | 21/30 [00:08<00:03,  2.66it/s]
eval:  77%|███████▋  | 23/30 [00:09<00:02,  2.66it/s]
eval:  83%|████████▎ | 25/30 [00:10<00:01,  2.64it/s]
eval:  90%|█████████ | 27/30 [00:11<00:01,  2.67it/s]
eval:  97%|█████████▋| 29/30 [00:11<00:00,  2.69it/s]
                                                     
Epoch 02 | stage 1 | train loss 0.5657 (cls 0.5657, ctr 0.0000) acc 0.9125 f1 0.9113 | val loss 1.1393 (cls 1.1393, ctr 0.0000) acc 0.6833 f1 0.6575 | lr 1.10e-04

train:   0%|          | 0/120 [00:00<?, ?it/s]
train:   1%|          | 1/120 [00:00<01:42,  1.16it/s]
train:   2%|▎         | 3/120 [00:01<01:02,  1.86it/s]
train:   4%|▍         | 5/120 [00:02<00:53,  2.16it/s]
train:   6%|▌         | 7/120 [00:03<00:49,  2.30it/s]
train:   8%|▊         | 9/120 [00:04<00:47,  2.35it/s]
train:   9%|▉         | 11/120 [00:04<00:45,  2.41it/s]
train:  11%|█         | 13/120 [00:05<00:43,  2.43it/s]
train:  12%|█▎        | 15/120 [00:06<00:42,  2.45it/s]
train:  14%|█▍        | 17/120 [00:07<00:42,  2.44it/s]
train:  16%|█▌        | 19/120 [00:08<00:42,  2.40it/s]
train:  18%|█▊        | 21/120 [00:09<00:41,  2.39it/s]
train:  19%|█▉        | 23/120 [00:09<00:40,  2.38it/s]
train:  21%|██        | 25/120 [00:10<00:39,  2.40it/s]
train:  22%|██▎       | 27/120 [00:11<00:39,  2.34it/s]
train:  24%|██▍       | 29/120 [00:12<00:38,  2.36it/s]
train:  26%|██▌       | 31/120 [00:13<00:37,  2.39it/s]
train:  28%|██▊       | 33/120 [00:14<00:36,  2.37it/s]
train:  29%|██▉       | 35/120 [00:14<00:35,  2.37it/s]
train:  31%|███       | 37/120 [00:15<00:35,  2.37it/s]
train:  32%|███▎      | 39/120 [00:16<00:34,  2.38it/s]
train:  34%|███▍      | 41/120 [00:17<00:33,  2.36it/s]
train:  35%|███▌      | 42/120 [00:17<00:28,  2.72it/s]
train:  36%|███▌      | 43/120 [00:18<00:34,  2.25it/s]
train:  38%|███▊      | 45/120 [00:19<00:32,  2.28it/s]
train:  38%|███▊      | 46/120 [00:19<00:27,  2.70it/s]
train:  39%|███▉      | 47/120 [00:20<00:33,  2.18it/s]
train:  40%|████      | 48/120 [00:20<00:26,  2.68it/s]
train:  41%|████      | 49/120 [00:20<00:34,  2.08it/s]
train:  42%|████▎     | 51/120 [00:21<00:31,  2.19it/s]
train:  44%|████▍     | 53/120 [00:22<00:29,  2.27it/s]
train:  46%|████▌     | 55/120 [00:23<00:28,  2.27it/s]
train:  48%|████▊     | 57/120 [00:24<00:27,  2.28it/s]
train:  49%|████▉     | 59/120 [00:25<00:26,  2.33it/s]
train:  51%|█████     | 61/120 [00:26<00:25,  2.32it/s]
train:  52%|█████▎    | 63/120 [00:26<00:24,  2.29it/s]
train:  54%|█████▍    | 65/120 [00:27<00:23,  2.33it/s]
train:  56%|█████▌    | 67/120 [00:28<00:22,  2.32it/s]
train:  57%|█████▊    | 69/120 [00:29<00:22,  2.32it/s]
train:  59%|█████▉    | 71/120 [00:30<00:21,  2.32it/s]
train:  61%|██████    | 73/120 [00:31<00:20,  2.32it/s]
train:  62%|██████▎   | 75/120 [00:32<00:19,  2.33it/s]
train:  64%|██████▍   | 77/120 [00:32<00:18,  2.33it/s]
train:  66%|██████▌   | 79/120 [00:33<00:17,  2.31it/s]
train:  68%|██████▊   | 81/120 [00:35<00:22,  1.71it/s]
train:  69%|██████▉   | 83/120 [00:36<00:20,  1.84it/s]
train:  71%|███████   | 85/120 [00:37<00:17,  1.98it/s]
train:  72%|███████▎  | 87/120 [00:38<00:15,  2.08it/s]
train:  74%|███████▍  | 89/120 [00:39<00:14,  2.13it/s]
train:  76%|███████▌  | 91/120 [00:40<00:13,  2.21it/s]
train:  78%|███████▊  | 93/120 [00:40<00:12,  2.23it/s]
train:  79%|███████▉  | 95/120 [00:41<00:10,  2.29it/s]
train:  81%|████████  | 97/120 [00:42<00:10,  2.29it/s]
train:  82%|████████▎ | 99/120 [00:43<00:09,  2.33it/s]
train:  84%|████████▍ | 101/120 [00:44<00:08,  2.36it/s]
train:  86%|████████▌ | 103/120 [00:45<00:07,  2.41it/s]
train:  88%|████████▊ | 105/120 [00:45<00:06,  2.41it/s]
train:  89%|████████▉ | 107/120 [00:46<00:05,  2.45it/s]
train:  91%|█████████ | 109/120 [00:47<00:04,  2.50it/s]
train:  92%|█████████▎| 111/120 [00:48<00:03,  2.48it/s]
train:  94%|█████████▍| 113/120 [00:49<00:02,  2.51it/s]
train:  96%|█████████▌| 115/120 [00:49<00:02,  2.50it/s]
train:  98%|█████████▊| 117/120 [00:50<00:01,  2.47it/s]
train:  99%|█████████▉| 119/120 [00:51<00:00,  2.50it/s]
                                                        

eval:   0%|          | 0/30 [00:00<?, ?it/s]
eval:   3%|▎         | 1/30 [00:00<00:21,  1.32it/s]
eval:  10%|█         | 3/30 [00:01<00:12,  2.08it/s]
eval:  17%|█▋        | 5/30 [00:02<00:11,  2.23it/s]
eval:  23%|██▎       | 7/30 [00:03<00:09,  2.38it/s]
eval:  30%|███       | 9/30 [00:03<00:08,  2.40it/s]
eval:  37%|███▋      | 11/30 [00:04<00:07,  2.44it/s]
eval:  43%|████▎     | 13/30 [00:05<00:06,  2.43it/s]
eval:  50%|█████     | 15/30 [00:06<00:06,  2.41it/s]
eval:  57%|█████▋    | 17/30 [00:07<00:05,  2.41it/s]
eval:  63%|██████▎   | 19/30 [00:08<00:04,  2.44it/s]
eval:  70%|███████   | 21/30 [00:08<00:03,  2.46it/s]
eval:  77%|███████▋  | 23/30 [00:09<00:02,  2.44it/s]
eval:  83%|████████▎ | 25/30 [00:10<00:02,  2.37it/s]
eval:  90%|█████████ | 27/30 [00:11<00:01,  2.42it/s]
eval:  97%|█████████▋| 29/30 [00:12<00:00,  2.45it/s]
                                                     
Epoch 03 | stage 1 | train loss 0.4815 (cls 0.4815, ctr 0.0000) acc 0.9531 f1 0.9535 | val loss 1.1173 (cls 1.1173, ctr 0.0000) acc 0.7250 f1 0.6900 | lr 6.50e-05

train:   0%|          | 0/120 [00:00<?, ?it/s]
train:   1%|          | 1/120 [00:00<01:55,  1.03it/s]
train:   2%|▎         | 3/120 [00:01<01:06,  1.75it/s]
train:   4%|▍         | 5/120 [00:02<00:58,  1.98it/s]
train:   6%|▌         | 7/120 [00:04<01:14,  1.51it/s]
train:   8%|▊         | 9/120 [00:05<01:04,  1.71it/s]
train:   9%|▉         | 11/120 [00:06<00:58,  1.86it/s]
train:  11%|█         | 13/120 [00:07<00:54,  1.98it/s]
train:  12%|█▎        | 15/120 [00:08<00:50,  2.07it/s]
train:  14%|█▍        | 17/120 [00:08<00:47,  2.16it/s]
train:  16%|█▌        | 19/120 [00:09<00:45,  2.21it/s]
train:  18%|█▊        | 21/120 [00:10<00:43,  2.25it/s]
train:  19%|█▉        | 23/120 [00:11<00:42,  2.29it/s]
train:  21%|██        | 25/120 [00:12<00:39,  2.39it/s]
train:  22%|██▎       | 27/120 [00:12<00:38,  2.43it/s]
train:  24%|██▍       | 29/120 [00:13<00:37,  2.46it/s]
train:  26%|██▌       | 31/120 [00:14<00:35,  2.48it/s]
train:  28%|██▊       | 33/120 [00:15<00:34,  2.49it/s]
train:  29%|██▉       | 35/120 [00:16<00:33,  2.56it/s]
train:  31%|███       | 37/120 [00:16<00:32,  2.56it/s]
train:  32%|███▎      | 39/120 [00:17<00:31,  2.57it/s]
train:  34%|███▍      | 41/120 [00:18<00:30,  2.57it/s]
train:  36%|███▌      | 43/120 [00:19<00:29,  2.60it/s]
train:  38%|███▊      | 45/120 [00:19<00:29,  2.53it/s]
train:  39%|███▉      | 47/120 [00:20<00:29,  2.48it/s]
train:  41%|████      | 49/120 [00:21<00:28,  2.51it/s]
train:  42%|████▎     | 51/120 [00:22<00:27,  2.48it/s]
train:  44%|████▍     | 53/120 [00:23<00:26,  2.49it/s]
train:  46%|████▌     | 55/120 [00:24<00:25,  2.50it/s]
train:  48%|████▊     | 57/120 [00:24<00:25,  2.49it/s]
train:  49%|████▉     | 59/120 [00:25<00:24,  2.47it/s]
train:  50%|█████     | 60/120 [00:25<00:21,  2.79it/s]
train:  51%|█████     | 61/120 [00:26<00:25,  2.36it/s]
train:  52%|█████▏    | 62/120 [00:26<00:21,  2.72it/s]
train:  52%|█████▎    | 63/120 [00:27<00:25,  2.26it/s]
train:  53%|█████▎    | 64/120 [00:27<00:21,  2.55it/s]
train:  54%|█████▍    | 65/120 [00:28<00:25,  2.18it/s]
train:  55%|█████▌    | 66/120 [00:28<00:20,  2.63it/s]
train:  56%|█████▌    | 67/120 [00:29<00:24,  2.18it/s]
train:  57%|█████▋    | 68/120 [00:29<00:19,  2.66it/s]
train:  57%|█████▊    | 69/120 [00:29<00:23,  2.16it/s]
train:  58%|█████▊    | 70/120 [00:30<00:19,  2.55it/s]
train:  59%|█████▉    | 71/120 [00:30<00:22,  2.15it/s]
train:  60%|██████    | 72/120 [00:30<00:18,  2.57it/s]
train:  61%|██████    | 73/120 [00:31<00:22,  2.13it/s]
train:  62%|██████▏   | 74/120 [00:31<00:18,  2.51it/s]
train:  62%|██████▎   | 75/120 [00:32<00:20,  2.16it/s]
train:  63%|██████▎   | 76/120 [00:32<00:17,  2.53it/s]
train:  64%|██████▍   | 77/120 [00:33<00:20,  2.14it/s]
train:  65%|██████▌   | 78/120 [00:33<00:16,  2.48it/s]
train:  66%|██████▌   | 79/120 [00:34<00:18,  2.20it/s]
train:  67%|██████▋   | 80/120 [00:34<00:16,  2.50it/s]
train:  68%|██████▊   | 81/120 [00:35<00:17,  2.18it/s]
train:  68%|██████▊   | 82/120 [00:35<00:14,  2.54it/s]
train:  69%|██████▉   | 83/120 [00:35<00:17,  2.17it/s]
train:  70%|███████   | 84/120 [00:36<00:13,  2.58it/s]
train:  71%|███████   | 85/120 [00:37<00:25,  1.35it/s]
train:  72%|███████▏  | 86/120 [00:37<00:20,  1.70it/s]
train:  72%|███████▎  | 87/120 [00:38<00:20,  1.64it/s]
train:  73%|███████▎  | 88/120 [00:38<00:15,  2.05it/s]
train:  74%|███████▍  | 89/120 [00:39<00:16,  1.89it/s]
train:  75%|███████▌  | 90/120 [00:39<00:13,  2.28it/s]
train:  76%|███████▌  | 91/120 [00:40<00:14,  2.03it/s]
train:  77%|███████▋  | 92/120 [00:40<00:11,  2.46it/s]
train:  78%|███████▊  | 93/120 [00:41<00:12,  2.08it/s]
train:  78%|███████▊  | 94/120 [00:41<00:10,  2.55it/s]
train:  79%|███████▉  | 95/120 [00:41<00:11,  2.11it/s]
train:  80%|████████  | 96/120 [00:42<00:09,  2.57it/s]
train:  81%|████████  | 97/120 [00:42<00:10,  2.14it/s]
train:  82%|████████▏ | 98/120 [00:43<00:08,  2.56it/s]
train:  82%|████████▎ | 99/120 [00:43<00:09,  2.16it/s]
train:  83%|████████▎ | 100/120 [00:43<00:07,  2.53it/s]
train:  84%|████████▍ | 101/120 [00:44<00:08,  2.14it/s]
train:  85%|████████▌ | 102/120 [00:44<00:06,  2.59it/s]
train:  86%|████████▌ | 103/120 [00:45<00:07,  2.24it/s]
train:  87%|████████▋ | 104/120 [00:45<00:06,  2.64it/s]
train:  88%|████████▊ | 105/120 [00:46<00:06,  2.24it/s]
train:  88%|████████▊ | 106/120 [00:46<00:05,  2.64it/s]
train:  89%|████████▉ | 107/120 [00:46<00:05,  2.25it/s]
train:  90%|█████████ | 108/120 [00:47<00:04,  2.70it/s]
train:  91%|█████████ | 109/120 [00:47<00:04,  2.27it/s]
train:  92%|█████████▏| 110/120 [00:47<00:03,  2.71it/s]
train:  92%|█████████▎| 111/120 [00:48<00:03,  2.31it/s]
train:  93%|█████████▎| 112/120 [00:48<00:02,  2.77it/s]
train:  94%|█████████▍| 113/120 [00:49<00:03,  2.30it/s]
train:  95%|█████████▌| 114/120 [00:49<00:02,  2.74it/s]
train:  96%|█████████▌| 115/120 [00:50<00:02,  2.34it/s]
train:  97%|█████████▋| 116/120 [00:50<00:01,  2.82it/s]
train:  98%|█████████▊| 117/120 [00:50<00:01,  2.32it/s]
train:  98%|█████████▊| 118/120 [00:51<00:00,  2.79it/s]
train:  99%|█████████▉| 119/120 [00:51<00:00,  2.31it/s]
train: 100%|██████████| 120/120 [00:51<00:00,  2.91it/s]
                                                        

eval:   0%|          | 0/30 [00:00<?, ?it/s]
eval:   3%|▎         | 1/30 [00:00<00:22,  1.28it/s]
eval:  10%|█         | 3/30 [00:01<00:13,  2.06it/s]
eval:  17%|█▋        | 5/30 [00:02<00:11,  2.24it/s]
eval:  23%|██▎       | 7/30 [00:03<00:09,  2.43it/s]
eval:  30%|███       | 9/30 [00:03<00:08,  2.48it/s]
eval:  37%|███▋      | 11/30 [00:04<00:07,  2.49it/s]
eval:  43%|████▎     | 13/30 [00:05<00:06,  2.48it/s]
eval:  50%|█████     | 15/30 [00:06<00:06,  2.47it/s]
eval:  57%|█████▋    | 17/30 [00:07<00:05,  2.45it/s]
eval:  63%|██████▎   | 19/30 [00:07<00:04,  2.48it/s]
eval:  70%|███████   | 21/30 [00:08<00:03,  2.49it/s]
eval:  77%|███████▋  | 23/30 [00:09<00:02,  2.47it/s]
eval:  83%|████████▎ | 25/30 [00:10<00:02,  2.41it/s]
eval:  90%|█████████ | 27/30 [00:11<00:01,  2.43it/s]
eval:  97%|█████████▋| 29/30 [00:11<00:00,  2.47it/s]
                                                     
Epoch 04 | stage 1 | train loss 0.4886 (cls 0.4886, ctr 0.0000) acc 0.9396 f1 0.9373 | val loss 1.0407 (cls 1.0407, ctr 0.0000) acc 0.7417 f1 0.7143 | lr 3.21e-05

train:   0%|          | 0/120 [00:00<?, ?it/s]
train:   1%|          | 1/120 [00:00<01:52,  1.06it/s]
train:   2%|▎         | 3/120 [00:01<01:08,  1.70it/s]
train:   4%|▍         | 5/120 [00:02<00:59,  1.95it/s]
train:   6%|▌         | 7/120 [00:03<00:54,  2.06it/s]
train:   8%|▊         | 9/120 [00:04<00:50,  2.19it/s]
train:   9%|▉         | 11/120 [00:06<01:05,  1.66it/s]
train:  11%|█         | 13/120 [00:07<00:57,  1.85it/s]
train:  12%|█▎        | 15/120 [00:07<00:53,  1.98it/s]
train:  14%|█▍        | 17/120 [00:08<00:49,  2.08it/s]
train:  16%|█▌        | 19/120 [00:09<00:46,  2.18it/s]
train:  18%|█▊        | 21/120 [00:10<00:43,  2.25it/s]
train:  19%|█▉        | 23/120 [00:11<00:42,  2.31it/s]
train:  21%|██        | 25/120 [00:12<00:41,  2.30it/s]
train:  22%|██▎       | 27/120 [00:12<00:40,  2.31it/s]
train:  24%|██▍       | 29/120 [00:13<00:38,  2.37it/s]
train:  26%|██▌       | 31/120 [00:14<00:36,  2.42it/s]
train:  28%|██▊       | 33/120 [00:15<00:35,  2.45it/s]
train:  28%|██▊       | 34/120 [00:15<00:30,  2.78it/s]
train:  29%|██▉       | 35/120 [00:16<00:35,  2.41it/s]
train:  30%|███       | 36/120 [00:16<00:29,  2.89it/s]
train:  31%|███       | 37/120 [00:16<00:36,  2.30it/s]
train:  32%|███▎      | 39/120 [00:17<00:33,  2.40it/s]
train:  34%|███▍      | 41/120 [00:18<00:31,  2.49it/s]
train:  36%|███▌      | 43/120 [00:19<00:31,  2.47it/s]
train:  38%|███▊      | 45/120 [00:20<00:30,  2.48it/s]
train:  39%|███▉      | 47/120 [00:20<00:29,  2.49it/s]
train:  41%|████      | 49/120 [00:21<00:28,  2.49it/s]
train:  42%|████▎     | 51/120 [00:22<00:27,  2.48it/s]
train:  44%|████▍     | 53/120 [00:23<00:27,  2.46it/s]
train:  46%|████▌     | 55/120 [00:24<00:26,  2.47it/s]
train:  48%|████▊     | 57/120 [00:24<00:26,  2.41it/s]
train:  49%|████▉     | 59/120 [00:25<00:25,  2.40it/s]
train:  51%|█████     | 61/120 [00:26<00:24,  2.38it/s]
train:  52%|█████▎    | 63/120 [00:27<00:24,  2.33it/s]
train:  54%|█████▍    | 65/120 [00:28<00:23,  2.32it/s]
train:  56%|█████▌    | 67/120 [00:29<00:23,  2.30it/s]
train:  57%|█████▊    | 69/120 [00:30<00:22,  2.26it/s]
train:  59%|█████▉    | 71/120 [00:31<00:21,  2.27it/s]
train:  61%|██████    | 73/120 [00:32<00:20,  2.27it/s]
train:  62%|██████▎   | 75/120 [00:32<00:19,  2.26it/s]
train:  64%|██████▍   | 77/120 [00:33<00:18,  2.27it/s]
train:  66%|██████▌   | 79/120 [00:34<00:18,  2.27it/s]
train:  68%|██████▊   | 81/120 [00:35<00:16,  2.29it/s]
train:  69%|██████▉   | 83/120 [00:36<00:16,  2.28it/s]
train:  71%|███████   | 85/120 [00:37<00:15,  2.29it/s]
train:  72%|███████▎  | 87/120 [00:38<00:14,  2.32it/s]
train:  74%|███████▍  | 89/120 [00:39<00:17,  1.75it/s]
train:  76%|███████▌  | 91/120 [00:40<00:15,  1.91it/s]
train:  78%|███████▊  | 93/120 [00:41<00:13,  2.03it/s]
train:  79%|███████▉  | 95/120 [00:42<00:11,  2.10it/s]
train:  81%|████████  | 97/120 [00:43<00:10,  2.18it/s]
train:  82%|████████▎ | 99/120 [00:44<00:09,  2.23it/s]
train:  84%|████████▍ | 101/120 [00:45<00:08,  2.25it/s]
train:  86%|████████▌ | 103/120 [00:45<00:07,  2.33it/s]
train:  88%|████████▊ | 105/120 [00:46<00:06,  2.38it/s]
train:  89%|████████▉ | 107/120 [00:47<00:05,  2.42it/s]
train:  91%|█████████ | 109/120 [00:48<00:04,  2.46it/s]
train:  92%|█████████▎| 111/120 [00:48<00:03,  2.50it/s]
train:  94%|█████████▍| 113/120 [00:49<00:02,  2.47it/s]
train:  96%|█████████▌| 115/120 [00:50<00:02,  2.49it/s]
train:  98%|█████████▊| 117/120 [00:51<00:01,  2.49it/s]
train:  99%|█████████▉| 119/120 [00:52<00:00,  2.56it/s]
                                                        

eval:   0%|          | 0/30 [00:00<?, ?it/s]
eval:   3%|▎         | 1/30 [00:00<00:23,  1.24it/s]
eval:  10%|█         | 3/30 [00:01<00:13,  2.03it/s]
eval:  17%|█▋        | 5/30 [00:02<00:11,  2.22it/s]
eval:  23%|██▎       | 7/30 [00:03<00:09,  2.43it/s]
eval:  30%|███       | 9/30 [00:03<00:08,  2.53it/s]
eval:  37%|███▋      | 11/30 [00:04<00:07,  2.54it/s]
eval:  43%|████▎     | 13/30 [00:05<00:06,  2.49it/s]
eval:  50%|█████     | 15/30 [00:06<00:06,  2.47it/s]
eval:  57%|█████▋    | 17/30 [00:07<00:05,  2.45it/s]
eval:  63%|██████▎   | 19/30 [00:07<00:04,  2.47it/s]
eval:  70%|███████   | 21/30 [00:08<00:03,  2.48it/s]
eval:  77%|███████▋  | 23/30 [00:09<00:02,  2.47it/s]
eval:  83%|████████▎ | 25/30 [00:10<00:02,  2.39it/s]
eval:  90%|█████████ | 27/30 [00:11<00:01,  2.38it/s]
eval:  97%|█████████▋| 29/30 [00:12<00:00,  2.40it/s]
                                                     
Epoch 05 | stage 1 | train loss 0.4630 (cls 0.4630, ctr 0.0000) acc 0.9510 f1 0.9494 | val loss 1.0727 (cls 1.0727, ctr 0.0000) acc 0.7250 f1 0.7009 | lr 2.00e-05

train:   0%|          | 0/120 [00:00<?, ?it/s]
train:   1%|          | 1/120 [00:00<01:54,  1.04it/s]
train:   2%|▎         | 3/120 [00:01<01:07,  1.73it/s]
train:   4%|▍         | 5/120 [00:02<00:58,  1.97it/s]
train:   6%|▌         | 7/120 [00:03<00:53,  2.10it/s]
train:   8%|▊         | 9/120 [00:04<00:51,  2.15it/s]
train:   9%|▉         | 11/120 [00:05<00:48,  2.23it/s]
train:  11%|█         | 13/120 [00:06<00:47,  2.23it/s]
train:  12%|█▎        | 15/120 [00:07<00:46,  2.26it/s]
train:  13%|█▎        | 16/120 [00:08<00:55,  1.87it/s]
train:  14%|█▍        | 17/120 [00:08<01:00,  1.70it/s]
train:  16%|█▌        | 19/120 [00:09<00:53,  1.89it/s]
train:  18%|█▊        | 21/120 [00:10<00:48,  2.05it/s]
train:  19%|█▉        | 23/120 [00:11<00:44,  2.16it/s]
train:  21%|██        | 25/120 [00:12<00:43,  2.20it/s]
train:  22%|██▎       | 27/120 [00:13<00:41,  2.24it/s]
train:  24%|██▍       | 29/120 [00:13<00:40,  2.27it/s]
train:  26%|██▌       | 31/120 [00:14<00:38,  2.29it/s]
train:  28%|██▊       | 33/120 [00:15<00:36,  2.36it/s]
train:  29%|██▉       | 35/120 [00:16<00:34,  2.43it/s]
train:  31%|███       | 37/120 [00:17<00:33,  2.49it/s]
train:  32%|███▎      | 39/120 [00:17<00:32,  2.53it/s]
train:  34%|███▍      | 41/120 [00:18<00:31,  2.50it/s]
train:  36%|███▌      | 43/120 [00:19<00:30,  2.51it/s]
train:  38%|███▊      | 45/120 [00:20<00:30,  2.48it/s]
train:  39%|███▉      | 47/120 [00:21<00:29,  2.48it/s]
train:  41%|████      | 49/120 [00:21<00:28,  2.50it/s]
train:  42%|████▎     | 51/120 [00:22<00:27,  2.53it/s]
train:  44%|████▍     | 53/120 [00:23<00:26,  2.54it/s]
train:  46%|████▌     | 55/120 [00:24<00:26,  2.50it/s]
train:  48%|████▊     | 57/120 [00:25<00:24,  2.53it/s]
train:  49%|████▉     | 59/120 [00:25<00:24,  2.47it/s]
train:  51%|█████     | 61/120 [00:26<00:24,  2.43it/s]
train:  52%|█████▎    | 63/120 [00:27<00:23,  2.42it/s]
train:  54%|█████▍    | 65/120 [00:28<00:22,  2.39it/s]
train:  56%|█████▌    | 67/120 [00:29<00:22,  2.35it/s]
train:  57%|█████▊    | 69/120 [00:30<00:21,  2.35it/s]
train:  59%|█████▉    | 71/120 [00:31<00:20,  2.35it/s]
train:  61%|██████    | 73/120 [00:31<00:20,  2.32it/s]
train:  62%|██████▎   | 75/120 [00:32<00:19,  2.33it/s]
train:  64%|██████▍   | 77/120 [00:33<00:18,  2.31it/s]
train:  66%|██████▌   | 79/120 [00:34<00:17,  2.32it/s]
train:  68%|██████▊   | 81/120 [00:35<00:16,  2.34it/s]
train:  69%|██████▉   | 83/120 [00:36<00:15,  2.34it/s]
train:  71%|███████   | 85/120 [00:37<00:15,  2.32it/s]
train:  72%|███████▎  | 87/120 [00:37<00:14,  2.31it/s]
train:  74%|███████▍  | 89/120 [00:38<00:13,  2.30it/s]
train:  76%|███████▌  | 91/120 [00:39<00:12,  2.32it/s]
train:  78%|███████▊  | 93/120 [00:41<00:15,  1.77it/s]
train:  79%|███████▉  | 95/120 [00:42<00:13,  1.91it/s]
train:  81%|████████  | 97/120 [00:43<00:11,  2.04it/s]
train:  82%|████████▎ | 99/120 [00:43<00:09,  2.13it/s]
train:  84%|████████▍ | 101/120 [00:44<00:08,  2.19it/s]
train:  86%|████████▌ | 103/120 [00:45<00:07,  2.25it/s]
train:  88%|████████▊ | 105/120 [00:46<00:06,  2.27it/s]
train:  89%|████████▉ | 107/120 [00:47<00:05,  2.32it/s]
train:  91%|█████████ | 109/120 [00:48<00:04,  2.32it/s]
train:  92%|█████████▎| 111/120 [00:48<00:03,  2.33it/s]
train:  94%|█████████▍| 113/120 [00:49<00:03,  2.30it/s]
train:  96%|█████████▌| 115/120 [00:50<00:02,  2.33it/s]
train:  98%|█████████▊| 117/120 [00:51<00:01,  2.33it/s]
train:  99%|█████████▉| 119/120 [00:52<00:00,  2.39it/s]
                                                        

eval:   0%|          | 0/30 [00:00<?, ?it/s]
eval:   3%|▎         | 1/30 [00:00<00:25,  1.14it/s]
eval:  10%|█         | 3/30 [00:01<00:14,  1.90it/s]
eval:  17%|█▋        | 5/30 [00:02<00:12,  2.07it/s]
eval:  23%|██▎       | 7/30 [00:03<00:10,  2.22it/s]
eval:  30%|███       | 9/30 [00:04<00:09,  2.22it/s]
eval:  37%|███▋      | 11/30 [00:05<00:08,  2.31it/s]
eval:  43%|████▎     | 13/30 [00:05<00:07,  2.35it/s]
eval:  50%|█████     | 15/30 [00:06<00:06,  2.37it/s]
eval:  57%|█████▋    | 17/30 [00:07<00:05,  2.37it/s]
eval:  63%|██████▎   | 19/30 [00:08<00:04,  2.43it/s]
eval:  70%|███████   | 21/30 [00:09<00:03,  2.44it/s]
eval:  77%|███████▋  | 23/30 [00:10<00:02,  2.40it/s]
eval:  83%|████████▎ | 25/30 [00:10<00:02,  2.37it/s]
eval:  90%|█████████ | 27/30 [00:11<00:01,  2.43it/s]
eval:  97%|█████████▋| 29/30 [00:12<00:00,  2.45it/s]
                                                     
Epoch 06 | stage 1 | train loss 0.4677 (cls 0.4677, ctr 0.0000) acc 0.9542 f1 0.9539 | val loss 1.0514 (cls 1.0514, ctr 0.0000) acc 0.7208 f1 0.6988 | lr 2.00e-05
[INFO] Optimizer groups (stage 2): fusion=447,945@2.00e-04, audio=14,773,552@8.00e-06, video=8,397,832@8.00e-06
[INFO] Cosine scheduler (group-wise): group0: base_lr=2.00e-04, eta_min=2.00e-05, group1: base_lr=8.00e-06, eta_min=8.00e-07, group2: base_lr=8.00e-06, eta_min=8.00e-07
[INFO] Switched to stage-2 at epoch 7.

train:   0%|          | 0/120 [00:00<?, ?it/s]
train:   1%|          | 1/120 [00:01<02:11,  1.11s/it]
train:   2%|▏         | 2/120 [00:01<01:02,  1.90it/s]
train:   2%|▎         | 3/120 [00:01<01:07,  1.73it/s]
train:   3%|▎         | 4/120 [00:01<00:45,  2.53it/s]
train:   4%|▍         | 5/120 [00:02<00:59,  1.95it/s]
train:   5%|▌         | 6/120 [00:02<00:43,  2.64it/s]
train:   6%|▌         | 7/120 [00:03<00:55,  2.03it/s]
train:   7%|▋         | 8/120 [00:03<00:41,  2.68it/s]
train:   8%|▊         | 9/120 [00:04<00:53,  2.06it/s]
train:   8%|▊         | 10/120 [00:04<00:40,  2.70it/s]
train:   9%|▉         | 11/120 [00:05<00:52,  2.08it/s]
train:  10%|█         | 12/120 [00:05<00:39,  2.70it/s]
train:  11%|█         | 13/120 [00:06<00:53,  1.98it/s]
train:  12%|█▏        | 14/120 [00:06<00:40,  2.60it/s]
train:  12%|█▎        | 15/120 [00:07<00:52,  2.02it/s]
train:  13%|█▎        | 16/120 [00:07<00:39,  2.63it/s]
train:  14%|█▍        | 17/120 [00:07<00:50,  2.02it/s]
train:  15%|█▌        | 18/120 [00:08<00:38,  2.62it/s]
train:  16%|█▌        | 19/120 [00:08<00:50,  2.01it/s]
train:  17%|█▋        | 20/120 [00:08<00:38,  2.61it/s]
train:  18%|█▊        | 21/120 [00:09<00:49,  1.98it/s]
train:  18%|█▊        | 22/120 [00:09<00:37,  2.59it/s]
train:  19%|█▉        | 23/120 [00:10<00:47,  2.03it/s]
train:  20%|██        | 24/120 [00:10<00:36,  2.64it/s]
train:  21%|██        | 25/120 [00:11<00:46,  2.02it/s]
train:  22%|██▏       | 26/120 [00:11<00:35,  2.63it/s]
train:  22%|██▎       | 27/120 [00:12<00:46,  2.00it/s]
train:  23%|██▎       | 28/120 [00:12<00:35,  2.62it/s]
train:  24%|██▍       | 29/120 [00:13<00:45,  2.01it/s]
train:  25%|██▌       | 30/120 [00:13<00:34,  2.62it/s]
train:  26%|██▌       | 31/120 [00:14<00:43,  2.03it/s]
train:  27%|██▋       | 32/120 [00:14<00:33,  2.61it/s]
train:  28%|██▊       | 33/120 [00:14<00:40,  2.14it/s]
train:  28%|██▊       | 34/120 [00:14<00:30,  2.80it/s]
train:  29%|██▉       | 35/120 [00:15<00:39,  2.15it/s]
train:  30%|███       | 36/120 [00:15<00:29,  2.80it/s]
train:  31%|███       | 37/120 [00:16<00:37,  2.22it/s]
train:  32%|███▏      | 38/120 [00:16<00:28,  2.87it/s]
train:  32%|███▎      | 39/120 [00:17<00:35,  2.25it/s]
train:  33%|███▎      | 40/120 [00:17<00:27,  2.91it/s]
train:  34%|███▍      | 41/120 [00:18<00:35,  2.20it/s]
train:  35%|███▌      | 42/120 [00:18<00:27,  2.86it/s]
train:  36%|███▌      | 43/120 [00:18<00:34,  2.26it/s]
train:  37%|███▋      | 44/120 [00:18<00:25,  2.93it/s]
train:  38%|███▊      | 45/120 [00:19<00:33,  2.22it/s]
train:  38%|███▊      | 46/120 [00:19<00:25,  2.87it/s]
train:  39%|███▉      | 47/120 [00:20<00:32,  2.23it/s]
train:  40%|████      | 48/120 [00:20<00:25,  2.88it/s]
train:  41%|████      | 49/120 [00:21<00:31,  2.24it/s]
train:  42%|████▏     | 50/120 [00:21<00:24,  2.91it/s]
train:  42%|████▎     | 51/120 [00:22<00:31,  2.21it/s]
train:  43%|████▎     | 52/120 [00:22<00:23,  2.86it/s]
train:  44%|████▍     | 53/120 [00:22<00:31,  2.13it/s]
train:  45%|████▌     | 54/120 [00:22<00:23,  2.75it/s]
train:  46%|████▌     | 55/120 [00:23<00:29,  2.22it/s]
train:  47%|████▋     | 56/120 [00:23<00:22,  2.90it/s]
train:  48%|████▊     | 57/120 [00:24<00:28,  2.23it/s]
train:  48%|████▊     | 58/120 [00:24<00:21,  2.87it/s]
train:  49%|████▉     | 59/120 [00:25<00:27,  2.25it/s]
train:  50%|█████     | 60/120 [00:25<00:20,  2.91it/s]
train:  51%|█████     | 61/120 [00:25<00:26,  2.24it/s]
train:  52%|█████▏    | 62/120 [00:26<00:19,  2.90it/s]
train:  52%|█████▎    | 63/120 [00:26<00:25,  2.23it/s]
train:  53%|█████▎    | 64/120 [00:26<00:19,  2.88it/s]
train:  54%|█████▍    | 65/120 [00:27<00:25,  2.17it/s]
train:  55%|█████▌    | 66/120 [00:27<00:19,  2.80it/s]
train:  56%|█████▌    | 67/120 [00:28<00:24,  2.13it/s]
train:  57%|█████▋    | 68/120 [00:28<00:18,  2.75it/s]
train:  57%|█████▊    | 69/120 [00:29<00:24,  2.06it/s]
train:  58%|█████▊    | 70/120 [00:29<00:18,  2.69it/s]
train:  59%|█████▉    | 71/120 [00:30<00:24,  2.03it/s]
train:  60%|██████    | 72/120 [00:30<00:18,  2.63it/s]
train:  61%|██████    | 73/120 [00:31<00:22,  2.06it/s]
train:  62%|██████▏   | 74/120 [00:31<00:17,  2.65it/s]
train:  62%|██████▎   | 75/120 [00:32<00:22,  2.01it/s]
train:  63%|██████▎   | 76/120 [00:32<00:16,  2.61it/s]
train:  64%|██████▍   | 77/120 [00:32<00:21,  2.00it/s]
train:  65%|██████▌   | 78/120 [00:33<00:16,  2.59it/s]
train:  66%|██████▌   | 79/120 [00:33<00:19,  2.06it/s]
train:  67%|██████▋   | 80/120 [00:33<00:14,  2.67it/s]
train:  68%|██████▊   | 81/120 [00:34<00:19,  2.05it/s]
train:  68%|██████▊   | 82/120 [00:34<00:14,  2.67it/s]
train:  69%|██████▉   | 83/120 [00:35<00:18,  2.02it/s]
train:  70%|███████   | 84/120 [00:35<00:13,  2.63it/s]
train:  71%|███████   | 85/120 [00:36<00:17,  2.00it/s]
train:  72%|███████▏  | 86/120 [00:36<00:13,  2.59it/s]
train:  72%|███████▎  | 87/120 [00:37<00:16,  2.02it/s]
train:  73%|███████▎  | 88/120 [00:37<00:12,  2.65it/s]
train:  74%|███████▍  | 89/120 [00:38<00:15,  2.03it/s]
train:  75%|███████▌  | 90/120 [00:38<00:11,  2.63it/s]
train:  76%|███████▌  | 91/120 [00:39<00:15,  1.93it/s]
train:  77%|███████▋  | 92/120 [00:39<00:11,  2.51it/s]
train:  78%|███████▊  | 93/120 [00:40<00:15,  1.79it/s]
train:  78%|███████▊  | 94/120 [00:40<00:11,  2.32it/s]
train:  79%|███████▉  | 95/120 [00:42<00:21,  1.19it/s]
train:  80%|████████  | 96/120 [00:42<00:15,  1.59it/s]
train:  81%|████████  | 97/120 [00:42<00:15,  1.48it/s]
train:  82%|████████▏ | 98/120 [00:43<00:11,  1.98it/s]
train:  82%|████████▎ | 99/120 [00:43<00:12,  1.72it/s]
train:  83%|████████▎ | 100/120 [00:43<00:08,  2.26it/s]
train:  84%|████████▍ | 101/120 [00:44<00:10,  1.86it/s]
train:  85%|████████▌ | 102/120 [00:44<00:07,  2.43it/s]
train:  86%|████████▌ | 103/120 [00:45<00:08,  1.98it/s]
train:  87%|████████▋ | 104/120 [00:45<00:06,  2.58it/s]
train:  88%|████████▊ | 105/120 [00:46<00:07,  1.99it/s]
train:  88%|████████▊ | 106/120 [00:46<00:05,  2.59it/s]
train:  89%|████████▉ | 107/120 [00:47<00:06,  2.05it/s]
train:  90%|█████████ | 108/120 [00:47<00:04,  2.67it/s]
train:  91%|█████████ | 109/120 [00:48<00:05,  2.18it/s]
train:  92%|█████████▎| 111/120 [00:48<00:03,  2.34it/s]
train:  93%|█████████▎| 112/120 [00:48<00:02,  2.89it/s]
train:  94%|█████████▍| 113/120 [00:49<00:03,  2.25it/s]
train:  95%|█████████▌| 114/120 [00:49<00:02,  2.85it/s]
train:  96%|█████████▌| 115/120 [00:50<00:02,  2.29it/s]
train:  97%|█████████▋| 116/120 [00:50<00:01,  2.93it/s]
train:  98%|█████████▊| 117/120 [00:51<00:01,  2.29it/s]
train:  98%|█████████▊| 118/120 [00:51<00:00,  2.94it/s]
train:  99%|█████████▉| 119/120 [00:51<00:00,  2.26it/s]
train: 100%|██████████| 120/120 [00:52<00:00,  2.92it/s]
                                                        

eval:   0%|          | 0/30 [00:00<?, ?it/s]
eval:   3%|▎         | 1/30 [00:00<00:24,  1.21it/s]
eval:  10%|█         | 3/30 [00:01<00:14,  1.93it/s]
eval:  17%|█▋        | 5/30 [00:02<00:11,  2.10it/s]
eval:  23%|██▎       | 7/30 [00:03<00:10,  2.26it/s]
eval:  30%|███       | 9/30 [00:04<00:08,  2.34it/s]
eval:  37%|███▋      | 11/30 [00:04<00:08,  2.37it/s]
eval:  43%|████▎     | 13/30 [00:05<00:07,  2.38it/s]
eval:  50%|█████     | 15/30 [00:06<00:06,  2.40it/s]
eval:  57%|█████▋    | 17/30 [00:07<00:05,  2.39it/s]
eval:  63%|██████▎   | 19/30 [00:08<00:04,  2.44it/s]
eval:  70%|███████   | 21/30 [00:08<00:03,  2.49it/s]
eval:  77%|███████▋  | 23/30 [00:09<00:02,  2.47it/s]
eval:  83%|████████▎ | 25/30 [00:10<00:02,  2.42it/s]
eval:  90%|█████████ | 27/30 [00:11<00:01,  2.49it/s]
eval:  97%|█████████▋| 29/30 [00:12<00:00,  2.53it/s]
                                                     
Epoch 07 | stage 2 | train loss 0.4915 (cls 0.4915, ctr 0.0000) acc 0.9375 f1 0.9379 | val loss 1.1040 (cls 1.1040, ctr 0.0000) acc 0.7083 f1 0.6869 | lr [1.98e-04, 7.92e-06, 7.92e-06]

train:   0%|          | 0/120 [00:00<?, ?it/s]
train:   1%|          | 1/120 [00:00<01:54,  1.04it/s]
train:   2%|▏         | 2/120 [00:01<00:54,  2.15it/s]
train:   2%|▎         | 3/120 [00:01<01:06,  1.76it/s]
train:   3%|▎         | 4/120 [00:01<00:44,  2.59it/s]
train:   4%|▍         | 5/120 [00:02<00:58,  1.97it/s]
train:   5%|▌         | 6/120 [00:02<00:42,  2.68it/s]
train:   6%|▌         | 7/120 [00:03<00:56,  1.99it/s]
train:   7%|▋         | 8/120 [00:03<00:41,  2.67it/s]
train:   8%|▊         | 9/120 [00:04<00:55,  2.02it/s]
train:   8%|▊         | 10/120 [00:04<00:41,  2.64it/s]
train:   9%|▉         | 11/120 [00:05<00:54,  2.00it/s]
train:  10%|█         | 12/120 [00:05<00:41,  2.61it/s]
train:  11%|█         | 13/120 [00:06<00:53,  2.01it/s]
train:  12%|█▏        | 14/120 [00:06<00:40,  2.64it/s]
train:  12%|█▎        | 15/120 [00:06<00:52,  2.01it/s]
train:  13%|█▎        | 16/120 [00:07<00:39,  2.61it/s]
train:  14%|█▍        | 17/120 [00:07<00:52,  1.95it/s]
train:  15%|█▌        | 18/120 [00:08<00:40,  2.54it/s]
train:  16%|█▌        | 19/120 [00:08<00:49,  2.05it/s]
train:  17%|█▋        | 20/120 [00:08<00:37,  2.66it/s]
train:  18%|█▊        | 21/120 [00:10<01:15,  1.32it/s]
train:  18%|█▊        | 22/120 [00:10<00:55,  1.77it/s]
train:  19%|█▉        | 23/120 [00:11<00:59,  1.62it/s]
train:  20%|██        | 24/120 [00:11<00:44,  2.16it/s]
train:  21%|██        | 25/120 [00:12<00:54,  1.74it/s]
train:  22%|██▏       | 26/120 [00:12<00:41,  2.28it/s]
train:  22%|██▎       | 27/120 [00:13<00:48,  1.91it/s]
train:  23%|██▎       | 28/120 [00:13<00:36,  2.50it/s]
train:  24%|██▍       | 29/120 [00:14<00:46,  1.95it/s]
train:  25%|██▌       | 30/120 [00:14<00:35,  2.54it/s]
train:  26%|██▌       | 31/120 [00:14<00:44,  2.00it/s]
train:  27%|██▋       | 32/120 [00:15<00:34,  2.58it/s]
train:  28%|██▊       | 33/120 [00:15<00:42,  2.04it/s]
train:  28%|██▊       | 34/120 [00:15<00:32,  2.63it/s]
train:  29%|██▉       | 35/120 [00:16<00:41,  2.05it/s]
train:  30%|███       | 36/120 [00:16<00:31,  2.65it/s]
train:  31%|███       | 37/120 [00:17<00:40,  2.03it/s]
train:  32%|███▏      | 38/120 [00:17<00:31,  2.64it/s]
train:  32%|███▎      | 39/120 [00:18<00:39,  2.08it/s]
train:  33%|███▎      | 40/120 [00:18<00:29,  2.70it/s]
train:  34%|███▍      | 41/120 [00:19<00:38,  2.07it/s]
train:  35%|███▌      | 42/120 [00:19<00:29,  2.68it/s]
train:  36%|███▌      | 43/120 [00:20<00:37,  2.06it/s]
train:  37%|███▋      | 44/120 [00:20<00:28,  2.66it/s]
train:  38%|███▊      | 45/120 [00:20<00:36,  2.05it/s]
train:  38%|███▊      | 46/120 [00:21<00:28,  2.64it/s]
train:  39%|███▉      | 47/120 [00:21<00:35,  2.05it/s]
train:  40%|████      | 48/120 [00:21<00:27,  2.64it/s]
train:  41%|████      | 49/120 [00:22<00:34,  2.04it/s]
train:  42%|████▏     | 50/120 [00:22<00:26,  2.66it/s]
train:  42%|████▎     | 51/120 [00:23<00:34,  1.98it/s]
train:  43%|████▎     | 52/120 [00:23<00:26,  2.57it/s]
train:  44%|████▍     | 53/120 [00:24<00:33,  2.02it/s]
train:  45%|████▌     | 54/120 [00:24<00:25,  2.63it/s]
train:  46%|████▌     | 55/120 [00:25<00:31,  2.09it/s]
train:  47%|████▋     | 56/120 [00:25<00:23,  2.71it/s]
train:  48%|████▊     | 57/120 [00:26<00:30,  2.06it/s]
train:  48%|████▊     | 58/120 [00:26<00:23,  2.67it/s]
train:  49%|████▉     | 59/120 [00:26<00:29,  2.07it/s]
train:  50%|█████     | 60/120 [00:27<00:22,  2.63it/s]
train:  51%|█████     | 61/120 [00:27<00:29,  2.00it/s]
train:  52%|█████▏    | 62/120 [00:28<00:22,  2.61it/s]
train:  52%|█████▎    | 63/120 [00:28<00:28,  2.02it/s]
train:  53%|█████▎    | 64/120 [00:28<00:21,  2.65it/s]
train:  54%|█████▍    | 65/120 [00:29<00:26,  2.08it/s]
train:  55%|█████▌    | 66/120 [00:29<00:20,  2.69it/s]
train:  56%|█████▌    | 67/120 [00:30<00:24,  2.15it/s]
train:  57%|█████▋    | 68/120 [00:30<00:18,  2.77it/s]
train:  57%|█████▊    | 69/120 [00:31<00:23,  2.18it/s]
train:  58%|█████▊    | 70/120 [00:31<00:17,  2.80it/s]
train:  59%|█████▉    | 71/120 [00:32<00:23,  2.12it/s]
train:  60%|██████    | 72/120 [00:32<00:17,  2.73it/s]
train:  61%|██████    | 73/120 [00:32<00:21,  2.14it/s]
train:  62%|██████▏   | 74/120 [00:32<00:16,  2.79it/s]
train:  62%|██████▎   | 75/120 [00:33<00:21,  2.14it/s]
train:  63%|██████▎   | 76/120 [00:33<00:15,  2.77it/s]
train:  64%|██████▍   | 77/120 [00:34<00:19,  2.16it/s]
train:  65%|██████▌   | 78/120 [00:34<00:15,  2.79it/s]
train:  66%|██████▌   | 79/120 [00:35<00:19,  2.10it/s]
train:  67%|██████▋   | 80/120 [00:35<00:14,  2.72it/s]
train:  68%|██████▊   | 81/120 [00:36<00:18,  2.08it/s]
train:  68%|██████▊   | 82/120 [00:36<00:14,  2.68it/s]
train:  69%|██████▉   | 83/120 [00:37<00:17,  2.13it/s]
train:  70%|███████   | 84/120 [00:37<00:13,  2.77it/s]
train:  71%|███████   | 85/120 [00:37<00:16,  2.10it/s]
train:  72%|███████▏  | 86/120 [00:38<00:12,  2.71it/s]
train:  72%|███████▎  | 87/120 [00:38<00:15,  2.09it/s]
train:  73%|███████▎  | 88/120 [00:38<00:11,  2.73it/s]
train:  74%|███████▍  | 89/120 [00:39<00:15,  2.05it/s]
train:  75%|███████▌  | 90/120 [00:39<00:11,  2.68it/s]
train:  76%|███████▌  | 91/120 [00:40<00:13,  2.10it/s]
train:  77%|███████▋  | 92/120 [00:40<00:10,  2.71it/s]
train:  78%|███████▊  | 93/120 [00:41<00:12,  2.11it/s]
train:  78%|███████▊  | 94/120 [00:41<00:09,  2.73it/s]
train:  79%|███████▉  | 95/120 [00:42<00:12,  2.06it/s]
train:  80%|████████  | 96/120 [00:42<00:08,  2.69it/s]
train:  81%|████████  | 97/120 [00:43<00:11,  2.08it/s]
train:  82%|████████▏ | 98/120 [00:43<00:08,  2.70it/s]
train:  82%|████████▎ | 99/120 [00:43<00:09,  2.11it/s]
train:  83%|████████▎ | 100/120 [00:43<00:07,  2.71it/s]
train:  84%|████████▍ | 101/120 [00:44<00:09,  2.07it/s]
train:  85%|████████▌ | 102/120 [00:44<00:06,  2.68it/s]
train:  86%|████████▌ | 103/120 [00:45<00:08,  2.11it/s]
train:  87%|████████▋ | 104/120 [00:45<00:05,  2.73it/s]
train:  88%|████████▊ | 105/120 [00:46<00:07,  2.11it/s]
train:  88%|████████▊ | 106/120 [00:46<00:05,  2.72it/s]
train:  89%|████████▉ | 107/120 [00:47<00:06,  2.13it/s]
train:  90%|█████████ | 108/120 [00:47<00:04,  2.76it/s]
train:  91%|█████████ | 109/120 [00:48<00:05,  2.12it/s]
train:  92%|█████████▏| 110/120 [00:48<00:03,  2.75it/s]
train:  92%|█████████▎| 111/120 [00:48<00:04,  2.13it/s]
train:  93%|█████████▎| 112/120 [00:48<00:02,  2.77it/s]
train:  94%|█████████▍| 113/120 [00:49<00:03,  2.10it/s]
train:  95%|█████████▌| 114/120 [00:49<00:02,  2.72it/s]
train:  96%|█████████▌| 115/120 [00:50<00:02,  2.04it/s]
train:  97%|█████████▋| 116/120 [00:50<00:01,  2.68it/s]
train:  98%|█████████▊| 117/120 [00:51<00:01,  2.06it/s]
train:  98%|█████████▊| 118/120 [00:51<00:00,  2.69it/s]
train:  99%|█████████▉| 119/120 [00:52<00:00,  2.13it/s]
train: 100%|██████████| 120/120 [00:52<00:00,  2.75it/s]
                                                        

eval:   0%|          | 0/30 [00:00<?, ?it/s]
eval:   3%|▎         | 1/30 [00:00<00:26,  1.10it/s]
eval:  10%|█         | 3/30 [00:01<00:14,  1.86it/s]
eval:  17%|█▋        | 5/30 [00:02<00:12,  2.01it/s]
eval:  23%|██▎       | 7/30 [00:03<00:10,  2.22it/s]
eval:  30%|███       | 9/30 [00:04<00:09,  2.30it/s]
eval:  37%|███▋      | 11/30 [00:05<00:08,  2.37it/s]
eval:  43%|████▎     | 13/30 [00:06<00:09,  1.76it/s]
eval:  50%|█████     | 15/30 [00:07<00:07,  1.93it/s]
eval:  57%|█████▋    | 17/30 [00:08<00:06,  2.05it/s]
eval:  63%|██████▎   | 19/30 [00:09<00:05,  2.19it/s]
eval:  70%|███████   | 21/30 [00:09<00:03,  2.28it/s]
eval:  77%|███████▋  | 23/30 [00:10<00:03,  2.32it/s]
eval:  83%|████████▎ | 25/30 [00:11<00:02,  2.32it/s]
eval:  90%|█████████ | 27/30 [00:12<00:01,  2.39it/s]
eval:  97%|█████████▋| 29/30 [00:13<00:00,  2.43it/s]
                                                     
Epoch 08 | stage 2 | train loss 0.4579 (cls 0.4579, ctr 0.0000) acc 0.9438 f1 0.9404 | val loss 1.1170 (cls 1.1170, ctr 0.0000) acc 0.6875 f1 0.6716 | lr [1.95e-04, 7.81e-06, 7.81e-06]

train:   0%|          | 0/120 [00:00<?, ?it/s]
train:   1%|          | 1/120 [00:00<01:53,  1.05it/s]
train:   2%|▏         | 2/120 [00:01<00:53,  2.19it/s]
train:   2%|▎         | 3/120 [00:01<01:08,  1.70it/s]
train:   3%|▎         | 4/120 [00:01<00:46,  2.52it/s]
train:   4%|▍         | 5/120 [00:02<00:59,  1.92it/s]
train:   5%|▌         | 6/120 [00:02<00:43,  2.63it/s]
train:   6%|▌         | 7/120 [00:03<00:56,  2.02it/s]
train:   7%|▋         | 8/120 [00:03<00:41,  2.68it/s]
train:   8%|▊         | 9/120 [00:04<00:55,  1.99it/s]
train:   8%|▊         | 10/120 [00:04<00:41,  2.63it/s]
train:   9%|▉         | 11/120 [00:05<00:52,  2.07it/s]
train:  10%|█         | 12/120 [00:05<00:40,  2.69it/s]
train:  11%|█         | 13/120 [00:06<00:50,  2.10it/s]
train:  12%|█▏        | 14/120 [00:06<00:38,  2.72it/s]
train:  12%|█▎        | 15/120 [00:06<00:49,  2.10it/s]
train:  13%|█▎        | 16/120 [00:06<00:37,  2.74it/s]
train:  14%|█▍        | 17/120 [00:07<00:50,  2.05it/s]
train:  15%|█▌        | 18/120 [00:07<00:38,  2.66it/s]
train:  16%|█▌        | 19/120 [00:08<00:48,  2.09it/s]
train:  17%|█▋        | 20/120 [00:08<00:36,  2.73it/s]
train:  18%|█▊        | 21/120 [00:09<00:47,  2.09it/s]
train:  18%|█▊        | 22/120 [00:09<00:36,  2.71it/s]
train:  19%|█▉        | 23/120 [00:10<00:48,  2.00it/s]
train:  20%|██        | 24/120 [00:10<00:37,  2.59it/s]
train:  21%|██        | 25/120 [00:11<00:47,  2.01it/s]
train:  22%|██▏       | 26/120 [00:11<00:36,  2.61it/s]
train:  22%|██▎       | 27/120 [00:12<00:43,  2.15it/s]
train:  23%|██▎       | 28/120 [00:12<00:32,  2.80it/s]
train:  24%|██▍       | 29/120 [00:12<00:41,  2.17it/s]
train:  25%|██▌       | 30/120 [00:12<00:32,  2.79it/s]
train:  26%|██▌       | 31/120 [00:13<00:40,  2.17it/s]
train:  27%|██▋       | 32/120 [00:13<00:31,  2.80it/s]
train:  28%|██▊       | 33/120 [00:14<00:40,  2.13it/s]
train:  28%|██▊       | 34/120 [00:14<00:31,  2.74it/s]
train:  29%|██▉       | 35/120 [00:15<00:39,  2.13it/s]
train:  30%|███       | 36/120 [00:15<00:30,  2.77it/s]
train:  31%|███       | 37/120 [00:16<00:39,  2.12it/s]
train:  32%|███▏      | 38/120 [00:16<00:29,  2.74it/s]
train:  32%|███▎      | 39/120 [00:17<00:39,  2.07it/s]
train:  33%|███▎      | 40/120 [00:17<00:29,  2.67it/s]
train:  34%|███▍      | 41/120 [00:17<00:38,  2.08it/s]
train:  35%|███▌      | 42/120 [00:18<00:29,  2.69it/s]
train:  36%|███▌      | 43/120 [00:18<00:36,  2.08it/s]
train:  37%|███▋      | 44/120 [00:18<00:28,  2.70it/s]
train:  38%|███▊      | 45/120 [00:19<00:36,  2.05it/s]
train:  38%|███▊      | 46/120 [00:19<00:27,  2.66it/s]
train:  39%|███▉      | 47/120 [00:20<00:35,  2.08it/s]
train:  40%|████      | 48/120 [00:20<00:26,  2.70it/s]
train:  41%|████      | 49/120 [00:21<00:34,  2.05it/s]
train:  42%|████▏     | 50/120 [00:21<00:26,  2.66it/s]
train:  42%|████▎     | 51/120 [00:22<00:34,  2.02it/s]
train:  43%|████▎     | 52/120 [00:22<00:25,  2.63it/s]
train:  44%|████▍     | 53/120 [00:23<00:32,  2.08it/s]
train:  45%|████▌     | 54/120 [00:23<00:24,  2.70it/s]
train:  46%|████▌     | 55/120 [00:23<00:30,  2.11it/s]
train:  47%|████▋     | 56/120 [00:23<00:23,  2.73it/s]
train:  48%|████▊     | 57/120 [00:24<00:30,  2.10it/s]
train:  48%|████▊     | 58/120 [00:24<00:22,  2.75it/s]
train:  49%|████▉     | 59/120 [00:26<00:42,  1.43it/s]
train:  51%|█████     | 61/120 [00:27<00:33,  1.76it/s]
train:  52%|█████▏    | 62/120 [00:27<00:26,  2.18it/s]
train:  52%|█████▎    | 63/120 [00:27<00:30,  1.89it/s]
train:  53%|█████▎    | 64/120 [00:28<00:23,  2.40it/s]
train:  54%|█████▍    | 65/120 [00:28<00:27,  2.00it/s]
train:  55%|█████▌    | 66/120 [00:28<00:20,  2.58it/s]
train:  56%|█████▌    | 67/120 [00:29<00:25,  2.05it/s]
train:  57%|█████▋    | 68/120 [00:29<00:19,  2.65it/s]
train:  57%|█████▊    | 69/120 [00:30<00:24,  2.07it/s]
train:  58%|█████▊    | 70/120 [00:30<00:18,  2.70it/s]
train:  59%|█████▉    | 71/120 [00:31<00:24,  2.02it/s]
train:  60%|██████    | 72/120 [00:31<00:18,  2.62it/s]
train:  61%|██████    | 73/120 [00:32<00:23,  2.01it/s]
train:  62%|██████▏   | 74/120 [00:32<00:17,  2.62it/s]
train:  62%|██████▎   | 75/120 [00:33<00:21,  2.07it/s]
train:  63%|██████▎   | 76/120 [00:33<00:16,  2.69it/s]
train:  64%|██████▍   | 77/120 [00:33<00:20,  2.10it/s]
train:  65%|██████▌   | 78/120 [00:34<00:15,  2.75it/s]
train:  66%|██████▌   | 79/120 [00:34<00:19,  2.12it/s]
train:  67%|██████▋   | 80/120 [00:34<00:14,  2.75it/s]
train:  68%|██████▊   | 81/120 [00:35<00:18,  2.11it/s]
train:  68%|██████▊   | 82/120 [00:35<00:13,  2.74it/s]
train:  69%|██████▉   | 83/120 [00:36<00:17,  2.11it/s]
train:  70%|███████   | 84/120 [00:36<00:13,  2.72it/s]
train:  71%|███████   | 85/120 [00:37<00:16,  2.12it/s]
train:  72%|███████▏  | 86/120 [00:37<00:12,  2.75it/s]
train:  72%|███████▎  | 87/120 [00:38<00:15,  2.13it/s]
train:  73%|███████▎  | 88/120 [00:38<00:11,  2.77it/s]
train:  74%|███████▍  | 89/120 [00:38<00:14,  2.13it/s]
train:  75%|███████▌  | 90/120 [00:39<00:10,  2.75it/s]
train:  76%|███████▌  | 91/120 [00:39<00:14,  2.06it/s]
train:  77%|███████▋  | 92/120 [00:39<00:10,  2.67it/s]
train:  78%|███████▊  | 93/120 [00:40<00:12,  2.10it/s]
train:  78%|███████▊  | 94/120 [00:40<00:09,  2.74it/s]
train:  79%|███████▉  | 95/120 [00:41<00:11,  2.13it/s]
train:  80%|████████  | 96/120 [00:41<00:08,  2.75it/s]
train:  81%|████████  | 97/120 [00:42<00:10,  2.13it/s]
train:  82%|████████▏ | 98/120 [00:42<00:07,  2.76it/s]
train:  82%|████████▎ | 99/120 [00:43<00:10,  2.09it/s]
train:  83%|████████▎ | 100/120 [00:43<00:07,  2.71it/s]
train:  84%|████████▍ | 101/120 [00:43<00:08,  2.12it/s]
train:  85%|████████▌ | 102/120 [00:44<00:06,  2.75it/s]
train:  86%|████████▌ | 103/120 [00:44<00:08,  2.12it/s]
train:  87%|████████▋ | 104/120 [00:44<00:05,  2.75it/s]
train:  88%|████████▊ | 105/120 [00:45<00:07,  2.11it/s]
train:  88%|████████▊ | 106/120 [00:45<00:05,  2.73it/s]
train:  89%|████████▉ | 107/120 [00:46<00:06,  2.11it/s]
train:  90%|█████████ | 108/120 [00:46<00:04,  2.73it/s]
train:  91%|█████████ | 109/120 [00:47<00:05,  2.10it/s]
train:  92%|█████████▏| 110/120 [00:47<00:03,  2.73it/s]
train:  92%|█████████▎| 111/120 [00:48<00:04,  2.14it/s]
train:  93%|█████████▎| 112/120 [00:48<00:02,  2.79it/s]
train:  94%|█████████▍| 113/120 [00:49<00:03,  2.05it/s]
train:  95%|█████████▌| 114/120 [00:49<00:02,  2.65it/s]
train:  96%|█████████▌| 115/120 [00:49<00:02,  2.05it/s]
train:  97%|█████████▋| 116/120 [00:50<00:01,  2.68it/s]
train:  98%|█████████▊| 117/120 [00:50<00:01,  2.00it/s]
train:  98%|█████████▊| 118/120 [00:50<00:00,  2.60it/s]
train:  99%|█████████▉| 119/120 [00:51<00:00,  2.09it/s]
train: 100%|██████████| 120/120 [00:51<00:00,  2.70it/s]
                                                        

eval:   0%|          | 0/30 [00:00<?, ?it/s]
eval:   3%|▎         | 1/30 [00:00<00:25,  1.13it/s]
eval:  10%|█         | 3/30 [00:01<00:14,  1.89it/s]
eval:  17%|█▋        | 5/30 [00:02<00:11,  2.08it/s]
eval:  23%|██▎       | 7/30 [00:03<00:10,  2.29it/s]
eval:  30%|███       | 9/30 [00:04<00:08,  2.35it/s]
eval:  37%|███▋      | 11/30 [00:04<00:07,  2.42it/s]
eval:  43%|████▎     | 13/30 [00:05<00:06,  2.44it/s]
eval:  50%|█████     | 15/30 [00:07<00:08,  1.82it/s]
eval:  57%|█████▋    | 17/30 [00:08<00:06,  1.98it/s]
eval:  63%|██████▎   | 19/30 [00:08<00:05,  2.14it/s]
eval:  70%|███████   | 21/30 [00:09<00:04,  2.23it/s]
eval:  77%|███████▋  | 23/30 [00:10<00:03,  2.29it/s]
eval:  83%|████████▎ | 25/30 [00:11<00:02,  2.29it/s]
eval:  90%|█████████ | 27/30 [00:12<00:01,  2.38it/s]
eval:  97%|█████████▋| 29/30 [00:13<00:00,  2.44it/s]
                                                     
Epoch 09 | stage 2 | train loss 0.4544 (cls 0.4544, ctr 0.0000) acc 0.9531 f1 0.9526 | val loss 1.1095 (cls 1.1095, ctr 0.0000) acc 0.7333 f1 0.7060 | lr [1.92e-04, 7.67e-06, 7.67e-06]

train:   0%|          | 0/120 [00:00<?, ?it/s]
train:   1%|          | 1/120 [00:00<01:58,  1.00it/s]
train:   2%|▏         | 2/120 [00:01<00:56,  2.10it/s]
train:   2%|▎         | 3/120 [00:01<01:10,  1.66it/s]
train:   3%|▎         | 4/120 [00:01<00:47,  2.43it/s]
train:   4%|▍         | 5/120 [00:02<01:00,  1.92it/s]
train:   5%|▌         | 6/120 [00:02<00:43,  2.63it/s]
train:   6%|▌         | 7/120 [00:03<00:56,  2.01it/s]
train:   7%|▋         | 8/120 [00:03<00:41,  2.68it/s]
train:   8%|▊         | 9/120 [00:04<00:52,  2.11it/s]
train:   8%|▊         | 10/120 [00:04<00:39,  2.76it/s]
train:   9%|▉         | 11/120 [00:05<00:52,  2.06it/s]
train:  10%|█         | 12/120 [00:05<00:40,  2.67it/s]
train:  11%|█         | 13/120 [00:06<00:51,  2.10it/s]
train:  12%|█▏        | 14/120 [00:06<00:38,  2.73it/s]
train:  12%|█▎        | 15/120 [00:06<00:50,  2.08it/s]
train:  13%|█▎        | 16/120 [00:07<00:38,  2.70it/s]
train:  14%|█▍        | 17/120 [00:07<00:49,  2.06it/s]
train:  15%|█▌        | 18/120 [00:07<00:38,  2.67it/s]
train:  16%|█▌        | 19/120 [00:08<00:49,  2.03it/s]
train:  17%|█▋        | 20/120 [00:08<00:37,  2.64it/s]
train:  18%|█▊        | 21/120 [00:09<00:49,  2.00it/s]
train:  18%|█▊        | 22/120 [00:09<00:37,  2.62it/s]
train:  19%|█▉        | 23/120 [00:10<00:46,  2.08it/s]
train:  20%|██        | 24/120 [00:10<00:35,  2.72it/s]
train:  21%|██        | 25/120 [00:11<00:46,  2.06it/s]
train:  22%|██▏       | 26/120 [00:11<00:35,  2.68it/s]
train:  22%|██▎       | 27/120 [00:12<00:44,  2.08it/s]
train:  24%|██▍       | 29/120 [00:12<00:41,  2.20it/s]
train:  25%|██▌       | 30/120 [00:13<00:33,  2.71it/s]
train:  26%|██▌       | 31/120 [00:13<00:41,  2.14it/s]
train:  27%|██▋       | 32/120 [00:13<00:32,  2.71it/s]
train:  28%|██▊       | 33/120 [00:14<00:42,  2.05it/s]
train:  28%|██▊       | 34/120 [00:14<00:32,  2.61it/s]
train:  29%|██▉       | 35/120 [00:15<00:40,  2.11it/s]
train:  30%|███       | 36/120 [00:15<00:30,  2.74it/s]
train:  31%|███       | 37/120 [00:16<00:39,  2.08it/s]
train:  32%|███▏      | 38/120 [00:16<00:30,  2.69it/s]
train:  32%|███▎      | 39/120 [00:17<00:38,  2.10it/s]
train:  34%|███▍      | 41/120 [00:18<00:35,  2.20it/s]
train:  35%|███▌      | 42/120 [00:18<00:28,  2.73it/s]
train:  36%|███▌      | 43/120 [00:18<00:35,  2.18it/s]
train:  37%|███▋      | 44/120 [00:18<00:27,  2.75it/s]
train:  38%|███▊      | 45/120 [00:19<00:34,  2.17it/s]
train:  38%|███▊      | 46/120 [00:19<00:26,  2.76it/s]
train:  39%|███▉      | 47/120 [00:20<00:33,  2.18it/s]
train:  40%|████      | 48/120 [00:20<00:25,  2.79it/s]
train:  41%|████      | 49/120 [00:21<00:32,  2.15it/s]
train:  42%|████▏     | 50/120 [00:21<00:25,  2.79it/s]
train:  42%|████▎     | 51/120 [00:22<00:32,  2.10it/s]
train:  43%|████▎     | 52/120 [00:22<00:25,  2.71it/s]
train:  44%|████▍     | 53/120 [00:23<00:31,  2.11it/s]
train:  45%|████▌     | 54/120 [00:23<00:24,  2.74it/s]
train:  46%|████▌     | 55/120 [00:23<00:31,  2.07it/s]
train:  47%|████▋     | 56/120 [00:24<00:23,  2.70it/s]
train:  48%|████▊     | 57/120 [00:24<00:30,  2.05it/s]
train:  48%|████▊     | 58/120 [00:24<00:23,  2.66it/s]
train:  49%|████▉     | 59/120 [00:25<00:30,  2.01it/s]
train:  50%|█████     | 60/120 [00:25<00:22,  2.61it/s]
train:  51%|█████     | 61/120 [00:27<00:42,  1.38it/s]
train:  52%|█████▏    | 62/120 [00:27<00:31,  1.85it/s]
train:  52%|█████▎    | 63/120 [00:28<00:34,  1.66it/s]
train:  53%|█████▎    | 64/120 [00:28<00:25,  2.21it/s]
train:  54%|█████▍    | 65/120 [00:29<00:30,  1.79it/s]
train:  55%|█████▌    | 66/120 [00:29<00:22,  2.37it/s]
train:  56%|█████▌    | 67/120 [00:29<00:27,  1.92it/s]
train:  57%|█████▋    | 68/120 [00:30<00:20,  2.52it/s]
train:  57%|█████▊    | 69/120 [00:30<00:25,  2.01it/s]
train:  58%|█████▊    | 70/120 [00:30<00:19,  2.63it/s]
train:  59%|█████▉    | 71/120 [00:31<00:24,  1.98it/s]
train:  60%|██████    | 72/120 [00:31<00:18,  2.59it/s]
train:  61%|██████    | 73/120 [00:32<00:23,  1.98it/s]
train:  62%|██████▏   | 74/120 [00:32<00:17,  2.58it/s]
train:  62%|██████▎   | 75/120 [00:33<00:22,  2.02it/s]
train:  63%|██████▎   | 76/120 [00:33<00:16,  2.64it/s]
train:  64%|██████▍   | 77/120 [00:34<00:20,  2.07it/s]
train:  65%|██████▌   | 78/120 [00:34<00:15,  2.71it/s]
train:  66%|██████▌   | 79/120 [00:35<00:19,  2.08it/s]
train:  67%|██████▋   | 80/120 [00:35<00:14,  2.70it/s]
train:  68%|██████▊   | 81/120 [00:35<00:18,  2.16it/s]
train:  68%|██████▊   | 82/120 [00:35<00:13,  2.81it/s]
train:  69%|██████▉   | 83/120 [00:36<00:17,  2.13it/s]
train:  70%|███████   | 84/120 [00:36<00:13,  2.73it/s]
train:  71%|███████   | 85/120 [00:37<00:16,  2.10it/s]
train:  72%|███████▏  | 86/120 [00:37<00:12,  2.73it/s]
train:  72%|███████▎  | 87/120 [00:38<00:16,  2.05it/s]
train:  73%|███████▎  | 88/120 [00:38<00:12,  2.65it/s]
train:  74%|███████▍  | 89/120 [00:39<00:14,  2.12it/s]
train:  75%|███████▌  | 90/120 [00:39<00:10,  2.74it/s]
train:  76%|███████▌  | 91/120 [00:40<00:13,  2.13it/s]
train:  77%|███████▋  | 92/120 [00:40<00:10,  2.75it/s]
train:  78%|███████▊  | 93/120 [00:40<00:12,  2.10it/s]
train:  78%|███████▊  | 94/120 [00:41<00:09,  2.72it/s]
train:  79%|███████▉  | 95/120 [00:41<00:11,  2.09it/s]
train:  80%|████████  | 96/120 [00:41<00:08,  2.73it/s]
train:  81%|████████  | 97/120 [00:42<00:11,  2.08it/s]
train:  82%|████████▏ | 98/120 [00:42<00:08,  2.70it/s]
train:  82%|████████▎ | 99/120 [00:43<00:09,  2.11it/s]
train:  83%|████████▎ | 100/120 [00:43<00:07,  2.74it/s]
train:  84%|████████▍ | 101/120 [00:44<00:08,  2.12it/s]
train:  85%|████████▌ | 102/120 [00:44<00:06,  2.75it/s]
train:  86%|████████▌ | 103/120 [00:45<00:08,  2.12it/s]
train:  87%|████████▋ | 104/120 [00:45<00:05,  2.74it/s]
train:  88%|████████▊ | 105/120 [00:46<00:07,  2.10it/s]
train:  88%|████████▊ | 106/120 [00:46<00:05,  2.72it/s]
train:  89%|████████▉ | 107/120 [00:46<00:06,  2.07it/s]
train:  90%|█████████ | 108/120 [00:46<00:04,  2.68it/s]
train:  91%|█████████ | 109/120 [00:47<00:05,  2.01it/s]
train:  92%|█████████▏| 110/120 [00:47<00:03,  2.63it/s]
train:  92%|█████████▎| 111/120 [00:48<00:04,  2.06it/s]
train:  93%|█████████▎| 112/120 [00:48<00:02,  2.67it/s]
train:  94%|█████████▍| 113/120 [00:49<00:03,  2.09it/s]
train:  95%|█████████▌| 114/120 [00:49<00:02,  2.73it/s]
train:  96%|█████████▌| 115/120 [00:50<00:02,  2.11it/s]
train:  97%|█████████▋| 116/120 [00:50<00:01,  2.72it/s]
train:  98%|█████████▊| 117/120 [00:51<00:01,  2.12it/s]
train:  98%|█████████▊| 118/120 [00:51<00:00,  2.74it/s]
train:  99%|█████████▉| 119/120 [00:51<00:00,  2.17it/s]
train: 100%|██████████| 120/120 [00:52<00:00,  2.80it/s]
                                                        

eval:   0%|          | 0/30 [00:00<?, ?it/s]
eval:   3%|▎         | 1/30 [00:00<00:25,  1.15it/s]
eval:  10%|█         | 3/30 [00:01<00:14,  1.92it/s]
eval:  17%|█▋        | 5/30 [00:02<00:12,  2.08it/s]
eval:  23%|██▎       | 7/30 [00:03<00:10,  2.26it/s]
eval:  30%|███       | 9/30 [00:04<00:09,  2.33it/s]
eval:  37%|███▋      | 11/30 [00:04<00:07,  2.39it/s]
eval:  43%|████▎     | 13/30 [00:05<00:07,  2.42it/s]
eval:  50%|█████     | 15/30 [00:06<00:06,  2.43it/s]
eval:  57%|█████▋    | 17/30 [00:07<00:05,  2.41it/s]
eval:  60%|██████    | 18/30 [00:08<00:06,  2.00it/s]
eval:  63%|██████▎   | 19/30 [00:09<00:06,  1.83it/s]
eval:  70%|███████   | 21/30 [00:09<00:04,  2.04it/s]
eval:  77%|███████▋  | 23/30 [00:10<00:03,  2.17it/s]
eval:  83%|████████▎ | 25/30 [00:11<00:02,  2.22it/s]
eval:  90%|█████████ | 27/30 [00:12<00:01,  2.34it/s]
eval:  97%|█████████▋| 29/30 [00:13<00:00,  2.40it/s]
                                                     
Epoch 10 | stage 2 | train loss 0.4376 (cls 0.4376, ctr 0.0000) acc 0.9521 f1 0.9525 | val loss 1.0520 (cls 1.0520, ctr 0.0000) acc 0.7708 f1 0.7361 | lr [1.87e-04, 7.48e-06, 7.48e-06]

train:   0%|          | 0/120 [00:00<?, ?it/s]
train:   1%|          | 1/120 [00:00<01:56,  1.02it/s]
train:   2%|▏         | 2/120 [00:01<00:54,  2.15it/s]
train:   2%|▎         | 3/120 [00:01<01:10,  1.66it/s]
train:   3%|▎         | 4/120 [00:01<00:47,  2.44it/s]
train:   4%|▍         | 5/120 [00:02<01:01,  1.87it/s]
train:   5%|▌         | 6/120 [00:02<00:44,  2.57it/s]
train:   6%|▌         | 7/120 [00:03<00:56,  2.00it/s]
train:   7%|▋         | 8/120 [00:03<00:42,  2.64it/s]
train:   8%|▊         | 9/120 [00:04<00:52,  2.10it/s]
train:   8%|▊         | 10/120 [00:04<00:40,  2.75it/s]
train:   9%|▉         | 11/120 [00:05<00:51,  2.10it/s]
train:  10%|█         | 12/120 [00:05<00:39,  2.74it/s]
train:  11%|█         | 13/120 [00:06<00:51,  2.06it/s]
train:  12%|█▏        | 14/120 [00:06<00:39,  2.70it/s]
train:  12%|█▎        | 15/120 [00:06<00:50,  2.06it/s]
train:  13%|█▎        | 16/120 [00:07<00:38,  2.68it/s]
train:  14%|█▍        | 17/120 [00:07<00:51,  2.02it/s]
train:  15%|█▌        | 18/120 [00:07<00:38,  2.62it/s]
train:  16%|█▌        | 19/120 [00:08<00:47,  2.14it/s]
train:  17%|█▋        | 20/120 [00:08<00:36,  2.77it/s]
train:  18%|█▊        | 21/120 [00:09<00:46,  2.13it/s]
train:  18%|█▊        | 22/120 [00:09<00:35,  2.76it/s]
train:  19%|█▉        | 23/120 [00:10<00:45,  2.13it/s]
train:  20%|██        | 24/120 [00:10<00:34,  2.77it/s]
train:  21%|██        | 25/120 [00:11<00:43,  2.17it/s]
train:  22%|██▏       | 26/120 [00:11<00:33,  2.83it/s]
train:  22%|██▎       | 27/120 [00:11<00:44,  2.10it/s]
train:  23%|██▎       | 28/120 [00:12<00:33,  2.73it/s]
train:  24%|██▍       | 29/120 [00:12<00:44,  2.05it/s]
train:  25%|██▌       | 30/120 [00:12<00:33,  2.67it/s]
train:  26%|██▌       | 31/120 [00:13<00:43,  2.06it/s]
train:  27%|██▋       | 32/120 [00:13<00:33,  2.67it/s]
train:  28%|██▊       | 33/120 [00:14<00:41,  2.10it/s]
train:  28%|██▊       | 34/120 [00:14<00:31,  2.74it/s]
train:  29%|██▉       | 35/120 [00:15<00:39,  2.13it/s]
train:  30%|███       | 36/120 [00:15<00:30,  2.77it/s]
train:  31%|███       | 37/120 [00:16<00:39,  2.10it/s]
train:  32%|███▏      | 38/120 [00:16<00:29,  2.74it/s]
train:  32%|███▎      | 39/120 [00:17<00:38,  2.13it/s]
train:  33%|███▎      | 40/120 [00:17<00:28,  2.77it/s]
train:  34%|███▍      | 41/120 [00:17<00:36,  2.14it/s]
train:  35%|███▌      | 42/120 [00:17<00:28,  2.77it/s]
train:  36%|███▌      | 43/120 [00:18<00:36,  2.09it/s]
train:  37%|███▋      | 44/120 [00:18<00:28,  2.69it/s]
train:  38%|███▊      | 45/120 [00:19<00:34,  2.15it/s]
train:  38%|███▊      | 46/120 [00:19<00:26,  2.76it/s]
train:  39%|███▉      | 47/120 [00:20<00:34,  2.13it/s]
train:  40%|████      | 48/120 [00:20<00:26,  2.73it/s]
train:  41%|████      | 49/120 [00:21<00:33,  2.14it/s]
train:  42%|████▏     | 50/120 [00:21<00:25,  2.76it/s]
train:  42%|████▎     | 51/120 [00:22<00:32,  2.12it/s]
train:  43%|████▎     | 52/120 [00:22<00:25,  2.70it/s]
train:  44%|████▍     | 53/120 [00:22<00:32,  2.04it/s]
train:  45%|████▌     | 54/120 [00:23<00:24,  2.65it/s]
train:  46%|████▌     | 55/120 [00:23<00:31,  2.04it/s]
train:  47%|████▋     | 56/120 [00:23<00:24,  2.64it/s]
train:  48%|████▊     | 57/120 [00:24<00:30,  2.07it/s]
train:  48%|████▊     | 58/120 [00:24<00:22,  2.71it/s]
train:  49%|████▉     | 59/120 [00:25<00:29,  2.06it/s]
train:  50%|█████     | 60/120 [00:25<00:22,  2.67it/s]
train:  51%|█████     | 61/120 [00:26<00:29,  2.03it/s]
train:  52%|█████▏    | 62/120 [00:26<00:21,  2.66it/s]
train:  52%|█████▎    | 63/120 [00:28<00:41,  1.39it/s]
train:  53%|█████▎    | 64/120 [00:28<00:30,  1.86it/s]
train:  54%|█████▍    | 65/120 [00:28<00:32,  1.67it/s]
train:  55%|█████▌    | 66/120 [00:28<00:24,  2.22it/s]
train:  56%|█████▌    | 67/120 [00:29<00:28,  1.83it/s]
train:  57%|█████▋    | 68/120 [00:29<00:21,  2.39it/s]
train:  57%|█████▊    | 69/120 [00:30<00:25,  1.98it/s]
train:  58%|█████▊    | 70/120 [00:30<00:19,  2.58it/s]
train:  59%|█████▉    | 71/120 [00:31<00:24,  2.03it/s]
train:  60%|██████    | 72/120 [00:31<00:18,  2.63it/s]
train:  61%|██████    | 73/120 [00:32<00:23,  1.98it/s]
train:  62%|██████▏   | 74/120 [00:32<00:18,  2.55it/s]
train:  62%|██████▎   | 75/120 [00:33<00:22,  2.00it/s]
train:  63%|██████▎   | 76/120 [00:33<00:16,  2.60it/s]
train:  64%|██████▍   | 77/120 [00:34<00:21,  2.04it/s]
train:  65%|██████▌   | 78/120 [00:34<00:15,  2.64it/s]
train:  66%|██████▌   | 79/120 [00:34<00:19,  2.09it/s]
train:  67%|██████▋   | 80/120 [00:34<00:14,  2.72it/s]
train:  68%|██████▊   | 81/120 [00:35<00:18,  2.06it/s]
train:  68%|██████▊   | 82/120 [00:35<00:14,  2.66it/s]
train:  69%|██████▉   | 83/120 [00:36<00:18,  2.05it/s]
train:  70%|███████   | 84/120 [00:36<00:13,  2.68it/s]
train:  71%|███████   | 85/120 [00:37<00:16,  2.09it/s]
train:  72%|███████▏  | 86/120 [00:37<00:12,  2.72it/s]
train:  72%|███████▎  | 87/120 [00:38<00:15,  2.13it/s]
train:  73%|███████▎  | 88/120 [00:38<00:11,  2.76it/s]
train:  74%|███████▍  | 89/120 [00:39<00:14,  2.09it/s]
train:  75%|███████▌  | 90/120 [00:39<00:10,  2.73it/s]
train:  76%|███████▌  | 91/120 [00:39<00:13,  2.09it/s]
train:  77%|███████▋  | 92/120 [00:40<00:10,  2.72it/s]
train:  78%|███████▊  | 93/120 [00:40<00:13,  2.05it/s]
train:  78%|███████▊  | 94/120 [00:40<00:09,  2.68it/s]
train:  79%|███████▉  | 95/120 [00:41<00:11,  2.09it/s]
train:  80%|████████  | 96/120 [00:41<00:08,  2.73it/s]
train:  81%|████████  | 97/120 [00:42<00:10,  2.17it/s]
train:  82%|████████▏ | 98/120 [00:42<00:07,  2.81it/s]
train:  82%|████████▎ | 99/120 [00:43<00:09,  2.20it/s]
train:  83%|████████▎ | 100/120 [00:43<00:07,  2.85it/s]
train:  84%|████████▍ | 101/120 [00:44<00:08,  2.14it/s]
train:  85%|████████▌ | 102/120 [00:44<00:06,  2.78it/s]
train:  86%|████████▌ | 103/120 [00:44<00:07,  2.18it/s]
train:  87%|████████▋ | 104/120 [00:45<00:05,  2.83it/s]
train:  88%|████████▊ | 105/120 [00:45<00:07,  2.14it/s]
train:  88%|████████▊ | 106/120 [00:45<00:05,  2.77it/s]
train:  89%|████████▉ | 107/120 [00:46<00:06,  2.07it/s]
train:  90%|█████████ | 108/120 [00:46<00:04,  2.68it/s]
train:  91%|█████████ | 109/120 [00:47<00:05,  2.07it/s]
train:  92%|█████████▏| 110/120 [00:47<00:03,  2.69it/s]
train:  92%|█████████▎| 111/120 [00:48<00:04,  2.01it/s]
train:  93%|█████████▎| 112/120 [00:48<00:03,  2.63it/s]
train:  94%|█████████▍| 113/120 [00:49<00:03,  1.97it/s]
train:  95%|█████████▌| 114/120 [00:49<00:02,  2.57it/s]
train:  96%|█████████▌| 115/120 [00:50<00:02,  2.09it/s]
train:  97%|█████████▋| 116/120 [00:50<00:01,  2.73it/s]
train:  98%|█████████▊| 117/120 [00:50<00:01,  2.08it/s]
train:  98%|█████████▊| 118/120 [00:51<00:00,  2.70it/s]
train:  99%|█████████▉| 119/120 [00:51<00:00,  2.13it/s]
train: 100%|██████████| 120/120 [00:51<00:00,  2.75it/s]
                                                        

eval:   0%|          | 0/30 [00:00<?, ?it/s]
eval:   3%|▎         | 1/30 [00:00<00:24,  1.16it/s]
eval:  10%|█         | 3/30 [00:01<00:14,  1.91it/s]
eval:  17%|█▋        | 5/30 [00:02<00:11,  2.11it/s]
eval:  23%|██▎       | 7/30 [00:03<00:10,  2.25it/s]
eval:  30%|███       | 9/30 [00:04<00:09,  2.31it/s]
eval:  37%|███▋      | 11/30 [00:04<00:08,  2.37it/s]
eval:  43%|████▎     | 13/30 [00:05<00:07,  2.40it/s]
eval:  50%|█████     | 15/30 [00:06<00:06,  2.43it/s]
eval:  57%|█████▋    | 17/30 [00:07<00:05,  2.45it/s]
eval:  63%|██████▎   | 19/30 [00:08<00:04,  2.50it/s]
eval:  70%|███████   | 21/30 [00:09<00:04,  1.85it/s]
eval:  77%|███████▋  | 23/30 [00:10<00:03,  2.00it/s]
eval:  83%|████████▎ | 25/30 [00:11<00:02,  2.09it/s]
eval:  90%|█████████ | 27/30 [00:12<00:01,  2.21it/s]
eval:  97%|█████████▋| 29/30 [00:13<00:00,  2.30it/s]
                                                     
Epoch 11 | stage 2 | train loss 0.4380 (cls 0.4380, ctr 0.0000) acc 0.9469 f1 0.9473 | val loss 1.0569 (cls 1.0569, ctr 0.0000) acc 0.7500 f1 0.7372 | lr [1.82e-04, 7.27e-06, 7.27e-06]

train:   0%|          | 0/120 [00:00<?, ?it/s]
train:   1%|          | 1/120 [00:00<01:55,  1.03it/s]
train:   2%|▏         | 2/120 [00:01<00:54,  2.16it/s]
train:   2%|▎         | 3/120 [00:01<01:06,  1.75it/s]
train:   3%|▎         | 4/120 [00:01<00:45,  2.57it/s]
train:   4%|▍         | 5/120 [00:02<00:59,  1.95it/s]
train:   5%|▌         | 6/120 [00:02<00:42,  2.66it/s]
train:   6%|▌         | 7/120 [00:03<00:55,  2.04it/s]
train:   7%|▋         | 8/120 [00:03<00:41,  2.71it/s]
train:   8%|▊         | 9/120 [00:04<00:52,  2.13it/s]
train:   8%|▊         | 10/120 [00:04<00:39,  2.80it/s]
train:   9%|▉         | 11/120 [00:05<00:52,  2.07it/s]
train:  10%|█         | 12/120 [00:05<00:39,  2.72it/s]
train:  11%|█         | 13/120 [00:05<00:51,  2.09it/s]
train:  12%|█▏        | 14/120 [00:06<00:39,  2.70it/s]
train:  12%|█▎        | 15/120 [00:06<00:50,  2.09it/s]
train:  13%|█▎        | 16/120 [00:06<00:38,  2.71it/s]
train:  14%|█▍        | 17/120 [00:07<00:49,  2.08it/s]
train:  15%|█▌        | 18/120 [00:07<00:37,  2.69it/s]
train:  16%|█▌        | 19/120 [00:08<00:48,  2.09it/s]
train:  17%|█▋        | 20/120 [00:08<00:36,  2.73it/s]
train:  18%|█▊        | 21/120 [00:09<00:47,  2.07it/s]
train:  19%|█▉        | 23/120 [00:10<00:43,  2.25it/s]
train:  20%|██        | 24/120 [00:10<00:34,  2.77it/s]
train:  21%|██        | 25/120 [00:10<00:42,  2.25it/s]
train:  22%|██▏       | 26/120 [00:11<00:33,  2.84it/s]
train:  22%|██▎       | 27/120 [00:11<00:41,  2.24it/s]
train:  23%|██▎       | 28/120 [00:11<00:32,  2.85it/s]
train:  24%|██▍       | 29/120 [00:12<00:39,  2.29it/s]
train:  25%|██▌       | 30/120 [00:12<00:30,  2.92it/s]
train:  26%|██▌       | 31/120 [00:13<00:40,  2.21it/s]
train:  27%|██▋       | 32/120 [00:13<00:30,  2.84it/s]
train:  28%|██▊       | 33/120 [00:14<00:39,  2.18it/s]
train:  28%|██▊       | 34/120 [00:14<00:30,  2.80it/s]
train:  29%|██▉       | 35/120 [00:15<00:39,  2.14it/s]
train:  30%|███       | 36/120 [00:15<00:30,  2.77it/s]
train:  31%|███       | 37/120 [00:15<00:38,  2.13it/s]
train:  32%|███▏      | 38/120 [00:15<00:29,  2.74it/s]
train:  32%|███▎      | 39/120 [00:16<00:39,  2.06it/s]
train:  33%|███▎      | 40/120 [00:16<00:29,  2.68it/s]
train:  34%|███▍      | 41/120 [00:17<00:38,  2.07it/s]
train:  35%|███▌      | 42/120 [00:17<00:28,  2.70it/s]
train:  36%|███▌      | 43/120 [00:18<00:36,  2.10it/s]
train:  37%|███▋      | 44/120 [00:18<00:27,  2.72it/s]
train:  38%|███▊      | 45/120 [00:19<00:35,  2.13it/s]
train:  38%|███▊      | 46/120 [00:19<00:26,  2.76it/s]
train:  39%|███▉      | 47/120 [00:20<00:34,  2.13it/s]
train:  40%|████      | 48/120 [00:20<00:26,  2.76it/s]
train:  41%|████      | 49/120 [00:20<00:33,  2.12it/s]
train:  42%|████▏     | 50/120 [00:21<00:25,  2.76it/s]
train:  42%|████▎     | 51/120 [00:21<00:34,  2.03it/s]
train:  43%|████▎     | 52/120 [00:21<00:25,  2.62it/s]
train:  44%|████▍     | 53/120 [00:22<00:33,  2.03it/s]
train:  45%|████▌     | 54/120 [00:22<00:25,  2.61it/s]
train:  46%|████▌     | 55/120 [00:23<00:31,  2.04it/s]
train:  47%|████▋     | 56/120 [00:23<00:24,  2.64it/s]
train:  48%|████▊     | 57/120 [00:24<00:31,  2.00it/s]
train:  48%|████▊     | 58/120 [00:24<00:23,  2.61it/s]
train:  49%|████▉     | 59/120 [00:25<00:28,  2.11it/s]
train:  50%|█████     | 60/120 [00:25<00:22,  2.61it/s]
train:  51%|█████     | 61/120 [00:26<00:27,  2.14it/s]
train:  52%|█████▏    | 62/120 [00:26<00:21,  2.70it/s]
train:  52%|█████▎    | 63/120 [00:26<00:26,  2.12it/s]
train:  53%|█████▎    | 64/120 [00:27<00:21,  2.65it/s]
train:  54%|█████▍    | 65/120 [00:27<00:25,  2.15it/s]
train:  55%|█████▌    | 66/120 [00:27<00:20,  2.66it/s]
train:  56%|█████▌    | 67/120 [00:28<00:25,  2.05it/s]
train:  57%|█████▋    | 68/120 [00:28<00:19,  2.63it/s]
train:  57%|█████▊    | 69/120 [00:29<00:24,  2.06it/s]
train:  58%|█████▊    | 70/120 [00:29<00:18,  2.65it/s]
train:  59%|█████▉    | 71/120 [00:30<00:23,  2.09it/s]
train:  60%|██████    | 72/120 [00:30<00:17,  2.68it/s]
train:  61%|██████    | 73/120 [00:31<00:22,  2.07it/s]
train:  62%|██████▏   | 74/120 [00:31<00:17,  2.58it/s]
train:  62%|██████▎   | 75/120 [00:32<00:21,  2.06it/s]
train:  63%|██████▎   | 76/120 [00:32<00:17,  2.58it/s]
train:  64%|██████▍   | 77/120 [00:32<00:20,  2.08it/s]
train:  65%|██████▌   | 78/120 [00:33<00:15,  2.66it/s]
train:  66%|██████▌   | 79/120 [00:33<00:20,  2.02it/s]
train:  67%|██████▋   | 80/120 [00:33<00:15,  2.62it/s]
train:  68%|██████▊   | 81/120 [00:34<00:18,  2.07it/s]
train:  68%|██████▊   | 82/120 [00:34<00:14,  2.68it/s]
train:  69%|██████▉   | 83/120 [00:35<00:17,  2.06it/s]
train:  70%|███████   | 84/120 [00:35<00:13,  2.65it/s]
train:  71%|███████   | 85/120 [00:36<00:17,  2.01it/s]
train:  72%|███████▏  | 86/120 [00:36<00:13,  2.61it/s]
train:  72%|███████▎  | 87/120 [00:37<00:16,  2.06it/s]
train:  73%|███████▎  | 88/120 [00:37<00:11,  2.67it/s]
train:  74%|███████▍  | 89/120 [00:38<00:14,  2.11it/s]
train:  75%|███████▌  | 90/120 [00:38<00:11,  2.65it/s]
train:  76%|███████▌  | 91/120 [00:39<00:14,  2.00it/s]
train:  77%|███████▋  | 92/120 [00:39<00:10,  2.59it/s]
train:  78%|███████▊  | 93/120 [00:39<00:13,  2.02it/s]
train:  78%|███████▊  | 94/120 [00:40<00:09,  2.62it/s]
train:  79%|███████▉  | 95/120 [00:40<00:12,  2.03it/s]
train:  80%|████████  | 96/120 [00:40<00:09,  2.64it/s]
train:  81%|████████  | 97/120 [00:41<00:11,  2.01it/s]
train:  82%|████████▏ | 98/120 [00:41<00:08,  2.61it/s]
train:  82%|████████▎ | 99/120 [00:42<00:10,  2.01it/s]
train:  83%|████████▎ | 100/120 [00:42<00:07,  2.51it/s]
train:  84%|████████▍ | 101/120 [00:44<00:16,  1.18it/s]
train:  85%|████████▌ | 102/120 [00:44<00:11,  1.58it/s]
train:  86%|████████▌ | 103/120 [00:45<00:11,  1.47it/s]
train:  87%|████████▋ | 104/120 [00:45<00:08,  1.96it/s]
train:  88%|████████▊ | 105/120 [00:46<00:08,  1.71it/s]
train:  88%|████████▊ | 106/120 [00:46<00:06,  2.25it/s]
train:  89%|████████▉ | 107/120 [00:47<00:06,  1.94it/s]
train:  90%|█████████ | 108/120 [00:47<00:04,  2.50it/s]
train:  91%|█████████ | 109/120 [00:48<00:05,  2.05it/s]
train:  92%|█████████▏| 110/120 [00:48<00:03,  2.58it/s]
train:  92%|█████████▎| 111/120 [00:48<00:04,  2.04it/s]
train:  93%|█████████▎| 112/120 [00:49<00:03,  2.63it/s]
train:  94%|█████████▍| 113/120 [00:49<00:03,  2.08it/s]
train:  95%|█████████▌| 114/120 [00:49<00:02,  2.72it/s]
train:  96%|█████████▌| 115/120 [00:50<00:02,  2.11it/s]
train:  97%|█████████▋| 116/120 [00:50<00:01,  2.76it/s]
train:  98%|█████████▊| 117/120 [00:51<00:01,  2.13it/s]
train:  98%|█████████▊| 118/120 [00:51<00:00,  2.75it/s]
train:  99%|█████████▉| 119/120 [00:52<00:00,  2.12it/s]
train: 100%|██████████| 120/120 [00:52<00:00,  2.77it/s]
                                                        

eval:   0%|          | 0/30 [00:00<?, ?it/s]
eval:   3%|▎         | 1/30 [00:00<00:24,  1.20it/s]
eval:  10%|█         | 3/30 [00:01<00:13,  1.96it/s]
eval:  17%|█▋        | 5/30 [00:02<00:11,  2.13it/s]
eval:  23%|██▎       | 7/30 [00:03<00:10,  2.28it/s]
eval:  30%|███       | 9/30 [00:04<00:08,  2.34it/s]
eval:  37%|███▋      | 11/30 [00:04<00:07,  2.39it/s]
eval:  43%|████▎     | 13/30 [00:05<00:07,  2.40it/s]
eval:  50%|█████     | 15/30 [00:06<00:06,  2.42it/s]
eval:  57%|█████▋    | 17/30 [00:07<00:05,  2.44it/s]
eval:  63%|██████▎   | 19/30 [00:08<00:04,  2.48it/s]
eval:  70%|███████   | 21/30 [00:08<00:03,  2.51it/s]
eval:  77%|███████▋  | 23/30 [00:09<00:02,  2.50it/s]
eval:  83%|████████▎ | 25/30 [00:10<00:02,  2.45it/s]
eval:  90%|█████████ | 27/30 [00:11<00:01,  2.47it/s]
eval:  97%|█████████▋| 29/30 [00:12<00:00,  2.49it/s]
                                                     
Epoch 12 | stage 2 | train loss 0.4223 (cls 0.4223, ctr 0.0000) acc 0.9594 f1 0.9590 | val loss 0.9869 (cls 0.9869, ctr 0.0000) acc 0.7625 f1 0.7508 | lr [1.75e-04, 7.01e-06, 7.01e-06]

train:   0%|          | 0/120 [00:00<?, ?it/s]
train:   1%|          | 1/120 [00:01<02:00,  1.02s/it]
train:   2%|▏         | 2/120 [00:01<00:56,  2.09it/s]
train:   2%|▎         | 3/120 [00:01<01:10,  1.66it/s]
train:   3%|▎         | 4/120 [00:01<00:47,  2.42it/s]
train:   4%|▍         | 5/120 [00:02<01:00,  1.90it/s]
train:   5%|▌         | 6/120 [00:02<00:44,  2.58it/s]
train:   6%|▌         | 7/120 [00:03<00:57,  1.98it/s]
train:   7%|▋         | 8/120 [00:03<00:42,  2.62it/s]
train:   8%|▊         | 9/120 [00:04<00:54,  2.05it/s]
train:   8%|▊         | 10/120 [00:04<00:40,  2.69it/s]
train:   9%|▉         | 11/120 [00:05<00:53,  2.05it/s]
train:  10%|█         | 12/120 [00:05<00:40,  2.69it/s]
train:  11%|█         | 13/120 [00:06<00:51,  2.08it/s]
train:  12%|█▏        | 14/120 [00:06<00:39,  2.72it/s]
train:  12%|█▎        | 15/120 [00:07<00:51,  2.03it/s]
train:  13%|█▎        | 16/120 [00:07<00:39,  2.65it/s]
train:  14%|█▍        | 17/120 [00:07<00:49,  2.09it/s]
train:  15%|█▌        | 18/120 [00:07<00:37,  2.73it/s]
train:  16%|█▌        | 19/120 [00:08<00:48,  2.10it/s]
train:  17%|█▋        | 20/120 [00:08<00:36,  2.72it/s]
train:  18%|█▊        | 21/120 [00:09<00:47,  2.09it/s]
train:  18%|█▊        | 22/120 [00:09<00:36,  2.71it/s]
train:  19%|█▉        | 23/120 [00:10<00:47,  2.06it/s]
train:  20%|██        | 24/120 [00:10<00:35,  2.69it/s]
train:  21%|██        | 25/120 [00:11<00:45,  2.09it/s]
train:  22%|██▏       | 26/120 [00:11<00:34,  2.70it/s]
train:  22%|██▎       | 27/120 [00:12<01:07,  1.37it/s]
train:  23%|██▎       | 28/120 [00:13<00:50,  1.83it/s]
train:  24%|██▍       | 29/120 [00:13<00:54,  1.66it/s]
train:  25%|██▌       | 30/120 [00:13<00:40,  2.20it/s]
train:  26%|██▌       | 31/120 [00:14<00:49,  1.81it/s]
train:  27%|██▋       | 32/120 [00:14<00:37,  2.38it/s]
train:  28%|██▊       | 33/120 [00:15<00:45,  1.91it/s]
train:  28%|██▊       | 34/120 [00:15<00:34,  2.47it/s]
train:  29%|██▉       | 35/120 [00:16<00:42,  1.99it/s]
train:  30%|███       | 36/120 [00:16<00:32,  2.58it/s]
train:  31%|███       | 37/120 [00:17<00:41,  2.00it/s]
train:  32%|███▏      | 38/120 [00:17<00:31,  2.61it/s]
train:  32%|███▎      | 39/120 [00:18<00:39,  2.05it/s]
train:  33%|███▎      | 40/120 [00:18<00:29,  2.67it/s]
train:  34%|███▍      | 41/120 [00:18<00:37,  2.13it/s]
train:  35%|███▌      | 42/120 [00:19<00:28,  2.76it/s]
train:  36%|███▌      | 43/120 [00:19<00:36,  2.10it/s]
train:  37%|███▋      | 44/120 [00:19<00:27,  2.74it/s]
train:  38%|███▊      | 45/120 [00:20<00:35,  2.13it/s]
train:  38%|███▊      | 46/120 [00:20<00:26,  2.79it/s]
train:  39%|███▉      | 47/120 [00:21<00:34,  2.11it/s]
train:  40%|████      | 48/120 [00:21<00:26,  2.73it/s]
train:  41%|████      | 49/120 [00:22<00:33,  2.12it/s]
train:  42%|████▏     | 50/120 [00:22<00:25,  2.75it/s]
train:  42%|████▎     | 51/120 [00:23<00:32,  2.11it/s]
train:  43%|████▎     | 52/120 [00:23<00:25,  2.72it/s]
train:  44%|████▍     | 53/120 [00:24<00:32,  2.04it/s]
train:  45%|████▌     | 54/120 [00:24<00:25,  2.62it/s]
train:  46%|████▌     | 55/120 [00:24<00:32,  1.99it/s]
train:  47%|████▋     | 56/120 [00:25<00:24,  2.60it/s]
train:  48%|████▊     | 57/120 [00:25<00:31,  1.98it/s]
train:  48%|████▊     | 58/120 [00:25<00:23,  2.60it/s]
train:  49%|████▉     | 59/120 [00:26<00:30,  2.02it/s]
train:  51%|█████     | 61/120 [00:27<00:27,  2.17it/s]
train:  52%|█████▏    | 62/120 [00:27<00:21,  2.67it/s]
train:  52%|█████▎    | 63/120 [00:28<00:26,  2.18it/s]
train:  53%|█████▎    | 64/120 [00:28<00:20,  2.75it/s]
train:  54%|█████▍    | 65/120 [00:29<00:25,  2.18it/s]
train:  55%|█████▌    | 66/120 [00:29<00:19,  2.79it/s]
train:  56%|█████▌    | 67/120 [00:29<00:24,  2.17it/s]
train:  57%|█████▋    | 68/120 [00:30<00:18,  2.79it/s]
train:  57%|█████▊    | 69/120 [00:30<00:24,  2.11it/s]
train:  58%|█████▊    | 70/120 [00:30<00:18,  2.71it/s]
train:  59%|█████▉    | 71/120 [00:31<00:23,  2.11it/s]
train:  60%|██████    | 72/120 [00:31<00:17,  2.74it/s]
train:  61%|██████    | 73/120 [00:32<00:23,  2.04it/s]
train:  62%|██████▏   | 74/120 [00:32<00:17,  2.64it/s]
train:  62%|██████▎   | 75/120 [00:33<00:21,  2.07it/s]
train:  63%|██████▎   | 76/120 [00:33<00:16,  2.67it/s]
train:  64%|██████▍   | 77/120 [00:34<00:20,  2.13it/s]
train:  65%|██████▌   | 78/120 [00:34<00:15,  2.76it/s]
train:  66%|██████▌   | 79/120 [00:35<00:19,  2.15it/s]
train:  67%|██████▋   | 80/120 [00:35<00:14,  2.78it/s]
train:  68%|██████▊   | 81/120 [00:35<00:18,  2.06it/s]
train:  68%|██████▊   | 82/120 [00:36<00:14,  2.69it/s]
train:  69%|██████▉   | 83/120 [00:36<00:18,  2.03it/s]
train:  70%|███████   | 84/120 [00:36<00:13,  2.64it/s]
train:  71%|███████   | 85/120 [00:37<00:17,  2.04it/s]
train:  72%|███████▏  | 86/120 [00:37<00:12,  2.66it/s]
train:  72%|███████▎  | 87/120 [00:38<00:16,  2.06it/s]
train:  73%|███████▎  | 88/120 [00:38<00:11,  2.68it/s]
train:  74%|███████▍  | 89/120 [00:39<00:14,  2.09it/s]
train:  75%|███████▌  | 90/120 [00:39<00:11,  2.70it/s]
train:  76%|███████▌  | 91/120 [00:40<00:14,  2.05it/s]
train:  77%|███████▋  | 92/120 [00:40<00:10,  2.67it/s]
train:  78%|███████▊  | 93/120 [00:41<00:13,  2.04it/s]
train:  78%|███████▊  | 94/120 [00:41<00:09,  2.65it/s]
train:  79%|███████▉  | 95/120 [00:41<00:12,  2.05it/s]
train:  80%|████████  | 96/120 [00:42<00:08,  2.67it/s]
train:  81%|████████  | 97/120 [00:42<00:11,  2.03it/s]
train:  82%|████████▏ | 98/120 [00:42<00:08,  2.63it/s]
train:  82%|████████▎ | 99/120 [00:43<00:10,  2.05it/s]
train:  83%|████████▎ | 100/120 [00:43<00:07,  2.66it/s]
train:  84%|████████▍ | 101/120 [00:45<00:14,  1.31it/s]
train:  85%|████████▌ | 102/120 [00:45<00:10,  1.76it/s]
train:  86%|████████▌ | 103/120 [00:46<00:10,  1.62it/s]
train:  87%|████████▋ | 104/120 [00:46<00:07,  2.16it/s]
train:  88%|████████▊ | 105/120 [00:47<00:08,  1.80it/s]
train:  88%|████████▊ | 106/120 [00:47<00:05,  2.37it/s]
train:  89%|████████▉ | 107/120 [00:48<00:06,  1.92it/s]
train:  90%|█████████ | 108/120 [00:48<00:04,  2.48it/s]
train:  91%|█████████ | 109/120 [00:48<00:05,  1.99it/s]
train:  92%|█████████▏| 110/120 [00:49<00:03,  2.59it/s]
train:  92%|█████████▎| 111/120 [00:49<00:04,  2.00it/s]
train:  93%|█████████▎| 112/120 [00:49<00:03,  2.59it/s]
train:  94%|█████████▍| 113/120 [00:50<00:03,  1.99it/s]
train:  96%|█████████▌| 115/120 [00:51<00:02,  2.18it/s]
train:  98%|█████████▊| 117/120 [00:52<00:01,  2.23it/s]
train:  98%|█████████▊| 118/120 [00:52<00:00,  2.67it/s]
train:  99%|█████████▉| 119/120 [00:53<00:00,  2.26it/s]
train: 100%|██████████| 120/120 [00:53<00:00,  2.79it/s]
                                                        

eval:   0%|          | 0/30 [00:00<?, ?it/s]
eval:   3%|▎         | 1/30 [00:00<00:24,  1.20it/s]
eval:  10%|█         | 3/30 [00:01<00:13,  1.97it/s]
eval:  17%|█▋        | 5/30 [00:02<00:12,  2.07it/s]
eval:  23%|██▎       | 7/30 [00:03<00:10,  2.25it/s]
eval:  30%|███       | 9/30 [00:04<00:09,  2.28it/s]
eval:  37%|███▋      | 11/30 [00:04<00:08,  2.34it/s]
eval:  43%|████▎     | 13/30 [00:05<00:07,  2.39it/s]
eval:  50%|█████     | 15/30 [00:06<00:06,  2.42it/s]
eval:  57%|█████▋    | 17/30 [00:07<00:05,  2.45it/s]
eval:  63%|██████▎   | 19/30 [00:08<00:04,  2.52it/s]
eval:  70%|███████   | 21/30 [00:08<00:03,  2.56it/s]
eval:  77%|███████▋  | 23/30 [00:09<00:02,  2.53it/s]
eval:  83%|████████▎ | 25/30 [00:10<00:02,  2.42it/s]
eval:  90%|█████████ | 27/30 [00:11<00:01,  2.43it/s]
eval:  97%|█████████▋| 29/30 [00:12<00:00,  2.45it/s]
                                                     
Epoch 13 | stage 2 | train loss 0.4293 (cls 0.4293, ctr 0.0000) acc 0.9542 f1 0.9525 | val loss 1.0000 (cls 1.0000, ctr 0.0000) acc 0.7583 f1 0.7521 | lr [1.68e-04, 6.73e-06, 6.73e-06]

train:   0%|          | 0/120 [00:00<?, ?it/s]
train:   1%|          | 1/120 [00:01<02:07,  1.07s/it]
train:   2%|▏         | 2/120 [00:01<00:59,  1.98it/s]
train:   2%|▎         | 3/120 [00:01<01:10,  1.66it/s]
train:   3%|▎         | 4/120 [00:02<00:47,  2.44it/s]
train:   4%|▍         | 5/120 [00:02<00:59,  1.92it/s]
train:   5%|▌         | 6/120 [00:02<00:43,  2.61it/s]
train:   6%|▌         | 7/120 [00:03<00:55,  2.04it/s]
train:   7%|▋         | 8/120 [00:03<00:41,  2.70it/s]
train:   8%|▊         | 9/120 [00:04<00:52,  2.12it/s]
train:   8%|▊         | 10/120 [00:04<00:39,  2.78it/s]
train:   9%|▉         | 11/120 [00:05<00:52,  2.07it/s]
train:  10%|█         | 12/120 [00:05<00:39,  2.70it/s]
train:  11%|█         | 13/120 [00:06<00:52,  2.03it/s]
train:  12%|█▏        | 14/120 [00:06<00:40,  2.63it/s]
train:  12%|█▎        | 15/120 [00:07<00:52,  2.02it/s]
train:  13%|█▎        | 16/120 [00:07<00:39,  2.64it/s]
train:  14%|█▍        | 17/120 [00:07<00:51,  1.99it/s]
train:  15%|█▌        | 18/120 [00:08<00:39,  2.58it/s]
train:  16%|█▌        | 19/120 [00:08<00:49,  2.06it/s]
train:  17%|█▋        | 20/120 [00:08<00:37,  2.67it/s]
train:  18%|█▊        | 21/120 [00:09<00:48,  2.04it/s]
train:  18%|█▊        | 22/120 [00:09<00:36,  2.66it/s]
train:  19%|█▉        | 23/120 [00:10<00:47,  2.04it/s]
train:  20%|██        | 24/120 [00:10<00:36,  2.66it/s]
train:  21%|██        | 25/120 [00:11<00:46,  2.04it/s]
train:  22%|██▏       | 26/120 [00:11<00:35,  2.66it/s]
train:  22%|██▎       | 27/120 [00:12<00:45,  2.06it/s]
train:  23%|██▎       | 28/120 [00:12<00:34,  2.68it/s]
train:  24%|██▍       | 29/120 [00:13<00:43,  2.08it/s]
train:  25%|██▌       | 30/120 [00:13<00:33,  2.72it/s]
train:  26%|██▌       | 31/120 [00:13<00:42,  2.07it/s]
train:  27%|██▋       | 32/120 [00:14<00:32,  2.70it/s]
train:  28%|██▊       | 33/120 [00:14<00:42,  2.04it/s]
train:  28%|██▊       | 34/120 [00:14<00:32,  2.61it/s]
train:  29%|██▉       | 35/120 [00:15<00:42,  1.99it/s]
train:  30%|███       | 36/120 [00:15<00:32,  2.58it/s]
train:  31%|███       | 37/120 [00:16<00:42,  1.97it/s]
train:  32%|███▏      | 38/120 [00:16<00:32,  2.56it/s]
train:  32%|███▎      | 39/120 [00:17<00:39,  2.07it/s]
train:  34%|███▍      | 41/120 [00:18<00:36,  2.18it/s]
train:  35%|███▌      | 42/120 [00:18<00:29,  2.67it/s]
train:  36%|███▌      | 43/120 [00:19<00:36,  2.09it/s]
train:  37%|███▋      | 44/120 [00:19<00:28,  2.67it/s]
train:  38%|███▊      | 45/120 [00:20<00:36,  2.08it/s]
train:  38%|███▊      | 46/120 [00:20<00:27,  2.65it/s]
train:  39%|███▉      | 47/120 [00:20<00:35,  2.06it/s]
train:  40%|████      | 48/120 [00:20<00:27,  2.64it/s]
train:  41%|████      | 49/120 [00:21<00:34,  2.07it/s]
train:  42%|████▏     | 50/120 [00:21<00:26,  2.69it/s]
train:  42%|████▎     | 51/120 [00:22<00:33,  2.05it/s]
train:  43%|████▎     | 52/120 [00:22<00:25,  2.66it/s]
train:  44%|████▍     | 53/120 [00:23<00:33,  2.03it/s]
train:  45%|████▌     | 54/120 [00:23<00:24,  2.65it/s]
train:  46%|████▌     | 55/120 [00:24<00:32,  2.02it/s]
train:  47%|████▋     | 56/120 [00:24<00:24,  2.62it/s]
train:  48%|████▊     | 57/120 [00:25<00:31,  2.01it/s]
train:  48%|████▊     | 58/120 [00:25<00:23,  2.63it/s]
train:  49%|████▉     | 59/120 [00:26<00:29,  2.04it/s]
train:  50%|█████     | 60/120 [00:26<00:22,  2.66it/s]
train:  51%|█████     | 61/120 [00:28<00:50,  1.16it/s]
train:  52%|█████▏    | 62/120 [00:28<00:36,  1.57it/s]
train:  52%|█████▎    | 63/120 [00:29<00:38,  1.49it/s]
train:  53%|█████▎    | 64/120 [00:29<00:28,  1.98it/s]
train:  54%|█████▍    | 65/120 [00:29<00:31,  1.76it/s]
train:  55%|█████▌    | 66/120 [00:30<00:23,  2.33it/s]
train:  56%|█████▌    | 67/120 [00:30<00:28,  1.88it/s]
train:  57%|█████▋    | 68/120 [00:30<00:21,  2.48it/s]
train:  57%|█████▊    | 69/120 [00:31<00:26,  1.93it/s]
train:  58%|█████▊    | 70/120 [00:31<00:19,  2.51it/s]
train:  59%|█████▉    | 71/120 [00:32<00:25,  1.94it/s]
train:  60%|██████    | 72/120 [00:32<00:18,  2.53it/s]
train:  61%|██████    | 73/120 [00:33<00:23,  2.02it/s]
train:  62%|██████▏   | 74/120 [00:33<00:17,  2.62it/s]
train:  62%|██████▎   | 75/120 [00:34<00:22,  2.04it/s]
train:  63%|██████▎   | 76/120 [00:34<00:16,  2.66it/s]
train:  64%|██████▍   | 77/120 [00:35<00:20,  2.11it/s]
train:  65%|██████▌   | 78/120 [00:35<00:15,  2.72it/s]
train:  66%|██████▌   | 79/120 [00:35<00:19,  2.08it/s]
train:  67%|██████▋   | 80/120 [00:36<00:14,  2.71it/s]
train:  68%|██████▊   | 81/120 [00:36<00:18,  2.11it/s]
train:  68%|██████▊   | 82/120 [00:36<00:13,  2.73it/s]
train:  69%|██████▉   | 83/120 [00:37<00:17,  2.11it/s]
train:  70%|███████   | 84/120 [00:37<00:13,  2.69it/s]
train:  71%|███████   | 85/120 [00:38<00:17,  1.98it/s]
train:  72%|███████▏  | 86/120 [00:38<00:13,  2.59it/s]
train:  72%|███████▎  | 87/120 [00:39<00:16,  1.97it/s]
train:  73%|███████▎  | 88/120 [00:39<00:12,  2.56it/s]
train:  74%|███████▍  | 89/120 [00:40<00:15,  1.97it/s]
train:  75%|███████▌  | 90/120 [00:40<00:11,  2.57it/s]
train:  76%|███████▌  | 91/120 [00:41<00:14,  2.02it/s]
train:  78%|███████▊  | 93/120 [00:42<00:12,  2.16it/s]
train:  78%|███████▊  | 94/120 [00:42<00:09,  2.67it/s]
train:  79%|███████▉  | 95/120 [00:42<00:11,  2.17it/s]
train:  80%|████████  | 96/120 [00:42<00:08,  2.73it/s]
train:  81%|████████  | 97/120 [00:43<00:10,  2.20it/s]
train:  82%|████████▏ | 98/120 [00:43<00:07,  2.81it/s]
train:  82%|████████▎ | 99/120 [00:44<00:09,  2.13it/s]
train:  83%|████████▎ | 100/120 [00:44<00:07,  2.75it/s]
train:  84%|████████▍ | 101/120 [00:45<00:08,  2.16it/s]
train:  85%|████████▌ | 102/120 [00:45<00:06,  2.79it/s]
train:  86%|████████▌ | 103/120 [00:46<00:07,  2.14it/s]
train:  87%|████████▋ | 104/120 [00:46<00:05,  2.77it/s]
train:  88%|████████▊ | 105/120 [00:47<00:07,  2.09it/s]
train:  88%|████████▊ | 106/120 [00:47<00:05,  2.71it/s]
train:  89%|████████▉ | 107/120 [00:47<00:06,  2.08it/s]
train:  90%|█████████ | 108/120 [00:48<00:04,  2.69it/s]
train:  91%|█████████ | 109/120 [00:48<00:05,  2.05it/s]
train:  92%|█████████▏| 110/120 [00:48<00:03,  2.65it/s]
train:  92%|█████████▎| 111/120 [00:49<00:04,  2.01it/s]
train:  93%|█████████▎| 112/120 [00:49<00:03,  2.61it/s]
train:  94%|█████████▍| 113/120 [00:50<00:03,  2.01it/s]
train:  95%|█████████▌| 114/120 [00:50<00:02,  2.62it/s]
train:  96%|█████████▌| 115/120 [00:51<00:02,  2.03it/s]
train:  97%|█████████▋| 116/120 [00:51<00:01,  2.63it/s]
train:  98%|█████████▊| 117/120 [00:52<00:01,  2.11it/s]
train:  98%|█████████▊| 118/120 [00:52<00:00,  2.73it/s]
train:  99%|█████████▉| 119/120 [00:53<00:00,  2.15it/s]
train: 100%|██████████| 120/120 [00:53<00:00,  2.77it/s]
                                                        

eval:   0%|          | 0/30 [00:00<?, ?it/s]
eval:   3%|▎         | 1/30 [00:00<00:24,  1.17it/s]
eval:  10%|█         | 3/30 [00:01<00:14,  1.84it/s]
eval:  17%|█▋        | 5/30 [00:02<00:12,  2.02it/s]
eval:  23%|██▎       | 7/30 [00:03<00:10,  2.21it/s]
eval:  30%|███       | 9/30 [00:04<00:09,  2.28it/s]
eval:  37%|███▋      | 11/30 [00:05<00:08,  2.35it/s]
eval:  43%|████▎     | 13/30 [00:05<00:07,  2.38it/s]
eval:  50%|█████     | 15/30 [00:06<00:06,  2.37it/s]
eval:  57%|█████▋    | 17/30 [00:08<00:07,  1.75it/s]
eval:  63%|██████▎   | 19/30 [00:09<00:05,  1.93it/s]
eval:  70%|███████   | 21/30 [00:10<00:04,  2.08it/s]
eval:  77%|███████▋  | 23/30 [00:10<00:03,  2.17it/s]
eval:  83%|████████▎ | 25/30 [00:11<00:02,  2.19it/s]
eval:  90%|█████████ | 27/30 [00:12<00:01,  2.27it/s]
eval:  97%|█████████▋| 29/30 [00:13<00:00,  2.33it/s]
                                                     
Epoch 14 | stage 2 | train loss 0.3959 (cls 0.3959, ctr 0.0000) acc 0.9719 f1 0.9707 | val loss 1.0493 (cls 1.0493, ctr 0.0000) acc 0.7583 f1 0.7397 | lr [1.61e-04, 6.42e-06, 6.42e-06]

train:   0%|          | 0/120 [00:00<?, ?it/s]
train:   1%|          | 1/120 [00:00<01:49,  1.08it/s]
train:   2%|▏         | 2/120 [00:01<00:52,  2.25it/s]
train:   2%|▎         | 3/120 [00:01<01:06,  1.77it/s]
train:   3%|▎         | 4/120 [00:01<00:45,  2.58it/s]
train:   4%|▍         | 5/120 [00:02<00:58,  1.95it/s]
train:   5%|▌         | 6/120 [00:02<00:43,  2.65it/s]
train:   6%|▌         | 7/120 [00:03<00:53,  2.09it/s]
train:   7%|▋         | 8/120 [00:03<00:40,  2.78it/s]
train:   8%|▊         | 9/120 [00:04<00:53,  2.08it/s]
train:   8%|▊         | 10/120 [00:04<00:40,  2.73it/s]
train:   9%|▉         | 11/120 [00:05<00:53,  2.02it/s]
train:  10%|█         | 12/120 [00:05<00:41,  2.63it/s]
train:  11%|█         | 13/120 [00:06<00:52,  2.02it/s]
train:  12%|█▏        | 14/120 [00:06<00:40,  2.64it/s]
train:  12%|█▎        | 15/120 [00:06<00:52,  1.98it/s]
train:  13%|█▎        | 16/120 [00:07<00:40,  2.58it/s]
train:  14%|█▍        | 17/120 [00:07<00:51,  2.00it/s]
train:  15%|█▌        | 18/120 [00:07<00:39,  2.61it/s]
train:  16%|█▌        | 19/120 [00:08<00:48,  2.08it/s]
train:  17%|█▋        | 20/120 [00:08<00:36,  2.71it/s]
train:  18%|█▊        | 21/120 [00:09<00:46,  2.11it/s]
train:  18%|█▊        | 22/120 [00:09<00:35,  2.75it/s]
train:  19%|█▉        | 23/120 [00:10<00:45,  2.11it/s]
train:  20%|██        | 24/120 [00:10<00:34,  2.75it/s]
train:  21%|██        | 25/120 [00:11<00:43,  2.17it/s]
train:  22%|██▏       | 26/120 [00:11<00:33,  2.81it/s]
train:  22%|██▎       | 27/120 [00:11<00:42,  2.19it/s]
train:  23%|██▎       | 28/120 [00:11<00:32,  2.84it/s]
train:  24%|██▍       | 29/120 [00:12<00:42,  2.12it/s]
train:  25%|██▌       | 30/120 [00:12<00:32,  2.75it/s]
train:  26%|██▌       | 31/120 [00:13<00:41,  2.14it/s]
train:  27%|██▋       | 32/120 [00:13<00:31,  2.79it/s]
train:  28%|██▊       | 33/120 [00:14<00:41,  2.09it/s]
train:  28%|██▊       | 34/120 [00:14<00:31,  2.70it/s]
train:  29%|██▉       | 35/120 [00:15<00:41,  2.03it/s]
train:  30%|███       | 36/120 [00:15<00:31,  2.66it/s]
train:  31%|███       | 37/120 [00:16<00:41,  2.01it/s]
train:  32%|███▏      | 38/120 [00:16<00:31,  2.61it/s]
train:  32%|███▎      | 39/120 [00:17<00:39,  2.05it/s]
train:  33%|███▎      | 40/120 [00:17<00:30,  2.65it/s]
train:  34%|███▍      | 41/120 [00:17<00:39,  1.99it/s]
train:  35%|███▌      | 42/120 [00:18<00:30,  2.57it/s]
train:  36%|███▌      | 43/120 [00:18<00:37,  2.04it/s]
train:  37%|███▋      | 44/120 [00:18<00:28,  2.67it/s]
train:  38%|███▊      | 45/120 [00:19<00:36,  2.04it/s]
train:  38%|███▊      | 46/120 [00:19<00:27,  2.65it/s]
train:  39%|███▉      | 47/120 [00:20<00:35,  2.04it/s]
train:  40%|████      | 48/120 [00:20<00:27,  2.64it/s]
train:  41%|████      | 49/120 [00:21<00:34,  2.08it/s]
train:  42%|████▎     | 51/120 [00:22<00:31,  2.16it/s]
train:  43%|████▎     | 52/120 [00:22<00:25,  2.66it/s]
train:  44%|████▍     | 53/120 [00:23<00:31,  2.10it/s]
train:  45%|████▌     | 54/120 [00:23<00:25,  2.63it/s]
train:  46%|████▌     | 55/120 [00:24<00:31,  2.08it/s]
train:  47%|████▋     | 56/120 [00:24<00:23,  2.68it/s]
train:  48%|████▊     | 57/120 [00:24<00:29,  2.11it/s]
train:  48%|████▊     | 58/120 [00:24<00:22,  2.71it/s]
train:  49%|████▉     | 59/120 [00:25<00:29,  2.06it/s]
train:  50%|█████     | 60/120 [00:25<00:22,  2.65it/s]
train:  51%|█████     | 61/120 [00:26<00:29,  2.02it/s]
train:  52%|█████▏    | 62/120 [00:26<00:22,  2.62it/s]
train:  52%|█████▎    | 63/120 [00:28<00:44,  1.27it/s]
train:  53%|█████▎    | 64/120 [00:28<00:32,  1.71it/s]
train:  54%|█████▍    | 65/120 [00:29<00:35,  1.56it/s]
train:  55%|█████▌    | 66/120 [00:29<00:26,  2.07it/s]
train:  56%|█████▌    | 67/120 [00:30<00:29,  1.81it/s]
train:  57%|█████▋    | 68/120 [00:30<00:22,  2.36it/s]
train:  57%|█████▊    | 69/120 [00:30<00:25,  1.97it/s]
train:  58%|█████▊    | 70/120 [00:31<00:19,  2.55it/s]
train:  59%|█████▉    | 71/120 [00:31<00:24,  1.97it/s]
train:  60%|██████    | 72/120 [00:32<00:18,  2.53it/s]
train:  61%|██████    | 73/120 [00:32<00:23,  2.01it/s]
train:  62%|██████▏   | 74/120 [00:32<00:17,  2.63it/s]
train:  62%|██████▎   | 75/120 [00:33<00:22,  1.98it/s]
train:  63%|██████▎   | 76/120 [00:33<00:17,  2.57it/s]
train:  64%|██████▍   | 77/120 [00:34<00:21,  2.04it/s]
train:  66%|██████▌   | 79/120 [00:35<00:19,  2.12it/s]
train:  67%|██████▋   | 80/120 [00:35<00:15,  2.60it/s]
train:  68%|██████▊   | 81/120 [00:36<00:18,  2.08it/s]
train:  68%|██████▊   | 82/120 [00:36<00:14,  2.62it/s]
train:  69%|██████▉   | 83/120 [00:37<00:18,  2.04it/s]
train:  70%|███████   | 84/120 [00:37<00:13,  2.60it/s]
train:  71%|███████   | 85/120 [00:38<00:17,  2.02it/s]
train:  72%|███████▏  | 86/120 [00:38<00:13,  2.61it/s]
train:  72%|███████▎  | 87/120 [00:38<00:15,  2.07it/s]
train:  73%|███████▎  | 88/120 [00:39<00:12,  2.67it/s]
train:  74%|███████▍  | 89/120 [00:39<00:14,  2.12it/s]
train:  75%|███████▌  | 90/120 [00:39<00:10,  2.76it/s]
train:  76%|███████▌  | 91/120 [00:40<00:14,  2.05it/s]
train:  77%|███████▋  | 92/120 [00:40<00:10,  2.66it/s]
train:  78%|███████▊  | 93/120 [00:41<00:13,  2.05it/s]
train:  78%|███████▊  | 94/120 [00:41<00:09,  2.67it/s]
train:  79%|███████▉  | 95/120 [00:42<00:12,  2.04it/s]
train:  80%|████████  | 96/120 [00:42<00:09,  2.63it/s]
train:  81%|████████  | 97/120 [00:43<00:11,  2.04it/s]
train:  82%|████████▏ | 98/120 [00:43<00:08,  2.68it/s]
train:  82%|████████▎ | 99/120 [00:44<00:10,  2.02it/s]
train:  83%|████████▎ | 100/120 [00:44<00:07,  2.63it/s]
train:  84%|████████▍ | 101/120 [00:44<00:09,  2.00it/s]
train:  85%|████████▌ | 102/120 [00:45<00:06,  2.60it/s]
train:  86%|████████▌ | 103/120 [00:45<00:08,  2.05it/s]
train:  87%|████████▋ | 104/120 [00:45<00:06,  2.67it/s]
train:  88%|████████▊ | 105/120 [00:46<00:07,  2.07it/s]
train:  88%|████████▊ | 106/120 [00:46<00:05,  2.69it/s]
train:  89%|████████▉ | 107/120 [00:47<00:06,  2.04it/s]
train:  90%|█████████ | 108/120 [00:47<00:04,  2.65it/s]
train:  91%|█████████ | 109/120 [00:48<00:05,  2.03it/s]
train:  92%|█████████▏| 110/120 [00:48<00:03,  2.64it/s]
train:  92%|█████████▎| 111/120 [00:49<00:04,  2.05it/s]
train:  93%|█████████▎| 112/120 [00:49<00:03,  2.66it/s]
train:  94%|█████████▍| 113/120 [00:50<00:03,  2.05it/s]
train:  95%|█████████▌| 114/120 [00:50<00:02,  2.67it/s]
train:  96%|█████████▌| 115/120 [00:50<00:02,  2.08it/s]
train:  97%|█████████▋| 116/120 [00:51<00:01,  2.71it/s]
train:  98%|█████████▊| 117/120 [00:51<00:01,  2.10it/s]
train:  98%|█████████▊| 118/120 [00:51<00:00,  2.73it/s]
train:  99%|█████████▉| 119/120 [00:52<00:00,  2.11it/s]
train: 100%|██████████| 120/120 [00:52<00:00,  2.72it/s]
                                                        

eval:   0%|          | 0/30 [00:00<?, ?it/s]
eval:   3%|▎         | 1/30 [00:00<00:25,  1.15it/s]
eval:  10%|█         | 3/30 [00:01<00:13,  1.93it/s]
eval:  17%|█▋        | 5/30 [00:02<00:11,  2.09it/s]
eval:  23%|██▎       | 7/30 [00:03<00:10,  2.23it/s]
eval:  30%|███       | 9/30 [00:04<00:09,  2.30it/s]
eval:  37%|███▋      | 11/30 [00:04<00:08,  2.36it/s]
eval:  43%|████▎     | 13/30 [00:05<00:07,  2.38it/s]
eval:  50%|█████     | 15/30 [00:06<00:06,  2.40it/s]
eval:  57%|█████▋    | 17/30 [00:07<00:05,  2.40it/s]
eval:  60%|██████    | 18/30 [00:08<00:05,  2.00it/s]
eval:  63%|██████▎   | 19/30 [00:09<00:05,  1.83it/s]
eval:  70%|███████   | 21/30 [00:09<00:04,  2.04it/s]
eval:  77%|███████▋  | 23/30 [00:10<00:03,  2.15it/s]
eval:  83%|████████▎ | 25/30 [00:11<00:02,  2.19it/s]
eval:  90%|█████████ | 27/30 [00:12<00:01,  2.30it/s]
eval:  97%|█████████▋| 29/30 [00:13<00:00,  2.36it/s]
                                                     
Epoch 15 | stage 2 | train loss 0.4047 (cls 0.4047, ctr 0.0000) acc 0.9625 f1 0.9624 | val loss 1.0355 (cls 1.0355, ctr 0.0000) acc 0.7583 f1 0.7393 | lr [1.52e-04, 6.09e-06, 6.09e-06]

train:   0%|          | 0/120 [00:00<?, ?it/s]
train:   1%|          | 1/120 [00:00<01:57,  1.01it/s]
train:   2%|▏         | 2/120 [00:01<00:55,  2.11it/s]
train:   2%|▎         | 3/120 [00:01<01:06,  1.76it/s]
train:   3%|▎         | 4/120 [00:01<00:45,  2.56it/s]
train:   4%|▍         | 5/120 [00:02<00:58,  1.95it/s]
train:   5%|▌         | 6/120 [00:02<00:42,  2.66it/s]
train:   6%|▌         | 7/120 [00:03<00:56,  1.99it/s]
train:   7%|▋         | 8/120 [00:03<00:42,  2.63it/s]
train:   8%|▊         | 9/120 [00:04<00:54,  2.05it/s]
train:   8%|▊         | 10/120 [00:04<00:40,  2.70it/s]
train:   9%|▉         | 11/120 [00:05<00:53,  2.02it/s]
train:  10%|█         | 12/120 [00:05<00:40,  2.65it/s]
train:  11%|█         | 13/120 [00:06<00:53,  1.99it/s]
train:  12%|█▏        | 14/120 [00:06<00:40,  2.62it/s]
train:  12%|█▎        | 15/120 [00:06<00:52,  2.01it/s]
train:  13%|█▎        | 16/120 [00:07<00:39,  2.62it/s]
train:  14%|█▍        | 17/120 [00:07<00:49,  2.10it/s]
train:  15%|█▌        | 18/120 [00:07<00:37,  2.73it/s]
train:  16%|█▌        | 19/120 [00:08<00:47,  2.11it/s]
train:  17%|█▋        | 20/120 [00:08<00:36,  2.76it/s]
train:  18%|█▊        | 21/120 [00:09<00:46,  2.15it/s]
train:  18%|█▊        | 22/120 [00:09<00:35,  2.78it/s]
train:  19%|█▉        | 23/120 [00:10<00:44,  2.18it/s]
train:  20%|██        | 24/120 [00:10<00:33,  2.83it/s]
train:  21%|██        | 25/120 [00:11<00:44,  2.15it/s]
train:  22%|██▏       | 26/120 [00:11<00:33,  2.77it/s]
train:  22%|██▎       | 27/120 [00:11<00:44,  2.09it/s]
train:  23%|██▎       | 28/120 [00:12<00:33,  2.71it/s]
train:  24%|██▍       | 29/120 [00:12<00:44,  2.06it/s]
train:  25%|██▌       | 30/120 [00:12<00:33,  2.68it/s]
train:  26%|██▌       | 31/120 [00:13<00:43,  2.06it/s]
train:  27%|██▋       | 32/120 [00:13<00:32,  2.69it/s]
train:  28%|██▊       | 33/120 [00:14<00:41,  2.08it/s]
train:  28%|██▊       | 34/120 [00:14<00:32,  2.68it/s]
train:  29%|██▉       | 35/120 [00:15<00:42,  2.02it/s]
train:  30%|███       | 36/120 [00:15<00:32,  2.61it/s]
train:  31%|███       | 37/120 [00:16<00:41,  2.02it/s]
train:  32%|███▏      | 38/120 [00:16<00:31,  2.62it/s]
train:  32%|███▎      | 39/120 [00:17<00:39,  2.05it/s]
train:  33%|███▎      | 40/120 [00:17<00:30,  2.66it/s]
train:  34%|███▍      | 41/120 [00:18<00:38,  2.03it/s]
train:  35%|███▌      | 42/120 [00:18<00:29,  2.65it/s]
train:  36%|███▌      | 43/120 [00:18<00:38,  2.00it/s]
train:  37%|███▋      | 44/120 [00:19<00:29,  2.60it/s]
train:  38%|███▊      | 45/120 [00:19<00:36,  2.05it/s]
train:  38%|███▊      | 46/120 [00:19<00:27,  2.68it/s]
train:  39%|███▉      | 47/120 [00:20<00:35,  2.07it/s]
train:  40%|████      | 48/120 [00:20<00:26,  2.69it/s]
train:  41%|████      | 49/120 [00:21<00:33,  2.11it/s]
train:  42%|████▏     | 50/120 [00:21<00:25,  2.73it/s]
train:  42%|████▎     | 51/120 [00:22<00:33,  2.08it/s]
train:  43%|████▎     | 52/120 [00:22<00:25,  2.69it/s]
train:  44%|████▍     | 53/120 [00:23<00:33,  2.01it/s]
train:  45%|████▌     | 54/120 [00:23<00:25,  2.61it/s]
train:  46%|████▌     | 55/120 [00:24<00:31,  2.05it/s]
train:  47%|████▋     | 56/120 [00:24<00:24,  2.66it/s]
train:  48%|████▊     | 57/120 [00:24<00:30,  2.06it/s]
train:  48%|████▊     | 58/120 [00:25<00:23,  2.67it/s]
train:  49%|████▉     | 59/120 [00:25<00:29,  2.04it/s]
train:  50%|█████     | 60/120 [00:25<00:22,  2.65it/s]
train:  51%|█████     | 61/120 [00:26<00:28,  2.04it/s]
train:  52%|█████▏    | 62/120 [00:26<00:21,  2.67it/s]
train:  52%|█████▎    | 63/120 [00:28<00:44,  1.27it/s]
train:  53%|█████▎    | 64/120 [00:28<00:32,  1.71it/s]
train:  54%|█████▍    | 65/120 [00:29<00:35,  1.55it/s]
train:  55%|█████▌    | 66/120 [00:29<00:26,  2.07it/s]
train:  56%|█████▌    | 67/120 [00:30<00:29,  1.78it/s]
train:  57%|█████▋    | 68/120 [00:30<00:22,  2.35it/s]
train:  57%|█████▊    | 69/120 [00:31<00:26,  1.89it/s]
train:  58%|█████▊    | 70/120 [00:31<00:20,  2.49it/s]
train:  59%|█████▉    | 71/120 [00:32<00:25,  1.93it/s]
train:  60%|██████    | 72/120 [00:32<00:18,  2.53it/s]
train:  61%|██████    | 73/120 [00:32<00:24,  1.95it/s]
train:  62%|██████▏   | 74/120 [00:33<00:18,  2.55it/s]
train:  62%|██████▎   | 75/120 [00:33<00:22,  2.04it/s]
train:  63%|██████▎   | 76/120 [00:33<00:16,  2.67it/s]
train:  64%|██████▍   | 77/120 [00:34<00:20,  2.13it/s]
train:  65%|██████▌   | 78/120 [00:34<00:15,  2.78it/s]
train:  66%|██████▌   | 79/120 [00:35<00:18,  2.17it/s]
train:  67%|██████▋   | 80/120 [00:35<00:14,  2.79it/s]
train:  68%|██████▊   | 81/120 [00:36<00:18,  2.14it/s]
train:  68%|██████▊   | 82/120 [00:36<00:13,  2.77it/s]
train:  69%|██████▉   | 83/120 [00:37<00:17,  2.06it/s]
train:  70%|███████   | 84/120 [00:37<00:13,  2.69it/s]
train:  71%|███████   | 85/120 [00:37<00:16,  2.08it/s]
train:  72%|███████▏  | 86/120 [00:38<00:12,  2.70it/s]
train:  72%|███████▎  | 87/120 [00:38<00:16,  2.05it/s]
train:  73%|███████▎  | 88/120 [00:38<00:12,  2.65it/s]
train:  74%|███████▍  | 89/120 [00:39<00:14,  2.13it/s]
train:  75%|███████▌  | 90/120 [00:39<00:10,  2.79it/s]
train:  76%|███████▌  | 91/120 [00:40<00:13,  2.15it/s]
train:  77%|███████▋  | 92/120 [00:40<00:10,  2.80it/s]
train:  78%|███████▊  | 93/120 [00:41<00:13,  2.02it/s]
train:  78%|███████▊  | 94/120 [00:41<00:09,  2.63it/s]
train:  79%|███████▉  | 95/120 [00:42<00:11,  2.09it/s]
train:  80%|████████  | 96/120 [00:42<00:08,  2.73it/s]
train:  81%|████████  | 97/120 [00:43<00:11,  2.08it/s]
train:  82%|████████▏ | 98/120 [00:43<00:08,  2.69it/s]
train:  82%|████████▎ | 99/120 [00:43<00:10,  2.08it/s]
train:  83%|████████▎ | 100/120 [00:43<00:07,  2.72it/s]
train:  84%|████████▍ | 101/120 [00:44<00:09,  2.07it/s]
train:  85%|████████▌ | 102/120 [00:44<00:06,  2.68it/s]
train:  86%|████████▌ | 103/120 [00:45<00:07,  2.17it/s]
train:  87%|████████▋ | 104/120 [00:45<00:05,  2.80it/s]
train:  88%|████████▊ | 105/120 [00:46<00:07,  2.10it/s]
train:  88%|████████▊ | 106/120 [00:46<00:05,  2.74it/s]
train:  89%|████████▉ | 107/120 [00:47<00:06,  2.04it/s]
train:  90%|█████████ | 108/120 [00:47<00:04,  2.63it/s]
train:  91%|█████████ | 109/120 [00:48<00:05,  2.00it/s]
train:  92%|█████████▏| 110/120 [00:48<00:03,  2.59it/s]
train:  92%|█████████▎| 111/120 [00:49<00:04,  2.05it/s]
train:  93%|█████████▎| 112/120 [00:49<00:03,  2.66it/s]
train:  94%|█████████▍| 113/120 [00:49<00:03,  2.07it/s]
train:  95%|█████████▌| 114/120 [00:49<00:02,  2.71it/s]
train:  96%|█████████▌| 115/120 [00:50<00:02,  2.07it/s]
train:  97%|█████████▋| 116/120 [00:50<00:01,  2.69it/s]
train:  98%|█████████▊| 117/120 [00:51<00:01,  2.03it/s]
train:  98%|█████████▊| 118/120 [00:51<00:00,  2.65it/s]
train:  99%|█████████▉| 119/120 [00:52<00:00,  2.11it/s]
train: 100%|██████████| 120/120 [00:52<00:00,  2.75it/s]
                                                        

eval:   0%|          | 0/30 [00:00<?, ?it/s]
eval:   3%|▎         | 1/30 [00:00<00:25,  1.14it/s]
eval:  10%|█         | 3/30 [00:01<00:14,  1.87it/s]
eval:  17%|█▋        | 5/30 [00:02<00:12,  2.06it/s]
eval:  23%|██▎       | 7/30 [00:03<00:10,  2.23it/s]
eval:  30%|███       | 9/30 [00:04<00:09,  2.29it/s]
eval:  37%|███▋      | 11/30 [00:05<00:08,  2.37it/s]
eval:  43%|████▎     | 13/30 [00:05<00:07,  2.39it/s]
eval:  50%|█████     | 15/30 [00:06<00:06,  2.40it/s]
eval:  57%|█████▋    | 17/30 [00:07<00:05,  2.41it/s]
eval:  63%|██████▎   | 19/30 [00:09<00:06,  1.80it/s]
eval:  70%|███████   | 21/30 [00:09<00:04,  1.98it/s]
eval:  77%|███████▋  | 23/30 [00:10<00:03,  2.10it/s]
eval:  83%|████████▎ | 25/30 [00:11<00:02,  2.14it/s]
eval:  90%|█████████ | 27/30 [00:12<00:01,  2.24it/s]
eval:  97%|█████████▋| 29/30 [00:13<00:00,  2.34it/s]
                                                     
Epoch 16 | stage 2 | train loss 0.3917 (cls 0.3917, ctr 0.0000) acc 0.9604 f1 0.9589 | val loss 1.1167 (cls 1.1167, ctr 0.0000) acc 0.7625 f1 0.7533 | lr [1.43e-04, 5.73e-06, 5.73e-06]

train:   0%|          | 0/120 [00:00<?, ?it/s]
train:   1%|          | 1/120 [00:00<01:53,  1.05it/s]
train:   2%|▏         | 2/120 [00:01<00:54,  2.18it/s]
train:   2%|▎         | 3/120 [00:01<01:07,  1.74it/s]
train:   3%|▎         | 4/120 [00:01<00:45,  2.55it/s]
train:   4%|▍         | 5/120 [00:02<00:59,  1.94it/s]
train:   5%|▌         | 6/120 [00:02<00:43,  2.63it/s]
train:   6%|▌         | 7/120 [00:03<00:56,  2.01it/s]
train:   7%|▋         | 8/120 [00:03<00:41,  2.67it/s]
train:   8%|▊         | 9/120 [00:04<00:54,  2.02it/s]
train:   8%|▊         | 10/120 [00:04<00:41,  2.64it/s]
train:   9%|▉         | 11/120 [00:05<00:51,  2.11it/s]
train:  10%|█         | 12/120 [00:05<00:39,  2.75it/s]
train:  11%|█         | 13/120 [00:05<00:50,  2.12it/s]
train:  12%|█▏        | 14/120 [00:06<00:38,  2.77it/s]
train:  12%|█▎        | 15/120 [00:06<00:48,  2.15it/s]
train:  14%|█▍        | 17/120 [00:07<00:48,  2.15it/s]
train:  15%|█▌        | 18/120 [00:07<00:38,  2.64it/s]
train:  16%|█▌        | 19/120 [00:08<00:48,  2.09it/s]
train:  17%|█▋        | 20/120 [00:08<00:38,  2.63it/s]
train:  18%|█▊        | 21/120 [00:09<00:46,  2.11it/s]
train:  18%|█▊        | 22/120 [00:09<00:36,  2.68it/s]
train:  19%|█▉        | 23/120 [00:10<00:45,  2.11it/s]
train:  20%|██        | 24/120 [00:10<00:35,  2.72it/s]
train:  21%|██        | 25/120 [00:11<00:45,  2.11it/s]
train:  22%|██▏       | 26/120 [00:11<00:34,  2.72it/s]
train:  22%|██▎       | 27/120 [00:12<00:45,  2.04it/s]
train:  23%|██▎       | 28/120 [00:12<00:35,  2.63it/s]
train:  24%|██▍       | 29/120 [00:12<00:43,  2.10it/s]
train:  25%|██▌       | 30/120 [00:12<00:32,  2.74it/s]
train:  26%|██▌       | 31/120 [00:13<00:42,  2.09it/s]
train:  27%|██▋       | 32/120 [00:13<00:32,  2.69it/s]
train:  28%|██▊       | 33/120 [00:14<00:41,  2.10it/s]
train:  28%|██▊       | 34/120 [00:14<00:31,  2.72it/s]
train:  29%|██▉       | 35/120 [00:15<00:41,  2.05it/s]
train:  30%|███       | 36/120 [00:15<00:31,  2.66it/s]
train:  31%|███       | 37/120 [00:16<00:40,  2.07it/s]
train:  32%|███▏      | 38/120 [00:16<00:30,  2.70it/s]
train:  32%|███▎      | 39/120 [00:17<00:39,  2.07it/s]
train:  33%|███▎      | 40/120 [00:17<00:29,  2.68it/s]
train:  34%|███▍      | 41/120 [00:17<00:38,  2.05it/s]
train:  35%|███▌      | 42/120 [00:18<00:29,  2.66it/s]
train:  36%|███▌      | 43/120 [00:18<00:38,  2.02it/s]
train:  37%|███▋      | 44/120 [00:19<00:28,  2.63it/s]
train:  38%|███▊      | 45/120 [00:19<00:37,  2.02it/s]
train:  38%|███▊      | 46/120 [00:19<00:27,  2.65it/s]
train:  39%|███▉      | 47/120 [00:20<00:35,  2.07it/s]
train:  40%|████      | 48/120 [00:20<00:26,  2.69it/s]
train:  41%|████      | 49/120 [00:21<00:35,  2.01it/s]
train:  42%|████▏     | 50/120 [00:21<00:26,  2.61it/s]
train:  42%|████▎     | 51/120 [00:22<00:34,  2.00it/s]
train:  43%|████▎     | 52/120 [00:22<00:26,  2.59it/s]
train:  44%|████▍     | 53/120 [00:23<00:33,  2.02it/s]
train:  45%|████▌     | 54/120 [00:23<00:25,  2.63it/s]
train:  46%|████▌     | 55/120 [00:24<00:32,  1.98it/s]
train:  47%|████▋     | 56/120 [00:24<00:24,  2.58it/s]
train:  48%|████▊     | 57/120 [00:25<00:31,  2.00it/s]
train:  48%|████▊     | 58/120 [00:25<00:23,  2.61it/s]
train:  49%|████▉     | 59/120 [00:25<00:30,  2.01it/s]
train:  50%|█████     | 60/120 [00:26<00:22,  2.62it/s]
train:  51%|█████     | 61/120 [00:26<00:30,  1.93it/s]
train:  52%|█████▏    | 62/120 [00:26<00:22,  2.53it/s]
train:  52%|█████▎    | 63/120 [00:27<00:28,  1.97it/s]
train:  53%|█████▎    | 64/120 [00:27<00:21,  2.58it/s]
train:  54%|█████▍    | 65/120 [00:28<00:27,  2.01it/s]
train:  55%|█████▌    | 66/120 [00:28<00:20,  2.61it/s]
train:  56%|█████▌    | 67/120 [00:29<00:26,  2.02it/s]
train:  57%|█████▋    | 68/120 [00:29<00:19,  2.63it/s]
train:  57%|█████▊    | 69/120 [00:30<00:24,  2.06it/s]
train:  58%|█████▊    | 70/120 [00:30<00:18,  2.68it/s]
train:  59%|█████▉    | 71/120 [00:31<00:23,  2.11it/s]
train:  60%|██████    | 72/120 [00:31<00:17,  2.73it/s]
train:  61%|██████    | 73/120 [00:31<00:22,  2.11it/s]
train:  62%|██████▏   | 74/120 [00:32<00:16,  2.73it/s]
train:  62%|██████▎   | 75/120 [00:32<00:22,  2.03it/s]
train:  63%|██████▎   | 76/120 [00:32<00:16,  2.63it/s]
train:  64%|██████▍   | 77/120 [00:33<00:21,  2.05it/s]
train:  65%|██████▌   | 78/120 [00:33<00:15,  2.67it/s]
train:  66%|██████▌   | 79/120 [00:34<00:20,  2.01it/s]
train:  67%|██████▋   | 80/120 [00:34<00:15,  2.61it/s]
train:  68%|██████▊   | 81/120 [00:35<00:18,  2.10it/s]
train:  68%|██████▊   | 82/120 [00:35<00:13,  2.73it/s]
train:  69%|██████▉   | 83/120 [00:36<00:17,  2.07it/s]
train:  70%|███████   | 84/120 [00:36<00:13,  2.66it/s]
train:  71%|███████   | 85/120 [00:37<00:16,  2.07it/s]
train:  72%|███████▏  | 86/120 [00:37<00:12,  2.67it/s]
train:  72%|███████▎  | 87/120 [00:38<00:16,  2.01it/s]
train:  73%|███████▎  | 88/120 [00:38<00:12,  2.62it/s]
train:  74%|███████▍  | 89/120 [00:38<00:15,  1.98it/s]
train:  75%|███████▌  | 90/120 [00:39<00:11,  2.58it/s]
train:  76%|███████▌  | 91/120 [00:39<00:14,  2.00it/s]
train:  77%|███████▋  | 92/120 [00:39<00:10,  2.59it/s]
train:  78%|███████▊  | 93/120 [00:40<00:13,  2.06it/s]
train:  78%|███████▊  | 94/120 [00:40<00:09,  2.66it/s]
train:  79%|███████▉  | 95/120 [00:41<00:12,  2.02it/s]
train:  80%|████████  | 96/120 [00:41<00:09,  2.62it/s]
train:  81%|████████  | 97/120 [00:42<00:11,  2.02it/s]
train:  82%|████████▏ | 98/120 [00:42<00:08,  2.65it/s]
train:  82%|████████▎ | 99/120 [00:44<00:17,  1.19it/s]
train:  83%|████████▎ | 100/120 [00:44<00:12,  1.61it/s]
train:  84%|████████▍ | 101/120 [00:45<00:12,  1.53it/s]
train:  85%|████████▌ | 102/120 [00:45<00:08,  2.03it/s]
train:  86%|████████▌ | 103/120 [00:46<00:09,  1.75it/s]
train:  87%|████████▋ | 104/120 [00:46<00:06,  2.29it/s]
train:  88%|████████▊ | 105/120 [00:47<00:07,  1.89it/s]
train:  88%|████████▊ | 106/120 [00:47<00:05,  2.46it/s]
train:  89%|████████▉ | 107/120 [00:47<00:06,  1.97it/s]
train:  90%|█████████ | 108/120 [00:48<00:04,  2.57it/s]
train:  91%|█████████ | 109/120 [00:48<00:05,  2.00it/s]
train:  92%|█████████▏| 110/120 [00:48<00:03,  2.60it/s]
train:  92%|█████████▎| 111/120 [00:49<00:04,  2.07it/s]
train:  93%|█████████▎| 112/120 [00:49<00:02,  2.70it/s]
train:  94%|█████████▍| 113/120 [00:50<00:03,  2.07it/s]
train:  95%|█████████▌| 114/120 [00:50<00:02,  2.68it/s]
train:  96%|█████████▌| 115/120 [00:51<00:02,  2.10it/s]
train:  97%|█████████▋| 116/120 [00:51<00:01,  2.64it/s]
train:  98%|█████████▊| 117/120 [00:52<00:01,  2.10it/s]
train:  98%|█████████▊| 118/120 [00:52<00:00,  2.72it/s]
train:  99%|█████████▉| 119/120 [00:53<00:00,  2.08it/s]
train: 100%|██████████| 120/120 [00:53<00:00,  2.73it/s]
                                                        

eval:   0%|          | 0/30 [00:00<?, ?it/s]
eval:   3%|▎         | 1/30 [00:00<00:24,  1.16it/s]
eval:  10%|█         | 3/30 [00:01<00:14,  1.83it/s]
eval:  17%|█▋        | 5/30 [00:02<00:12,  2.00it/s]
eval:  23%|██▎       | 7/30 [00:03<00:10,  2.20it/s]
eval:  30%|███       | 9/30 [00:04<00:09,  2.28it/s]
eval:  37%|███▋      | 11/30 [00:05<00:08,  2.37it/s]
eval:  43%|████▎     | 13/30 [00:05<00:07,  2.38it/s]
eval:  50%|█████     | 15/30 [00:06<00:06,  2.40it/s]
eval:  57%|█████▋    | 17/30 [00:07<00:05,  2.42it/s]
eval:  63%|██████▎   | 19/30 [00:08<00:04,  2.47it/s]
eval:  70%|███████   | 21/30 [00:09<00:03,  2.49it/s]
eval:  77%|███████▋  | 23/30 [00:09<00:02,  2.46it/s]
eval:  83%|████████▎ | 25/30 [00:10<00:02,  2.39it/s]
eval:  90%|█████████ | 27/30 [00:11<00:01,  2.42it/s]
eval:  97%|█████████▋| 29/30 [00:12<00:00,  2.46it/s]
                                                     
Epoch 17 | stage 2 | train loss 0.3793 (cls 0.3793, ctr 0.0000) acc 0.9760 f1 0.9756 | val loss 1.0313 (cls 1.0313, ctr 0.0000) acc 0.7458 f1 0.7391 | lr [1.34e-04, 5.36e-06, 5.36e-06]

train:   0%|          | 0/120 [00:00<?, ?it/s]
train:   1%|          | 1/120 [00:00<01:54,  1.04it/s]
train:   2%|▏         | 2/120 [00:01<00:54,  2.18it/s]
train:   2%|▎         | 3/120 [00:01<01:10,  1.66it/s]
train:   3%|▎         | 4/120 [00:01<00:47,  2.42it/s]
train:   4%|▍         | 5/120 [00:02<01:01,  1.88it/s]
train:   5%|▌         | 6/120 [00:02<00:44,  2.59it/s]
train:   6%|▌         | 7/120 [00:03<00:58,  1.92it/s]
train:   7%|▋         | 8/120 [00:03<00:44,  2.54it/s]
train:   8%|▊         | 9/120 [00:04<00:57,  1.91it/s]
train:   8%|▊         | 10/120 [00:04<00:43,  2.54it/s]
train:   9%|▉         | 11/120 [00:05<00:54,  2.01it/s]
train:  10%|█         | 12/120 [00:05<00:41,  2.63it/s]
train:  11%|█         | 13/120 [00:06<00:52,  2.03it/s]
train:  12%|█▏        | 14/120 [00:06<00:40,  2.64it/s]
train:  12%|█▎        | 15/120 [00:07<00:51,  2.05it/s]
train:  13%|█▎        | 16/120 [00:07<00:39,  2.65it/s]
train:  14%|█▍        | 17/120 [00:07<00:51,  2.00it/s]
train:  15%|█▌        | 18/120 [00:08<00:38,  2.63it/s]
train:  16%|█▌        | 19/120 [00:08<00:48,  2.06it/s]
train:  17%|█▋        | 20/120 [00:08<00:37,  2.69it/s]
train:  18%|█▊        | 21/120 [00:09<00:48,  2.05it/s]
train:  18%|█▊        | 22/120 [00:09<00:36,  2.68it/s]
train:  19%|█▉        | 23/120 [00:11<01:13,  1.33it/s]
train:  20%|██        | 24/120 [00:11<00:53,  1.78it/s]
train:  21%|██        | 25/120 [00:12<00:59,  1.59it/s]
train:  22%|██▏       | 26/120 [00:12<00:44,  2.12it/s]
train:  22%|██▎       | 27/120 [00:13<00:51,  1.79it/s]
train:  23%|██▎       | 28/120 [00:13<00:38,  2.36it/s]
train:  24%|██▍       | 29/120 [00:14<00:48,  1.88it/s]
train:  25%|██▌       | 30/120 [00:14<00:36,  2.46it/s]
train:  26%|██▌       | 31/120 [00:15<00:46,  1.91it/s]
train:  27%|██▋       | 32/120 [00:15<00:35,  2.48it/s]
train:  28%|██▊       | 33/120 [00:15<00:45,  1.91it/s]
train:  28%|██▊       | 34/120 [00:16<00:34,  2.48it/s]
train:  29%|██▉       | 35/120 [00:16<00:41,  2.04it/s]
train:  30%|███       | 36/120 [00:16<00:31,  2.66it/s]
train:  31%|███       | 37/120 [00:17<00:39,  2.09it/s]
train:  32%|███▏      | 38/120 [00:17<00:30,  2.71it/s]
train:  32%|███▎      | 39/120 [00:18<00:38,  2.11it/s]
train:  33%|███▎      | 40/120 [00:18<00:29,  2.74it/s]
train:  34%|███▍      | 41/120 [00:19<00:37,  2.12it/s]
train:  35%|███▌      | 42/120 [00:19<00:28,  2.76it/s]
train:  36%|███▌      | 43/120 [00:20<00:36,  2.13it/s]
train:  37%|███▋      | 44/120 [00:20<00:27,  2.76it/s]
train:  38%|███▊      | 45/120 [00:20<00:34,  2.16it/s]
train:  38%|███▊      | 46/120 [00:21<00:26,  2.78it/s]
train:  39%|███▉      | 47/120 [00:21<00:34,  2.12it/s]
train:  40%|████      | 48/120 [00:21<00:26,  2.74it/s]
train:  41%|████      | 49/120 [00:22<00:34,  2.08it/s]
train:  42%|████▏     | 50/120 [00:22<00:25,  2.71it/s]
train:  42%|████▎     | 51/120 [00:23<00:33,  2.07it/s]
train:  43%|████▎     | 52/120 [00:23<00:25,  2.69it/s]
train:  44%|████▍     | 53/120 [00:24<00:32,  2.05it/s]
train:  45%|████▌     | 54/120 [00:24<00:24,  2.69it/s]
train:  46%|████▌     | 55/120 [00:25<00:31,  2.08it/s]
train:  47%|████▋     | 56/120 [00:25<00:23,  2.69it/s]
train:  48%|████▊     | 57/120 [00:25<00:29,  2.13it/s]
train:  48%|████▊     | 58/120 [00:26<00:22,  2.77it/s]
train:  49%|████▉     | 59/120 [00:26<00:29,  2.08it/s]
train:  50%|█████     | 60/120 [00:26<00:22,  2.68it/s]
train:  51%|█████     | 61/120 [00:27<00:28,  2.04it/s]
train:  52%|█████▏    | 62/120 [00:27<00:21,  2.67it/s]
train:  52%|█████▎    | 63/120 [00:28<00:28,  2.02it/s]
train:  53%|█████▎    | 64/120 [00:28<00:21,  2.61it/s]
train:  54%|█████▍    | 65/120 [00:29<00:26,  2.06it/s]
train:  55%|█████▌    | 66/120 [00:29<00:20,  2.68it/s]
train:  56%|█████▌    | 67/120 [00:30<00:25,  2.06it/s]
train:  57%|█████▋    | 68/120 [00:30<00:19,  2.69it/s]
train:  57%|█████▊    | 69/120 [00:31<00:25,  2.00it/s]
train:  58%|█████▊    | 70/120 [00:31<00:19,  2.60it/s]
train:  59%|█████▉    | 71/120 [00:32<00:24,  1.98it/s]
train:  60%|██████    | 72/120 [00:32<00:18,  2.56it/s]
train:  61%|██████    | 73/120 [00:33<00:23,  2.00it/s]
train:  62%|██████▏   | 74/120 [00:33<00:17,  2.62it/s]
train:  62%|██████▎   | 75/120 [00:33<00:21,  2.08it/s]
train:  63%|██████▎   | 76/120 [00:33<00:16,  2.70it/s]
train:  64%|██████▍   | 77/120 [00:34<00:20,  2.07it/s]
train:  65%|██████▌   | 78/120 [00:34<00:15,  2.69it/s]
train:  66%|██████▌   | 79/120 [00:35<00:20,  2.04it/s]
train:  67%|██████▋   | 80/120 [00:35<00:15,  2.66it/s]
train:  68%|██████▊   | 81/120 [00:36<00:19,  2.00it/s]
train:  68%|██████▊   | 82/120 [00:36<00:14,  2.61it/s]
train:  69%|██████▉   | 83/120 [00:37<00:18,  2.01it/s]
train:  70%|███████   | 84/120 [00:37<00:13,  2.63it/s]
train:  71%|███████   | 85/120 [00:38<00:17,  1.99it/s]
train:  72%|███████▏  | 86/120 [00:38<00:13,  2.61it/s]
train:  72%|███████▎  | 87/120 [00:39<00:16,  2.04it/s]
train:  73%|███████▎  | 88/120 [00:39<00:12,  2.65it/s]
train:  74%|███████▍  | 89/120 [00:39<00:15,  1.98it/s]
train:  75%|███████▌  | 90/120 [00:40<00:11,  2.58it/s]
train:  76%|███████▌  | 91/120 [00:40<00:14,  2.04it/s]
train:  77%|███████▋  | 92/120 [00:40<00:10,  2.66it/s]
train:  78%|███████▊  | 93/120 [00:41<00:13,  2.07it/s]
train:  78%|███████▊  | 94/120 [00:41<00:09,  2.71it/s]
train:  79%|███████▉  | 95/120 [00:42<00:11,  2.13it/s]
train:  80%|████████  | 96/120 [00:42<00:08,  2.77it/s]
train:  81%|████████  | 97/120 [00:43<00:10,  2.12it/s]
train:  82%|████████▏ | 98/120 [00:43<00:07,  2.76it/s]
train:  82%|████████▎ | 99/120 [00:44<00:10,  2.07it/s]
train:  83%|████████▎ | 100/120 [00:44<00:07,  2.66it/s]
train:  84%|████████▍ | 101/120 [00:45<00:09,  2.10it/s]
train:  85%|████████▌ | 102/120 [00:45<00:06,  2.72it/s]
train:  86%|████████▌ | 103/120 [00:45<00:08,  2.08it/s]
train:  87%|████████▋ | 104/120 [00:46<00:05,  2.68it/s]
train:  88%|████████▊ | 105/120 [00:46<00:07,  2.09it/s]
train:  88%|████████▊ | 106/120 [00:46<00:05,  2.71it/s]
train:  89%|████████▉ | 107/120 [00:47<00:06,  2.09it/s]
train:  90%|█████████ | 108/120 [00:47<00:04,  2.69it/s]
train:  91%|█████████ | 109/120 [00:48<00:05,  2.04it/s]
train:  92%|█████████▏| 110/120 [00:48<00:03,  2.64it/s]
train:  92%|█████████▎| 111/120 [00:49<00:04,  2.03it/s]
train:  93%|█████████▎| 112/120 [00:49<00:03,  2.64it/s]
train:  94%|█████████▍| 113/120 [00:50<00:03,  2.07it/s]
train:  95%|█████████▌| 114/120 [00:50<00:02,  2.67it/s]
train:  96%|█████████▌| 115/120 [00:51<00:02,  2.08it/s]
train:  97%|█████████▋| 116/120 [00:51<00:01,  2.69it/s]
train:  98%|█████████▊| 117/120 [00:51<00:01,  2.04it/s]
train:  98%|█████████▊| 118/120 [00:52<00:00,  2.66it/s]
train:  99%|█████████▉| 119/120 [00:52<00:00,  2.12it/s]
train: 100%|██████████| 120/120 [00:52<00:00,  2.74it/s]
                                                        

eval:   0%|          | 0/30 [00:00<?, ?it/s]
eval:   3%|▎         | 1/30 [00:00<00:26,  1.11it/s]
eval:  10%|█         | 3/30 [00:01<00:14,  1.85it/s]
eval:  17%|█▋        | 5/30 [00:02<00:12,  2.04it/s]
eval:  23%|██▎       | 7/30 [00:03<00:10,  2.20it/s]
eval:  30%|███       | 9/30 [00:04<00:09,  2.29it/s]
eval:  37%|███▋      | 11/30 [00:05<00:08,  2.35it/s]
eval:  43%|████▎     | 13/30 [00:05<00:07,  2.37it/s]
eval:  50%|█████     | 15/30 [00:07<00:09,  1.61it/s]
eval:  57%|█████▋    | 17/30 [00:08<00:07,  1.80it/s]
eval:  63%|██████▎   | 19/30 [00:09<00:05,  1.99it/s]
eval:  70%|███████   | 21/30 [00:10<00:04,  2.13it/s]
eval:  77%|███████▋  | 23/30 [00:11<00:03,  2.20it/s]
eval:  83%|████████▎ | 25/30 [00:12<00:02,  2.22it/s]
eval:  90%|█████████ | 27/30 [00:12<00:01,  2.30it/s]
eval:  97%|█████████▋| 29/30 [00:13<00:00,  2.38it/s]
                                                     
Epoch 18 | stage 2 | train loss 0.3804 (cls 0.3804, ctr 0.0000) acc 0.9729 f1 0.9737 | val loss 0.9832 (cls 0.9832, ctr 0.0000) acc 0.7750 f1 0.7630 | lr [1.25e-04, 4.98e-06, 4.98e-06]

train:   0%|          | 0/120 [00:00<?, ?it/s]
train:   1%|          | 1/120 [00:00<01:58,  1.01it/s]
train:   2%|▏         | 2/120 [00:01<00:55,  2.12it/s]
train:   2%|▎         | 3/120 [00:01<01:13,  1.59it/s]
train:   3%|▎         | 4/120 [00:02<00:49,  2.33it/s]
train:   4%|▍         | 5/120 [00:02<01:02,  1.85it/s]
train:   5%|▌         | 6/120 [00:02<00:44,  2.53it/s]
train:   6%|▌         | 7/120 [00:03<00:55,  2.03it/s]
train:   7%|▋         | 8/120 [00:03<00:41,  2.69it/s]
train:   8%|▊         | 9/120 [00:04<00:53,  2.09it/s]
train:   8%|▊         | 10/120 [00:04<00:39,  2.77it/s]
train:   9%|▉         | 11/120 [00:05<00:53,  2.05it/s]
train:  10%|█         | 12/120 [00:05<00:40,  2.67it/s]
train:  11%|█         | 13/120 [00:06<00:52,  2.03it/s]
train:  12%|█▏        | 14/120 [00:06<00:40,  2.62it/s]
train:  12%|█▎        | 15/120 [00:07<00:51,  2.04it/s]
train:  13%|█▎        | 16/120 [00:07<00:39,  2.66it/s]
train:  14%|█▍        | 17/120 [00:07<00:50,  2.06it/s]
train:  15%|█▌        | 18/120 [00:08<00:38,  2.66it/s]
train:  16%|█▌        | 19/120 [00:08<00:47,  2.13it/s]
train:  17%|█▋        | 20/120 [00:08<00:36,  2.77it/s]
train:  18%|█▊        | 21/120 [00:09<00:50,  1.94it/s]
train:  18%|█▊        | 22/120 [00:09<00:38,  2.56it/s]
train:  19%|█▉        | 23/120 [00:10<00:49,  1.96it/s]
train:  20%|██        | 24/120 [00:10<00:37,  2.55it/s]
train:  21%|██        | 25/120 [00:11<00:46,  2.04it/s]
train:  22%|██▏       | 26/120 [00:11<00:35,  2.65it/s]
train:  22%|██▎       | 27/120 [00:12<00:46,  2.02it/s]
train:  23%|██▎       | 28/120 [00:12<00:35,  2.62it/s]
train:  24%|██▍       | 29/120 [00:13<00:44,  2.03it/s]
train:  25%|██▌       | 30/120 [00:13<00:34,  2.64it/s]
train:  26%|██▌       | 31/120 [00:14<00:43,  2.03it/s]
train:  27%|██▋       | 32/120 [00:14<00:33,  2.64it/s]
train:  28%|██▊       | 33/120 [00:14<00:43,  1.98it/s]
train:  28%|██▊       | 34/120 [00:15<00:33,  2.57it/s]
train:  29%|██▉       | 35/120 [00:15<00:40,  2.10it/s]
train:  30%|███       | 36/120 [00:15<00:30,  2.73it/s]
train:  31%|███       | 37/120 [00:16<00:39,  2.11it/s]
train:  32%|███▏      | 38/120 [00:16<00:29,  2.74it/s]
train:  32%|███▎      | 39/120 [00:17<00:37,  2.14it/s]
train:  33%|███▎      | 40/120 [00:17<00:28,  2.78it/s]
train:  34%|███▍      | 41/120 [00:18<00:38,  2.07it/s]
train:  35%|███▌      | 42/120 [00:18<00:29,  2.67it/s]
train:  36%|███▌      | 43/120 [00:19<00:37,  2.03it/s]
train:  37%|███▋      | 44/120 [00:19<00:28,  2.62it/s]
train:  38%|███▊      | 45/120 [00:20<00:37,  2.01it/s]
train:  38%|███▊      | 46/120 [00:20<00:28,  2.63it/s]
train:  39%|███▉      | 47/120 [00:20<00:36,  2.00it/s]
train:  40%|████      | 48/120 [00:21<00:27,  2.58it/s]
train:  41%|████      | 49/120 [00:21<00:35,  1.98it/s]
train:  42%|████▏     | 50/120 [00:21<00:27,  2.57it/s]
train:  42%|████▎     | 51/120 [00:22<00:33,  2.04it/s]
train:  43%|████▎     | 52/120 [00:22<00:25,  2.66it/s]
train:  44%|████▍     | 53/120 [00:23<00:32,  2.09it/s]
train:  45%|████▌     | 54/120 [00:23<00:24,  2.71it/s]
train:  46%|████▌     | 55/120 [00:24<00:30,  2.13it/s]
train:  47%|████▋     | 56/120 [00:24<00:23,  2.75it/s]
train:  48%|████▊     | 57/120 [00:25<00:30,  2.05it/s]
train:  48%|████▊     | 58/120 [00:25<00:23,  2.64it/s]
train:  49%|████▉     | 59/120 [00:27<00:47,  1.30it/s]
train:  50%|█████     | 60/120 [00:27<00:34,  1.75it/s]
train:  51%|█████     | 61/120 [00:27<00:35,  1.64it/s]
train:  52%|█████▏    | 62/120 [00:27<00:26,  2.17it/s]
train:  52%|█████▎    | 63/120 [00:28<00:31,  1.81it/s]
train:  53%|█████▎    | 64/120 [00:28<00:23,  2.37it/s]
train:  54%|█████▍    | 65/120 [00:29<00:27,  1.98it/s]
train:  56%|█████▌    | 67/120 [00:30<00:24,  2.16it/s]
train:  57%|█████▋    | 68/120 [00:30<00:19,  2.65it/s]
train:  57%|█████▊    | 69/120 [00:31<00:24,  2.12it/s]
train:  58%|█████▊    | 70/120 [00:31<00:18,  2.65it/s]
train:  59%|█████▉    | 71/120 [00:32<00:23,  2.08it/s]
train:  60%|██████    | 72/120 [00:32<00:17,  2.68it/s]
train:  61%|██████    | 73/120 [00:32<00:22,  2.06it/s]
train:  62%|██████▏   | 74/120 [00:33<00:17,  2.64it/s]
train:  62%|██████▎   | 75/120 [00:33<00:21,  2.09it/s]
train:  63%|██████▎   | 76/120 [00:33<00:16,  2.71it/s]
train:  64%|██████▍   | 77/120 [00:34<00:20,  2.08it/s]
train:  65%|██████▌   | 78/120 [00:34<00:15,  2.71it/s]
train:  66%|██████▌   | 79/120 [00:35<00:19,  2.06it/s]
train:  67%|██████▋   | 80/120 [00:35<00:14,  2.70it/s]
train:  68%|██████▊   | 81/120 [00:36<00:18,  2.05it/s]
train:  68%|██████▊   | 82/120 [00:36<00:14,  2.67it/s]
train:  69%|██████▉   | 83/120 [00:37<00:17,  2.07it/s]
train:  70%|███████   | 84/120 [00:37<00:13,  2.69it/s]
train:  71%|███████   | 85/120 [00:38<00:17,  2.04it/s]
train:  72%|███████▏  | 86/120 [00:38<00:12,  2.64it/s]
train:  72%|███████▎  | 87/120 [00:38<00:16,  2.05it/s]
train:  73%|███████▎  | 88/120 [00:39<00:12,  2.66it/s]
train:  74%|███████▍  | 89/120 [00:39<00:15,  2.04it/s]
train:  75%|███████▌  | 90/120 [00:39<00:11,  2.66it/s]
train:  76%|███████▌  | 91/120 [00:40<00:14,  2.07it/s]
train:  77%|███████▋  | 92/120 [00:40<00:10,  2.70it/s]
train:  78%|███████▊  | 93/120 [00:41<00:13,  2.04it/s]
train:  78%|███████▊  | 94/120 [00:41<00:09,  2.66it/s]
train:  79%|███████▉  | 95/120 [00:42<00:11,  2.10it/s]
train:  80%|████████  | 96/120 [00:42<00:08,  2.71it/s]
train:  81%|████████  | 97/120 [00:43<00:10,  2.10it/s]
train:  82%|████████▏ | 98/120 [00:43<00:08,  2.71it/s]
train:  82%|████████▎ | 99/120 [00:44<00:09,  2.11it/s]
train:  83%|████████▎ | 100/120 [00:44<00:07,  2.74it/s]
train:  84%|████████▍ | 101/120 [00:44<00:08,  2.12it/s]
train:  85%|████████▌ | 102/120 [00:45<00:06,  2.74it/s]
train:  86%|████████▌ | 103/120 [00:45<00:08,  2.12it/s]
train:  87%|████████▋ | 104/120 [00:45<00:05,  2.74it/s]
train:  88%|████████▊ | 105/120 [00:46<00:07,  2.01it/s]
train:  88%|████████▊ | 106/120 [00:46<00:05,  2.62it/s]
train:  89%|████████▉ | 107/120 [00:47<00:06,  2.03it/s]
train:  90%|█████████ | 108/120 [00:47<00:04,  2.63it/s]
train:  91%|█████████ | 109/120 [00:48<00:05,  2.03it/s]
train:  92%|█████████▏| 110/120 [00:48<00:03,  2.64it/s]
train:  92%|█████████▎| 111/120 [00:49<00:04,  2.02it/s]
train:  93%|█████████▎| 112/120 [00:49<00:03,  2.62it/s]
train:  94%|█████████▍| 113/120 [00:50<00:03,  2.06it/s]
train:  95%|█████████▌| 114/120 [00:50<00:02,  2.70it/s]
train:  96%|█████████▌| 115/120 [00:50<00:02,  2.06it/s]
train:  97%|█████████▋| 116/120 [00:51<00:01,  2.66it/s]
train:  98%|█████████▊| 117/120 [00:51<00:01,  2.09it/s]
train:  98%|█████████▊| 118/120 [00:51<00:00,  2.72it/s]
train:  99%|█████████▉| 119/120 [00:52<00:00,  2.01it/s]
train: 100%|██████████| 120/120 [00:52<00:00,  2.61it/s]
                                                        

eval:   0%|          | 0/30 [00:00<?, ?it/s]
eval:   3%|▎         | 1/30 [00:00<00:25,  1.14it/s]
eval:  10%|█         | 3/30 [00:01<00:14,  1.85it/s]
eval:  17%|█▋        | 5/30 [00:02<00:12,  2.04it/s]
eval:  23%|██▎       | 7/30 [00:03<00:10,  2.21it/s]
eval:  30%|███       | 9/30 [00:04<00:09,  2.30it/s]
eval:  37%|███▋      | 11/30 [00:05<00:08,  2.36it/s]
eval:  43%|████▎     | 13/30 [00:05<00:07,  2.36it/s]
eval:  50%|█████     | 15/30 [00:07<00:08,  1.74it/s]
eval:  57%|█████▋    | 17/30 [00:08<00:06,  1.90it/s]
eval:  63%|██████▎   | 19/30 [00:09<00:05,  2.06it/s]
eval:  70%|███████   | 21/30 [00:10<00:04,  2.19it/s]
eval:  77%|███████▋  | 23/30 [00:10<00:03,  2.23it/s]
eval:  83%|████████▎ | 25/30 [00:11<00:02,  2.23it/s]
eval:  90%|█████████ | 27/30 [00:12<00:01,  2.34it/s]
eval:  97%|█████████▋| 29/30 [00:13<00:00,  2.43it/s]
                                                     
Epoch 19 | stage 2 | train loss 0.3765 (cls 0.3765, ctr 0.0000) acc 0.9771 f1 0.9775 | val loss 0.9964 (cls 0.9964, ctr 0.0000) acc 0.7708 f1 0.7515 | lr [1.15e-04, 4.59e-06, 4.59e-06]

train:   0%|          | 0/120 [00:00<?, ?it/s]
train:   1%|          | 1/120 [00:00<01:57,  1.01it/s]
train:   2%|▏         | 2/120 [00:01<00:56,  2.09it/s]
train:   2%|▎         | 3/120 [00:01<01:06,  1.75it/s]
train:   3%|▎         | 4/120 [00:01<00:45,  2.57it/s]
train:   4%|▍         | 5/120 [00:02<00:58,  1.96it/s]
train:   5%|▌         | 6/120 [00:02<00:42,  2.69it/s]
train:   6%|▌         | 7/120 [00:03<00:54,  2.07it/s]
train:   7%|▋         | 8/120 [00:03<00:41,  2.73it/s]
train:   8%|▊         | 9/120 [00:04<00:55,  1.99it/s]
train:   8%|▊         | 10/120 [00:04<00:42,  2.61it/s]
train:   9%|▉         | 11/120 [00:05<00:54,  1.99it/s]
train:  10%|█         | 12/120 [00:05<00:41,  2.61it/s]
train:  11%|█         | 13/120 [00:06<00:54,  1.95it/s]
train:  12%|█▏        | 14/120 [00:06<00:41,  2.55it/s]
train:  12%|█▎        | 15/120 [00:07<00:52,  1.99it/s]
train:  13%|█▎        | 16/120 [00:07<00:39,  2.60it/s]
train:  14%|█▍        | 17/120 [00:07<00:49,  2.08it/s]
train:  15%|█▌        | 18/120 [00:07<00:37,  2.70it/s]
train:  16%|█▌        | 19/120 [00:08<00:48,  2.07it/s]
train:  17%|█▋        | 20/120 [00:08<00:37,  2.70it/s]
train:  18%|█▊        | 21/120 [00:09<00:45,  2.18it/s]
train:  18%|█▊        | 22/120 [00:09<00:34,  2.81it/s]
train:  19%|█▉        | 23/120 [00:10<00:45,  2.14it/s]
train:  20%|██        | 24/120 [00:10<00:34,  2.78it/s]
train:  21%|██        | 25/120 [00:11<00:44,  2.12it/s]
train:  22%|██▏       | 26/120 [00:11<00:34,  2.74it/s]
train:  22%|██▎       | 27/120 [00:11<00:43,  2.14it/s]
train:  23%|██▎       | 28/120 [00:12<00:33,  2.75it/s]
train:  24%|██▍       | 29/120 [00:12<00:44,  2.05it/s]
train:  25%|██▌       | 30/120 [00:13<00:33,  2.66it/s]
train:  26%|██▌       | 31/120 [00:13<00:44,  2.00it/s]
train:  27%|██▋       | 32/120 [00:13<00:33,  2.60it/s]
train:  28%|██▊       | 33/120 [00:14<00:43,  2.01it/s]
train:  28%|██▊       | 34/120 [00:14<00:32,  2.62it/s]
train:  29%|██▉       | 35/120 [00:15<00:41,  2.06it/s]
train:  30%|███       | 36/120 [00:15<00:31,  2.69it/s]
train:  31%|███       | 37/120 [00:16<00:40,  2.07it/s]
train:  32%|███▏      | 38/120 [00:16<00:30,  2.67it/s]
train:  32%|███▎      | 39/120 [00:17<00:37,  2.13it/s]
train:  33%|███▎      | 40/120 [00:17<00:28,  2.77it/s]
train:  34%|███▍      | 41/120 [00:18<00:37,  2.13it/s]
train:  35%|███▌      | 42/120 [00:18<00:28,  2.75it/s]
train:  36%|███▌      | 43/120 [00:18<00:35,  2.16it/s]
train:  37%|███▋      | 44/120 [00:18<00:27,  2.81it/s]
train:  38%|███▊      | 45/120 [00:19<00:36,  2.08it/s]
train:  38%|███▊      | 46/120 [00:19<00:27,  2.68it/s]
train:  39%|███▉      | 47/120 [00:20<00:35,  2.05it/s]
train:  40%|████      | 48/120 [00:20<00:27,  2.64it/s]
train:  41%|████      | 49/120 [00:21<00:35,  2.03it/s]
train:  42%|████▏     | 50/120 [00:21<00:26,  2.65it/s]
train:  42%|████▎     | 51/120 [00:22<00:33,  2.04it/s]
train:  43%|████▎     | 52/120 [00:22<00:25,  2.66it/s]
train:  44%|████▍     | 53/120 [00:23<00:33,  2.02it/s]
train:  45%|████▌     | 54/120 [00:23<00:25,  2.62it/s]
train:  46%|████▌     | 55/120 [00:24<00:32,  2.03it/s]
train:  47%|████▋     | 56/120 [00:24<00:24,  2.63it/s]
train:  48%|████▊     | 57/120 [00:24<00:30,  2.10it/s]
train:  48%|████▊     | 58/120 [00:25<00:22,  2.70it/s]
train:  49%|████▉     | 59/120 [00:25<00:28,  2.11it/s]
train:  50%|█████     | 60/120 [00:25<00:21,  2.74it/s]
train:  51%|█████     | 61/120 [00:27<00:45,  1.29it/s]
train:  52%|█████▏    | 62/120 [00:27<00:33,  1.74it/s]
train:  52%|█████▎    | 63/120 [00:28<00:35,  1.59it/s]
train:  53%|█████▎    | 64/120 [00:28<00:26,  2.11it/s]
train:  54%|█████▍    | 65/120 [00:29<00:30,  1.81it/s]
train:  55%|█████▌    | 66/120 [00:29<00:22,  2.36it/s]
train:  56%|█████▌    | 67/120 [00:30<00:27,  1.91it/s]
train:  57%|█████▋    | 68/120 [00:30<00:20,  2.49it/s]
train:  57%|█████▊    | 69/120 [00:31<00:25,  1.98it/s]
train:  58%|█████▊    | 70/120 [00:31<00:19,  2.57it/s]
train:  59%|█████▉    | 71/120 [00:31<00:24,  2.01it/s]
train:  61%|██████    | 73/120 [00:32<00:21,  2.21it/s]
train:  62%|██████▏   | 74/120 [00:32<00:16,  2.74it/s]
train:  62%|██████▎   | 75/120 [00:33<00:20,  2.16it/s]
train:  63%|██████▎   | 76/120 [00:33<00:16,  2.75it/s]
train:  64%|██████▍   | 77/120 [00:34<00:20,  2.13it/s]
train:  65%|██████▌   | 78/120 [00:34<00:15,  2.71it/s]
train:  66%|██████▌   | 79/120 [00:35<00:19,  2.14it/s]
train:  67%|██████▋   | 80/120 [00:35<00:14,  2.76it/s]
train:  68%|██████▊   | 81/120 [00:36<00:18,  2.12it/s]
train:  68%|██████▊   | 82/120 [00:36<00:13,  2.74it/s]
train:  69%|██████▉   | 83/120 [00:36<00:17,  2.08it/s]
train:  70%|███████   | 84/120 [00:37<00:13,  2.69it/s]
train:  71%|███████   | 85/120 [00:37<00:16,  2.10it/s]
train:  72%|███████▏  | 86/120 [00:37<00:12,  2.72it/s]
train:  72%|███████▎  | 87/120 [00:38<00:16,  2.02it/s]
train:  73%|███████▎  | 88/120 [00:38<00:12,  2.61it/s]
train:  74%|███████▍  | 89/120 [00:39<00:15,  1.99it/s]
train:  75%|███████▌  | 90/120 [00:39<00:11,  2.60it/s]
train:  76%|███████▌  | 91/120 [00:40<00:13,  2.10it/s]
train:  77%|███████▋  | 92/120 [00:40<00:10,  2.75it/s]
train:  78%|███████▊  | 93/120 [00:41<00:12,  2.13it/s]
train:  78%|███████▊  | 94/120 [00:41<00:09,  2.75it/s]
train:  79%|███████▉  | 95/120 [00:41<00:11,  2.16it/s]
train:  80%|████████  | 96/120 [00:42<00:08,  2.81it/s]
train:  81%|████████  | 97/120 [00:42<00:11,  2.08it/s]
train:  82%|████████▏ | 98/120 [00:42<00:08,  2.70it/s]
train:  82%|████████▎ | 99/120 [00:43<00:10,  2.05it/s]
train:  83%|████████▎ | 100/120 [00:43<00:07,  2.66it/s]
train:  84%|████████▍ | 101/120 [00:44<00:09,  2.03it/s]
train:  85%|████████▌ | 102/120 [00:44<00:06,  2.64it/s]
train:  86%|████████▌ | 103/120 [00:45<00:08,  2.01it/s]
train:  87%|████████▋ | 104/120 [00:45<00:06,  2.62it/s]
train:  88%|████████▊ | 105/120 [00:46<00:07,  2.00it/s]
train:  88%|████████▊ | 106/120 [00:46<00:05,  2.59it/s]
train:  89%|████████▉ | 107/120 [00:47<00:06,  2.02it/s]
train:  90%|█████████ | 108/120 [00:47<00:04,  2.64it/s]
train:  91%|█████████ | 109/120 [00:48<00:05,  2.03it/s]
train:  92%|█████████▎| 111/120 [00:48<00:04,  2.17it/s]
train:  93%|█████████▎| 112/120 [00:49<00:03,  2.66it/s]
train:  94%|█████████▍| 113/120 [00:49<00:03,  2.20it/s]
train:  95%|█████████▌| 114/120 [00:49<00:02,  2.77it/s]
train:  96%|█████████▌| 115/120 [00:50<00:02,  2.15it/s]
train:  97%|█████████▋| 116/120 [00:50<00:01,  2.76it/s]
train:  98%|█████████▊| 117/120 [00:51<00:01,  2.06it/s]
train:  98%|█████████▊| 118/120 [00:51<00:00,  2.65it/s]
train:  99%|█████████▉| 119/120 [00:52<00:00,  2.07it/s]
train: 100%|██████████| 120/120 [00:52<00:00,  2.69it/s]
                                                        

eval:   0%|          | 0/30 [00:00<?, ?it/s]
eval:   3%|▎         | 1/30 [00:00<00:26,  1.10it/s]
eval:  10%|█         | 3/30 [00:01<00:14,  1.80it/s]
eval:  17%|█▋        | 5/30 [00:02<00:12,  1.98it/s]
eval:  23%|██▎       | 7/30 [00:03<00:10,  2.21it/s]
eval:  30%|███       | 9/30 [00:04<00:09,  2.31it/s]
eval:  37%|███▋      | 11/30 [00:05<00:07,  2.40it/s]
eval:  43%|████▎     | 13/30 [00:05<00:06,  2.44it/s]
eval:  50%|█████     | 15/30 [00:06<00:06,  2.47it/s]
eval:  53%|█████▎    | 16/30 [00:07<00:07,  1.82it/s]
eval:  57%|█████▋    | 17/30 [00:08<00:07,  1.68it/s]
eval:  63%|██████▎   | 19/30 [00:09<00:05,  1.93it/s]
eval:  70%|███████   | 21/30 [00:10<00:04,  2.11it/s]
eval:  77%|███████▋  | 23/30 [00:10<00:03,  2.19it/s]
eval:  83%|████████▎ | 25/30 [00:11<00:02,  2.23it/s]
eval:  90%|█████████ | 27/30 [00:12<00:01,  2.32it/s]
eval:  97%|█████████▋| 29/30 [00:13<00:00,  2.42it/s]
                                                     
Epoch 20 | stage 2 | train loss 0.3721 (cls 0.3721, ctr 0.0000) acc 0.9802 f1 0.9804 | val loss 1.1515 (cls 1.1515, ctr 0.0000) acc 0.7583 f1 0.7400 | lr [1.05e-04, 4.21e-06, 4.21e-06]

train:   0%|          | 0/120 [00:00<?, ?it/s]
train:   1%|          | 1/120 [00:00<01:53,  1.05it/s]
train:   2%|▏         | 2/120 [00:01<00:53,  2.22it/s]
train:   2%|▎         | 3/120 [00:01<01:07,  1.73it/s]
train:   3%|▎         | 4/120 [00:01<00:46,  2.52it/s]
train:   4%|▍         | 5/120 [00:02<01:02,  1.84it/s]
train:   5%|▌         | 6/120 [00:02<00:45,  2.52it/s]
train:   6%|▌         | 7/120 [00:03<00:55,  2.02it/s]
train:   7%|▋         | 8/120 [00:03<00:41,  2.70it/s]
train:   8%|▊         | 9/120 [00:04<00:52,  2.13it/s]
train:   8%|▊         | 10/120 [00:04<00:39,  2.80it/s]
train:   9%|▉         | 11/120 [00:05<00:52,  2.07it/s]
train:  10%|█         | 12/120 [00:05<00:40,  2.68it/s]
train:  11%|█         | 13/120 [00:06<00:51,  2.07it/s]
train:  12%|█▏        | 14/120 [00:06<00:39,  2.70it/s]
train:  12%|█▎        | 15/120 [00:06<00:51,  2.05it/s]
train:  13%|█▎        | 16/120 [00:07<00:39,  2.66it/s]
train:  14%|█▍        | 17/120 [00:07<00:50,  2.04it/s]
train:  15%|█▌        | 18/120 [00:07<00:38,  2.64it/s]
train:  16%|█▌        | 19/120 [00:08<00:48,  2.06it/s]
train:  17%|█▋        | 20/120 [00:08<00:37,  2.69it/s]
train:  18%|█▊        | 21/120 [00:09<00:48,  2.06it/s]
train:  18%|█▊        | 22/120 [00:09<00:36,  2.67it/s]
train:  19%|█▉        | 23/120 [00:10<00:47,  2.06it/s]
train:  20%|██        | 24/120 [00:10<00:36,  2.66it/s]
train:  21%|██        | 25/120 [00:11<00:46,  2.05it/s]
train:  22%|██▏       | 26/120 [00:11<00:35,  2.68it/s]
train:  22%|██▎       | 27/120 [00:12<00:46,  2.01it/s]
train:  23%|██▎       | 28/120 [00:12<00:35,  2.62it/s]
train:  24%|██▍       | 29/120 [00:12<00:44,  2.03it/s]
train:  25%|██▌       | 30/120 [00:13<00:34,  2.64it/s]
train:  26%|██▌       | 31/120 [00:13<00:43,  2.03it/s]
train:  27%|██▋       | 32/120 [00:13<00:33,  2.63it/s]
train:  28%|██▊       | 33/120 [00:14<00:42,  2.05it/s]
train:  28%|██▊       | 34/120 [00:14<00:32,  2.66it/s]
train:  29%|██▉       | 35/120 [00:15<00:40,  2.11it/s]
train:  30%|███       | 36/120 [00:15<00:30,  2.75it/s]
train:  31%|███       | 37/120 [00:16<00:39,  2.09it/s]
train:  32%|███▏      | 38/120 [00:16<00:29,  2.74it/s]
train:  32%|███▎      | 39/120 [00:17<00:38,  2.12it/s]
train:  33%|███▎      | 40/120 [00:17<00:29,  2.75it/s]
train:  34%|███▍      | 41/120 [00:18<00:37,  2.12it/s]
train:  35%|███▌      | 42/120 [00:18<00:28,  2.76it/s]
train:  36%|███▌      | 43/120 [00:18<00:36,  2.13it/s]
train:  37%|███▋      | 44/120 [00:18<00:27,  2.78it/s]
train:  38%|███▊      | 45/120 [00:19<00:36,  2.06it/s]
train:  38%|███▊      | 46/120 [00:19<00:27,  2.68it/s]
train:  39%|███▉      | 47/120 [00:20<00:34,  2.09it/s]
train:  40%|████      | 48/120 [00:20<00:26,  2.72it/s]
train:  41%|████      | 49/120 [00:21<00:34,  2.06it/s]
train:  42%|████▏     | 50/120 [00:21<00:26,  2.66it/s]
train:  42%|████▎     | 51/120 [00:22<00:32,  2.11it/s]
train:  43%|████▎     | 52/120 [00:22<00:24,  2.74it/s]
train:  44%|████▍     | 53/120 [00:23<00:31,  2.12it/s]
train:  45%|████▌     | 54/120 [00:23<00:23,  2.78it/s]
train:  46%|████▌     | 55/120 [00:23<00:30,  2.12it/s]
train:  47%|████▋     | 56/120 [00:24<00:23,  2.75it/s]
train:  48%|████▊     | 57/120 [00:24<00:30,  2.05it/s]
train:  48%|████▊     | 58/120 [00:24<00:23,  2.67it/s]
train:  49%|████▉     | 59/120 [00:25<00:30,  2.00it/s]
train:  50%|█████     | 60/120 [00:25<00:23,  2.61it/s]
train:  51%|█████     | 61/120 [00:26<00:29,  2.03it/s]
train:  52%|█████▏    | 62/120 [00:27<00:42,  1.38it/s]
train:  52%|█████▎    | 63/120 [00:28<00:42,  1.35it/s]
train:  53%|█████▎    | 64/120 [00:28<00:31,  1.80it/s]
train:  54%|█████▍    | 65/120 [00:29<00:33,  1.65it/s]
train:  55%|█████▌    | 66/120 [00:29<00:24,  2.18it/s]
train:  56%|█████▌    | 67/120 [00:30<00:28,  1.84it/s]
train:  57%|█████▋    | 68/120 [00:30<00:21,  2.41it/s]
train:  57%|█████▊    | 69/120 [00:31<00:26,  1.92it/s]
train:  58%|█████▊    | 70/120 [00:31<00:19,  2.51it/s]
train:  59%|█████▉    | 71/120 [00:32<00:25,  1.93it/s]
train:  60%|██████    | 72/120 [00:32<00:19,  2.51it/s]
train:  61%|██████    | 73/120 [00:33<00:24,  1.95it/s]
train:  62%|██████▏   | 74/120 [00:33<00:18,  2.54it/s]
train:  62%|██████▎   | 75/120 [00:33<00:22,  2.03it/s]
train:  63%|██████▎   | 76/120 [00:33<00:16,  2.65it/s]
train:  64%|██████▍   | 77/120 [00:34<00:20,  2.06it/s]
train:  65%|██████▌   | 78/120 [00:34<00:15,  2.67it/s]
train:  66%|██████▌   | 79/120 [00:35<00:19,  2.07it/s]
train:  67%|██████▋   | 80/120 [00:35<00:14,  2.68it/s]
train:  68%|██████▊   | 81/120 [00:36<00:18,  2.06it/s]
train:  68%|██████▊   | 82/120 [00:36<00:14,  2.69it/s]
train:  69%|██████▉   | 83/120 [00:37<00:18,  2.04it/s]
train:  70%|███████   | 84/120 [00:37<00:13,  2.65it/s]
train:  71%|███████   | 85/120 [00:38<00:16,  2.11it/s]
train:  72%|███████▏  | 86/120 [00:38<00:12,  2.73it/s]
train:  72%|███████▎  | 87/120 [00:38<00:15,  2.08it/s]
train:  73%|███████▎  | 88/120 [00:39<00:11,  2.72it/s]
train:  74%|███████▍  | 89/120 [00:39<00:14,  2.08it/s]
train:  75%|███████▌  | 90/120 [00:39<00:11,  2.72it/s]
train:  76%|███████▌  | 91/120 [00:40<00:14,  2.05it/s]
train:  77%|███████▋  | 92/120 [00:40<00:10,  2.66it/s]
train:  78%|███████▊  | 93/120 [00:41<00:13,  2.06it/s]
train:  78%|███████▊  | 94/120 [00:41<00:09,  2.69it/s]
train:  79%|███████▉  | 95/120 [00:42<00:12,  2.07it/s]
train:  81%|████████  | 97/120 [00:43<00:10,  2.19it/s]
train:  82%|████████▏ | 98/120 [00:43<00:08,  2.69it/s]
train:  82%|████████▎ | 99/120 [00:44<00:10,  2.10it/s]
train:  83%|████████▎ | 100/120 [00:44<00:07,  2.63it/s]
train:  84%|████████▍ | 101/120 [00:45<00:09,  2.01it/s]
train:  85%|████████▌ | 102/120 [00:45<00:06,  2.60it/s]
train:  86%|████████▌ | 103/120 [00:45<00:08,  2.03it/s]
train:  87%|████████▋ | 104/120 [00:46<00:06,  2.61it/s]
train:  88%|████████▊ | 105/120 [00:46<00:07,  2.03it/s]
train:  88%|████████▊ | 106/120 [00:46<00:05,  2.64it/s]
train:  89%|████████▉ | 107/120 [00:47<00:06,  2.02it/s]
train:  90%|█████████ | 108/120 [00:47<00:04,  2.63it/s]
train:  91%|█████████ | 109/120 [00:48<00:05,  2.01it/s]
train:  92%|█████████▏| 110/120 [00:48<00:03,  2.62it/s]
train:  92%|█████████▎| 111/120 [00:49<00:04,  2.02it/s]
train:  93%|█████████▎| 112/120 [00:49<00:03,  2.62it/s]
train:  94%|█████████▍| 113/120 [00:50<00:03,  2.00it/s]
train:  95%|█████████▌| 114/120 [00:50<00:02,  2.60it/s]
train:  96%|█████████▌| 115/120 [00:51<00:02,  1.97it/s]
train:  97%|█████████▋| 116/120 [00:51<00:01,  2.57it/s]
train:  98%|█████████▊| 117/120 [00:52<00:01,  2.00it/s]
train:  98%|█████████▊| 118/120 [00:52<00:00,  2.62it/s]
train:  99%|█████████▉| 119/120 [00:52<00:00,  2.05it/s]
train: 100%|██████████| 120/120 [00:53<00:00,  2.65it/s]
                                                        

eval:   0%|          | 0/30 [00:00<?, ?it/s]
eval:   3%|▎         | 1/30 [00:00<00:25,  1.13it/s]
eval:  10%|█         | 3/30 [00:01<00:14,  1.86it/s]
eval:  17%|█▋        | 5/30 [00:02<00:12,  2.06it/s]
eval:  23%|██▎       | 7/30 [00:03<00:10,  2.23it/s]
eval:  30%|███       | 9/30 [00:04<00:09,  2.29it/s]
eval:  37%|███▋      | 11/30 [00:05<00:08,  2.37it/s]
eval:  43%|████▎     | 13/30 [00:05<00:07,  2.41it/s]
eval:  50%|█████     | 15/30 [00:06<00:06,  2.42it/s]
eval:  57%|█████▋    | 17/30 [00:08<00:07,  1.77it/s]
eval:  63%|██████▎   | 19/30 [00:09<00:05,  1.95it/s]
eval:  70%|███████   | 21/30 [00:10<00:04,  2.08it/s]
eval:  77%|███████▋  | 23/30 [00:10<00:03,  2.15it/s]
eval:  83%|████████▎ | 25/30 [00:11<00:02,  2.19it/s]
eval:  90%|█████████ | 27/30 [00:12<00:01,  2.30it/s]
eval:  97%|█████████▋| 29/30 [00:13<00:00,  2.37it/s]
                                                     
Epoch 21 | stage 2 | train loss 0.3758 (cls 0.3758, ctr 0.0000) acc 0.9729 f1 0.9717 | val loss 1.1334 (cls 1.1334, ctr 0.0000) acc 0.7500 f1 0.7266 | lr [9.54e-05, 3.82e-06, 3.82e-06]

train:   0%|          | 0/120 [00:00<?, ?it/s]
train:   1%|          | 1/120 [00:00<01:55,  1.03it/s]
train:   2%|▏         | 2/120 [00:01<00:55,  2.13it/s]
train:   2%|▎         | 3/120 [00:01<01:09,  1.67it/s]
train:   3%|▎         | 4/120 [00:01<00:47,  2.47it/s]
train:   4%|▍         | 5/120 [00:02<00:58,  1.96it/s]
train:   5%|▌         | 6/120 [00:02<00:42,  2.66it/s]
train:   6%|▌         | 7/120 [00:03<00:57,  1.96it/s]
train:   7%|▋         | 8/120 [00:03<00:42,  2.61it/s]
train:   8%|▊         | 9/120 [00:04<00:54,  2.05it/s]
train:   8%|▊         | 10/120 [00:04<00:40,  2.69it/s]
train:   9%|▉         | 11/120 [00:05<00:54,  2.00it/s]
train:  10%|█         | 12/120 [00:05<00:41,  2.60it/s]
train:  11%|█         | 13/120 [00:06<00:50,  2.11it/s]
train:  12%|█▏        | 14/120 [00:06<00:38,  2.75it/s]
train:  12%|█▎        | 15/120 [00:06<00:50,  2.10it/s]
train:  13%|█▎        | 16/120 [00:07<00:38,  2.73it/s]
train:  14%|█▍        | 17/120 [00:07<00:48,  2.12it/s]
train:  16%|█▌        | 19/120 [00:08<00:46,  2.17it/s]
train:  17%|█▋        | 20/120 [00:08<00:37,  2.66it/s]
train:  18%|█▊        | 21/120 [00:09<00:46,  2.15it/s]
train:  18%|█▊        | 22/120 [00:09<00:36,  2.69it/s]
train:  19%|█▉        | 23/120 [00:10<00:47,  2.06it/s]
train:  20%|██        | 24/120 [00:10<00:36,  2.64it/s]
train:  21%|██        | 25/120 [00:11<00:44,  2.12it/s]
train:  22%|██▏       | 26/120 [00:11<00:34,  2.72it/s]
train:  22%|██▎       | 27/120 [00:12<00:45,  2.04it/s]
train:  23%|██▎       | 28/120 [00:12<00:34,  2.66it/s]
train:  24%|██▍       | 29/120 [00:12<00:44,  2.06it/s]
train:  25%|██▌       | 30/120 [00:13<00:33,  2.66it/s]
train:  26%|██▌       | 31/120 [00:13<00:42,  2.08it/s]
train:  27%|██▋       | 32/120 [00:13<00:32,  2.71it/s]
train:  28%|██▊       | 33/120 [00:14<00:42,  2.06it/s]
train:  28%|██▊       | 34/120 [00:14<00:32,  2.68it/s]
train:  29%|██▉       | 35/120 [00:15<00:42,  2.02it/s]
train:  30%|███       | 36/120 [00:15<00:31,  2.65it/s]
train:  31%|███       | 37/120 [00:16<00:40,  2.04it/s]
train:  32%|███▏      | 38/120 [00:16<00:30,  2.66it/s]
train:  32%|███▎      | 39/120 [00:17<00:39,  2.03it/s]
train:  33%|███▎      | 40/120 [00:17<00:30,  2.65it/s]
train:  34%|███▍      | 41/120 [00:18<00:38,  2.03it/s]
train:  35%|███▌      | 42/120 [00:18<00:29,  2.64it/s]
train:  36%|███▌      | 43/120 [00:18<00:37,  2.07it/s]
train:  37%|███▋      | 44/120 [00:19<00:28,  2.70it/s]
train:  38%|███▊      | 45/120 [00:19<00:36,  2.07it/s]
train:  38%|███▊      | 46/120 [00:19<00:27,  2.68it/s]
train:  39%|███▉      | 47/120 [00:20<00:35,  2.07it/s]
train:  40%|████      | 48/120 [00:20<00:26,  2.68it/s]
train:  41%|████      | 49/120 [00:21<00:33,  2.11it/s]
train:  42%|████▏     | 50/120 [00:21<00:25,  2.75it/s]
train:  42%|████▎     | 51/120 [00:22<00:33,  2.08it/s]
train:  43%|████▎     | 52/120 [00:22<00:25,  2.69it/s]
train:  44%|████▍     | 53/120 [00:23<00:32,  2.08it/s]
train:  45%|████▌     | 54/120 [00:23<00:24,  2.68it/s]
train:  46%|████▌     | 55/120 [00:24<00:30,  2.10it/s]
train:  47%|████▋     | 56/120 [00:24<00:23,  2.72it/s]
train:  48%|████▊     | 57/120 [00:24<00:30,  2.07it/s]
train:  48%|████▊     | 58/120 [00:25<00:23,  2.68it/s]
train:  49%|████▉     | 59/120 [00:25<00:29,  2.04it/s]
train:  50%|█████     | 60/120 [00:25<00:22,  2.68it/s]
train:  51%|█████     | 61/120 [00:26<00:29,  2.00it/s]
train:  52%|█████▏    | 62/120 [00:26<00:22,  2.60it/s]
train:  52%|█████▎    | 63/120 [00:28<00:45,  1.25it/s]
train:  53%|█████▎    | 64/120 [00:28<00:33,  1.69it/s]
train:  54%|█████▍    | 65/120 [00:29<00:35,  1.57it/s]
train:  55%|█████▌    | 66/120 [00:29<00:25,  2.08it/s]
train:  56%|█████▌    | 67/120 [00:30<00:29,  1.78it/s]
train:  57%|█████▋    | 68/120 [00:30<00:22,  2.35it/s]
train:  57%|█████▊    | 69/120 [00:31<00:26,  1.94it/s]
train:  58%|█████▊    | 70/120 [00:31<00:19,  2.54it/s]
train:  59%|█████▉    | 71/120 [00:32<00:24,  1.98it/s]
train:  60%|██████    | 72/120 [00:32<00:18,  2.60it/s]
train:  61%|██████    | 73/120 [00:32<00:23,  2.00it/s]
train:  62%|██████▏   | 74/120 [00:33<00:17,  2.61it/s]
train:  62%|██████▎   | 75/120 [00:33<00:21,  2.09it/s]
train:  63%|██████▎   | 76/120 [00:33<00:16,  2.71it/s]
train:  64%|██████▍   | 77/120 [00:34<00:21,  2.02it/s]
train:  65%|██████▌   | 78/120 [00:34<00:15,  2.63it/s]
train:  66%|██████▌   | 79/120 [00:35<00:19,  2.08it/s]
train:  67%|██████▋   | 80/120 [00:35<00:14,  2.71it/s]
train:  68%|██████▊   | 81/120 [00:36<00:19,  1.98it/s]
train:  68%|██████▊   | 82/120 [00:36<00:14,  2.57it/s]
train:  69%|██████▉   | 83/120 [00:37<00:18,  1.97it/s]
train:  70%|███████   | 84/120 [00:37<00:14,  2.57it/s]
train:  71%|███████   | 85/120 [00:38<00:17,  2.01it/s]
train:  72%|███████▏  | 86/120 [00:38<00:13,  2.61it/s]
train:  72%|███████▎  | 87/120 [00:38<00:16,  2.03it/s]
train:  73%|███████▎  | 88/120 [00:39<00:12,  2.62it/s]
train:  74%|███████▍  | 89/120 [00:39<00:14,  2.07it/s]
train:  75%|███████▌  | 90/120 [00:39<00:11,  2.69it/s]
train:  76%|███████▌  | 91/120 [00:40<00:14,  2.04it/s]
train:  77%|███████▋  | 92/120 [00:40<00:10,  2.66it/s]
train:  78%|███████▊  | 93/120 [00:41<00:12,  2.09it/s]
train:  78%|███████▊  | 94/120 [00:41<00:09,  2.71it/s]
train:  79%|███████▉  | 95/120 [00:42<00:12,  2.05it/s]
train:  80%|████████  | 96/120 [00:42<00:09,  2.66it/s]
train:  81%|████████  | 97/120 [00:43<00:11,  2.07it/s]
train:  82%|████████▏ | 98/120 [00:43<00:08,  2.68it/s]
train:  82%|████████▎ | 99/120 [00:44<00:10,  2.09it/s]
train:  83%|████████▎ | 100/120 [00:44<00:07,  2.74it/s]
train:  84%|████████▍ | 101/120 [00:44<00:09,  2.08it/s]
train:  85%|████████▌ | 102/120 [00:45<00:06,  2.69it/s]
train:  86%|████████▌ | 103/120 [00:45<00:07,  2.14it/s]
train:  87%|████████▋ | 104/120 [00:45<00:05,  2.75it/s]
train:  88%|████████▊ | 105/120 [00:46<00:07,  2.04it/s]
train:  88%|████████▊ | 106/120 [00:46<00:05,  2.65it/s]
train:  89%|████████▉ | 107/120 [00:47<00:06,  2.06it/s]
train:  90%|█████████ | 108/120 [00:47<00:04,  2.66it/s]
train:  91%|█████████ | 109/120 [00:48<00:05,  2.09it/s]
train:  92%|█████████▏| 110/120 [00:48<00:03,  2.71it/s]
train:  92%|█████████▎| 111/120 [00:49<00:04,  2.06it/s]
train:  93%|█████████▎| 112/120 [00:49<00:02,  2.67it/s]
train:  94%|█████████▍| 113/120 [00:50<00:03,  2.03it/s]
train:  95%|█████████▌| 114/120 [00:50<00:02,  2.65it/s]
train:  96%|█████████▌| 115/120 [00:50<00:02,  2.04it/s]
train:  97%|█████████▋| 116/120 [00:51<00:01,  2.65it/s]
train:  98%|█████████▊| 117/120 [00:51<00:01,  2.08it/s]
train:  98%|█████████▊| 118/120 [00:51<00:00,  2.72it/s]
train:  99%|█████████▉| 119/120 [00:52<00:00,  2.17it/s]
train: 100%|██████████| 120/120 [00:52<00:00,  2.78it/s]
                                                        

eval:   0%|          | 0/30 [00:00<?, ?it/s]
eval:   3%|▎         | 1/30 [00:00<00:25,  1.14it/s]
eval:  10%|█         | 3/30 [00:01<00:14,  1.88it/s]
eval:  17%|█▋        | 5/30 [00:02<00:12,  2.06it/s]
eval:  23%|██▎       | 7/30 [00:03<00:10,  2.23it/s]
eval:  30%|███       | 9/30 [00:04<00:09,  2.32it/s]
eval:  37%|███▋      | 11/30 [00:04<00:08,  2.37it/s]
eval:  43%|████▎     | 13/30 [00:05<00:07,  2.36it/s]
eval:  50%|█████     | 15/30 [00:06<00:06,  2.37it/s]
eval:  57%|█████▋    | 17/30 [00:08<00:07,  1.73it/s]
eval:  63%|██████▎   | 19/30 [00:09<00:05,  1.92it/s]
eval:  70%|███████   | 21/30 [00:10<00:04,  2.07it/s]
eval:  77%|███████▋  | 23/30 [00:10<00:03,  2.16it/s]
eval:  83%|████████▎ | 25/30 [00:11<00:02,  2.21it/s]
eval:  90%|█████████ | 27/30 [00:12<00:01,  2.30it/s]
eval:  97%|█████████▋| 29/30 [00:13<00:00,  2.37it/s]
                                                     
Epoch 22 | stage 2 | train loss 0.3636 (cls 0.3636, ctr 0.0000) acc 0.9802 f1 0.9815 | val loss 1.0572 (cls 1.0572, ctr 0.0000) acc 0.7542 f1 0.7385 | lr [8.59e-05, 3.44e-06, 3.44e-06]

train:   0%|          | 0/120 [00:00<?, ?it/s]
train:   1%|          | 1/120 [00:01<02:00,  1.02s/it]
train:   2%|▏         | 2/120 [00:01<00:57,  2.05it/s]
train:   2%|▎         | 3/120 [00:01<01:09,  1.68it/s]
train:   3%|▎         | 4/120 [00:01<00:46,  2.49it/s]
train:   4%|▍         | 5/120 [00:02<01:01,  1.87it/s]
train:   5%|▌         | 6/120 [00:02<00:44,  2.54it/s]
train:   6%|▌         | 7/120 [00:03<00:56,  2.01it/s]
train:   7%|▋         | 8/120 [00:03<00:42,  2.66it/s]
train:   8%|▊         | 9/120 [00:04<00:53,  2.06it/s]
train:   8%|▊         | 10/120 [00:04<00:40,  2.70it/s]
train:   9%|▉         | 11/120 [00:05<00:53,  2.05it/s]
train:  10%|█         | 12/120 [00:05<00:40,  2.67it/s]
train:  11%|█         | 13/120 [00:06<00:52,  2.05it/s]
train:  12%|█▏        | 14/120 [00:06<00:39,  2.69it/s]
train:  12%|█▎        | 15/120 [00:06<00:51,  2.06it/s]
train:  13%|█▎        | 16/120 [00:07<00:38,  2.70it/s]
train:  14%|█▍        | 17/120 [00:07<00:47,  2.17it/s]
train:  15%|█▌        | 18/120 [00:07<00:36,  2.82it/s]
train:  16%|█▌        | 19/120 [00:08<00:45,  2.21it/s]
train:  17%|█▋        | 20/120 [00:08<00:34,  2.88it/s]
train:  18%|█▊        | 21/120 [00:09<00:45,  2.20it/s]
train:  18%|█▊        | 22/120 [00:09<00:34,  2.87it/s]
train:  19%|█▉        | 23/120 [00:10<00:43,  2.20it/s]
train:  21%|██        | 25/120 [00:11<00:41,  2.28it/s]
train:  22%|██▏       | 26/120 [00:11<00:33,  2.80it/s]
train:  22%|██▎       | 27/120 [00:11<00:43,  2.15it/s]
train:  23%|██▎       | 28/120 [00:11<00:33,  2.71it/s]
train:  24%|██▍       | 29/120 [00:12<00:43,  2.08it/s]
train:  25%|██▌       | 30/120 [00:12<00:33,  2.68it/s]
train:  26%|██▌       | 31/120 [00:13<00:42,  2.08it/s]
train:  27%|██▋       | 32/120 [00:13<00:32,  2.69it/s]
train:  28%|██▊       | 33/120 [00:14<00:41,  2.09it/s]
train:  28%|██▊       | 34/120 [00:14<00:31,  2.71it/s]
train:  29%|██▉       | 35/120 [00:15<00:41,  2.06it/s]
train:  30%|███       | 36/120 [00:15<00:31,  2.66it/s]
train:  31%|███       | 37/120 [00:16<00:40,  2.06it/s]
train:  32%|███▏      | 38/120 [00:16<00:30,  2.67it/s]
train:  32%|███▎      | 39/120 [00:17<00:38,  2.09it/s]
train:  33%|███▎      | 40/120 [00:17<00:29,  2.70it/s]
train:  34%|███▍      | 41/120 [00:17<00:38,  2.04it/s]
train:  35%|███▌      | 42/120 [00:18<00:29,  2.62it/s]
train:  36%|███▌      | 43/120 [00:18<00:37,  2.07it/s]
train:  37%|███▋      | 44/120 [00:18<00:28,  2.69it/s]
train:  38%|███▊      | 45/120 [00:19<00:35,  2.11it/s]
train:  38%|███▊      | 46/120 [00:19<00:27,  2.74it/s]
train:  39%|███▉      | 47/120 [00:20<00:36,  2.01it/s]
train:  40%|████      | 48/120 [00:20<00:27,  2.60it/s]
train:  41%|████      | 49/120 [00:21<00:34,  2.04it/s]
train:  42%|████▏     | 50/120 [00:21<00:26,  2.66it/s]
train:  42%|████▎     | 51/120 [00:22<00:34,  2.00it/s]
train:  44%|████▍     | 53/120 [00:23<00:31,  2.16it/s]
train:  45%|████▌     | 54/120 [00:23<00:24,  2.67it/s]
train:  46%|████▌     | 55/120 [00:23<00:31,  2.06it/s]
train:  47%|████▋     | 56/120 [00:24<00:24,  2.62it/s]
train:  48%|████▊     | 57/120 [00:24<00:30,  2.07it/s]
train:  48%|████▊     | 58/120 [00:24<00:23,  2.66it/s]
train:  49%|████▉     | 59/120 [00:25<00:30,  2.00it/s]
train:  50%|█████     | 60/120 [00:25<00:23,  2.56it/s]
train:  51%|█████     | 61/120 [00:26<00:28,  2.04it/s]
train:  52%|█████▏    | 62/120 [00:26<00:21,  2.66it/s]
train:  52%|█████▎    | 63/120 [00:28<00:50,  1.14it/s]
train:  53%|█████▎    | 64/120 [00:28<00:36,  1.54it/s]
train:  54%|█████▍    | 65/120 [00:29<00:36,  1.49it/s]
train:  55%|█████▌    | 66/120 [00:29<00:27,  1.99it/s]
train:  56%|█████▌    | 67/120 [00:30<00:30,  1.74it/s]
train:  57%|█████▋    | 68/120 [00:30<00:22,  2.29it/s]
train:  57%|█████▊    | 69/120 [00:31<00:26,  1.91it/s]
train:  59%|█████▉    | 71/120 [00:32<00:23,  2.05it/s]
train:  60%|██████    | 72/120 [00:32<00:18,  2.53it/s]
train:  61%|██████    | 73/120 [00:33<00:22,  2.08it/s]
train:  62%|██████▎   | 75/120 [00:33<00:20,  2.17it/s]
train:  63%|██████▎   | 76/120 [00:34<00:16,  2.65it/s]
train:  64%|██████▍   | 77/120 [00:34<00:20,  2.08it/s]
train:  65%|██████▌   | 78/120 [00:34<00:16,  2.60it/s]
train:  66%|██████▌   | 79/120 [00:35<00:19,  2.06it/s]
train:  67%|██████▋   | 80/120 [00:35<00:15,  2.65it/s]
train:  68%|██████▊   | 81/120 [00:36<00:18,  2.09it/s]
train:  68%|██████▊   | 82/120 [00:36<00:14,  2.70it/s]
train:  69%|██████▉   | 83/120 [00:37<00:17,  2.09it/s]
train:  70%|███████   | 84/120 [00:37<00:13,  2.69it/s]
train:  71%|███████   | 85/120 [00:38<00:16,  2.06it/s]
train:  72%|███████▏  | 86/120 [00:38<00:12,  2.68it/s]
train:  72%|███████▎  | 87/120 [00:39<00:16,  2.02it/s]
train:  73%|███████▎  | 88/120 [00:39<00:12,  2.63it/s]
train:  74%|███████▍  | 89/120 [00:39<00:15,  1.99it/s]
train:  75%|███████▌  | 90/120 [00:40<00:11,  2.62it/s]
train:  76%|███████▌  | 91/120 [00:40<00:14,  2.00it/s]
train:  77%|███████▋  | 92/120 [00:40<00:10,  2.63it/s]
train:  78%|███████▊  | 93/120 [00:41<00:13,  2.03it/s]
train:  78%|███████▊  | 94/120 [00:41<00:09,  2.62it/s]
train:  79%|███████▉  | 95/120 [00:42<00:12,  2.07it/s]
train:  80%|████████  | 96/120 [00:42<00:08,  2.69it/s]
train:  81%|████████  | 97/120 [00:43<00:11,  2.08it/s]
train:  82%|████████▏ | 98/120 [00:43<00:08,  2.72it/s]
train:  82%|████████▎ | 99/120 [00:44<00:10,  2.08it/s]
train:  83%|████████▎ | 100/120 [00:44<00:07,  2.69it/s]
train:  84%|████████▍ | 101/120 [00:45<00:09,  2.09it/s]
train:  85%|████████▌ | 102/120 [00:45<00:06,  2.74it/s]
train:  86%|████████▌ | 103/120 [00:45<00:08,  2.11it/s]
train:  87%|████████▋ | 104/120 [00:46<00:05,  2.75it/s]
train:  88%|████████▊ | 105/120 [00:46<00:07,  2.08it/s]
train:  88%|████████▊ | 106/120 [00:46<00:05,  2.69it/s]
train:  89%|████████▉ | 107/120 [00:47<00:06,  2.01it/s]
train:  90%|█████████ | 108/120 [00:47<00:04,  2.61it/s]
train:  91%|█████████ | 109/120 [00:48<00:05,  2.07it/s]
train:  92%|█████████▏| 110/120 [00:48<00:03,  2.70it/s]
train:  92%|█████████▎| 111/120 [00:49<00:04,  2.07it/s]
train:  93%|█████████▎| 112/120 [00:49<00:02,  2.69it/s]
train:  94%|█████████▍| 113/120 [00:50<00:03,  2.10it/s]
train:  95%|█████████▌| 114/120 [00:50<00:02,  2.71it/s]
train:  96%|█████████▌| 115/120 [00:51<00:02,  2.13it/s]
train:  97%|█████████▋| 116/120 [00:51<00:01,  2.77it/s]
train:  98%|█████████▊| 117/120 [00:51<00:01,  2.10it/s]
train:  98%|█████████▊| 118/120 [00:52<00:00,  2.72it/s]
train:  99%|█████████▉| 119/120 [00:52<00:00,  2.20it/s]
train: 100%|██████████| 120/120 [00:52<00:00,  2.84it/s]
                                                        

eval:   0%|          | 0/30 [00:00<?, ?it/s]
eval:   3%|▎         | 1/30 [00:00<00:26,  1.09it/s]
eval:  10%|█         | 3/30 [00:01<00:14,  1.82it/s]
eval:  17%|█▋        | 5/30 [00:02<00:12,  2.04it/s]
eval:  23%|██▎       | 7/30 [00:03<00:10,  2.22it/s]
eval:  30%|███       | 9/30 [00:04<00:09,  2.30it/s]
eval:  37%|███▋      | 11/30 [00:05<00:08,  2.36it/s]
eval:  43%|████▎     | 13/30 [00:05<00:07,  2.35it/s]
eval:  50%|█████     | 15/30 [00:06<00:06,  2.36it/s]
eval:  57%|█████▋    | 17/30 [00:07<00:05,  2.38it/s]
eval:  63%|██████▎   | 19/30 [00:09<00:06,  1.73it/s]
eval:  70%|███████   | 21/30 [00:10<00:04,  1.91it/s]
eval:  77%|███████▋  | 23/30 [00:11<00:03,  2.05it/s]
eval:  83%|████████▎ | 25/30 [00:11<00:02,  2.12it/s]
eval:  90%|█████████ | 27/30 [00:12<00:01,  2.23it/s]
eval:  97%|█████████▋| 29/30 [00:13<00:00,  2.31it/s]
                                                     
Epoch 23 | stage 2 | train loss 0.3613 (cls 0.3613, ctr 0.0000) acc 0.9833 f1 0.9829 | val loss 1.1516 (cls 1.1516, ctr 0.0000) acc 0.7000 f1 0.6890 | lr [7.67e-05, 3.07e-06, 3.07e-06]

train:   0%|          | 0/120 [00:00<?, ?it/s]
train:   1%|          | 1/120 [00:00<01:57,  1.02it/s]
train:   2%|▏         | 2/120 [00:01<00:55,  2.12it/s]
train:   2%|▎         | 3/120 [00:01<01:10,  1.67it/s]
train:   3%|▎         | 4/120 [00:01<00:47,  2.46it/s]
train:   4%|▍         | 5/120 [00:02<01:01,  1.87it/s]
train:   5%|▌         | 6/120 [00:02<00:44,  2.54it/s]
train:   6%|▌         | 7/120 [00:03<00:57,  1.97it/s]
train:   7%|▋         | 8/120 [00:03<00:42,  2.61it/s]
train:   8%|▊         | 9/120 [00:04<00:54,  2.04it/s]
train:   8%|▊         | 10/120 [00:04<00:41,  2.66it/s]
train:   9%|▉         | 11/120 [00:05<00:52,  2.07it/s]
train:  10%|█         | 12/120 [00:05<00:40,  2.69it/s]
train:  11%|█         | 13/120 [00:06<00:50,  2.10it/s]
train:  12%|█▏        | 14/120 [00:06<00:39,  2.71it/s]
train:  12%|█▎        | 15/120 [00:06<00:51,  2.05it/s]
train:  13%|█▎        | 16/120 [00:07<00:38,  2.67it/s]
train:  14%|█▍        | 17/120 [00:07<00:49,  2.09it/s]
train:  15%|█▌        | 18/120 [00:07<00:37,  2.70it/s]
train:  16%|█▌        | 19/120 [00:08<00:47,  2.10it/s]
train:  17%|█▋        | 20/120 [00:08<00:36,  2.75it/s]
train:  18%|█▊        | 21/120 [00:09<00:46,  2.13it/s]
train:  18%|█▊        | 22/120 [00:09<00:35,  2.77it/s]
train:  19%|█▉        | 23/120 [00:10<00:46,  2.07it/s]
train:  20%|██        | 24/120 [00:10<00:35,  2.69it/s]
train:  21%|██        | 25/120 [00:11<00:45,  2.08it/s]
train:  22%|██▏       | 26/120 [00:11<00:34,  2.72it/s]
train:  22%|██▎       | 27/120 [00:12<00:44,  2.09it/s]
train:  23%|██▎       | 28/120 [00:12<00:33,  2.71it/s]
train:  24%|██▍       | 29/120 [00:12<00:43,  2.09it/s]
train:  25%|██▌       | 30/120 [00:12<00:33,  2.72it/s]
train:  26%|██▌       | 31/120 [00:13<00:43,  2.04it/s]
train:  27%|██▋       | 32/120 [00:13<00:33,  2.64it/s]
train:  28%|██▊       | 33/120 [00:14<00:41,  2.12it/s]
train:  28%|██▊       | 34/120 [00:14<00:31,  2.75it/s]
train:  29%|██▉       | 35/120 [00:15<00:41,  2.07it/s]
train:  30%|███       | 36/120 [00:15<00:31,  2.69it/s]
train:  31%|███       | 37/120 [00:16<00:39,  2.08it/s]
train:  32%|███▏      | 38/120 [00:16<00:30,  2.71it/s]
train:  32%|███▎      | 39/120 [00:17<00:38,  2.10it/s]
train:  33%|███▎      | 40/120 [00:17<00:29,  2.72it/s]
train:  34%|███▍      | 41/120 [00:18<00:38,  2.06it/s]
train:  35%|███▌      | 42/120 [00:18<00:29,  2.64it/s]
train:  36%|███▌      | 43/120 [00:18<00:37,  2.07it/s]
train:  38%|███▊      | 45/120 [00:19<00:34,  2.17it/s]
train:  38%|███▊      | 46/120 [00:19<00:27,  2.67it/s]
train:  39%|███▉      | 47/120 [00:20<00:34,  2.09it/s]
train:  40%|████      | 48/120 [00:20<00:27,  2.64it/s]
train:  41%|████      | 49/120 [00:21<00:32,  2.16it/s]
train:  42%|████▏     | 50/120 [00:21<00:25,  2.75it/s]
train:  42%|████▎     | 51/120 [00:22<00:32,  2.14it/s]
train:  43%|████▎     | 52/120 [00:22<00:24,  2.77it/s]
train:  44%|████▍     | 53/120 [00:23<00:31,  2.10it/s]
train:  45%|████▌     | 54/120 [00:23<00:24,  2.72it/s]
train:  46%|████▌     | 55/120 [00:24<00:32,  2.02it/s]
train:  47%|████▋     | 56/120 [00:24<00:24,  2.61it/s]
train:  48%|████▊     | 57/120 [00:24<00:30,  2.05it/s]
train:  48%|████▊     | 58/120 [00:24<00:23,  2.68it/s]
train:  49%|████▉     | 59/120 [00:25<00:29,  2.06it/s]
train:  50%|█████     | 60/120 [00:25<00:22,  2.64it/s]
train:  51%|█████     | 61/120 [00:26<00:28,  2.09it/s]
train:  52%|█████▏    | 62/120 [00:26<00:21,  2.73it/s]
train:  52%|█████▎    | 63/120 [00:27<00:27,  2.07it/s]
train:  53%|█████▎    | 64/120 [00:27<00:20,  2.69it/s]
train:  54%|█████▍    | 65/120 [00:29<00:45,  1.22it/s]
train:  55%|█████▌    | 66/120 [00:29<00:32,  1.64it/s]
train:  56%|█████▌    | 67/120 [00:30<00:33,  1.56it/s]
train:  57%|█████▋    | 68/120 [00:30<00:25,  2.07it/s]
train:  57%|█████▊    | 69/120 [00:31<00:29,  1.76it/s]
train:  58%|█████▊    | 70/120 [00:31<00:21,  2.29it/s]
train:  59%|█████▉    | 71/120 [00:31<00:25,  1.90it/s]
train:  60%|██████    | 72/120 [00:32<00:19,  2.48it/s]
train:  61%|██████    | 73/120 [00:32<00:23,  2.02it/s]
train:  62%|██████▏   | 74/120 [00:32<00:17,  2.63it/s]
train:  62%|██████▎   | 75/120 [00:33<00:21,  2.06it/s]
train:  63%|██████▎   | 76/120 [00:33<00:16,  2.69it/s]
train:  64%|██████▍   | 77/120 [00:34<00:20,  2.06it/s]
train:  65%|██████▌   | 78/120 [00:34<00:15,  2.66it/s]
train:  66%|██████▌   | 79/120 [00:35<00:19,  2.08it/s]
train:  67%|██████▋   | 80/120 [00:35<00:14,  2.69it/s]
train:  68%|██████▊   | 81/120 [00:36<00:19,  1.97it/s]
train:  68%|██████▊   | 82/120 [00:36<00:14,  2.58it/s]
train:  69%|██████▉   | 83/120 [00:37<00:18,  2.02it/s]
train:  70%|███████   | 84/120 [00:37<00:13,  2.62it/s]
train:  71%|███████   | 85/120 [00:38<00:17,  2.04it/s]
train:  72%|███████▏  | 86/120 [00:38<00:12,  2.67it/s]
train:  72%|███████▎  | 87/120 [00:38<00:16,  2.06it/s]
train:  73%|███████▎  | 88/120 [00:38<00:12,  2.66it/s]
train:  74%|███████▍  | 89/120 [00:39<00:14,  2.08it/s]
train:  75%|███████▌  | 90/120 [00:39<00:11,  2.69it/s]
train:  76%|███████▌  | 91/120 [00:40<00:13,  2.09it/s]
train:  77%|███████▋  | 92/120 [00:40<00:10,  2.73it/s]
train:  78%|███████▊  | 93/120 [00:41<00:12,  2.09it/s]
train:  78%|███████▊  | 94/120 [00:41<00:09,  2.71it/s]
train:  79%|███████▉  | 95/120 [00:42<00:11,  2.13it/s]
train:  81%|████████  | 97/120 [00:43<00:10,  2.23it/s]
train:  82%|████████▏ | 98/120 [00:43<00:08,  2.74it/s]
train:  82%|████████▎ | 99/120 [00:43<00:09,  2.11it/s]
train:  83%|████████▎ | 100/120 [00:44<00:07,  2.67it/s]
train:  84%|████████▍ | 101/120 [00:44<00:08,  2.11it/s]
train:  85%|████████▌ | 102/120 [00:44<00:06,  2.72it/s]
train:  86%|████████▌ | 103/120 [00:45<00:08,  2.12it/s]
train:  87%|████████▋ | 104/120 [00:45<00:05,  2.73it/s]
train:  88%|████████▊ | 105/120 [00:46<00:07,  2.08it/s]
train:  88%|████████▊ | 106/120 [00:46<00:05,  2.71it/s]
train:  89%|████████▉ | 107/120 [00:47<00:06,  2.08it/s]
train:  90%|█████████ | 108/120 [00:47<00:04,  2.70it/s]
train:  91%|█████████ | 109/120 [00:48<00:05,  2.11it/s]
train:  92%|█████████▏| 110/120 [00:48<00:03,  2.74it/s]
train:  92%|█████████▎| 111/120 [00:49<00:04,  2.01it/s]
train:  93%|█████████▎| 112/120 [00:49<00:03,  2.61it/s]
train:  94%|█████████▍| 113/120 [00:49<00:03,  2.01it/s]
train:  95%|█████████▌| 114/120 [00:50<00:02,  2.61it/s]
train:  96%|█████████▌| 115/120 [00:50<00:02,  2.08it/s]
train:  98%|█████████▊| 117/120 [00:51<00:01,  2.22it/s]
train:  98%|█████████▊| 118/120 [00:51<00:00,  2.72it/s]
train:  99%|█████████▉| 119/120 [00:52<00:00,  2.20it/s]
train: 100%|██████████| 120/120 [00:52<00:00,  2.75it/s]
                                                        

eval:   0%|          | 0/30 [00:00<?, ?it/s]
eval:   3%|▎         | 1/30 [00:00<00:25,  1.14it/s]
eval:  10%|█         | 3/30 [00:01<00:14,  1.88it/s]
eval:  17%|█▋        | 5/30 [00:02<00:12,  2.07it/s]
eval:  23%|██▎       | 7/30 [00:03<00:10,  2.24it/s]
eval:  30%|███       | 9/30 [00:04<00:08,  2.34it/s]
eval:  37%|███▋      | 11/30 [00:04<00:07,  2.40it/s]
eval:  43%|████▎     | 13/30 [00:05<00:07,  2.42it/s]
eval:  50%|█████     | 15/30 [00:06<00:06,  2.41it/s]
eval:  57%|█████▋    | 17/30 [00:07<00:05,  2.40it/s]
eval:  63%|██████▎   | 19/30 [00:08<00:04,  2.45it/s]
eval:  70%|███████   | 21/30 [00:10<00:05,  1.74it/s]
eval:  77%|███████▋  | 23/30 [00:10<00:03,  1.88it/s]
eval:  83%|████████▎ | 25/30 [00:11<00:02,  2.00it/s]
eval:  90%|█████████ | 27/30 [00:12<00:01,  2.13it/s]
eval:  97%|█████████▋| 29/30 [00:13<00:00,  2.27it/s]
                                                     
Epoch 24 | stage 2 | train loss 0.3516 (cls 0.3516, ctr 0.0000) acc 0.9917 f1 0.9917 | val loss 1.0822 (cls 1.0822, ctr 0.0000) acc 0.7417 f1 0.7201 | lr [6.78e-05, 2.71e-06, 2.71e-06]

train:   0%|          | 0/120 [00:00<?, ?it/s]
train:   1%|          | 1/120 [00:00<01:53,  1.05it/s]
train:   2%|▏         | 2/120 [00:01<00:54,  2.16it/s]
train:   2%|▎         | 3/120 [00:01<01:10,  1.66it/s]
train:   3%|▎         | 4/120 [00:01<00:47,  2.45it/s]
train:   4%|▍         | 5/120 [00:02<01:00,  1.89it/s]
train:   5%|▌         | 6/120 [00:02<00:44,  2.57it/s]
train:   6%|▌         | 7/120 [00:03<00:56,  2.01it/s]
train:   7%|▋         | 8/120 [00:03<00:42,  2.64it/s]
train:   8%|▊         | 9/120 [00:04<00:54,  2.04it/s]
train:   8%|▊         | 10/120 [00:04<00:40,  2.69it/s]
train:   9%|▉         | 11/120 [00:05<00:54,  2.00it/s]
train:  10%|█         | 12/120 [00:05<00:41,  2.62it/s]
train:  11%|█         | 13/120 [00:06<00:52,  2.04it/s]
train:  12%|█▏        | 14/120 [00:06<00:39,  2.67it/s]
train:  12%|█▎        | 15/120 [00:06<00:49,  2.11it/s]
train:  13%|█▎        | 16/120 [00:07<00:38,  2.72it/s]
train:  14%|█▍        | 17/120 [00:07<00:49,  2.08it/s]
train:  15%|█▌        | 18/120 [00:07<00:37,  2.69it/s]
train:  16%|█▌        | 19/120 [00:08<00:47,  2.12it/s]
train:  17%|█▋        | 20/120 [00:08<00:36,  2.74it/s]
train:  18%|█▊        | 21/120 [00:09<00:47,  2.09it/s]
train:  18%|█▊        | 22/120 [00:09<00:36,  2.70it/s]
train:  19%|█▉        | 23/120 [00:10<00:47,  2.06it/s]
train:  20%|██        | 24/120 [00:10<00:35,  2.70it/s]
train:  21%|██        | 25/120 [00:11<00:46,  2.05it/s]
train:  22%|██▏       | 26/120 [00:11<00:35,  2.67it/s]
train:  22%|██▎       | 27/120 [00:12<00:44,  2.08it/s]
train:  23%|██▎       | 28/120 [00:12<00:33,  2.72it/s]
train:  24%|██▍       | 29/120 [00:12<00:45,  2.02it/s]
train:  25%|██▌       | 30/120 [00:13<00:34,  2.61it/s]
train:  26%|██▌       | 31/120 [00:13<00:43,  2.03it/s]
train:  27%|██▋       | 32/120 [00:13<00:33,  2.64it/s]
train:  28%|██▊       | 33/120 [00:14<00:42,  2.03it/s]
train:  28%|██▊       | 34/120 [00:14<00:32,  2.64it/s]
train:  29%|██▉       | 35/120 [00:15<00:40,  2.09it/s]
train:  30%|███       | 36/120 [00:15<00:30,  2.71it/s]
train:  31%|███       | 37/120 [00:16<00:40,  2.06it/s]
train:  32%|███▏      | 38/120 [00:16<00:30,  2.69it/s]
train:  32%|███▎      | 39/120 [00:17<00:39,  2.04it/s]
train:  34%|███▍      | 41/120 [00:18<00:36,  2.19it/s]
train:  35%|███▌      | 42/120 [00:18<00:28,  2.69it/s]
train:  36%|███▌      | 43/120 [00:19<00:36,  2.09it/s]
train:  37%|███▋      | 44/120 [00:19<00:28,  2.64it/s]
train:  38%|███▊      | 45/120 [00:19<00:36,  2.06it/s]
train:  38%|███▊      | 46/120 [00:19<00:27,  2.65it/s]
train:  39%|███▉      | 47/120 [00:20<00:35,  2.05it/s]
train:  40%|████      | 48/120 [00:20<00:27,  2.64it/s]
train:  41%|████      | 49/120 [00:21<00:33,  2.09it/s]
train:  42%|████▏     | 50/120 [00:21<00:26,  2.69it/s]
train:  42%|████▎     | 51/120 [00:22<00:32,  2.10it/s]
train:  43%|████▎     | 52/120 [00:22<00:25,  2.70it/s]
train:  44%|████▍     | 53/120 [00:23<00:31,  2.09it/s]
train:  45%|████▌     | 54/120 [00:23<00:24,  2.73it/s]
train:  46%|████▌     | 55/120 [00:24<00:31,  2.06it/s]
train:  47%|████▋     | 56/120 [00:24<00:23,  2.69it/s]
train:  48%|████▊     | 57/120 [00:25<00:31,  1.98it/s]
train:  48%|████▊     | 58/120 [00:25<00:23,  2.59it/s]
train:  49%|████▉     | 59/120 [00:25<00:30,  1.99it/s]
train:  50%|█████     | 60/120 [00:26<00:23,  2.58it/s]
train:  51%|█████     | 61/120 [00:26<00:29,  2.01it/s]
train:  52%|█████▏    | 62/120 [00:26<00:22,  2.61it/s]
train:  52%|█████▎    | 63/120 [00:27<00:28,  2.01it/s]
train:  53%|█████▎    | 64/120 [00:27<00:21,  2.64it/s]
train:  54%|█████▍    | 65/120 [00:29<00:46,  1.18it/s]
train:  55%|█████▌    | 66/120 [00:29<00:33,  1.60it/s]
train:  56%|█████▌    | 67/120 [00:30<00:35,  1.51it/s]
train:  57%|█████▋    | 68/120 [00:30<00:25,  2.00it/s]
train:  57%|█████▊    | 69/120 [00:31<00:28,  1.76it/s]
train:  58%|█████▊    | 70/120 [00:31<00:21,  2.32it/s]
train:  59%|█████▉    | 71/120 [00:32<00:25,  1.92it/s]
train:  60%|██████    | 72/120 [00:32<00:19,  2.51it/s]
train:  61%|██████    | 73/120 [00:33<00:23,  1.98it/s]
train:  62%|██████▏   | 74/120 [00:33<00:17,  2.58it/s]
train:  62%|██████▎   | 75/120 [00:34<00:22,  2.03it/s]
train:  63%|██████▎   | 76/120 [00:34<00:16,  2.65it/s]
train:  64%|██████▍   | 77/120 [00:34<00:21,  1.99it/s]
train:  66%|██████▌   | 79/120 [00:35<00:19,  2.10it/s]
train:  67%|██████▋   | 80/120 [00:35<00:15,  2.58it/s]
train:  68%|██████▊   | 81/120 [00:36<00:18,  2.11it/s]
train:  68%|██████▊   | 82/120 [00:36<00:14,  2.66it/s]
train:  69%|██████▉   | 83/120 [00:37<00:17,  2.06it/s]
train:  70%|███████   | 84/120 [00:37<00:13,  2.64it/s]
train:  71%|███████   | 85/120 [00:38<00:16,  2.06it/s]
train:  72%|███████▏  | 86/120 [00:38<00:12,  2.67it/s]
train:  72%|███████▎  | 87/120 [00:39<00:15,  2.09it/s]
train:  73%|███████▎  | 88/120 [00:39<00:11,  2.72it/s]
train:  74%|███████▍  | 89/120 [00:40<00:15,  2.06it/s]
train:  75%|███████▌  | 90/120 [00:40<00:11,  2.67it/s]
train:  76%|███████▌  | 91/120 [00:40<00:14,  2.06it/s]
train:  77%|███████▋  | 92/120 [00:41<00:10,  2.67it/s]
train:  78%|███████▊  | 93/120 [00:41<00:12,  2.09it/s]
train:  78%|███████▊  | 94/120 [00:41<00:09,  2.70it/s]
train:  79%|███████▉  | 95/120 [00:42<00:11,  2.09it/s]
train:  80%|████████  | 96/120 [00:42<00:08,  2.72it/s]
train:  81%|████████  | 97/120 [00:43<00:11,  2.07it/s]
train:  82%|████████▏ | 98/120 [00:43<00:08,  2.71it/s]
train:  82%|████████▎ | 99/120 [00:44<00:09,  2.10it/s]
train:  84%|████████▍ | 101/120 [00:45<00:08,  2.20it/s]
train:  85%|████████▌ | 102/120 [00:45<00:06,  2.70it/s]
train:  86%|████████▌ | 103/120 [00:46<00:07,  2.13it/s]
train:  87%|████████▋ | 104/120 [00:46<00:05,  2.68it/s]
train:  88%|████████▊ | 105/120 [00:46<00:06,  2.17it/s]
train:  88%|████████▊ | 106/120 [00:46<00:05,  2.78it/s]
train:  89%|████████▉ | 107/120 [00:47<00:06,  2.16it/s]
train:  90%|█████████ | 108/120 [00:47<00:04,  2.78it/s]
train:  91%|█████████ | 109/120 [00:48<00:05,  2.11it/s]
train:  92%|█████████▏| 110/120 [00:48<00:03,  2.72it/s]
train:  92%|█████████▎| 111/120 [00:49<00:04,  2.13it/s]
train:  93%|█████████▎| 112/120 [00:49<00:02,  2.77it/s]
train:  94%|█████████▍| 113/120 [00:50<00:03,  2.10it/s]
train:  95%|█████████▌| 114/120 [00:50<00:02,  2.71it/s]
train:  96%|█████████▌| 115/120 [00:51<00:02,  2.10it/s]
train:  97%|█████████▋| 116/120 [00:51<00:01,  2.74it/s]
train:  98%|█████████▊| 117/120 [00:51<00:01,  2.13it/s]
train:  98%|█████████▊| 118/120 [00:51<00:00,  2.77it/s]
train:  99%|█████████▉| 119/120 [00:52<00:00,  2.18it/s]
train: 100%|██████████| 120/120 [00:52<00:00,  2.81it/s]
                                                        

eval:   0%|          | 0/30 [00:00<?, ?it/s]
eval:   3%|▎         | 1/30 [00:00<00:24,  1.17it/s]
eval:  10%|█         | 3/30 [00:01<00:14,  1.89it/s]
eval:  17%|█▋        | 5/30 [00:02<00:12,  2.07it/s]
eval:  23%|██▎       | 7/30 [00:03<00:10,  2.23it/s]
eval:  30%|███       | 9/30 [00:04<00:09,  2.31it/s]
eval:  37%|███▋      | 11/30 [00:04<00:07,  2.38it/s]
eval:  43%|████▎     | 13/30 [00:05<00:07,  2.40it/s]
eval:  50%|█████     | 15/30 [00:06<00:06,  2.40it/s]
eval:  57%|█████▋    | 17/30 [00:07<00:05,  2.41it/s]
eval:  63%|██████▎   | 19/30 [00:08<00:04,  2.44it/s]
eval:  70%|███████   | 21/30 [00:09<00:03,  2.47it/s]
eval:  77%|███████▋  | 23/30 [00:11<00:04,  1.65it/s]
eval:  83%|████████▎ | 25/30 [00:12<00:02,  1.82it/s]
eval:  90%|█████████ | 27/30 [00:12<00:01,  1.98it/s]
eval:  97%|█████████▋| 29/30 [00:13<00:00,  2.13it/s]
                                                     
Epoch 25 | stage 2 | train loss 0.3570 (cls 0.3570, ctr 0.0000) acc 0.9854 f1 0.9853 | val loss 1.0303 (cls 1.0303, ctr 0.0000) acc 0.7500 f1 0.7402 | lr [5.95e-05, 2.38e-06, 2.38e-06]

train:   0%|          | 0/120 [00:00<?, ?it/s]
train:   1%|          | 1/120 [00:00<01:53,  1.05it/s]
train:   2%|▏         | 2/120 [00:01<00:53,  2.19it/s]
train:   2%|▎         | 3/120 [00:01<01:09,  1.68it/s]
train:   3%|▎         | 4/120 [00:01<00:46,  2.48it/s]
train:   4%|▍         | 5/120 [00:02<01:00,  1.89it/s]
train:   5%|▌         | 6/120 [00:02<00:44,  2.59it/s]
train:   6%|▌         | 7/120 [00:03<00:56,  2.00it/s]
train:   7%|▋         | 8/120 [00:03<00:41,  2.67it/s]
train:   8%|▊         | 9/120 [00:04<00:54,  2.04it/s]
train:   8%|▊         | 10/120 [00:04<00:41,  2.68it/s]
train:   9%|▉         | 11/120 [00:05<00:54,  2.00it/s]
train:  10%|█         | 12/120 [00:05<00:40,  2.64it/s]
train:  11%|█         | 13/120 [00:06<00:53,  2.01it/s]
train:  12%|█▏        | 14/120 [00:06<00:40,  2.63it/s]
train:  12%|█▎        | 15/120 [00:07<00:52,  2.00it/s]
train:  13%|█▎        | 16/120 [00:07<00:39,  2.61it/s]
train:  14%|█▍        | 17/120 [00:07<00:50,  2.03it/s]
train:  15%|█▌        | 18/120 [00:08<00:38,  2.63it/s]
train:  16%|█▌        | 19/120 [00:08<00:49,  2.02it/s]
train:  17%|█▋        | 20/120 [00:08<00:38,  2.63it/s]
train:  18%|█▊        | 21/120 [00:09<00:47,  2.08it/s]
train:  18%|█▊        | 22/120 [00:09<00:36,  2.69it/s]
train:  19%|█▉        | 23/120 [00:10<00:45,  2.11it/s]
train:  20%|██        | 24/120 [00:10<00:35,  2.71it/s]
train:  21%|██        | 25/120 [00:11<00:44,  2.11it/s]
train:  22%|██▏       | 26/120 [00:11<00:34,  2.74it/s]
train:  22%|██▎       | 27/120 [00:12<00:44,  2.07it/s]
train:  23%|██▎       | 28/120 [00:12<00:34,  2.69it/s]
train:  24%|██▍       | 29/120 [00:13<00:44,  2.06it/s]
train:  25%|██▌       | 30/120 [00:13<00:33,  2.70it/s]
train:  26%|██▌       | 31/120 [00:13<00:43,  2.07it/s]
train:  27%|██▋       | 32/120 [00:13<00:32,  2.69it/s]
train:  28%|██▊       | 33/120 [00:14<00:40,  2.12it/s]
train:  28%|██▊       | 34/120 [00:14<00:31,  2.77it/s]
train:  29%|██▉       | 35/120 [00:15<00:41,  2.04it/s]
train:  31%|███       | 37/120 [00:16<00:38,  2.14it/s]
train:  32%|███▏      | 38/120 [00:16<00:31,  2.63it/s]
train:  32%|███▎      | 39/120 [00:17<00:38,  2.11it/s]
train:  33%|███▎      | 40/120 [00:17<00:29,  2.67it/s]
train:  34%|███▍      | 41/120 [00:18<00:37,  2.09it/s]
train:  35%|███▌      | 42/120 [00:18<00:29,  2.68it/s]
train:  36%|███▌      | 43/120 [00:19<00:36,  2.09it/s]
train:  37%|███▋      | 44/120 [00:19<00:28,  2.69it/s]
train:  38%|███▊      | 45/120 [00:19<00:36,  2.06it/s]
train:  38%|███▊      | 46/120 [00:19<00:27,  2.68it/s]
train:  39%|███▉      | 47/120 [00:20<00:35,  2.05it/s]
train:  40%|████      | 48/120 [00:20<00:26,  2.68it/s]
train:  41%|████      | 49/120 [00:21<00:34,  2.04it/s]
train:  42%|████▏     | 50/120 [00:21<00:26,  2.66it/s]
train:  42%|████▎     | 51/120 [00:22<00:32,  2.11it/s]
train:  43%|████▎     | 52/120 [00:22<00:24,  2.73it/s]
train:  44%|████▍     | 53/120 [00:23<00:31,  2.11it/s]
train:  45%|████▌     | 54/120 [00:23<00:24,  2.74it/s]
train:  46%|████▌     | 55/120 [00:24<00:31,  2.08it/s]
train:  47%|████▋     | 56/120 [00:24<00:23,  2.71it/s]
train:  48%|████▊     | 57/120 [00:24<00:30,  2.08it/s]
train:  48%|████▊     | 58/120 [00:25<00:22,  2.70it/s]
train:  49%|████▉     | 59/120 [00:25<00:29,  2.10it/s]
train:  50%|█████     | 60/120 [00:25<00:22,  2.72it/s]
train:  51%|█████     | 61/120 [00:26<00:28,  2.05it/s]
train:  52%|█████▏    | 62/120 [00:26<00:21,  2.64it/s]
train:  52%|█████▎    | 63/120 [00:27<00:27,  2.05it/s]
train:  53%|█████▎    | 64/120 [00:27<00:20,  2.67it/s]
train:  54%|█████▍    | 65/120 [00:28<00:26,  2.09it/s]
train:  55%|█████▌    | 66/120 [00:28<00:19,  2.73it/s]
train:  56%|█████▌    | 67/120 [00:30<00:44,  1.19it/s]
train:  57%|█████▋    | 68/120 [00:30<00:32,  1.60it/s]
train:  57%|█████▊    | 69/120 [00:31<00:34,  1.50it/s]
train:  58%|█████▊    | 70/120 [00:31<00:25,  2.00it/s]
train:  59%|█████▉    | 71/120 [00:32<00:28,  1.74it/s]
train:  60%|██████    | 72/120 [00:32<00:20,  2.29it/s]
train:  61%|██████    | 73/120 [00:33<00:25,  1.88it/s]
train:  62%|██████▏   | 74/120 [00:33<00:18,  2.47it/s]
train:  62%|██████▎   | 75/120 [00:33<00:22,  1.99it/s]
train:  63%|██████▎   | 76/120 [00:34<00:16,  2.59it/s]
train:  64%|██████▍   | 77/120 [00:34<00:21,  2.00it/s]
train:  65%|██████▌   | 78/120 [00:34<00:16,  2.60it/s]
train:  66%|██████▌   | 79/120 [00:35<00:20,  2.03it/s]
train:  67%|██████▋   | 80/120 [00:35<00:15,  2.64it/s]
train:  68%|██████▊   | 81/120 [00:36<00:19,  2.05it/s]
train:  68%|██████▊   | 82/120 [00:36<00:14,  2.68it/s]
train:  69%|██████▉   | 83/120 [00:37<00:18,  2.05it/s]
train:  70%|███████   | 84/120 [00:37<00:13,  2.66it/s]
train:  71%|███████   | 85/120 [00:38<00:17,  2.06it/s]
train:  72%|███████▏  | 86/120 [00:38<00:12,  2.69it/s]
train:  72%|███████▎  | 87/120 [00:39<00:15,  2.08it/s]
train:  73%|███████▎  | 88/120 [00:39<00:11,  2.71it/s]
train:  74%|███████▍  | 89/120 [00:39<00:14,  2.12it/s]
train:  75%|███████▌  | 90/120 [00:39<00:10,  2.75it/s]
train:  76%|███████▌  | 91/120 [00:40<00:14,  2.06it/s]
train:  77%|███████▋  | 92/120 [00:40<00:10,  2.69it/s]
train:  78%|███████▊  | 93/120 [00:41<00:13,  2.05it/s]
train:  78%|███████▊  | 94/120 [00:41<00:09,  2.64it/s]
train:  79%|███████▉  | 95/120 [00:42<00:12,  2.07it/s]
train:  80%|████████  | 96/120 [00:42<00:08,  2.67it/s]
train:  81%|████████  | 97/120 [00:43<00:10,  2.11it/s]
train:  82%|████████▏ | 98/120 [00:43<00:08,  2.73it/s]
train:  82%|████████▎ | 99/120 [00:44<00:10,  2.10it/s]
train:  83%|████████▎ | 100/120 [00:44<00:07,  2.74it/s]
train:  84%|████████▍ | 101/120 [00:44<00:08,  2.12it/s]
train:  85%|████████▌ | 102/120 [00:45<00:06,  2.76it/s]
train:  86%|████████▌ | 103/120 [00:45<00:07,  2.17it/s]
train:  87%|████████▋ | 104/120 [00:45<00:05,  2.79it/s]
train:  88%|████████▊ | 105/120 [00:46<00:07,  2.06it/s]
train:  88%|████████▊ | 106/120 [00:46<00:05,  2.67it/s]
train:  89%|████████▉ | 107/120 [00:47<00:06,  2.04it/s]
train:  90%|█████████ | 108/120 [00:47<00:04,  2.64it/s]
train:  91%|█████████ | 109/120 [00:48<00:05,  2.06it/s]
train:  92%|█████████▏| 110/120 [00:48<00:03,  2.66it/s]
train:  92%|█████████▎| 111/120 [00:49<00:04,  2.10it/s]
train:  93%|█████████▎| 112/120 [00:49<00:02,  2.71it/s]
train:  94%|█████████▍| 113/120 [00:50<00:03,  2.11it/s]
train:  95%|█████████▌| 114/120 [00:50<00:02,  2.75it/s]
train:  96%|█████████▌| 115/120 [00:50<00:02,  2.10it/s]
train:  97%|█████████▋| 116/120 [00:51<00:01,  2.71it/s]
train:  98%|█████████▊| 117/120 [00:51<00:01,  2.08it/s]
train:  98%|█████████▊| 118/120 [00:51<00:00,  2.71it/s]
train:  99%|█████████▉| 119/120 [00:52<00:00,  2.10it/s]
train: 100%|██████████| 120/120 [00:52<00:00,  2.72it/s]
                                                        

eval:   0%|          | 0/30 [00:00<?, ?it/s]
eval:   3%|▎         | 1/30 [00:00<00:25,  1.12it/s]
eval:  10%|█         | 3/30 [00:01<00:14,  1.88it/s]
eval:  17%|█▋        | 5/30 [00:02<00:12,  2.05it/s]
eval:  23%|██▎       | 7/30 [00:03<00:10,  2.24it/s]
eval:  30%|███       | 9/30 [00:04<00:08,  2.34it/s]
eval:  37%|███▋      | 11/30 [00:04<00:07,  2.39it/s]
eval:  43%|████▎     | 13/30 [00:05<00:07,  2.40it/s]
eval:  50%|█████     | 15/30 [00:06<00:06,  2.42it/s]
eval:  57%|█████▋    | 17/30 [00:07<00:05,  2.41it/s]
eval:  63%|██████▎   | 19/30 [00:08<00:04,  2.46it/s]
eval:  70%|███████   | 21/30 [00:08<00:03,  2.50it/s]
eval:  77%|███████▋  | 23/30 [00:11<00:04,  1.69it/s]
eval:  83%|████████▎ | 25/30 [00:11<00:02,  1.85it/s]
eval:  90%|█████████ | 27/30 [00:12<00:01,  2.01it/s]
eval:  97%|█████████▋| 29/30 [00:13<00:00,  2.15it/s]
                                                     
Epoch 26 | stage 2 | train loss 0.3469 (cls 0.3469, ctr 0.0000) acc 0.9906 f1 0.9897 | val loss 1.0196 (cls 1.0196, ctr 0.0000) acc 0.7708 f1 0.7558 | lr [5.17e-05, 2.07e-06, 2.07e-06]

train:   0%|          | 0/120 [00:00<?, ?it/s]
train:   1%|          | 1/120 [00:00<01:52,  1.06it/s]
train:   2%|▏         | 2/120 [00:01<00:53,  2.20it/s]
train:   2%|▎         | 3/120 [00:01<01:07,  1.74it/s]
train:   3%|▎         | 4/120 [00:01<00:45,  2.55it/s]
train:   4%|▍         | 5/120 [00:02<01:00,  1.90it/s]
train:   5%|▌         | 6/120 [00:02<00:43,  2.59it/s]
train:   6%|▌         | 7/120 [00:03<00:57,  1.97it/s]
train:   7%|▋         | 8/120 [00:03<00:42,  2.61it/s]
train:   8%|▊         | 9/120 [00:04<00:54,  2.05it/s]
train:   8%|▊         | 10/120 [00:04<00:40,  2.69it/s]
train:   9%|▉         | 11/120 [00:05<00:51,  2.10it/s]
train:  10%|█         | 12/120 [00:05<00:39,  2.76it/s]
train:  11%|█         | 13/120 [00:06<00:51,  2.09it/s]
train:  12%|█▏        | 14/120 [00:06<00:39,  2.70it/s]
train:  12%|█▎        | 15/120 [00:06<00:50,  2.08it/s]
train:  13%|█▎        | 16/120 [00:07<00:38,  2.69it/s]
train:  14%|█▍        | 17/120 [00:07<00:48,  2.12it/s]
train:  15%|█▌        | 18/120 [00:07<00:37,  2.75it/s]
train:  16%|█▌        | 19/120 [00:08<00:48,  2.10it/s]
train:  17%|█▋        | 20/120 [00:08<00:36,  2.72it/s]
train:  18%|█▊        | 21/120 [00:09<00:47,  2.09it/s]
train:  18%|█▊        | 22/120 [00:09<00:35,  2.72it/s]
train:  19%|█▉        | 23/120 [00:10<00:46,  2.07it/s]
train:  20%|██        | 24/120 [00:10<00:35,  2.70it/s]
train:  21%|██        | 25/120 [00:11<00:46,  2.03it/s]
train:  22%|██▏       | 26/120 [00:11<00:35,  2.64it/s]
train:  22%|██▎       | 27/120 [00:12<00:45,  2.03it/s]
train:  23%|██▎       | 28/120 [00:12<00:34,  2.66it/s]
train:  24%|██▍       | 29/120 [00:12<00:45,  2.01it/s]
train:  25%|██▌       | 30/120 [00:13<00:34,  2.61it/s]
train:  26%|██▌       | 31/120 [00:13<00:42,  2.08it/s]
train:  27%|██▋       | 32/120 [00:13<00:32,  2.72it/s]
train:  28%|██▊       | 33/120 [00:14<00:41,  2.08it/s]
train:  28%|██▊       | 34/120 [00:14<00:31,  2.71it/s]
train:  29%|██▉       | 35/120 [00:15<00:40,  2.09it/s]
train:  31%|███       | 37/120 [00:16<00:36,  2.26it/s]
train:  32%|███▏      | 38/120 [00:16<00:29,  2.78it/s]
train:  32%|███▎      | 39/120 [00:17<00:36,  2.19it/s]
train:  33%|███▎      | 40/120 [00:17<00:28,  2.76it/s]
train:  34%|███▍      | 41/120 [00:17<00:37,  2.13it/s]
train:  35%|███▌      | 42/120 [00:18<00:28,  2.72it/s]
train:  36%|███▌      | 43/120 [00:18<00:36,  2.09it/s]
train:  37%|███▋      | 44/120 [00:18<00:28,  2.68it/s]
train:  38%|███▊      | 45/120 [00:19<00:34,  2.19it/s]
train:  38%|███▊      | 46/120 [00:19<00:26,  2.84it/s]
train:  39%|███▉      | 47/120 [00:20<00:33,  2.15it/s]
train:  40%|████      | 48/120 [00:20<00:26,  2.76it/s]
train:  41%|████      | 49/120 [00:21<00:32,  2.17it/s]
train:  42%|████▏     | 50/120 [00:21<00:25,  2.80it/s]
train:  42%|████▎     | 51/120 [00:22<00:32,  2.15it/s]
train:  43%|████▎     | 52/120 [00:22<00:24,  2.78it/s]
train:  44%|████▍     | 53/120 [00:22<00:32,  2.07it/s]
train:  45%|████▌     | 54/120 [00:23<00:24,  2.67it/s]
train:  46%|████▌     | 55/120 [00:23<00:31,  2.06it/s]
train:  47%|████▋     | 56/120 [00:23<00:23,  2.69it/s]
train:  48%|████▊     | 57/120 [00:24<00:30,  2.08it/s]
train:  48%|████▊     | 58/120 [00:24<00:23,  2.69it/s]
train:  49%|████▉     | 59/120 [00:25<00:29,  2.06it/s]
train:  50%|█████     | 60/120 [00:25<00:22,  2.70it/s]
train:  51%|█████     | 61/120 [00:26<00:29,  2.02it/s]
train:  52%|█████▎    | 63/120 [00:27<00:26,  2.18it/s]
train:  53%|█████▎    | 64/120 [00:27<00:20,  2.68it/s]
train:  54%|█████▍    | 65/120 [00:28<00:25,  2.12it/s]
train:  55%|█████▌    | 66/120 [00:28<00:20,  2.66it/s]
train:  56%|█████▌    | 67/120 [00:28<00:24,  2.13it/s]
train:  57%|█████▋    | 68/120 [00:29<00:19,  2.72it/s]
train:  57%|█████▊    | 69/120 [00:31<00:44,  1.15it/s]
train:  58%|█████▊    | 70/120 [00:31<00:32,  1.55it/s]
train:  59%|█████▉    | 71/120 [00:31<00:33,  1.48it/s]
train:  60%|██████    | 72/120 [00:32<00:24,  1.96it/s]
train:  61%|██████    | 73/120 [00:32<00:26,  1.74it/s]
train:  62%|██████▏   | 74/120 [00:32<00:19,  2.30it/s]
train:  62%|██████▎   | 75/120 [00:33<00:24,  1.87it/s]
train:  63%|██████▎   | 76/120 [00:33<00:18,  2.43it/s]
train:  64%|██████▍   | 77/120 [00:34<00:22,  1.91it/s]
train:  65%|██████▌   | 78/120 [00:34<00:17,  2.47it/s]
train:  66%|██████▌   | 79/120 [00:35<00:21,  1.93it/s]
train:  67%|██████▋   | 80/120 [00:35<00:15,  2.53it/s]
train:  68%|██████▊   | 81/120 [00:36<00:20,  1.93it/s]
train:  68%|██████▊   | 82/120 [00:36<00:15,  2.51it/s]
train:  69%|██████▉   | 83/120 [00:37<00:19,  1.92it/s]
train:  70%|███████   | 84/120 [00:37<00:14,  2.51it/s]
train:  71%|███████   | 85/120 [00:38<00:17,  1.97it/s]
train:  72%|███████▏  | 86/120 [00:38<00:13,  2.57it/s]
train:  72%|███████▎  | 87/120 [00:39<00:16,  1.99it/s]
train:  74%|███████▍  | 89/120 [00:39<00:14,  2.15it/s]
train:  75%|███████▌  | 90/120 [00:40<00:11,  2.65it/s]
train:  76%|███████▌  | 91/120 [00:40<00:13,  2.16it/s]
train:  77%|███████▋  | 92/120 [00:40<00:10,  2.72it/s]
train:  78%|███████▊  | 93/120 [00:41<00:12,  2.17it/s]
train:  78%|███████▊  | 94/120 [00:41<00:09,  2.77it/s]
train:  79%|███████▉  | 95/120 [00:42<00:11,  2.20it/s]
train:  81%|████████  | 97/120 [00:43<00:09,  2.35it/s]
train:  82%|████████▏ | 98/120 [00:43<00:07,  2.87it/s]
train:  82%|████████▎ | 99/120 [00:43<00:09,  2.23it/s]
train:  83%|████████▎ | 100/120 [00:44<00:07,  2.82it/s]
train:  84%|████████▍ | 101/120 [00:44<00:08,  2.22it/s]
train:  85%|████████▌ | 102/120 [00:44<00:06,  2.84it/s]
train:  86%|████████▌ | 103/120 [00:45<00:07,  2.18it/s]
train:  87%|████████▋ | 104/120 [00:45<00:05,  2.81it/s]
train:  88%|████████▊ | 105/120 [00:46<00:06,  2.16it/s]
train:  88%|████████▊ | 106/120 [00:46<00:05,  2.78it/s]
train:  89%|████████▉ | 107/120 [00:47<00:06,  2.03it/s]
train:  90%|█████████ | 108/120 [00:47<00:04,  2.63it/s]
train:  91%|█████████ | 109/120 [00:48<00:05,  2.03it/s]
train:  92%|█████████▏| 110/120 [00:48<00:03,  2.64it/s]
train:  92%|█████████▎| 111/120 [00:49<00:04,  2.05it/s]
train:  93%|█████████▎| 112/120 [00:49<00:03,  2.66it/s]
train:  94%|█████████▍| 113/120 [00:49<00:03,  2.02it/s]
train:  95%|█████████▌| 114/120 [00:50<00:02,  2.61it/s]
train:  96%|█████████▌| 115/120 [00:50<00:02,  2.02it/s]
train:  97%|█████████▋| 116/120 [00:50<00:01,  2.62it/s]
train:  98%|█████████▊| 117/120 [00:51<00:01,  2.10it/s]
train:  98%|█████████▊| 118/120 [00:51<00:00,  2.73it/s]
train:  99%|█████████▉| 119/120 [00:52<00:00,  2.09it/s]
train: 100%|██████████| 120/120 [00:52<00:00,  2.69it/s]
                                                        

eval:   0%|          | 0/30 [00:00<?, ?it/s]
eval:   3%|▎         | 1/30 [00:00<00:25,  1.12it/s]
eval:  10%|█         | 3/30 [00:01<00:14,  1.86it/s]
eval:  17%|█▋        | 5/30 [00:02<00:12,  2.03it/s]
eval:  23%|██▎       | 7/30 [00:03<00:10,  2.24it/s]
eval:  30%|███       | 9/30 [00:04<00:09,  2.31it/s]
eval:  37%|███▋      | 11/30 [00:05<00:07,  2.38it/s]
eval:  43%|████▎     | 13/30 [00:05<00:07,  2.39it/s]
eval:  50%|█████     | 15/30 [00:06<00:06,  2.43it/s]
eval:  57%|█████▋    | 17/30 [00:07<00:05,  2.41it/s]
eval:  63%|██████▎   | 19/30 [00:08<00:04,  2.46it/s]
eval:  70%|███████   | 21/30 [00:09<00:03,  2.48it/s]
eval:  77%|███████▋  | 23/30 [00:09<00:02,  2.46it/s]
eval:  83%|████████▎ | 25/30 [00:10<00:02,  2.41it/s]
eval:  90%|█████████ | 27/30 [00:11<00:01,  2.45it/s]
eval:  97%|█████████▋| 29/30 [00:12<00:00,  2.47it/s]
                                                     
Epoch 27 | stage 2 | train loss 0.3537 (cls 0.3537, ctr 0.0000) acc 0.9865 f1 0.9863 | val loss 1.0926 (cls 1.0926, ctr 0.0000) acc 0.7583 f1 0.7444 | lr [4.47e-05, 1.79e-06, 1.79e-06]

train:   0%|          | 0/120 [00:00<?, ?it/s]
train:   1%|          | 1/120 [00:00<01:58,  1.00it/s]
train:   2%|▏         | 2/120 [00:01<00:56,  2.08it/s]
train:   2%|▎         | 3/120 [00:01<01:11,  1.64it/s]
train:   3%|▎         | 4/120 [00:01<00:47,  2.43it/s]
train:   4%|▍         | 5/120 [00:02<01:00,  1.89it/s]
train:   5%|▌         | 6/120 [00:02<00:43,  2.61it/s]
train:   6%|▌         | 7/120 [00:03<00:57,  1.97it/s]
train:   7%|▋         | 8/120 [00:03<00:42,  2.63it/s]
train:   8%|▊         | 9/120 [00:04<00:57,  1.95it/s]
train:   8%|▊         | 10/120 [00:04<00:43,  2.55it/s]
train:   9%|▉         | 11/120 [00:05<00:55,  1.98it/s]
train:  10%|█         | 12/120 [00:05<00:41,  2.58it/s]
train:  11%|█         | 13/120 [00:06<00:52,  2.05it/s]
train:  12%|█▏        | 14/120 [00:06<00:39,  2.68it/s]
train:  12%|█▎        | 15/120 [00:07<00:51,  2.02it/s]
train:  13%|█▎        | 16/120 [00:07<00:39,  2.62it/s]
train:  14%|█▍        | 17/120 [00:08<00:51,  1.99it/s]
train:  15%|█▌        | 18/120 [00:08<00:39,  2.58it/s]
train:  16%|█▌        | 19/120 [00:08<00:51,  1.98it/s]
train:  17%|█▋        | 20/120 [00:09<00:38,  2.60it/s]
train:  18%|█▊        | 21/120 [00:09<00:50,  1.98it/s]
train:  18%|█▊        | 22/120 [00:09<00:38,  2.58it/s]
train:  19%|█▉        | 23/120 [00:10<00:49,  1.97it/s]
train:  20%|██        | 24/120 [00:10<00:37,  2.59it/s]
train:  21%|██        | 25/120 [00:11<00:47,  2.01it/s]
train:  22%|██▏       | 26/120 [00:11<00:36,  2.60it/s]
train:  22%|██▎       | 27/120 [00:12<00:45,  2.04it/s]
train:  23%|██▎       | 28/120 [00:12<00:34,  2.65it/s]
train:  24%|██▍       | 29/120 [00:13<00:45,  2.01it/s]
train:  25%|██▌       | 30/120 [00:14<01:14,  1.20it/s]
train:  26%|██▌       | 31/120 [00:15<01:14,  1.20it/s]
train:  27%|██▋       | 32/120 [00:15<00:54,  1.62it/s]
train:  28%|██▊       | 33/120 [00:16<00:56,  1.54it/s]
train:  28%|██▊       | 34/120 [00:16<00:41,  2.05it/s]
train:  29%|██▉       | 35/120 [00:17<00:47,  1.78it/s]
train:  30%|███       | 36/120 [00:17<00:36,  2.33it/s]
train:  31%|███       | 37/120 [00:18<00:42,  1.93it/s]
train:  32%|███▏      | 38/120 [00:18<00:32,  2.54it/s]
train:  32%|███▎      | 39/120 [00:19<00:39,  2.06it/s]
train:  33%|███▎      | 40/120 [00:19<00:29,  2.70it/s]
train:  34%|███▍      | 41/120 [00:19<00:37,  2.08it/s]
train:  35%|███▌      | 42/120 [00:20<00:28,  2.71it/s]
train:  36%|███▌      | 43/120 [00:20<00:36,  2.11it/s]
train:  37%|███▋      | 44/120 [00:20<00:27,  2.74it/s]
train:  38%|███▊      | 45/120 [00:21<00:35,  2.10it/s]
train:  38%|███▊      | 46/120 [00:21<00:27,  2.72it/s]
train:  39%|███▉      | 47/120 [00:22<00:35,  2.06it/s]
train:  40%|████      | 48/120 [00:22<00:26,  2.68it/s]
train:  41%|████      | 49/120 [00:23<00:34,  2.07it/s]
train:  42%|████▏     | 50/120 [00:23<00:26,  2.68it/s]
train:  42%|████▎     | 51/120 [00:24<00:33,  2.07it/s]
train:  43%|████▎     | 52/120 [00:24<00:25,  2.69it/s]
train:  44%|████▍     | 53/120 [00:25<00:31,  2.10it/s]
train:  45%|████▌     | 54/120 [00:25<00:24,  2.75it/s]
train:  46%|████▌     | 55/120 [00:25<00:30,  2.15it/s]
train:  47%|████▋     | 56/120 [00:25<00:22,  2.79it/s]
train:  48%|████▊     | 57/120 [00:26<00:28,  2.20it/s]
train:  48%|████▊     | 58/120 [00:26<00:21,  2.86it/s]
train:  49%|████▉     | 59/120 [00:27<00:28,  2.14it/s]
train:  50%|█████     | 60/120 [00:27<00:21,  2.77it/s]
train:  51%|█████     | 61/120 [00:28<00:27,  2.15it/s]
train:  52%|█████▏    | 62/120 [00:28<00:20,  2.78it/s]
train:  52%|█████▎    | 63/120 [00:29<00:25,  2.19it/s]
train:  53%|█████▎    | 64/120 [00:29<00:19,  2.85it/s]
train:  54%|█████▍    | 65/120 [00:29<00:25,  2.12it/s]
train:  55%|█████▌    | 66/120 [00:30<00:19,  2.77it/s]
train:  56%|█████▌    | 67/120 [00:30<00:25,  2.10it/s]
train:  57%|█████▋    | 68/120 [00:30<00:19,  2.73it/s]
train:  57%|█████▊    | 69/120 [00:31<00:24,  2.07it/s]
train:  58%|█████▊    | 70/120 [00:31<00:18,  2.69it/s]
train:  59%|█████▉    | 71/120 [00:32<00:23,  2.06it/s]
train:  60%|██████    | 72/120 [00:32<00:17,  2.67it/s]
train:  61%|██████    | 73/120 [00:33<00:23,  1.99it/s]
train:  62%|██████▏   | 74/120 [00:33<00:17,  2.60it/s]
train:  62%|██████▎   | 75/120 [00:34<00:22,  2.00it/s]
train:  63%|██████▎   | 76/120 [00:34<00:16,  2.59it/s]
train:  64%|██████▍   | 77/120 [00:35<00:20,  2.07it/s]
train:  65%|██████▌   | 78/120 [00:35<00:15,  2.69it/s]
train:  66%|██████▌   | 79/120 [00:35<00:20,  2.05it/s]
train:  67%|██████▋   | 80/120 [00:36<00:14,  2.69it/s]
train:  68%|██████▊   | 81/120 [00:36<00:19,  2.03it/s]
train:  68%|██████▊   | 82/120 [00:36<00:14,  2.66it/s]
train:  69%|██████▉   | 83/120 [00:37<00:17,  2.07it/s]
train:  70%|███████   | 84/120 [00:37<00:13,  2.71it/s]
train:  71%|███████   | 85/120 [00:38<00:17,  2.05it/s]
train:  72%|███████▏  | 86/120 [00:38<00:12,  2.68it/s]
train:  72%|███████▎  | 87/120 [00:39<00:16,  2.00it/s]
train:  73%|███████▎  | 88/120 [00:39<00:12,  2.61it/s]
train:  74%|███████▍  | 89/120 [00:40<00:15,  2.01it/s]
train:  75%|███████▌  | 90/120 [00:40<00:11,  2.63it/s]
train:  76%|███████▌  | 91/120 [00:41<00:14,  2.06it/s]
train:  77%|███████▋  | 92/120 [00:41<00:10,  2.67it/s]
train:  78%|███████▊  | 93/120 [00:42<00:13,  2.04it/s]
train:  78%|███████▊  | 94/120 [00:42<00:09,  2.63it/s]
train:  79%|███████▉  | 95/120 [00:42<00:12,  2.04it/s]
train:  80%|████████  | 96/120 [00:43<00:09,  2.65it/s]
train:  81%|████████  | 97/120 [00:43<00:10,  2.13it/s]
train:  82%|████████▏ | 98/120 [00:43<00:07,  2.77it/s]
train:  82%|████████▎ | 99/120 [00:44<00:10,  2.07it/s]
train:  83%|████████▎ | 100/120 [00:44<00:07,  2.68it/s]
train:  84%|████████▍ | 101/120 [00:45<00:09,  2.07it/s]
train:  85%|████████▌ | 102/120 [00:45<00:06,  2.67it/s]
train:  86%|████████▌ | 103/120 [00:46<00:08,  2.12it/s]
train:  87%|████████▋ | 104/120 [00:46<00:05,  2.74it/s]
train:  88%|████████▊ | 105/120 [00:47<00:07,  2.13it/s]
train:  88%|████████▊ | 106/120 [00:48<00:10,  1.31it/s]
train:  89%|████████▉ | 107/120 [00:49<00:09,  1.32it/s]
train:  91%|█████████ | 109/120 [00:50<00:06,  1.67it/s]
train:  92%|█████████▏| 110/120 [00:50<00:04,  2.10it/s]
train:  92%|█████████▎| 111/120 [00:51<00:04,  1.81it/s]
train:  93%|█████████▎| 112/120 [00:51<00:03,  2.31it/s]
train:  94%|█████████▍| 113/120 [00:51<00:03,  1.96it/s]
train:  95%|█████████▌| 114/120 [00:51<00:02,  2.53it/s]
train:  96%|█████████▌| 115/120 [00:52<00:02,  2.04it/s]
train:  97%|█████████▋| 116/120 [00:52<00:01,  2.61it/s]
train:  98%|█████████▊| 117/120 [00:53<00:01,  2.08it/s]
train:  98%|█████████▊| 118/120 [00:53<00:00,  2.70it/s]
train:  99%|█████████▉| 119/120 [00:54<00:00,  2.07it/s]
train: 100%|██████████| 120/120 [00:54<00:00,  2.67it/s]
                                                        

eval:   0%|          | 0/30 [00:00<?, ?it/s]
eval:   3%|▎         | 1/30 [00:00<00:26,  1.11it/s]
eval:  10%|█         | 3/30 [00:01<00:14,  1.85it/s]
eval:  17%|█▋        | 5/30 [00:02<00:12,  2.04it/s]
eval:  23%|██▎       | 7/30 [00:03<00:10,  2.22it/s]
eval:  30%|███       | 9/30 [00:04<00:09,  2.31it/s]
eval:  37%|███▋      | 11/30 [00:04<00:07,  2.40it/s]
eval:  43%|████▎     | 13/30 [00:05<00:07,  2.40it/s]
eval:  50%|█████     | 15/30 [00:06<00:06,  2.38it/s]
eval:  57%|█████▋    | 17/30 [00:07<00:05,  2.39it/s]
eval:  63%|██████▎   | 19/30 [00:08<00:04,  2.44it/s]
eval:  70%|███████   | 21/30 [00:09<00:03,  2.47it/s]
eval:  77%|███████▋  | 23/30 [00:09<00:02,  2.46it/s]
eval:  83%|████████▎ | 25/30 [00:10<00:02,  2.41it/s]
eval:  90%|█████████ | 27/30 [00:11<00:01,  2.46it/s]
eval:  97%|█████████▋| 29/30 [00:12<00:00,  2.49it/s]
                                                     
Epoch 28 | stage 2 | train loss 0.3487 (cls 0.3487, ctr 0.0000) acc 0.9812 f1 0.9804 | val loss 1.0079 (cls 1.0079, ctr 0.0000) acc 0.7792 f1 0.7690 | lr [3.84e-05, 1.53e-06, 1.53e-06]

train:   0%|          | 0/120 [00:00<?, ?it/s]
train:   1%|          | 1/120 [00:00<01:57,  1.02it/s]
train:   2%|▏         | 2/120 [00:01<00:55,  2.13it/s]
train:   2%|▎         | 3/120 [00:01<01:10,  1.67it/s]
train:   3%|▎         | 4/120 [00:01<00:47,  2.45it/s]
train:   4%|▍         | 5/120 [00:02<01:00,  1.90it/s]
train:   5%|▌         | 6/120 [00:02<00:43,  2.59it/s]
train:   6%|▌         | 7/120 [00:03<00:56,  1.99it/s]
train:   7%|▋         | 8/120 [00:03<00:42,  2.65it/s]
train:   8%|▊         | 9/120 [00:04<00:55,  2.00it/s]
train:   8%|▊         | 10/120 [00:04<00:41,  2.62it/s]
train:   9%|▉         | 11/120 [00:05<00:54,  1.98it/s]
train:  10%|█         | 12/120 [00:05<00:41,  2.58it/s]
train:  11%|█         | 13/120 [00:06<00:52,  2.04it/s]
train:  12%|█▏        | 14/120 [00:06<00:39,  2.65it/s]
train:  12%|█▎        | 15/120 [00:06<00:49,  2.11it/s]
train:  13%|█▎        | 16/120 [00:07<00:37,  2.74it/s]
train:  14%|█▍        | 17/120 [00:07<00:49,  2.07it/s]
train:  15%|█▌        | 18/120 [00:07<00:38,  2.68it/s]
train:  16%|█▌        | 19/120 [00:08<00:48,  2.07it/s]
train:  17%|█▋        | 20/120 [00:08<00:37,  2.69it/s]
train:  18%|█▊        | 21/120 [00:09<00:47,  2.07it/s]
train:  18%|█▊        | 22/120 [00:09<00:36,  2.71it/s]
train:  19%|█▉        | 23/120 [00:10<00:48,  2.02it/s]
train:  20%|██        | 24/120 [00:10<00:36,  2.63it/s]
train:  21%|██        | 25/120 [00:11<00:44,  2.11it/s]
train:  22%|██▏       | 26/120 [00:11<00:34,  2.73it/s]
train:  22%|██▎       | 27/120 [00:12<00:43,  2.13it/s]
train:  23%|██▎       | 28/120 [00:12<00:33,  2.76it/s]
train:  24%|██▍       | 29/120 [00:12<00:44,  2.04it/s]
train:  25%|██▌       | 30/120 [00:13<00:33,  2.66it/s]
train:  26%|██▌       | 31/120 [00:14<01:13,  1.20it/s]
train:  27%|██▋       | 32/120 [00:15<00:54,  1.63it/s]
train:  28%|██▊       | 33/120 [00:15<00:56,  1.54it/s]
train:  28%|██▊       | 34/120 [00:15<00:41,  2.05it/s]
train:  29%|██▉       | 35/120 [00:16<00:47,  1.77it/s]
train:  30%|███       | 36/120 [00:16<00:36,  2.33it/s]
train:  31%|███       | 37/120 [00:17<00:42,  1.94it/s]
train:  32%|███▏      | 38/120 [00:17<00:32,  2.52it/s]
train:  32%|███▎      | 39/120 [00:18<00:40,  2.01it/s]
train:  33%|███▎      | 40/120 [00:18<00:30,  2.62it/s]
train:  34%|███▍      | 41/120 [00:19<00:38,  2.04it/s]
train:  35%|███▌      | 42/120 [00:19<00:29,  2.63it/s]
train:  36%|███▌      | 43/120 [00:20<00:36,  2.09it/s]
train:  37%|███▋      | 44/120 [00:20<00:27,  2.74it/s]
train:  38%|███▊      | 45/120 [00:20<00:36,  2.07it/s]
train:  38%|███▊      | 46/120 [00:21<00:27,  2.67it/s]
train:  39%|███▉      | 47/120 [00:21<00:35,  2.07it/s]
train:  40%|████      | 48/120 [00:21<00:26,  2.68it/s]
train:  41%|████      | 49/120 [00:22<00:34,  2.04it/s]
train:  42%|████▏     | 50/120 [00:22<00:26,  2.67it/s]
train:  42%|████▎     | 51/120 [00:23<00:33,  2.05it/s]
train:  43%|████▎     | 52/120 [00:23<00:25,  2.65it/s]
train:  44%|████▍     | 53/120 [00:24<00:32,  2.06it/s]
train:  45%|████▌     | 54/120 [00:24<00:24,  2.71it/s]
train:  46%|████▌     | 55/120 [00:25<00:31,  2.04it/s]
train:  47%|████▋     | 56/120 [00:25<00:24,  2.65it/s]
train:  48%|████▊     | 57/120 [00:26<00:30,  2.10it/s]
train:  48%|████▊     | 58/120 [00:26<00:22,  2.73it/s]
train:  49%|████▉     | 59/120 [00:26<00:29,  2.07it/s]
train:  50%|█████     | 60/120 [00:27<00:22,  2.68it/s]
train:  51%|█████     | 61/120 [00:27<00:28,  2.09it/s]
train:  52%|█████▏    | 62/120 [00:27<00:21,  2.72it/s]
train:  52%|█████▎    | 63/120 [00:28<00:26,  2.12it/s]
train:  53%|█████▎    | 64/120 [00:28<00:20,  2.74it/s]
train:  54%|█████▍    | 65/120 [00:29<00:26,  2.10it/s]
train:  56%|█████▌    | 67/120 [00:30<00:24,  2.20it/s]
train:  57%|█████▋    | 68/120 [00:30<00:19,  2.71it/s]
train:  57%|█████▊    | 69/120 [00:31<00:24,  2.11it/s]
train:  58%|█████▊    | 70/120 [00:31<00:18,  2.69it/s]
train:  59%|█████▉    | 71/120 [00:32<00:23,  2.09it/s]
train:  60%|██████    | 72/120 [00:32<00:17,  2.68it/s]
train:  61%|██████    | 73/120 [00:32<00:22,  2.09it/s]
train:  62%|██████▏   | 74/120 [00:32<00:16,  2.71it/s]
train:  62%|██████▎   | 75/120 [00:33<00:21,  2.06it/s]
train:  63%|██████▎   | 76/120 [00:33<00:16,  2.65it/s]
train:  64%|██████▍   | 77/120 [00:34<00:20,  2.08it/s]
train:  65%|██████▌   | 78/120 [00:34<00:15,  2.72it/s]
train:  66%|██████▌   | 79/120 [00:35<00:20,  2.03it/s]
train:  67%|██████▋   | 80/120 [00:35<00:15,  2.64it/s]
train:  68%|██████▊   | 81/120 [00:36<00:19,  2.05it/s]
train:  68%|██████▊   | 82/120 [00:36<00:14,  2.66it/s]
train:  69%|██████▉   | 83/120 [00:37<00:18,  2.04it/s]
train:  70%|███████   | 84/120 [00:37<00:13,  2.67it/s]
train:  71%|███████   | 85/120 [00:38<00:17,  2.06it/s]
train:  72%|███████▏  | 86/120 [00:38<00:12,  2.67it/s]
train:  72%|███████▎  | 87/120 [00:38<00:15,  2.08it/s]
train:  73%|███████▎  | 88/120 [00:39<00:11,  2.70it/s]
train:  74%|███████▍  | 89/120 [00:39<00:14,  2.12it/s]
train:  75%|███████▌  | 90/120 [00:39<00:10,  2.75it/s]
train:  76%|███████▌  | 91/120 [00:40<00:13,  2.08it/s]
train:  77%|███████▋  | 92/120 [00:40<00:10,  2.70it/s]
train:  78%|███████▊  | 93/120 [00:41<00:13,  2.02it/s]
train:  78%|███████▊  | 94/120 [00:41<00:09,  2.63it/s]
train:  79%|███████▉  | 95/120 [00:42<00:12,  2.01it/s]
train:  80%|████████  | 96/120 [00:42<00:09,  2.63it/s]
train:  81%|████████  | 97/120 [00:43<00:11,  2.06it/s]
train:  82%|████████▏ | 98/120 [00:43<00:08,  2.66it/s]
train:  82%|████████▎ | 99/120 [00:44<00:10,  2.06it/s]
train:  83%|████████▎ | 100/120 [00:44<00:07,  2.66it/s]
train:  84%|████████▍ | 101/120 [00:44<00:09,  2.08it/s]
train:  85%|████████▌ | 102/120 [00:45<00:06,  2.71it/s]
train:  86%|████████▌ | 103/120 [00:45<00:08,  2.08it/s]
train:  87%|████████▋ | 104/120 [00:45<00:05,  2.71it/s]
train:  88%|████████▊ | 105/120 [00:46<00:07,  2.06it/s]
train:  88%|████████▊ | 106/120 [00:46<00:05,  2.69it/s]
train:  89%|████████▉ | 107/120 [00:48<00:11,  1.18it/s]
train:  90%|█████████ | 108/120 [00:48<00:07,  1.59it/s]
train:  91%|█████████ | 109/120 [00:49<00:07,  1.51it/s]
train:  92%|█████████▏| 110/120 [00:49<00:04,  2.02it/s]
train:  92%|█████████▎| 111/120 [00:50<00:05,  1.78it/s]
train:  93%|█████████▎| 112/120 [00:50<00:03,  2.34it/s]
train:  94%|█████████▍| 113/120 [00:51<00:03,  1.97it/s]
train:  95%|█████████▌| 114/120 [00:51<00:02,  2.57it/s]
train:  96%|█████████▌| 115/120 [00:52<00:02,  1.95it/s]
train:  97%|█████████▋| 116/120 [00:52<00:01,  2.54it/s]
train:  98%|█████████▊| 117/120 [00:52<00:01,  1.98it/s]
train:  98%|█████████▊| 118/120 [00:53<00:00,  2.58it/s]
train:  99%|█████████▉| 119/120 [00:53<00:00,  2.07it/s]
train: 100%|██████████| 120/120 [00:53<00:00,  2.68it/s]
                                                        

eval:   0%|          | 0/30 [00:00<?, ?it/s]
eval:   3%|▎         | 1/30 [00:00<00:25,  1.14it/s]
eval:  10%|█         | 3/30 [00:01<00:14,  1.86it/s]
eval:  17%|█▋        | 5/30 [00:02<00:12,  2.06it/s]
eval:  23%|██▎       | 7/30 [00:03<00:10,  2.24it/s]
eval:  30%|███       | 9/30 [00:04<00:08,  2.34it/s]
eval:  37%|███▋      | 11/30 [00:04<00:07,  2.42it/s]
eval:  43%|████▎     | 13/30 [00:05<00:06,  2.44it/s]
eval:  50%|█████     | 15/30 [00:06<00:06,  2.45it/s]
eval:  57%|█████▋    | 17/30 [00:07<00:05,  2.46it/s]
eval:  63%|██████▎   | 19/30 [00:08<00:04,  2.51it/s]
eval:  70%|███████   | 21/30 [00:08<00:03,  2.54it/s]
eval:  77%|███████▋  | 23/30 [00:09<00:02,  2.51it/s]
eval:  83%|████████▎ | 25/30 [00:10<00:02,  2.47it/s]
eval:  90%|█████████ | 27/30 [00:11<00:01,  2.51it/s]
eval:  97%|█████████▋| 29/30 [00:12<00:00,  2.53it/s]
                                                     
Epoch 29 | stage 2 | train loss 0.3617 (cls 0.3617, ctr 0.0000) acc 0.9823 f1 0.9824 | val loss 1.0651 (cls 1.0651, ctr 0.0000) acc 0.7625 f1 0.7524 | lr [3.29e-05, 1.32e-06, 1.32e-06]

train:   0%|          | 0/120 [00:00<?, ?it/s]
train:   1%|          | 1/120 [00:00<01:54,  1.04it/s]
train:   2%|▏         | 2/120 [00:01<00:55,  2.14it/s]
train:   2%|▎         | 3/120 [00:01<01:08,  1.71it/s]
train:   3%|▎         | 4/120 [00:01<00:46,  2.52it/s]
train:   4%|▍         | 5/120 [00:02<01:00,  1.90it/s]
train:   5%|▌         | 6/120 [00:02<00:44,  2.59it/s]
train:   6%|▌         | 7/120 [00:03<00:56,  2.01it/s]
train:   7%|▋         | 8/120 [00:03<00:41,  2.68it/s]
train:   8%|▊         | 9/120 [00:04<00:55,  2.02it/s]
train:   8%|▊         | 10/120 [00:04<00:41,  2.64it/s]
train:   9%|▉         | 11/120 [00:05<00:54,  2.01it/s]
train:  10%|█         | 12/120 [00:05<00:41,  2.63it/s]
train:  11%|█         | 13/120 [00:06<00:53,  1.98it/s]
train:  12%|█▏        | 14/120 [00:06<00:40,  2.59it/s]
train:  12%|█▎        | 15/120 [00:07<00:51,  2.02it/s]
train:  13%|█▎        | 16/120 [00:07<00:39,  2.63it/s]
train:  14%|█▍        | 17/120 [00:07<00:53,  1.93it/s]
train:  15%|█▌        | 18/120 [00:08<00:40,  2.52it/s]
train:  16%|█▌        | 19/120 [00:08<00:48,  2.07it/s]
train:  17%|█▋        | 20/120 [00:08<00:37,  2.68it/s]
train:  18%|█▊        | 21/120 [00:09<00:48,  2.06it/s]
train:  18%|█▊        | 22/120 [00:09<00:36,  2.66it/s]
train:  19%|█▉        | 23/120 [00:10<00:46,  2.10it/s]
train:  20%|██        | 24/120 [00:10<00:35,  2.72it/s]
train:  21%|██        | 25/120 [00:11<00:45,  2.09it/s]
train:  22%|██▏       | 26/120 [00:11<00:34,  2.70it/s]
train:  22%|██▎       | 27/120 [00:12<00:45,  2.06it/s]
train:  23%|██▎       | 28/120 [00:12<00:34,  2.67it/s]
train:  24%|██▍       | 29/120 [00:13<00:43,  2.07it/s]
train:  25%|██▌       | 30/120 [00:13<00:33,  2.70it/s]
train:  26%|██▌       | 31/120 [00:13<00:43,  2.06it/s]
train:  27%|██▋       | 32/120 [00:14<00:33,  2.66it/s]
train:  28%|██▊       | 33/120 [00:16<01:15,  1.15it/s]
train:  28%|██▊       | 34/120 [00:16<00:55,  1.56it/s]
train:  29%|██▉       | 35/120 [00:16<00:57,  1.48it/s]
train:  30%|███       | 36/120 [00:17<00:42,  1.97it/s]
train:  31%|███       | 37/120 [00:17<00:47,  1.75it/s]
train:  32%|███▏      | 38/120 [00:17<00:35,  2.30it/s]
train:  32%|███▎      | 39/120 [00:18<00:42,  1.90it/s]
train:  33%|███▎      | 40/120 [00:18<00:32,  2.49it/s]
train:  34%|███▍      | 41/120 [00:19<00:40,  1.96it/s]
train:  35%|███▌      | 42/120 [00:19<00:30,  2.56it/s]
train:  36%|███▌      | 43/120 [00:20<00:37,  2.04it/s]
train:  37%|███▋      | 44/120 [00:20<00:28,  2.66it/s]
train:  38%|███▊      | 45/120 [00:21<00:37,  2.02it/s]
train:  38%|███▊      | 46/120 [00:21<00:28,  2.62it/s]
train:  39%|███▉      | 47/120 [00:22<00:35,  2.05it/s]
train:  40%|████      | 48/120 [00:22<00:27,  2.66it/s]
train:  41%|████      | 49/120 [00:22<00:33,  2.09it/s]
train:  42%|████▏     | 50/120 [00:22<00:25,  2.73it/s]
train:  42%|████▎     | 51/120 [00:23<00:34,  2.03it/s]
train:  43%|████▎     | 52/120 [00:23<00:25,  2.65it/s]
train:  44%|████▍     | 53/120 [00:24<00:33,  1.98it/s]
train:  45%|████▌     | 54/120 [00:24<00:25,  2.58it/s]
train:  46%|████▌     | 55/120 [00:25<00:30,  2.12it/s]
train:  47%|████▋     | 56/120 [00:25<00:23,  2.77it/s]
train:  48%|████▊     | 57/120 [00:26<00:29,  2.11it/s]
train:  48%|████▊     | 58/120 [00:26<00:22,  2.74it/s]
train:  49%|████▉     | 59/120 [00:27<00:28,  2.14it/s]
train:  50%|█████     | 60/120 [00:27<00:21,  2.79it/s]
train:  51%|█████     | 61/120 [00:27<00:27,  2.15it/s]
train:  52%|█████▏    | 62/120 [00:28<00:20,  2.77it/s]
train:  52%|█████▎    | 63/120 [00:28<00:26,  2.13it/s]
train:  53%|█████▎    | 64/120 [00:28<00:20,  2.79it/s]
train:  54%|█████▍    | 65/120 [00:29<00:25,  2.13it/s]
train:  55%|█████▌    | 66/120 [00:29<00:19,  2.77it/s]
train:  56%|█████▌    | 67/120 [00:30<00:25,  2.07it/s]
train:  57%|█████▋    | 68/120 [00:30<00:19,  2.71it/s]
train:  57%|█████▊    | 69/120 [00:31<00:24,  2.09it/s]
train:  58%|█████▊    | 70/120 [00:31<00:18,  2.70it/s]
train:  59%|█████▉    | 71/120 [00:32<00:22,  2.13it/s]
train:  60%|██████    | 72/120 [00:32<00:17,  2.79it/s]
train:  61%|██████    | 73/120 [00:33<00:22,  2.09it/s]
train:  62%|██████▏   | 74/120 [00:33<00:16,  2.71it/s]
train:  62%|██████▎   | 75/120 [00:33<00:22,  2.04it/s]
train:  63%|██████▎   | 76/120 [00:33<00:16,  2.67it/s]
train:  64%|██████▍   | 77/120 [00:34<00:20,  2.09it/s]
train:  65%|██████▌   | 78/120 [00:34<00:15,  2.72it/s]
train:  66%|██████▌   | 79/120 [00:35<00:19,  2.10it/s]
train:  67%|██████▋   | 80/120 [00:35<00:14,  2.72it/s]
train:  68%|██████▊   | 81/120 [00:36<00:18,  2.07it/s]
train:  68%|██████▊   | 82/120 [00:36<00:14,  2.68it/s]
train:  69%|██████▉   | 83/120 [00:37<00:17,  2.08it/s]
train:  70%|███████   | 84/120 [00:37<00:13,  2.72it/s]
train:  71%|███████   | 85/120 [00:38<00:16,  2.07it/s]
train:  72%|███████▏  | 86/120 [00:38<00:12,  2.70it/s]
train:  72%|███████▎  | 87/120 [00:39<00:16,  2.00it/s]
train:  73%|███████▎  | 88/120 [00:39<00:12,  2.61it/s]
train:  74%|███████▍  | 89/120 [00:39<00:14,  2.07it/s]
train:  75%|███████▌  | 90/120 [00:39<00:11,  2.68it/s]
train:  76%|███████▌  | 91/120 [00:40<00:13,  2.07it/s]
train:  77%|███████▋  | 92/120 [00:40<00:10,  2.68it/s]
train:  78%|███████▊  | 93/120 [00:41<00:13,  2.06it/s]
train:  78%|███████▊  | 94/120 [00:41<00:09,  2.69it/s]
train:  79%|███████▉  | 95/120 [00:42<00:12,  2.00it/s]
train:  80%|████████  | 96/120 [00:42<00:09,  2.59it/s]
train:  81%|████████  | 97/120 [00:43<00:11,  2.00it/s]
train:  82%|████████▏ | 98/120 [00:43<00:08,  2.63it/s]
train:  82%|████████▎ | 99/120 [00:44<00:10,  2.03it/s]
train:  83%|████████▎ | 100/120 [00:44<00:07,  2.63it/s]
train:  84%|████████▍ | 101/120 [00:45<00:09,  2.02it/s]
train:  85%|████████▌ | 102/120 [00:45<00:06,  2.64it/s]
train:  86%|████████▌ | 103/120 [00:46<00:08,  1.96it/s]
train:  87%|████████▋ | 104/120 [00:46<00:06,  2.56it/s]
train:  88%|████████▊ | 105/120 [00:46<00:07,  2.03it/s]
train:  88%|████████▊ | 106/120 [00:47<00:05,  2.62it/s]
train:  89%|████████▉ | 107/120 [00:48<00:11,  1.18it/s]
train:  90%|█████████ | 108/120 [00:49<00:07,  1.59it/s]
train:  91%|█████████ | 109/120 [00:49<00:07,  1.52it/s]
train:  92%|█████████▏| 110/120 [00:49<00:04,  2.03it/s]
train:  92%|█████████▎| 111/120 [00:50<00:05,  1.76it/s]
train:  93%|█████████▎| 112/120 [00:50<00:03,  2.30it/s]
train:  94%|█████████▍| 113/120 [00:51<00:03,  1.89it/s]
train:  95%|█████████▌| 114/120 [00:51<00:02,  2.47it/s]
train:  96%|█████████▌| 115/120 [00:52<00:02,  1.92it/s]
train:  97%|█████████▋| 116/120 [00:52<00:01,  2.51it/s]
train:  98%|█████████▊| 117/120 [00:53<00:01,  1.96it/s]
train:  98%|█████████▊| 118/120 [00:53<00:00,  2.56it/s]
train:  99%|█████████▉| 119/120 [00:54<00:00,  2.08it/s]
train: 100%|██████████| 120/120 [00:54<00:00,  2.69it/s]
                                                        

eval:   0%|          | 0/30 [00:00<?, ?it/s]
eval:   3%|▎         | 1/30 [00:00<00:25,  1.12it/s]
eval:  10%|█         | 3/30 [00:01<00:14,  1.87it/s]
eval:  17%|█▋        | 5/30 [00:02<00:12,  2.02it/s]
eval:  23%|██▎       | 7/30 [00:03<00:10,  2.23it/s]
eval:  30%|███       | 9/30 [00:04<00:08,  2.34it/s]
eval:  37%|███▋      | 11/30 [00:04<00:07,  2.47it/s]
eval:  43%|████▎     | 13/30 [00:05<00:06,  2.51it/s]
eval:  50%|█████     | 15/30 [00:06<00:05,  2.56it/s]
eval:  57%|█████▋    | 17/30 [00:07<00:05,  2.56it/s]
eval:  63%|██████▎   | 19/30 [00:07<00:04,  2.57it/s]
eval:  70%|███████   | 21/30 [00:08<00:03,  2.58it/s]
eval:  77%|███████▋  | 23/30 [00:09<00:02,  2.52it/s]
eval:  83%|████████▎ | 25/30 [00:10<00:02,  2.45it/s]
eval:  90%|█████████ | 27/30 [00:11<00:01,  2.46it/s]
eval:  97%|█████████▋| 29/30 [00:12<00:00,  2.50it/s]
                                                     
Epoch 30 | stage 2 | train loss 0.3437 (cls 0.3437, ctr 0.0000) acc 0.9844 f1 0.9849 | val loss 0.9588 (cls 0.9588, ctr 0.0000) acc 0.7833 f1 0.7722 | lr [2.83e-05, 1.13e-06, 1.13e-06]

train:   0%|          | 0/120 [00:00<?, ?it/s]
train:   1%|          | 1/120 [00:00<01:56,  1.02it/s]
train:   2%|▏         | 2/120 [00:01<00:54,  2.16it/s]
train:   2%|▎         | 3/120 [00:01<01:11,  1.64it/s]
train:   3%|▎         | 4/120 [00:01<00:48,  2.41it/s]
train:   4%|▍         | 5/120 [00:02<01:01,  1.86it/s]
train:   5%|▌         | 6/120 [00:02<00:45,  2.53it/s]
train:   6%|▌         | 7/120 [00:03<00:57,  1.97it/s]
train:   7%|▋         | 8/120 [00:03<00:43,  2.60it/s]
train:   8%|▊         | 9/120 [00:04<00:54,  2.03it/s]
train:   8%|▊         | 10/120 [00:04<00:41,  2.66it/s]
train:   9%|▉         | 11/120 [00:05<00:52,  2.08it/s]
train:  10%|█         | 12/120 [00:05<00:39,  2.73it/s]
train:  11%|█         | 13/120 [00:06<00:52,  2.03it/s]
train:  12%|█▏        | 14/120 [00:06<00:40,  2.62it/s]
train:  12%|█▎        | 15/120 [00:06<00:50,  2.09it/s]
train:  13%|█▎        | 16/120 [00:07<00:38,  2.74it/s]
train:  14%|█▍        | 17/120 [00:07<00:52,  1.98it/s]
train:  15%|█▌        | 18/120 [00:08<00:39,  2.59it/s]
train:  16%|█▌        | 19/120 [00:08<00:49,  2.04it/s]
train:  17%|█▋        | 20/120 [00:08<00:37,  2.66it/s]
train:  18%|█▊        | 21/120 [00:09<00:48,  2.05it/s]
train:  18%|█▊        | 22/120 [00:09<00:37,  2.64it/s]
train:  19%|█▉        | 23/120 [00:10<00:46,  2.09it/s]
train:  20%|██        | 24/120 [00:10<00:35,  2.73it/s]
train:  21%|██        | 25/120 [00:11<00:45,  2.09it/s]
train:  22%|██▏       | 26/120 [00:11<00:34,  2.72it/s]
train:  22%|██▎       | 27/120 [00:12<00:45,  2.06it/s]
train:  23%|██▎       | 28/120 [00:12<00:34,  2.66it/s]
train:  24%|██▍       | 29/120 [00:13<00:43,  2.08it/s]
train:  25%|██▌       | 30/120 [00:13<00:33,  2.70it/s]
train:  26%|██▌       | 31/120 [00:13<00:43,  2.07it/s]
train:  27%|██▋       | 32/120 [00:14<00:32,  2.68it/s]
train:  28%|██▊       | 33/120 [00:14<00:41,  2.07it/s]
train:  28%|██▊       | 34/120 [00:14<00:31,  2.69it/s]
train:  29%|██▉       | 35/120 [00:15<00:41,  2.06it/s]
train:  30%|███       | 36/120 [00:15<00:31,  2.69it/s]
train:  31%|███       | 37/120 [00:16<00:40,  2.04it/s]
train:  32%|███▏      | 38/120 [00:16<00:31,  2.64it/s]
train:  32%|███▎      | 39/120 [00:17<00:39,  2.07it/s]
train:  33%|███▎      | 40/120 [00:17<00:29,  2.70it/s]
train:  34%|███▍      | 41/120 [00:18<00:39,  2.01it/s]
train:  35%|███▌      | 42/120 [00:18<00:29,  2.60it/s]
train:  36%|███▌      | 43/120 [00:19<00:38,  2.00it/s]
train:  37%|███▋      | 44/120 [00:19<00:29,  2.61it/s]
train:  38%|███▊      | 45/120 [00:19<00:37,  2.02it/s]
train:  38%|███▊      | 46/120 [00:20<00:28,  2.61it/s]
train:  39%|███▉      | 47/120 [00:20<00:35,  2.06it/s]
train:  40%|████      | 48/120 [00:20<00:26,  2.69it/s]
train:  41%|████      | 49/120 [00:21<00:34,  2.05it/s]
train:  42%|████▏     | 50/120 [00:21<00:26,  2.66it/s]
train:  42%|████▎     | 51/120 [00:22<00:33,  2.07it/s]
train:  44%|████▍     | 53/120 [00:23<00:31,  2.15it/s]
train:  45%|████▌     | 54/120 [00:23<00:25,  2.63it/s]
train:  46%|████▌     | 55/120 [00:24<00:32,  2.00it/s]
train:  47%|████▋     | 56/120 [00:24<00:25,  2.52it/s]
train:  48%|████▊     | 57/120 [00:25<00:31,  1.98it/s]
train:  48%|████▊     | 58/120 [00:25<00:24,  2.52it/s]
train:  49%|████▉     | 59/120 [00:26<00:31,  1.94it/s]
train:  50%|█████     | 60/120 [00:26<00:24,  2.50it/s]
train:  51%|█████     | 61/120 [00:27<00:31,  1.89it/s]
train:  52%|█████▏    | 62/120 [00:27<00:23,  2.45it/s]
train:  52%|█████▎    | 63/120 [00:28<00:30,  1.89it/s]
train:  53%|█████▎    | 64/120 [00:28<00:22,  2.45it/s]
train:  54%|█████▍    | 65/120 [00:29<00:29,  1.84it/s]
train:  55%|█████▌    | 66/120 [00:29<00:22,  2.39it/s]
train:  56%|█████▌    | 67/120 [00:31<00:47,  1.13it/s]
train:  57%|█████▋    | 68/120 [00:31<00:34,  1.52it/s]
train:  57%|█████▊    | 69/120 [00:32<00:34,  1.47it/s]
train:  58%|█████▊    | 70/120 [00:32<00:25,  1.96it/s]
train:  59%|█████▉    | 71/120 [00:32<00:28,  1.70it/s]
train:  60%|██████    | 72/120 [00:33<00:21,  2.24it/s]
train:  61%|██████    | 73/120 [00:33<00:24,  1.89it/s]
train:  62%|██████▏   | 74/120 [00:33<00:18,  2.48it/s]
train:  62%|██████▎   | 75/120 [00:34<00:22,  1.96it/s]
train:  63%|██████▎   | 76/120 [00:34<00:17,  2.58it/s]
train:  64%|██████▍   | 77/120 [00:35<00:21,  2.01it/s]
train:  65%|██████▌   | 78/120 [00:35<00:16,  2.61it/s]
train:  66%|██████▌   | 79/120 [00:36<00:19,  2.06it/s]
train:  67%|██████▋   | 80/120 [00:36<00:14,  2.67it/s]
train:  68%|██████▊   | 81/120 [00:37<00:19,  2.05it/s]
train:  68%|██████▊   | 82/120 [00:37<00:14,  2.68it/s]
train:  69%|██████▉   | 83/120 [00:38<00:17,  2.12it/s]
train:  70%|███████   | 84/120 [00:38<00:13,  2.76it/s]
train:  71%|███████   | 85/120 [00:38<00:16,  2.10it/s]
train:  72%|███████▏  | 86/120 [00:39<00:12,  2.71it/s]
train:  72%|███████▎  | 87/120 [00:39<00:15,  2.09it/s]
train:  73%|███████▎  | 88/120 [00:39<00:11,  2.71it/s]
train:  74%|███████▍  | 89/120 [00:40<00:14,  2.13it/s]
train:  76%|███████▌  | 91/120 [00:41<00:12,  2.26it/s]
train:  77%|███████▋  | 92/120 [00:41<00:10,  2.78it/s]
train:  78%|███████▊  | 93/120 [00:42<00:12,  2.19it/s]
train:  78%|███████▊  | 94/120 [00:42<00:09,  2.77it/s]
train:  79%|███████▉  | 95/120 [00:43<00:11,  2.17it/s]
train:  81%|████████  | 97/120 [00:43<00:10,  2.29it/s]
train:  82%|████████▏ | 98/120 [00:43<00:07,  2.80it/s]
train:  82%|████████▎ | 99/120 [00:44<00:09,  2.27it/s]
train:  83%|████████▎ | 100/120 [00:44<00:07,  2.85it/s]
train:  84%|████████▍ | 101/120 [00:45<00:08,  2.23it/s]
train:  85%|████████▌ | 102/120 [00:45<00:06,  2.83it/s]
train:  86%|████████▌ | 103/120 [00:46<00:07,  2.20it/s]
train:  87%|████████▋ | 104/120 [00:46<00:05,  2.81it/s]
train:  88%|████████▊ | 105/120 [00:47<00:06,  2.19it/s]
train:  88%|████████▊ | 106/120 [00:47<00:04,  2.82it/s]
train:  89%|████████▉ | 107/120 [00:47<00:05,  2.20it/s]
train:  90%|█████████ | 108/120 [00:47<00:04,  2.85it/s]
train:  91%|█████████ | 109/120 [00:48<00:05,  2.13it/s]
train:  92%|█████████▏| 110/120 [00:48<00:03,  2.74it/s]
train:  92%|█████████▎| 111/120 [00:49<00:04,  2.06it/s]
train:  93%|█████████▎| 112/120 [00:49<00:02,  2.68it/s]
train:  94%|█████████▍| 113/120 [00:50<00:03,  2.04it/s]
train:  95%|█████████▌| 114/120 [00:50<00:02,  2.65it/s]
train:  96%|█████████▌| 115/120 [00:51<00:02,  2.05it/s]
train:  97%|█████████▋| 116/120 [00:51<00:01,  2.66it/s]
train:  98%|█████████▊| 117/120 [00:52<00:01,  2.06it/s]
train:  98%|█████████▊| 118/120 [00:52<00:00,  2.69it/s]
train:  99%|█████████▉| 119/120 [00:53<00:00,  2.14it/s]
train: 100%|██████████| 120/120 [00:53<00:00,  2.75it/s]
                                                        

eval:   0%|          | 0/30 [00:00<?, ?it/s]
eval:   3%|▎         | 1/30 [00:00<00:25,  1.13it/s]
eval:  10%|█         | 3/30 [00:01<00:14,  1.88it/s]
eval:  17%|█▋        | 5/30 [00:02<00:12,  2.04it/s]
eval:  23%|██▎       | 7/30 [00:03<00:10,  2.22it/s]
eval:  30%|███       | 9/30 [00:04<00:09,  2.28it/s]
eval:  37%|███▋      | 11/30 [00:05<00:08,  2.34it/s]
eval:  43%|████▎     | 13/30 [00:05<00:07,  2.35it/s]
eval:  50%|█████     | 15/30 [00:06<00:06,  2.36it/s]
eval:  57%|█████▋    | 17/30 [00:07<00:05,  2.34it/s]
eval:  63%|██████▎   | 19/30 [00:08<00:04,  2.37it/s]
eval:  70%|███████   | 21/30 [00:09<00:03,  2.40it/s]
eval:  77%|███████▋  | 23/30 [00:11<00:04,  1.62it/s]
eval:  83%|████████▎ | 25/30 [00:12<00:02,  1.79it/s]
eval:  90%|█████████ | 27/30 [00:13<00:01,  1.96it/s]
eval:  97%|█████████▋| 29/30 [00:13<00:00,  2.08it/s]
                                                     
Epoch 31 | stage 2 | train loss 0.3376 (cls 0.3376, ctr 0.0000) acc 0.9937 f1 0.9932 | val loss 0.9987 (cls 0.9987, ctr 0.0000) acc 0.7833 f1 0.7703 | lr [2.47e-05, 9.88e-07, 9.88e-07]

train:   0%|          | 0/120 [00:00<?, ?it/s]
train:   1%|          | 1/120 [00:00<01:58,  1.00it/s]
train:   2%|▏         | 2/120 [00:01<00:56,  2.09it/s]
train:   2%|▎         | 3/120 [00:01<01:12,  1.62it/s]
train:   3%|▎         | 4/120 [00:02<00:49,  2.36it/s]
train:   4%|▍         | 5/120 [00:02<01:01,  1.88it/s]
train:   5%|▌         | 6/120 [00:02<00:44,  2.57it/s]
train:   6%|▌         | 7/120 [00:03<00:58,  1.93it/s]
train:   7%|▋         | 8/120 [00:03<00:43,  2.55it/s]
train:   8%|▊         | 9/120 [00:04<00:56,  1.97it/s]
train:   8%|▊         | 10/120 [00:04<00:42,  2.61it/s]
train:   9%|▉         | 11/120 [00:05<00:53,  2.02it/s]
train:  10%|█         | 12/120 [00:05<00:40,  2.64it/s]
train:  11%|█         | 13/120 [00:06<00:51,  2.06it/s]
train:  12%|█▏        | 14/120 [00:06<00:39,  2.66it/s]
train:  12%|█▎        | 15/120 [00:07<00:50,  2.06it/s]
train:  13%|█▎        | 16/120 [00:07<00:38,  2.70it/s]
train:  14%|█▍        | 17/120 [00:07<00:48,  2.11it/s]
train:  15%|█▌        | 18/120 [00:08<00:37,  2.73it/s]
train:  16%|█▌        | 19/120 [00:08<00:46,  2.18it/s]
train:  18%|█▊        | 21/120 [00:09<00:43,  2.27it/s]
train:  18%|█▊        | 22/120 [00:09<00:35,  2.78it/s]
train:  19%|█▉        | 23/120 [00:10<00:43,  2.24it/s]
train:  20%|██        | 24/120 [00:10<00:33,  2.83it/s]
train:  21%|██        | 25/120 [00:11<00:41,  2.26it/s]
train:  22%|██▏       | 26/120 [00:11<00:32,  2.90it/s]
train:  22%|██▎       | 27/120 [00:11<00:42,  2.19it/s]
train:  23%|██▎       | 28/120 [00:12<00:32,  2.82it/s]
train:  24%|██▍       | 29/120 [00:12<00:41,  2.22it/s]
train:  25%|██▌       | 30/120 [00:12<00:31,  2.85it/s]
train:  26%|██▌       | 31/120 [00:13<00:40,  2.21it/s]
train:  27%|██▋       | 32/120 [00:13<00:31,  2.83it/s]
train:  28%|██▊       | 33/120 [00:14<00:41,  2.11it/s]
train:  28%|██▊       | 34/120 [00:14<00:31,  2.72it/s]
train:  29%|██▉       | 35/120 [00:15<00:40,  2.08it/s]
train:  30%|███       | 36/120 [00:15<00:31,  2.69it/s]
train:  31%|███       | 37/120 [00:16<00:39,  2.09it/s]
train:  32%|███▏      | 38/120 [00:16<00:30,  2.69it/s]
train:  32%|███▎      | 39/120 [00:16<00:39,  2.07it/s]
train:  33%|███▎      | 40/120 [00:17<00:29,  2.68it/s]
train:  34%|███▍      | 41/120 [00:17<00:38,  2.05it/s]
train:  35%|███▌      | 42/120 [00:17<00:29,  2.67it/s]
train:  36%|███▌      | 43/120 [00:18<00:37,  2.05it/s]
train:  37%|███▋      | 44/120 [00:18<00:28,  2.68it/s]
train:  38%|███▊      | 45/120 [00:19<00:36,  2.07it/s]
train:  38%|███▊      | 46/120 [00:19<00:27,  2.69it/s]
train:  39%|███▉      | 47/120 [00:20<00:34,  2.10it/s]
train:  40%|████      | 48/120 [00:20<00:26,  2.71it/s]
train:  41%|████      | 49/120 [00:21<00:33,  2.13it/s]
train:  42%|████▏     | 50/120 [00:21<00:25,  2.78it/s]
train:  42%|████▎     | 51/120 [00:22<00:32,  2.09it/s]
train:  43%|████▎     | 52/120 [00:22<00:24,  2.73it/s]
train:  44%|████▍     | 53/120 [00:22<00:32,  2.06it/s]
train:  45%|████▌     | 54/120 [00:23<00:24,  2.65it/s]
train:  46%|████▌     | 55/120 [00:23<00:31,  2.07it/s]
train:  47%|████▋     | 56/120 [00:23<00:23,  2.69it/s]
train:  48%|████▊     | 57/120 [00:24<00:29,  2.14it/s]
train:  48%|████▊     | 58/120 [00:24<00:22,  2.77it/s]
train:  49%|████▉     | 59/120 [00:25<00:29,  2.10it/s]
train:  50%|█████     | 60/120 [00:25<00:22,  2.72it/s]
train:  51%|█████     | 61/120 [00:26<00:28,  2.11it/s]
train:  52%|█████▏    | 62/120 [00:26<00:21,  2.71it/s]
train:  52%|█████▎    | 63/120 [00:27<00:27,  2.08it/s]
train:  54%|█████▍    | 65/120 [00:28<00:25,  2.19it/s]
train:  55%|█████▌    | 66/120 [00:28<00:19,  2.71it/s]
train:  56%|█████▌    | 67/120 [00:28<00:25,  2.10it/s]
train:  57%|█████▋    | 68/120 [00:29<00:19,  2.65it/s]
train:  57%|█████▊    | 69/120 [00:31<00:43,  1.17it/s]
train:  58%|█████▊    | 70/120 [00:31<00:32,  1.56it/s]
train:  59%|█████▉    | 71/120 [00:31<00:33,  1.48it/s]
train:  60%|██████    | 72/120 [00:32<00:24,  1.96it/s]
train:  61%|██████    | 73/120 [00:32<00:27,  1.74it/s]
train:  62%|██████▏   | 74/120 [00:32<00:20,  2.30it/s]
train:  62%|██████▎   | 75/120 [00:33<00:25,  1.80it/s]
train:  63%|██████▎   | 76/120 [00:33<00:18,  2.33it/s]
train:  64%|██████▍   | 77/120 [00:34<00:22,  1.92it/s]
train:  65%|██████▌   | 78/120 [00:34<00:16,  2.52it/s]
train:  66%|██████▌   | 79/120 [00:35<00:21,  1.94it/s]
train:  67%|██████▋   | 80/120 [00:35<00:15,  2.52it/s]
train:  68%|██████▊   | 81/120 [00:36<00:20,  1.95it/s]
train:  68%|██████▊   | 82/120 [00:36<00:15,  2.52it/s]
train:  69%|██████▉   | 83/120 [00:37<00:18,  2.01it/s]
train:  70%|███████   | 84/120 [00:37<00:13,  2.59it/s]
train:  71%|███████   | 85/120 [00:38<00:17,  2.04it/s]
train:  72%|███████▏  | 86/120 [00:38<00:12,  2.64it/s]
train:  72%|███████▎  | 87/120 [00:39<00:16,  1.99it/s]
train:  73%|███████▎  | 88/120 [00:39<00:12,  2.60it/s]
train:  74%|███████▍  | 89/120 [00:39<00:15,  2.03it/s]
train:  75%|███████▌  | 90/120 [00:40<00:11,  2.64it/s]
train:  76%|███████▌  | 91/120 [00:40<00:13,  2.13it/s]
train:  77%|███████▋  | 92/120 [00:40<00:10,  2.78it/s]
train:  78%|███████▊  | 93/120 [00:41<00:12,  2.15it/s]
train:  78%|███████▊  | 94/120 [00:41<00:09,  2.78it/s]
train:  79%|███████▉  | 95/120 [00:42<00:11,  2.22it/s]
train:  80%|████████  | 96/120 [00:42<00:08,  2.89it/s]
train:  81%|████████  | 97/120 [00:43<00:10,  2.23it/s]
train:  82%|████████▏ | 98/120 [00:43<00:07,  2.88it/s]
train:  82%|████████▎ | 99/120 [00:43<00:09,  2.19it/s]
train:  83%|████████▎ | 100/120 [00:44<00:07,  2.84it/s]
train:  84%|████████▍ | 101/120 [00:44<00:08,  2.17it/s]
train:  85%|████████▌ | 102/120 [00:44<00:06,  2.81it/s]
train:  86%|████████▌ | 103/120 [00:45<00:07,  2.13it/s]
train:  87%|████████▋ | 104/120 [00:45<00:05,  2.75it/s]
train:  88%|████████▊ | 105/120 [00:46<00:06,  2.22it/s]
train:  88%|████████▊ | 106/120 [00:46<00:04,  2.88it/s]
train:  89%|████████▉ | 107/120 [00:47<00:05,  2.24it/s]
train:  90%|█████████ | 108/120 [00:47<00:04,  2.91it/s]
train:  91%|█████████ | 109/120 [00:47<00:04,  2.34it/s]
train:  92%|█████████▏| 110/120 [00:47<00:03,  3.02it/s]
train:  92%|█████████▎| 111/120 [00:48<00:04,  2.23it/s]
train:  93%|█████████▎| 112/120 [00:48<00:02,  2.89it/s]
train:  94%|█████████▍| 113/120 [00:49<00:03,  2.11it/s]
train:  95%|█████████▌| 114/120 [00:49<00:02,  2.72it/s]
train:  96%|█████████▌| 115/120 [00:50<00:02,  2.09it/s]
train:  97%|█████████▋| 116/120 [00:50<00:01,  2.71it/s]
train:  98%|█████████▊| 117/120 [00:51<00:01,  2.11it/s]
train:  98%|█████████▊| 118/120 [00:51<00:00,  2.73it/s]
train:  99%|█████████▉| 119/120 [00:52<00:00,  2.20it/s]
train: 100%|██████████| 120/120 [00:52<00:00,  2.83it/s]
                                                        

eval:   0%|          | 0/30 [00:00<?, ?it/s]
eval:   3%|▎         | 1/30 [00:00<00:25,  1.12it/s]
eval:  10%|█         | 3/30 [00:01<00:14,  1.84it/s]
eval:  17%|█▋        | 5/30 [00:02<00:12,  2.04it/s]
eval:  23%|██▎       | 7/30 [00:03<00:10,  2.23it/s]
eval:  30%|███       | 9/30 [00:04<00:09,  2.31it/s]
eval:  37%|███▋      | 11/30 [00:04<00:07,  2.39it/s]
eval:  43%|████▎     | 13/30 [00:05<00:07,  2.39it/s]
eval:  50%|█████     | 15/30 [00:06<00:06,  2.39it/s]
eval:  57%|█████▋    | 17/30 [00:07<00:05,  2.40it/s]
eval:  63%|██████▎   | 19/30 [00:08<00:04,  2.42it/s]
eval:  70%|███████   | 21/30 [00:09<00:03,  2.45it/s]
eval:  77%|███████▋  | 23/30 [00:09<00:02,  2.42it/s]
eval:  83%|████████▎ | 25/30 [00:10<00:02,  2.37it/s]
eval:  90%|█████████ | 27/30 [00:11<00:01,  2.43it/s]
eval:  97%|█████████▋| 29/30 [00:12<00:00,  2.45it/s]
                                                     
Epoch 32 | stage 2 | train loss 0.3534 (cls 0.3534, ctr 0.0000) acc 0.9823 f1 0.9814 | val loss 0.9443 (cls 0.9443, ctr 0.0000) acc 0.7875 f1 0.7762 | lr [2.21e-05, 8.84e-07, 8.84e-07]

train:   0%|          | 0/120 [00:00<?, ?it/s]
train:   1%|          | 1/120 [00:01<02:06,  1.07s/it]
train:   2%|▏         | 2/120 [00:01<01:00,  1.95it/s]
train:   2%|▎         | 3/120 [00:01<01:15,  1.55it/s]
train:   3%|▎         | 4/120 [00:02<00:50,  2.28it/s]
train:   4%|▍         | 5/120 [00:02<01:03,  1.80it/s]
train:   5%|▌         | 6/120 [00:02<00:46,  2.47it/s]
train:   6%|▌         | 7/120 [00:03<00:59,  1.90it/s]
train:   7%|▋         | 8/120 [00:03<00:44,  2.53it/s]
train:   8%|▊         | 9/120 [00:04<00:59,  1.88it/s]
train:   8%|▊         | 10/120 [00:04<00:44,  2.47it/s]
train:   9%|▉         | 11/120 [00:05<00:57,  1.91it/s]
train:  10%|█         | 12/120 [00:05<00:43,  2.50it/s]
train:  11%|█         | 13/120 [00:06<00:55,  1.93it/s]
train:  12%|█▏        | 14/120 [00:06<00:41,  2.53it/s]
train:  12%|█▎        | 15/120 [00:07<00:54,  1.92it/s]
train:  13%|█▎        | 16/120 [00:07<00:41,  2.51it/s]
train:  14%|█▍        | 17/120 [00:08<00:52,  1.95it/s]
train:  15%|█▌        | 18/120 [00:08<00:40,  2.54it/s]
train:  16%|█▌        | 19/120 [00:09<00:51,  1.96it/s]
train:  17%|█▋        | 20/120 [00:09<00:39,  2.56it/s]
train:  18%|█▊        | 21/120 [00:10<00:51,  1.92it/s]
train:  18%|█▊        | 22/120 [00:10<00:39,  2.50it/s]
train:  19%|█▉        | 23/120 [00:11<00:51,  1.90it/s]
train:  20%|██        | 24/120 [00:11<00:38,  2.46it/s]
train:  21%|██        | 25/120 [00:12<00:49,  1.93it/s]
train:  22%|██▏       | 26/120 [00:12<00:37,  2.50it/s]
train:  22%|██▎       | 27/120 [00:12<00:48,  1.94it/s]
train:  23%|██▎       | 28/120 [00:13<00:36,  2.53it/s]
train:  24%|██▍       | 29/120 [00:13<00:46,  1.97it/s]
train:  25%|██▌       | 30/120 [00:13<00:35,  2.57it/s]
train:  26%|██▌       | 31/120 [00:14<00:43,  2.04it/s]
train:  27%|██▋       | 32/120 [00:14<00:33,  2.64it/s]
train:  28%|██▊       | 33/120 [00:15<00:43,  2.01it/s]
train:  28%|██▊       | 34/120 [00:15<00:33,  2.59it/s]
train:  29%|██▉       | 35/120 [00:16<00:44,  1.92it/s]
train:  30%|███       | 36/120 [00:16<00:33,  2.48it/s]
train:  31%|███       | 37/120 [00:17<00:43,  1.89it/s]
train:  32%|███▏      | 38/120 [00:17<00:33,  2.44it/s]
train:  32%|███▎      | 39/120 [00:18<00:43,  1.85it/s]
train:  33%|███▎      | 40/120 [00:18<00:33,  2.41it/s]
train:  34%|███▍      | 41/120 [00:19<00:42,  1.86it/s]
train:  35%|███▌      | 42/120 [00:19<00:32,  2.41it/s]
train:  36%|███▌      | 43/120 [00:20<00:42,  1.83it/s]
train:  37%|███▋      | 44/120 [00:20<00:31,  2.38it/s]
train:  38%|███▊      | 45/120 [00:21<00:39,  1.91it/s]
train:  38%|███▊      | 46/120 [00:21<00:29,  2.50it/s]
train:  39%|███▉      | 47/120 [00:22<00:36,  1.99it/s]
train:  40%|████      | 48/120 [00:22<00:27,  2.61it/s]
train:  41%|████      | 49/120 [00:23<00:35,  1.99it/s]
train:  42%|████▏     | 50/120 [00:23<00:27,  2.59it/s]
train:  42%|████▎     | 51/120 [00:23<00:35,  1.96it/s]
train:  43%|████▎     | 52/120 [00:24<00:26,  2.55it/s]
train:  44%|████▍     | 53/120 [00:24<00:33,  2.02it/s]
train:  45%|████▌     | 54/120 [00:24<00:25,  2.61it/s]
train:  46%|████▌     | 55/120 [00:25<00:31,  2.05it/s]
train:  47%|████▋     | 56/120 [00:25<00:24,  2.65it/s]
train:  48%|████▊     | 57/120 [00:26<00:32,  1.95it/s]
train:  48%|████▊     | 58/120 [00:26<00:24,  2.52it/s]
train:  49%|████▉     | 59/120 [00:27<00:30,  1.99it/s]
train:  50%|█████     | 60/120 [00:27<00:23,  2.60it/s]
train:  51%|█████     | 61/120 [00:28<00:30,  1.93it/s]
train:  52%|█████▏    | 62/120 [00:28<00:23,  2.50it/s]
train:  52%|█████▎    | 63/120 [00:29<00:28,  2.01it/s]
train:  53%|█████▎    | 64/120 [00:29<00:21,  2.61it/s]
train:  54%|█████▍    | 65/120 [00:30<00:27,  2.03it/s]
train:  55%|█████▌    | 66/120 [00:30<00:20,  2.64it/s]
train:  56%|█████▌    | 67/120 [00:31<00:26,  1.99it/s]
train:  57%|█████▋    | 68/120 [00:31<00:20,  2.54it/s]
train:  57%|█████▊    | 69/120 [00:31<00:26,  1.93it/s]
train:  58%|█████▊    | 70/120 [00:32<00:19,  2.51it/s]
train:  59%|█████▉    | 71/120 [00:32<00:24,  2.00it/s]
train:  60%|██████    | 72/120 [00:32<00:18,  2.60it/s]
train:  61%|██████    | 73/120 [00:34<00:35,  1.34it/s]
train:  62%|██████▏   | 74/120 [00:34<00:25,  1.79it/s]
train:  62%|██████▎   | 75/120 [00:35<00:28,  1.59it/s]
train:  63%|██████▎   | 76/120 [00:35<00:20,  2.10it/s]
train:  64%|██████▍   | 77/120 [00:36<00:24,  1.75it/s]
train:  65%|██████▌   | 78/120 [00:36<00:18,  2.30it/s]
train:  66%|██████▌   | 79/120 [00:37<00:21,  1.87it/s]
train:  67%|██████▋   | 80/120 [00:37<00:16,  2.45it/s]
train:  68%|██████▊   | 81/120 [00:38<00:20,  1.91it/s]
train:  68%|██████▊   | 82/120 [00:38<00:15,  2.49it/s]
train:  69%|██████▉   | 83/120 [00:39<00:18,  1.95it/s]
train:  70%|███████   | 84/120 [00:39<00:14,  2.53it/s]
train:  71%|███████   | 85/120 [00:39<00:18,  1.93it/s]
train:  72%|███████▏  | 86/120 [00:40<00:13,  2.51it/s]
train:  72%|███████▎  | 87/120 [00:40<00:16,  1.99it/s]
train:  73%|███████▎  | 88/120 [00:40<00:12,  2.60it/s]
train:  74%|███████▍  | 89/120 [00:41<00:15,  1.97it/s]
train:  75%|███████▌  | 90/120 [00:41<00:11,  2.55it/s]
train:  76%|███████▌  | 91/120 [00:42<00:14,  2.01it/s]
train:  77%|███████▋  | 92/120 [00:42<00:10,  2.62it/s]
train:  78%|███████▊  | 93/120 [00:43<00:13,  2.02it/s]
train:  78%|███████▊  | 94/120 [00:43<00:09,  2.60it/s]
train:  79%|███████▉  | 95/120 [00:44<00:12,  1.99it/s]
train:  80%|████████  | 96/120 [00:44<00:09,  2.59it/s]
train:  81%|████████  | 97/120 [00:45<00:11,  1.99it/s]
train:  82%|████████▏ | 98/120 [00:45<00:08,  2.61it/s]
train:  82%|████████▎ | 99/120 [00:46<00:10,  2.03it/s]
train:  83%|████████▎ | 100/120 [00:46<00:07,  2.66it/s]
train:  84%|████████▍ | 101/120 [00:46<00:09,  2.03it/s]
train:  85%|████████▌ | 102/120 [00:47<00:06,  2.61it/s]
train:  86%|████████▌ | 103/120 [00:47<00:08,  1.97it/s]
train:  87%|████████▋ | 104/120 [00:48<00:06,  2.55it/s]
train:  88%|████████▊ | 105/120 [00:48<00:07,  1.95it/s]
train:  88%|████████▊ | 106/120 [00:48<00:05,  2.53it/s]
train:  89%|████████▉ | 107/120 [00:49<00:06,  1.96it/s]
train:  90%|█████████ | 108/120 [00:49<00:04,  2.53it/s]
train:  91%|█████████ | 109/120 [00:50<00:05,  1.98it/s]
train:  92%|█████████▏| 110/120 [00:50<00:03,  2.59it/s]
train:  92%|█████████▎| 111/120 [00:51<00:04,  1.95it/s]
train:  93%|█████████▎| 112/120 [00:51<00:03,  2.53it/s]
train:  94%|█████████▍| 113/120 [00:52<00:03,  2.00it/s]
train:  95%|█████████▌| 114/120 [00:52<00:02,  2.59it/s]
train:  96%|█████████▌| 115/120 [00:53<00:02,  2.06it/s]
train:  97%|█████████▋| 116/120 [00:53<00:01,  2.67it/s]
train:  98%|█████████▊| 117/120 [00:54<00:01,  2.03it/s]
train:  98%|█████████▊| 118/120 [00:54<00:00,  2.64it/s]
train:  99%|█████████▉| 119/120 [00:54<00:00,  2.04it/s]
train: 100%|██████████| 120/120 [00:55<00:00,  2.65it/s]
                                                        

eval:   0%|          | 0/30 [00:00<?, ?it/s]
eval:   3%|▎         | 1/30 [00:00<00:26,  1.10it/s]
eval:  10%|█         | 3/30 [00:01<00:14,  1.82it/s]
eval:  17%|█▋        | 5/30 [00:02<00:12,  1.97it/s]
eval:  23%|██▎       | 7/30 [00:03<00:10,  2.17it/s]
eval:  30%|███       | 9/30 [00:04<00:09,  2.23it/s]
eval:  37%|███▋      | 11/30 [00:05<00:08,  2.29it/s]
eval:  43%|████▎     | 13/30 [00:06<00:07,  2.32it/s]
eval:  50%|█████     | 15/30 [00:06<00:06,  2.34it/s]
eval:  57%|█████▋    | 17/30 [00:07<00:05,  2.35it/s]
eval:  63%|██████▎   | 19/30 [00:08<00:04,  2.40it/s]
eval:  70%|███████   | 21/30 [00:09<00:03,  2.42it/s]
eval:  77%|███████▋  | 23/30 [00:10<00:02,  2.39it/s]
eval:  83%|████████▎ | 25/30 [00:11<00:02,  2.36it/s]
eval:  90%|█████████ | 27/30 [00:11<00:01,  2.39it/s]
eval:  97%|█████████▋| 29/30 [00:12<00:00,  2.43it/s]
                                                     
Epoch 33 | stage 2 | train loss 0.3445 (cls 0.3445, ctr 0.0000) acc 0.9823 f1 0.9814 | val loss 0.9504 (cls 0.9504, ctr 0.0000) acc 0.7833 f1 0.7713 | lr [2.05e-05, 8.21e-07, 8.21e-07]

train:   0%|          | 0/120 [00:00<?, ?it/s]
train:   1%|          | 1/120 [00:01<02:05,  1.06s/it]
train:   2%|▏         | 2/120 [00:01<00:58,  2.00it/s]
train:   2%|▎         | 3/120 [00:01<01:12,  1.60it/s]
train:   3%|▎         | 4/120 [00:02<00:49,  2.35it/s]
train:   4%|▍         | 5/120 [00:02<01:02,  1.83it/s]
train:   5%|▌         | 6/120 [00:02<00:45,  2.50it/s]
train:   6%|▌         | 7/120 [00:03<00:57,  1.97it/s]
train:   7%|▋         | 8/120 [00:03<00:42,  2.62it/s]
train:   8%|▊         | 9/120 [00:04<00:54,  2.05it/s]
train:   9%|▉         | 11/120 [00:05<00:49,  2.21it/s]
train:  10%|█         | 12/120 [00:05<00:39,  2.74it/s]
train:  11%|█         | 13/120 [00:06<00:49,  2.15it/s]
train:  12%|█▏        | 14/120 [00:06<00:38,  2.73it/s]
train:  12%|█▎        | 15/120 [00:06<00:48,  2.17it/s]
train:  13%|█▎        | 16/120 [00:07<00:37,  2.78it/s]
train:  14%|█▍        | 17/120 [00:07<00:46,  2.20it/s]
train:  15%|█▌        | 18/120 [00:07<00:35,  2.84it/s]
train:  16%|█▌        | 19/120 [00:08<00:46,  2.17it/s]
train:  17%|█▋        | 20/120 [00:08<00:35,  2.80it/s]
train:  18%|█▊        | 21/120 [00:09<00:45,  2.19it/s]
train:  18%|█▊        | 22/120 [00:09<00:34,  2.83it/s]
train:  19%|█▉        | 23/120 [00:10<00:43,  2.20it/s]
train:  21%|██        | 25/120 [00:11<00:41,  2.31it/s]
train:  22%|██▏       | 26/120 [00:11<00:33,  2.83it/s]
train:  22%|██▎       | 27/120 [00:11<00:41,  2.26it/s]
train:  23%|██▎       | 28/120 [00:11<00:32,  2.86it/s]
train:  24%|██▍       | 29/120 [00:12<00:42,  2.14it/s]
train:  25%|██▌       | 30/120 [00:12<00:32,  2.74it/s]
train:  26%|██▌       | 31/120 [00:13<00:42,  2.07it/s]
train:  27%|██▋       | 32/120 [00:13<00:33,  2.66it/s]
train:  28%|██▊       | 33/120 [00:14<00:41,  2.08it/s]
train:  28%|██▊       | 34/120 [00:14<00:31,  2.70it/s]
train:  29%|██▉       | 35/120 [00:15<00:41,  2.03it/s]
train:  30%|███       | 36/120 [00:15<00:32,  2.62it/s]
train:  31%|███       | 37/120 [00:16<00:40,  2.05it/s]
train:  32%|███▏      | 38/120 [00:16<00:30,  2.65it/s]
train:  32%|███▎      | 39/120 [00:17<00:40,  2.02it/s]
train:  33%|███▎      | 40/120 [00:17<00:30,  2.62it/s]
train:  34%|███▍      | 41/120 [00:17<00:39,  1.98it/s]
train:  35%|███▌      | 42/120 [00:18<00:30,  2.58it/s]
train:  36%|███▌      | 43/120 [00:18<00:38,  2.02it/s]
train:  38%|███▊      | 45/120 [00:19<00:36,  2.06it/s]
train:  38%|███▊      | 46/120 [00:19<00:29,  2.55it/s]
train:  39%|███▉      | 47/120 [00:20<00:37,  1.95it/s]
train:  40%|████      | 48/120 [00:20<00:29,  2.47it/s]
train:  41%|████      | 49/120 [00:21<00:35,  1.97it/s]
train:  42%|████▏     | 50/120 [00:21<00:27,  2.55it/s]
train:  42%|████▎     | 51/120 [00:22<00:35,  1.96it/s]
train:  43%|████▎     | 52/120 [00:22<00:26,  2.53it/s]
train:  44%|████▍     | 53/120 [00:23<00:33,  2.01it/s]
train:  45%|████▌     | 54/120 [00:23<00:25,  2.61it/s]
train:  46%|████▌     | 55/120 [00:24<00:32,  2.03it/s]
train:  47%|████▋     | 56/120 [00:24<00:24,  2.63it/s]
train:  48%|████▊     | 57/120 [00:25<00:31,  1.98it/s]
train:  48%|████▊     | 58/120 [00:25<00:24,  2.56it/s]
train:  49%|████▉     | 59/120 [00:26<00:30,  1.98it/s]
train:  50%|█████     | 60/120 [00:26<00:23,  2.58it/s]
train:  51%|█████     | 61/120 [00:26<00:29,  1.98it/s]
train:  52%|█████▏    | 62/120 [00:27<00:22,  2.59it/s]
train:  52%|█████▎    | 63/120 [00:27<00:29,  1.95it/s]
train:  53%|█████▎    | 64/120 [00:27<00:22,  2.53it/s]
train:  54%|█████▍    | 65/120 [00:28<00:27,  2.02it/s]
train:  55%|█████▌    | 66/120 [00:28<00:20,  2.65it/s]
train:  56%|█████▌    | 67/120 [00:29<00:26,  2.03it/s]
train:  57%|█████▋    | 68/120 [00:29<00:19,  2.66it/s]
train:  57%|█████▊    | 69/120 [00:30<00:26,  1.95it/s]
train:  58%|█████▊    | 70/120 [00:30<00:19,  2.51it/s]
train:  59%|█████▉    | 71/120 [00:31<00:24,  2.00it/s]
train:  60%|██████    | 72/120 [00:31<00:18,  2.59it/s]
train:  61%|██████    | 73/120 [00:32<00:23,  2.01it/s]
train:  62%|██████▏   | 74/120 [00:32<00:17,  2.63it/s]
train:  62%|██████▎   | 75/120 [00:33<00:22,  2.04it/s]
train:  63%|██████▎   | 76/120 [00:33<00:16,  2.65it/s]
train:  64%|██████▍   | 77/120 [00:34<00:21,  2.00it/s]
train:  65%|██████▌   | 78/120 [00:34<00:15,  2.63it/s]
train:  66%|██████▌   | 79/120 [00:34<00:20,  1.99it/s]
train:  67%|██████▋   | 80/120 [00:35<00:15,  2.56it/s]
train:  68%|██████▊   | 81/120 [00:35<00:19,  2.04it/s]
train:  68%|██████▊   | 82/120 [00:35<00:14,  2.67it/s]
train:  69%|██████▉   | 83/120 [00:36<00:18,  1.99it/s]
train:  70%|███████   | 84/120 [00:36<00:14,  2.57it/s]
train:  71%|███████   | 85/120 [00:37<00:17,  1.98it/s]
train:  72%|███████▏  | 86/120 [00:37<00:13,  2.58it/s]
train:  72%|███████▎  | 87/120 [00:38<00:16,  1.99it/s]
train:  73%|███████▎  | 88/120 [00:38<00:12,  2.57it/s]
train:  74%|███████▍  | 89/120 [00:39<00:15,  2.05it/s]
train:  75%|███████▌  | 90/120 [00:39<00:11,  2.67it/s]
train:  76%|███████▌  | 91/120 [00:40<00:14,  2.00it/s]
train:  77%|███████▋  | 92/120 [00:40<00:10,  2.60it/s]
train:  78%|███████▊  | 93/120 [00:41<00:13,  1.97it/s]
train:  78%|███████▊  | 94/120 [00:41<00:10,  2.56it/s]
train:  79%|███████▉  | 95/120 [00:41<00:12,  2.01it/s]
train:  80%|████████  | 96/120 [00:42<00:09,  2.64it/s]
train:  81%|████████  | 97/120 [00:42<00:11,  2.04it/s]
train:  82%|████████▏ | 98/120 [00:42<00:08,  2.64it/s]
train:  82%|████████▎ | 99/120 [00:43<00:10,  1.99it/s]
train:  83%|████████▎ | 100/120 [00:43<00:07,  2.57it/s]
train:  84%|████████▍ | 101/120 [00:44<00:09,  2.03it/s]
train:  85%|████████▌ | 102/120 [00:44<00:06,  2.61it/s]
train:  86%|████████▌ | 103/120 [00:45<00:08,  1.99it/s]
train:  87%|████████▋ | 104/120 [00:45<00:06,  2.58it/s]
train:  88%|████████▊ | 105/120 [00:46<00:07,  2.01it/s]
train:  88%|████████▊ | 106/120 [00:46<00:05,  2.61it/s]
train:  89%|████████▉ | 107/120 [00:47<00:06,  2.03it/s]
train:  91%|█████████ | 109/120 [00:48<00:05,  2.17it/s]
train:  92%|█████████▏| 110/120 [00:48<00:03,  2.67it/s]
train:  92%|█████████▎| 111/120 [00:48<00:04,  2.07it/s]
train:  93%|█████████▎| 112/120 [00:49<00:03,  2.61it/s]
train:  94%|█████████▍| 113/120 [00:49<00:03,  2.05it/s]
train:  95%|█████████▌| 114/120 [00:49<00:02,  2.63it/s]
train:  96%|█████████▌| 115/120 [00:50<00:02,  2.01it/s]
train:  97%|█████████▋| 116/120 [00:50<00:01,  2.60it/s]
train:  98%|█████████▊| 117/120 [00:51<00:01,  1.97it/s]
train:  98%|█████████▊| 118/120 [00:51<00:00,  2.56it/s]
train:  99%|█████████▉| 119/120 [00:52<00:00,  2.06it/s]
train: 100%|██████████| 120/120 [00:52<00:00,  2.65it/s]
                                                        

eval:   0%|          | 0/30 [00:00<?, ?it/s]
eval:   3%|▎         | 1/30 [00:00<00:26,  1.08it/s]
eval:  10%|█         | 3/30 [00:01<00:15,  1.80it/s]
eval:  17%|█▋        | 5/30 [00:02<00:12,  1.98it/s]
eval:  23%|██▎       | 7/30 [00:03<00:10,  2.18it/s]
eval:  30%|███       | 9/30 [00:04<00:09,  2.25it/s]
eval:  37%|███▋      | 11/30 [00:05<00:08,  2.32it/s]
eval:  43%|████▎     | 13/30 [00:05<00:07,  2.35it/s]
eval:  50%|█████     | 15/30 [00:06<00:06,  2.37it/s]
eval:  57%|█████▋    | 17/30 [00:07<00:05,  2.37it/s]
eval:  63%|██████▎   | 19/30 [00:08<00:04,  2.41it/s]
eval:  70%|███████   | 21/30 [00:09<00:03,  2.44it/s]
eval:  77%|███████▋  | 23/30 [00:10<00:02,  2.42it/s]
eval:  83%|████████▎ | 25/30 [00:11<00:02,  1.83it/s]
eval:  90%|█████████ | 27/30 [00:12<00:01,  1.99it/s]
eval:  97%|█████████▋| 29/30 [00:13<00:00,  2.12it/s]
                                                     
Epoch 34 | stage 2 | train loss 0.3469 (cls 0.3469, ctr 0.0000) acc 0.9854 f1 0.9843 | val loss 0.9305 (cls 0.9305, ctr 0.0000) acc 0.7792 f1 0.7702 | lr [2.00e-05, 8.00e-07, 8.00e-07]

train:   0%|          | 0/120 [00:00<?, ?it/s]
train:   1%|          | 1/120 [00:00<01:58,  1.00it/s]
train:   2%|▏         | 2/120 [00:01<00:56,  2.10it/s]
train:   2%|▎         | 3/120 [00:01<01:13,  1.59it/s]
train:   3%|▎         | 4/120 [00:02<00:49,  2.34it/s]
train:   4%|▍         | 5/120 [00:02<01:04,  1.79it/s]
train:   5%|▌         | 6/120 [00:02<00:46,  2.45it/s]
train:   6%|▌         | 7/120 [00:03<00:59,  1.90it/s]
train:   7%|▋         | 8/120 [00:03<00:44,  2.54it/s]
train:   8%|▊         | 9/120 [00:04<00:57,  1.92it/s]
train:   8%|▊         | 10/120 [00:04<00:43,  2.51it/s]
train:   9%|▉         | 11/120 [00:05<00:54,  2.00it/s]
train:  10%|█         | 12/120 [00:05<00:40,  2.63it/s]
train:  11%|█         | 13/120 [00:06<00:53,  1.99it/s]
train:  12%|█▏        | 14/120 [00:06<00:41,  2.57it/s]
train:  12%|█▎        | 15/120 [00:07<00:53,  1.97it/s]
train:  13%|█▎        | 16/120 [00:07<00:40,  2.55it/s]
train:  14%|█▍        | 17/120 [00:08<00:52,  1.96it/s]
train:  15%|█▌        | 18/120 [00:08<00:39,  2.56it/s]
train:  16%|█▌        | 19/120 [00:09<00:50,  1.98it/s]
train:  18%|█▊        | 21/120 [00:09<00:46,  2.11it/s]
train:  18%|█▊        | 22/120 [00:10<00:37,  2.60it/s]
train:  19%|█▉        | 23/120 [00:10<00:48,  2.02it/s]
train:  20%|██        | 24/120 [00:10<00:37,  2.57it/s]
train:  21%|██        | 25/120 [00:11<00:46,  2.06it/s]
train:  22%|██▏       | 26/120 [00:11<00:35,  2.64it/s]
train:  22%|██▎       | 27/120 [00:12<00:46,  2.01it/s]
train:  23%|██▎       | 28/120 [00:12<00:35,  2.58it/s]
train:  24%|██▍       | 29/120 [00:13<00:43,  2.08it/s]
train:  25%|██▌       | 30/120 [00:13<00:33,  2.69it/s]
train:  26%|██▌       | 31/120 [00:14<00:43,  2.07it/s]
train:  27%|██▋       | 32/120 [00:14<00:33,  2.66it/s]
train:  28%|██▊       | 33/120 [00:15<00:42,  2.06it/s]
train:  28%|██▊       | 34/120 [00:15<00:32,  2.65it/s]
train:  29%|██▉       | 35/120 [00:16<00:41,  2.04it/s]
train:  30%|███       | 36/120 [00:16<00:31,  2.65it/s]
train:  31%|███       | 37/120 [00:16<00:41,  2.02it/s]
train:  32%|███▏      | 38/120 [00:17<00:31,  2.61it/s]
train:  32%|███▎      | 39/120 [00:17<00:40,  2.00it/s]
train:  33%|███▎      | 40/120 [00:17<00:30,  2.60it/s]
train:  34%|███▍      | 41/120 [00:18<00:39,  1.99it/s]
train:  35%|███▌      | 42/120 [00:18<00:30,  2.60it/s]
train:  36%|███▌      | 43/120 [00:19<00:38,  2.01it/s]
train:  37%|███▋      | 44/120 [00:19<00:28,  2.62it/s]
train:  38%|███▊      | 45/120 [00:20<00:36,  2.03it/s]
train:  38%|███▊      | 46/120 [00:20<00:28,  2.63it/s]
train:  39%|███▉      | 47/120 [00:21<00:34,  2.10it/s]
train:  40%|████      | 48/120 [00:21<00:26,  2.73it/s]
train:  41%|████      | 49/120 [00:22<00:34,  2.08it/s]
train:  42%|████▎     | 51/120 [00:22<00:30,  2.23it/s]
train:  43%|████▎     | 52/120 [00:23<00:24,  2.75it/s]
train:  44%|████▍     | 53/120 [00:23<00:30,  2.19it/s]
train:  45%|████▌     | 54/120 [00:23<00:23,  2.76it/s]
train:  46%|████▌     | 55/120 [00:24<00:30,  2.11it/s]
train:  47%|████▋     | 56/120 [00:24<00:23,  2.70it/s]
train:  48%|████▊     | 57/120 [00:25<00:29,  2.13it/s]
train:  48%|████▊     | 58/120 [00:25<00:22,  2.75it/s]
train:  49%|████▉     | 59/120 [00:26<00:30,  2.03it/s]
train:  50%|█████     | 60/120 [00:26<00:22,  2.61it/s]
train:  51%|█████     | 61/120 [00:27<00:29,  1.97it/s]
train:  52%|█████▏    | 62/120 [00:27<00:22,  2.56it/s]
train:  52%|█████▎    | 63/120 [00:28<00:28,  2.01it/s]
train:  53%|█████▎    | 64/120 [00:28<00:21,  2.63it/s]
train:  54%|█████▍    | 65/120 [00:28<00:25,  2.12it/s]
train:  55%|█████▌    | 66/120 [00:29<00:19,  2.76it/s]
train:  56%|█████▌    | 67/120 [00:29<00:24,  2.13it/s]
train:  57%|█████▋    | 68/120 [00:29<00:18,  2.75it/s]
train:  57%|█████▊    | 69/120 [00:31<00:34,  1.47it/s]
train:  58%|█████▊    | 70/120 [00:31<00:25,  1.96it/s]
train:  59%|█████▉    | 71/120 [00:32<00:27,  1.78it/s]
train:  60%|██████    | 72/120 [00:32<00:20,  2.35it/s]
train:  61%|██████    | 73/120 [00:32<00:24,  1.96it/s]
train:  62%|██████▏   | 74/120 [00:33<00:17,  2.56it/s]
train:  62%|██████▎   | 75/120 [00:33<00:21,  2.05it/s]
train:  63%|██████▎   | 76/120 [00:33<00:16,  2.66it/s]
train:  64%|██████▍   | 77/120 [00:34<00:21,  2.03it/s]
train:  65%|██████▌   | 78/120 [00:34<00:15,  2.66it/s]
train:  66%|██████▌   | 79/120 [00:35<00:20,  2.02it/s]
train:  67%|██████▋   | 80/120 [00:35<00:15,  2.63it/s]
train:  68%|██████▊   | 81/120 [00:36<00:19,  2.01it/s]
train:  68%|██████▊   | 82/120 [00:36<00:14,  2.62it/s]
train:  69%|██████▉   | 83/120 [00:37<00:18,  2.02it/s]
train:  70%|███████   | 84/120 [00:37<00:13,  2.63it/s]
train:  71%|███████   | 85/120 [00:38<00:17,  2.04it/s]
train:  72%|███████▏  | 86/120 [00:38<00:12,  2.66it/s]
train:  72%|███████▎  | 87/120 [00:38<00:16,  2.04it/s]
train:  73%|███████▎  | 88/120 [00:39<00:12,  2.65it/s]
train:  74%|███████▍  | 89/120 [00:39<00:15,  2.05it/s]
train:  75%|███████▌  | 90/120 [00:39<00:11,  2.66it/s]
train:  76%|███████▌  | 91/120 [00:40<00:13,  2.08it/s]
train:  77%|███████▋  | 92/120 [00:40<00:10,  2.70it/s]
train:  78%|███████▊  | 93/120 [00:41<00:13,  2.06it/s]
train:  78%|███████▊  | 94/120 [00:41<00:09,  2.70it/s]
train:  79%|███████▉  | 95/120 [00:42<00:12,  2.04it/s]
train:  80%|████████  | 96/120 [00:42<00:09,  2.64it/s]
train:  81%|████████  | 97/120 [00:43<00:11,  2.04it/s]
train:  82%|████████▏ | 98/120 [00:43<00:08,  2.65it/s]
train:  82%|████████▎ | 99/120 [00:44<00:09,  2.12it/s]
train:  83%|████████▎ | 100/120 [00:44<00:07,  2.75it/s]
train:  84%|████████▍ | 101/120 [00:44<00:08,  2.16it/s]
train:  85%|████████▌ | 102/120 [00:45<00:06,  2.82it/s]
train:  86%|████████▌ | 103/120 [00:45<00:07,  2.16it/s]
train:  87%|████████▋ | 104/120 [00:45<00:05,  2.82it/s]
train:  88%|████████▊ | 105/120 [00:46<00:06,  2.17it/s]
train:  88%|████████▊ | 106/120 [00:46<00:04,  2.83it/s]
train:  89%|████████▉ | 107/120 [00:47<00:05,  2.21it/s]
train:  90%|█████████ | 108/120 [00:47<00:04,  2.89it/s]
train:  91%|█████████ | 109/120 [00:48<00:04,  2.22it/s]
train:  92%|█████████▏| 110/120 [00:48<00:03,  2.87it/s]
train:  92%|█████████▎| 111/120 [00:48<00:04,  2.23it/s]
train:  93%|█████████▎| 112/120 [00:49<00:02,  2.90it/s]
train:  94%|█████████▍| 113/120 [00:49<00:03,  2.16it/s]
train:  95%|█████████▌| 114/120 [00:49<00:02,  2.79it/s]
train:  96%|█████████▌| 115/120 [00:50<00:02,  2.01it/s]
train:  97%|█████████▋| 116/120 [00:50<00:01,  2.61it/s]
train:  98%|█████████▊| 117/120 [00:51<00:01,  1.99it/s]
train:  98%|█████████▊| 118/120 [00:51<00:00,  2.59it/s]
train:  99%|█████████▉| 119/120 [00:52<00:00,  2.00it/s]
train: 100%|██████████| 120/120 [00:52<00:00,  2.58it/s]
                                                        

eval:   0%|          | 0/30 [00:00<?, ?it/s]
eval:   3%|▎         | 1/30 [00:00<00:26,  1.10it/s]
eval:  10%|█         | 3/30 [00:01<00:14,  1.82it/s]
eval:  17%|█▋        | 5/30 [00:02<00:12,  2.02it/s]
eval:  23%|██▎       | 7/30 [00:03<00:10,  2.21it/s]
eval:  30%|███       | 9/30 [00:04<00:09,  2.28it/s]
eval:  37%|███▋      | 11/30 [00:05<00:08,  2.35it/s]
eval:  43%|████▎     | 13/30 [00:05<00:07,  2.37it/s]
eval:  50%|█████     | 15/30 [00:06<00:06,  2.36it/s]
eval:  57%|█████▋    | 17/30 [00:07<00:05,  2.36it/s]
eval:  63%|██████▎   | 19/30 [00:08<00:04,  2.39it/s]
eval:  70%|███████   | 21/30 [00:09<00:03,  2.42it/s]
eval:  77%|███████▋  | 23/30 [00:10<00:02,  2.36it/s]
eval:  83%|████████▎ | 25/30 [00:12<00:02,  1.67it/s]
eval:  90%|█████████ | 27/30 [00:12<00:01,  1.85it/s]
eval:  97%|█████████▋| 29/30 [00:13<00:00,  2.01it/s]
                                                     
Epoch 35 | stage 2 | train loss 0.3455 (cls 0.3455, ctr 0.0000) acc 0.9896 f1 0.9887 | val loss 0.9926 (cls 0.9926, ctr 0.0000) acc 0.7625 f1 0.7531 | lr [2.00e-05, 8.00e-07, 8.00e-07]
[INFO] Reloaded best validation checkpoint: /home/louis/projects/MultimodalEmotionRecognition/outputs/speaker_independent_tracked_v1/fold_01/xattn/best.pt (epoch 32)

eval:   0%|          | 0/30 [00:00<?, ?it/s]libEGL warning: DRI3 error: Could not get DRI3 device
libEGL warning: Ensure your X server supports DRI3 to get accelerated rendering
libEGL warning: DRI3 error: Could not get DRI3 device
libEGL warning: Ensure your X server supports DRI3 to get accelerated rendering
WARNING: All log messages before absl::InitializeLog() is called are written to STDERR
I0000 00:00:1791465709.594289   13984 gl_context_egl.cc:85] Successfully initialized EGL. Major : 1 Minor: 5
WARNING: All log messages before absl::InitializeLog() is called are written to STDERR
I0000 00:00:1791465709.594305   13983 gl_context_egl.cc:85] Successfully initialized EGL. Major : 1 Minor: 5
I0000 00:00:1791465709.633170   14208 gl_context.cc:369] GL version: 3.2 (OpenGL ES 3.2 Mesa 25.2.8-0ubuntu0.24.04.2), renderer: llvmpipe (LLVM 20.1.2, 256 bits)
I0000 00:00:1791465709.635872   14209 gl_context.cc:369] GL version: 3.2 (OpenGL ES 3.2 Mesa 25.2.8-0ubuntu0.24.04.2), renderer: llvmpipe (LLVM 20.1.2, 256 bits)
INFO: Created TensorFlow Lite XNNPACK delegate for CPU.
INFO: Created TensorFlow Lite XNNPACK delegate for CPU.
W0000 00:00:1791465709.663022   14103 inference_feedback_manager.cc:114] Feedback manager requires a model with a single signature inference. Disabling support for feedback tensors.
W0000 00:00:1791465709.663579   14100 inference_feedback_manager.cc:114] Feedback manager requires a model with a single signature inference. Disabling support for feedback tensors.

eval:   3%|▎         | 1/30 [00:02<01:07,  2.33s/it]
eval:   7%|▋         | 2/30 [00:02<00:29,  1.05s/it]
eval:  10%|█         | 3/30 [00:03<00:21,  1.24it/s]
eval:  17%|█▋        | 5/30 [00:03<00:14,  1.67it/s]
eval:  23%|██▎       | 7/30 [00:04<00:11,  1.95it/s]
eval:  30%|███       | 9/30 [00:05<00:10,  2.09it/s]
eval:  37%|███▋      | 11/30 [00:06<00:08,  2.19it/s]
eval:  43%|████▎     | 13/30 [00:07<00:07,  2.26it/s]
eval:  50%|█████     | 15/30 [00:08<00:06,  2.30it/s]
eval:  57%|█████▋    | 17/30 [00:08<00:05,  2.29it/s]
eval:  63%|██████▎   | 19/30 [00:09<00:04,  2.33it/s]
eval:  70%|███████   | 21/30 [00:10<00:03,  2.30it/s]
eval:  77%|███████▋  | 23/30 [00:11<00:03,  2.32it/s]
eval:  83%|████████▎ | 25/30 [00:12<00:02,  2.30it/s]
eval:  90%|█████████ | 27/30 [00:13<00:01,  2.37it/s]
eval:  97%|█████████▋| 29/30 [00:13<00:00,  2.41it/s]
                                                     
Test | loss 1.0141 (cls 1.0141, ctr 0.0000) acc 0.7125 f1 0.6696
Best val macro-F1: 0.7762 | checkpoint: /home/louis/projects/MultimodalEmotionRecognition/outputs/speaker_independent_tracked_v1/fold_01/xattn/best.pt
wandb: 
wandb: Run history:
wandb: best/val_macro_f1 ▁
wandb:             epoch ▁▁▁▂▂▂▂▂▃▃▃▃▃▄▄▄▄▅▅▅▅▅▆▆▆▆▆▇▇▇▇▇███
wandb:        lr/group_0 █▆▅▃▁▁█████▇▇▇▆▆▆▅▅▅▄▄▄▃▃▃▂▂▂▂▁▁▁▁▁
wandb:        lr/group_1 █████▇▇▇▆▆▆▅▅▅▄▄▄▃▃▃▂▂▂▂▁▁▁▁▁
wandb:        lr/group_2 █████▇▇▇▆▆▆▅▅▅▄▄▄▃▃▃▂▂▂▂▁▁▁▁▁
wandb:             stage ▁▁▁▁▁▁█████████████████████████████
wandb:          test/acc ▁
wandb:     test/accuracy ▁
wandb:   test/best_epoch ▁
wandb:     test/cls_loss ▁
wandb:               +16 ...
wandb: 
wandb: Run summary:
wandb: best/val_macro_f1 0.77615
wandb:             epoch 35
wandb:        lr/group_0 2e-05
wandb:        lr/group_1 0.0
wandb:        lr/group_2 0.0
wandb:             stage 2
wandb:          test/acc 0.7125
wandb:     test/accuracy 0.7125
wandb:   test/best_epoch 32
wandb:     test/cls_loss 1.01411
wandb:               +16 ...
wandb: 
wandb: You can sync this run to the cloud by running:
wandb: wandb sync /home/louis/projects/MultimodalEmotionRecognition/outputs/speaker_independent_tracked_v1/fold_01/xattn/wandb/offline-run-20261008_204313-c724cd30296a45878f4dd8a59e96e0bd
wandb: Find logs at: ./outputs/speaker_independent_tracked_v1/fold_01/xattn/wandb/offline-run-20261008_204313-c724cd30296a45878f4dd8a59e96e0bd/logs
