{"stage":2,"lr":1e-05,"val/f1":0.8964093348711899,"_runtime":2382,"val/loss":0.42487510109134574,"test/f1":0.9321206125437089,"_wandb":{"runtime":2382},"test/confusion_matrix":{"width":800,"height":800,"_type":"image-file","sha256":"e1bb535bcefb29dd7150eccdfdf845a281b97a27916e3f26d0babd4466d8f697","size":25057,"path":"media/images/test/confusion_matrix_30_e1bb535bcefb29dd7150.png","format":"png"},"train/f1":0.9361558786192377,"train/loss":0.16693863919618204,"_timestamp":1.7707456085339708e+09,"test/acc":0.9333333373069763,"val/acc":0.8952381014823914,"epoch":30,"_step":31,"test/loss":0.31425241968903317,"train/acc":0.9353233575820923}