[REVISION] SKIP complete matching run: /home/louis/projects/MultimodalEmotionRecognition/outputs/speaker_independent_tracked_v1/fold_01/audio
[REVISION] SKIP complete matching run: /home/louis/projects/MultimodalEmotionRecognition/outputs/speaker_independent_tracked_v1/fold_01/video
[REVISION] SKIP complete matching run: /home/louis/projects/MultimodalEmotionRecognition/outputs/speaker_independent_tracked_v1/fold_01/gated
[REVISION] SKIP complete matching run: /home/louis/projects/MultimodalEmotionRecognition/outputs/speaker_independent_tracked_v1/fold_02/audio
[REVISION] SKIP complete matching run: /home/louis/projects/MultimodalEmotionRecognition/outputs/speaker_independent_tracked_v1/fold_02/video
[REVISION] SKIP complete matching run: /home/louis/projects/MultimodalEmotionRecognition/outputs/speaker_independent_tracked_v1/fold_02/gated
[REVISION] SKIP complete matching run: /home/louis/projects/MultimodalEmotionRecognition/outputs/speaker_independent_tracked_v1/fold_03/audio
[REVISION] SKIP complete matching run: /home/louis/projects/MultimodalEmotionRecognition/outputs/speaker_independent_tracked_v1/fold_03/video
[REVISION] SKIP complete matching run: /home/louis/projects/MultimodalEmotionRecognition/outputs/speaker_independent_tracked_v1/fold_03/gated
[REVISION] SKIP complete matching run: /home/louis/projects/MultimodalEmotionRecognition/outputs/speaker_independent_tracked_v1/fold_04/audio
[REVISION] SKIP complete matching run: /home/louis/projects/MultimodalEmotionRecognition/outputs/speaker_independent_tracked_v1/fold_04/video
[REVISION] SKIP complete matching run: /home/louis/projects/MultimodalEmotionRecognition/outputs/speaker_independent_tracked_v1/fold_04/gated
[REVISION] SKIP complete matching run: /home/louis/projects/MultimodalEmotionRecognition/outputs/speaker_independent_tracked_v1/fold_05/audio
[REVISION] SKIP complete matching run: /home/louis/projects/MultimodalEmotionRecognition/outputs/speaker_independent_tracked_v1/fold_05/video
[REVISION] SKIP complete matching run: /home/louis/projects/MultimodalEmotionRecognition/outputs/speaker_independent_tracked_v1/fold_05/gated
[REVISION] SKIP complete matching run: /home/louis/projects/MultimodalEmotionRecognition/outputs/speaker_independent_tracked_v1/fold_06/audio
[REVISION] fold=6 model=video smoke=False
[REVISION] profile=spmb2026-video-v1 resolved={"audio_backbone_lr": 1e-05, "audio_n_mels": 64, "backbone_lr": 3e-05, "batch_size": 16, "cosine_stage2_only": false, "early_stopping_patience": 10, "epochs": 20, "frames": 8, "fusion": "video", "fusion_align_dim": 256, "fusion_align_mode": "none", "fusion_align_temperature": 0.07, "fusion_align_weight": 0.1, "fusion_unfreeze_audio": true, "fusion_unfreeze_video_blocks": 1, "fusion_unfreeze_wavlm_layers": 2, "label_smoothing": 0.0, "lr": 0.001, "no_pretrained_video": false, "num_classes": 8, "num_workers": -1, "seed": 42, "smoke": false, "split_mode": "actor", "stage1_epochs": 5, "temporal_dropout": 0.1, "temporal_num_heads": 4, "temporal_num_layers": 1, "temporal_pooling": "mean", "train_ratio": 0.7, "two_stage_training": false, "use_cosine_annealing": true, "use_face_crop": true, "use_resnet_audio": false, "use_wavlm": true, "val_ratio": 0.15, "video_backbone_lr": 1e-05, "wandb": false, "wavlm_stage": 1, "weight_decay": 0.0001, "xattn_attn_dropout": 0.1, "xattn_d_model": 128, "xattn_emotion_prior_dim": 8, "xattn_emotion_prior_dropout": 0.1, "xattn_emotion_prior_hidden_dim": 64, "xattn_head": "concat", "xattn_heads": 4, "xattn_stochastic_depth": 0.1, "xattn_use_emotion_prior": false}
[REVISION] disjoint split={'fold': 6, 'train_actors': [5, 6, 7, 8, 9, 10, 11, 12, 13, 14, 15, 16, 17, 18, 19, 20], 'val_actors': [1, 2, 3, 4], 'test_actors': [21, 22, 23, 24]}
[REVISION] audio_ckpt=none video_ckpt=none
wandb: WARNING `resume` will be ignored since W&B syncing is set to `offline`. Starting a new run with run id 4c82b6f1094f414db2323250ccccf22a.
wandb: Tracking run with wandb version 0.24.1
wandb: W&B syncing is set to `offline` in this directory. Run `wandb online` or set WANDB_MODE=online to enable cloud syncing.
wandb: Run data is saved locally in /home/louis/projects/MultimodalEmotionRecognition/outputs/speaker_independent_tracked_v1/fold_06/video/wandb/offline-run-20261009_175229-4c82b6f1094f414db2323250ccccf22a
Total pairs: 1440
Sample pair: actor=1 emotion=1 intensity=1 statement=1 repetition=1
Sample pair: actor=2 emotion=1 intensity=1 statement=1 repetition=1
Sample pair: actor=3 emotion=1 intensity=1 statement=1 repetition=1
Using actor-based split
Train pairs: 960 | Val pairs: 240 | Test pairs: 240
Train class distribution: {0: 64, 1: 128, 2: 128, 3: 128, 4: 128, 5: 128, 6: 128, 7: 128}
Val class distribution: {0: 16, 1: 32, 2: 32, 3: 32, 4: 32, 5: 32, 6: 32, 7: 32}
Test class distribution: {0: 16, 1: 32, 2: 32, 3: 32, 4: 32, 5: 32, 6: 32, 7: 32}
DataLoader config: num_workers=2, pin_memory=True, persistent_workers=True

============================================================
CUDA available: True
GPU device: NVIDIA GeForce RTX 5080 Laptop GPU
GPU memory: 17.07 GB
Device: cuda
============================================================

Model parameters: 11,180,616 (trainable: 11,180,616)

[INFO] Cosine scheduler (group-wise): group0: base_lr=1.00e-03, eta_min=1.00e-04
[INFO] Trainable parameters after stage setup: 11,180,616

train:   0%|          | 0/60 [00:00<?, ?it/s]libEGL warning: DRI3 error: Could not get DRI3 device
libEGL warning: Ensure your X server supports DRI3 to get accelerated rendering
libEGL warning: DRI3 error: Could not get DRI3 device
libEGL warning: Ensure your X server supports DRI3 to get accelerated rendering
WARNING: All log messages before absl::InitializeLog() is called are written to STDERR
I0000 00:00:1791539550.984409    2853 gl_context_egl.cc:85] Successfully initialized EGL. Major : 1 Minor: 5
WARNING: All log messages before absl::InitializeLog() is called are written to STDERR
I0000 00:00:1791539550.984585    2854 gl_context_egl.cc:85] Successfully initialized EGL. Major : 1 Minor: 5
I0000 00:00:1791539550.999871    3078 gl_context.cc:369] GL version: 3.2 (OpenGL ES 3.2 Mesa 25.2.8-0ubuntu0.24.04.2), renderer: llvmpipe (LLVM 20.1.2, 256 bits)
I0000 00:00:1791539551.000026    3079 gl_context.cc:369] GL version: 3.2 (OpenGL ES 3.2 Mesa 25.2.8-0ubuntu0.24.04.2), renderer: llvmpipe (LLVM 20.1.2, 256 bits)
INFO: Created TensorFlow Lite XNNPACK delegate for CPU.
INFO: Created TensorFlow Lite XNNPACK delegate for CPU.
W0000 00:00:1791539551.017030    2975 inference_feedback_manager.cc:114] Feedback manager requires a model with a single signature inference. Disabling support for feedback tensors.
W0000 00:00:1791539551.018027    2961 inference_feedback_manager.cc:114] Feedback manager requires a model with a single signature inference. Disabling support for feedback tensors.

train:   2%|▏         | 1/60 [00:04<04:09,  4.23s/it]
train:   5%|▌         | 3/60 [00:04<01:06,  1.16s/it]
train:   8%|▊         | 5/60 [00:05<00:50,  1.10it/s]
train:  12%|█▏        | 7/60 [00:07<00:43,  1.23it/s]
train:  15%|█▌        | 9/60 [00:08<00:39,  1.29it/s]
train:  18%|█▊        | 11/60 [00:09<00:36,  1.34it/s]
train:  22%|██▏       | 13/60 [00:11<00:33,  1.38it/s]
train:  25%|██▌       | 15/60 [00:12<00:32,  1.39it/s]
train:  28%|██▊       | 17/60 [00:14<00:30,  1.40it/s]
train:  32%|███▏      | 19/60 [00:18<00:48,  1.18s/it]
train:  35%|███▌      | 21/60 [00:19<00:40,  1.03s/it]
train:  38%|███▊      | 23/60 [00:21<00:34,  1.07it/s]
train:  42%|████▏     | 25/60 [00:22<00:29,  1.18it/s]
train:  45%|████▌     | 27/60 [00:24<00:26,  1.25it/s]
train:  48%|████▊     | 29/60 [00:25<00:23,  1.31it/s]
train:  52%|█████▏    | 31/60 [00:26<00:21,  1.36it/s]
train:  55%|█████▌    | 33/60 [00:28<00:19,  1.40it/s]
train:  58%|█████▊    | 35/60 [00:29<00:17,  1.43it/s]
train:  62%|██████▏   | 37/60 [00:30<00:15,  1.44it/s]
train:  65%|██████▌   | 39/60 [00:32<00:14,  1.45it/s]
train:  68%|██████▊   | 41/60 [00:33<00:13,  1.45it/s]
train:  72%|███████▏  | 43/60 [00:34<00:11,  1.46it/s]
train:  75%|███████▌  | 45/60 [00:36<00:10,  1.45it/s]
train:  78%|███████▊  | 47/60 [00:37<00:08,  1.47it/s]
train:  82%|████████▏ | 49/60 [00:38<00:07,  1.48it/s]
train:  85%|████████▌ | 51/60 [00:40<00:06,  1.49it/s]
train:  88%|████████▊ | 53/60 [00:41<00:04,  1.49it/s]
train:  92%|█████████▏| 55/60 [00:42<00:03,  1.48it/s]
train:  95%|█████████▌| 57/60 [00:44<00:02,  1.48it/s]
train:  98%|█████████▊| 59/60 [00:45<00:00,  1.48it/s]
                                                      

eval:   0%|          | 0/15 [00:00<?, ?it/s]libEGL warning: DRI3 error: Could not get DRI3 device
libEGL warning: DRI3 error: Could not get DRI3 device
libEGL warning: Ensure your X server supports DRI3 to get accelerated rendering
libEGL warning: Ensure your X server supports DRI3 to get accelerated rendering
WARNING: All log messages before absl::InitializeLog() is called are written to STDERR
I0000 00:00:1791539596.690008   18744 gl_context_egl.cc:85] Successfully initialized EGL. Major : 1 Minor: 5
WARNING: All log messages before absl::InitializeLog() is called are written to STDERR
I0000 00:00:1791539596.690047   18745 gl_context_egl.cc:85] Successfully initialized EGL. Major : 1 Minor: 5
I0000 00:00:1791539596.699464   18969 gl_context.cc:369] GL version: 3.2 (OpenGL ES 3.2 Mesa 25.2.8-0ubuntu0.24.04.2), renderer: llvmpipe (LLVM 20.1.2, 256 bits)
I0000 00:00:1791539596.699576   18970 gl_context.cc:369] GL version: 3.2 (OpenGL ES 3.2 Mesa 25.2.8-0ubuntu0.24.04.2), renderer: llvmpipe (LLVM 20.1.2, 256 bits)
INFO: Created TensorFlow Lite XNNPACK delegate for CPU.
INFO: Created TensorFlow Lite XNNPACK delegate for CPU.
W0000 00:00:1791539596.711781   18864 inference_feedback_manager.cc:114] Feedback manager requires a model with a single signature inference. Disabling support for feedback tensors.
W0000 00:00:1791539596.712739   18859 inference_feedback_manager.cc:114] Feedback manager requires a model with a single signature inference. Disabling support for feedback tensors.

eval:   7%|▋         | 1/15 [00:02<00:32,  2.35s/it]
eval:  20%|██        | 3/15 [00:03<00:13,  1.11s/it]
eval:  33%|███▎      | 5/15 [00:07<00:16,  1.64s/it]
eval:  40%|████      | 6/15 [00:08<00:11,  1.23s/it]
eval:  47%|████▋     | 7/15 [00:09<00:09,  1.19s/it]
eval:  60%|██████    | 9/15 [00:10<00:05,  1.05it/s]
eval:  73%|███████▎  | 11/15 [00:11<00:03,  1.19it/s]
eval:  87%|████████▋ | 13/15 [00:13<00:01,  1.28it/s]
eval:  93%|█████████▎| 14/15 [00:13<00:00,  1.55it/s]
eval: 100%|██████████| 15/15 [00:14<00:00,  1.35it/s]
                                                     
Epoch 01 | stage - | train loss 1.8226 (cls 1.8226, ctr 0.0000) acc 0.3260 f1 0.3207 | val loss 2.2339 (cls 2.2339, ctr 0.0000) acc 0.3042 f1 0.2675 | lr 9.78e-04

train:   0%|          | 0/60 [00:00<?, ?it/s]
train:   2%|▏         | 1/60 [00:01<01:37,  1.65s/it]
train:   5%|▌         | 3/60 [00:02<00:50,  1.12it/s]
train:   8%|▊         | 5/60 [00:04<00:41,  1.33it/s]
train:  12%|█▏        | 7/60 [00:05<00:38,  1.38it/s]
train:  15%|█▌        | 9/60 [00:06<00:35,  1.43it/s]
train:  17%|█▋        | 10/60 [00:06<00:28,  1.74it/s]
train:  18%|█▊        | 11/60 [00:08<00:35,  1.38it/s]
train:  20%|██        | 12/60 [00:08<00:27,  1.73it/s]
train:  22%|██▏       | 13/60 [00:09<00:35,  1.32it/s]
train:  25%|██▌       | 15/60 [00:10<00:32,  1.38it/s]
train:  28%|██▊       | 17/60 [00:12<00:30,  1.43it/s]
train:  32%|███▏      | 19/60 [00:13<00:28,  1.44it/s]
train:  33%|███▎      | 20/60 [00:13<00:23,  1.73it/s]
train:  35%|███▌      | 21/60 [00:15<00:28,  1.35it/s]
train:  38%|███▊      | 23/60 [00:16<00:26,  1.39it/s]
train:  42%|████▏     | 25/60 [00:17<00:24,  1.41it/s]
train:  45%|████▌     | 27/60 [00:19<00:23,  1.41it/s]
train:  48%|████▊     | 29/60 [00:20<00:21,  1.42it/s]
train:  52%|█████▏    | 31/60 [00:21<00:20,  1.44it/s]
train:  53%|█████▎    | 32/60 [00:22<00:16,  1.68it/s]
train:  55%|█████▌    | 33/60 [00:23<00:19,  1.38it/s]
train:  57%|█████▋    | 34/60 [00:23<00:15,  1.67it/s]
train:  58%|█████▊    | 35/60 [00:24<00:18,  1.32it/s]
train:  60%|██████    | 36/60 [00:24<00:14,  1.64it/s]
train:  62%|██████▏   | 37/60 [00:29<00:36,  1.57s/it]
train:  63%|██████▎   | 38/60 [00:29<00:26,  1.19s/it]
train:  65%|██████▌   | 39/60 [00:30<00:24,  1.18s/it]
train:  67%|██████▋   | 40/60 [00:30<00:17,  1.12it/s]
train:  68%|██████▊   | 41/60 [00:31<00:18,  1.00it/s]
train:  70%|███████   | 42/60 [00:32<00:13,  1.33it/s]
train:  72%|███████▏  | 43/60 [00:33<00:15,  1.12it/s]
train:  73%|███████▎  | 44/60 [00:33<00:10,  1.47it/s]
train:  75%|███████▌  | 45/60 [00:34<00:12,  1.20it/s]
train:  77%|███████▋  | 46/60 [00:34<00:08,  1.57it/s]
train:  78%|███████▊  | 47/60 [00:36<00:10,  1.24it/s]
train:  80%|████████  | 48/60 [00:36<00:07,  1.62it/s]
train:  82%|████████▏ | 49/60 [00:37<00:08,  1.25it/s]
train:  83%|████████▎ | 50/60 [00:37<00:06,  1.62it/s]
train:  85%|████████▌ | 51/60 [00:38<00:07,  1.25it/s]
train:  87%|████████▋ | 52/60 [00:39<00:04,  1.64it/s]
train:  88%|████████▊ | 53/60 [00:40<00:05,  1.23it/s]
train:  92%|█████████▏| 55/60 [00:41<00:03,  1.31it/s]
train:  93%|█████████▎| 56/60 [00:41<00:02,  1.66it/s]
train:  95%|█████████▌| 57/60 [00:43<00:02,  1.30it/s]
train:  97%|█████████▋| 58/60 [00:43<00:01,  1.66it/s]
train:  98%|█████████▊| 59/60 [00:44<00:00,  1.28it/s]
train: 100%|██████████| 60/60 [00:44<00:00,  1.66it/s]
                                                      

eval:   0%|          | 0/15 [00:00<?, ?it/s]
eval:   7%|▋         | 1/15 [00:01<00:18,  1.31s/it]
eval:  20%|██        | 3/15 [00:02<00:10,  1.16it/s]
eval:  33%|███▎      | 5/15 [00:04<00:07,  1.29it/s]
eval:  47%|████▋     | 7/15 [00:05<00:05,  1.41it/s]
eval:  60%|██████    | 9/15 [00:06<00:04,  1.41it/s]
eval:  73%|███████▎  | 11/15 [00:08<00:02,  1.44it/s]
eval:  87%|████████▋ | 13/15 [00:09<00:01,  1.45it/s]
eval: 100%|██████████| 15/15 [00:10<00:00,  1.49it/s]
                                                     
Epoch 02 | stage - | train loss 1.2876 (cls 1.2876, ctr 0.0000) acc 0.5125 f1 0.4937 | val loss 2.4140 (cls 2.4140, ctr 0.0000) acc 0.3083 f1 0.2551 | lr 9.51e-04

train:   0%|          | 0/60 [00:00<?, ?it/s]
train:   2%|▏         | 1/60 [00:01<01:37,  1.65s/it]
train:   5%|▌         | 3/60 [00:02<00:48,  1.17it/s]
train:   8%|▊         | 5/60 [00:04<00:42,  1.31it/s]
train:  12%|█▏        | 7/60 [00:05<00:37,  1.40it/s]
train:  15%|█▌        | 9/60 [00:09<01:04,  1.26s/it]
train:  18%|█▊        | 11/60 [00:11<00:51,  1.05s/it]
train:  22%|██▏       | 13/60 [00:12<00:43,  1.08it/s]
train:  23%|██▎       | 14/60 [00:12<00:35,  1.30it/s]
train:  25%|██▌       | 15/60 [00:13<00:39,  1.15it/s]
train:  27%|██▋       | 16/60 [00:13<00:30,  1.44it/s]
train:  28%|██▊       | 17/60 [00:15<00:36,  1.18it/s]
train:  32%|███▏      | 19/60 [00:16<00:31,  1.31it/s]
train:  35%|███▌      | 21/60 [00:17<00:28,  1.37it/s]
train:  38%|███▊      | 23/60 [00:19<00:26,  1.40it/s]
train:  42%|████▏     | 25/60 [00:20<00:24,  1.44it/s]
train:  43%|████▎     | 26/60 [00:20<00:19,  1.71it/s]
train:  45%|████▌     | 27/60 [00:21<00:24,  1.35it/s]
train:  48%|████▊     | 29/60 [00:23<00:22,  1.39it/s]
train:  50%|█████     | 30/60 [00:23<00:17,  1.69it/s]
train:  52%|█████▏    | 31/60 [00:24<00:21,  1.34it/s]
train:  53%|█████▎    | 32/60 [00:24<00:16,  1.69it/s]
train:  55%|█████▌    | 33/60 [00:26<00:21,  1.28it/s]
train:  58%|█████▊    | 35/60 [00:27<00:18,  1.33it/s]
train:  60%|██████    | 36/60 [00:27<00:14,  1.67it/s]
train:  62%|██████▏   | 37/60 [00:28<00:17,  1.30it/s]
train:  63%|██████▎   | 38/60 [00:29<00:13,  1.67it/s]
train:  65%|██████▌   | 39/60 [00:30<00:17,  1.22it/s]
train:  67%|██████▋   | 40/60 [00:30<00:12,  1.62it/s]
train:  68%|██████▊   | 41/60 [00:31<00:15,  1.24it/s]
train:  70%|███████   | 42/60 [00:32<00:11,  1.63it/s]
train:  72%|███████▏  | 43/60 [00:33<00:13,  1.24it/s]
train:  73%|███████▎  | 44/60 [00:33<00:09,  1.65it/s]
train:  75%|███████▌  | 45/60 [00:34<00:11,  1.26it/s]
train:  77%|███████▋  | 46/60 [00:34<00:08,  1.66it/s]
train:  78%|███████▊  | 47/60 [00:36<00:10,  1.28it/s]
train:  80%|████████  | 48/60 [00:36<00:07,  1.65it/s]
train:  82%|████████▏ | 49/60 [00:37<00:08,  1.26it/s]
train:  83%|████████▎ | 50/60 [00:37<00:06,  1.65it/s]
train:  85%|████████▌ | 51/60 [00:38<00:07,  1.26it/s]
train:  87%|████████▋ | 52/60 [00:39<00:04,  1.62it/s]
train:  88%|████████▊ | 53/60 [00:40<00:05,  1.27it/s]
train:  90%|█████████ | 54/60 [00:40<00:03,  1.65it/s]
train:  92%|█████████▏| 55/60 [00:44<00:08,  1.67s/it]
train:  93%|█████████▎| 56/60 [00:44<00:04,  1.23s/it]
train:  95%|█████████▌| 57/60 [00:45<00:03,  1.21s/it]
train:  97%|█████████▋| 58/60 [00:46<00:01,  1.09it/s]
train:  98%|█████████▊| 59/60 [00:47<00:00,  1.01it/s]
train: 100%|██████████| 60/60 [00:47<00:00,  1.31it/s]
                                                      

eval:   0%|          | 0/15 [00:00<?, ?it/s]
eval:   7%|▋         | 1/15 [00:01<00:18,  1.30s/it]
eval:  20%|██        | 3/15 [00:02<00:10,  1.16it/s]
eval:  33%|███▎      | 5/15 [00:04<00:07,  1.31it/s]
eval:  47%|████▋     | 7/15 [00:05<00:05,  1.38it/s]
eval:  60%|██████    | 9/15 [00:06<00:04,  1.34it/s]
eval:  67%|██████▋   | 10/15 [00:07<00:03,  1.64it/s]
eval:  73%|███████▎  | 11/15 [00:08<00:03,  1.28it/s]
eval:  80%|████████  | 12/15 [00:08<00:01,  1.64it/s]
eval:  87%|████████▋ | 13/15 [00:09<00:01,  1.26it/s]
eval: 100%|██████████| 15/15 [00:11<00:00,  1.38it/s]
                                                     
Epoch 03 | stage - | train loss 1.0374 (cls 1.0374, ctr 0.0000) acc 0.6177 f1 0.6170 | val loss 2.2912 (cls 2.2912, ctr 0.0000) acc 0.3333 f1 0.2724 | lr 9.14e-04

train:   0%|          | 0/60 [00:00<?, ?it/s]
train:   2%|▏         | 1/60 [00:01<01:45,  1.79s/it]
train:   5%|▌         | 3/60 [00:03<00:54,  1.05it/s]
train:   8%|▊         | 5/60 [00:04<00:46,  1.17it/s]
train:  12%|█▏        | 7/60 [00:06<00:43,  1.22it/s]
train:  15%|█▌        | 9/60 [00:07<00:40,  1.25it/s]
train:  18%|█▊        | 11/60 [00:09<00:38,  1.26it/s]
train:  22%|██▏       | 13/60 [00:10<00:36,  1.27it/s]
train:  25%|██▌       | 15/60 [00:12<00:35,  1.28it/s]
train:  28%|██▊       | 17/60 [00:13<00:33,  1.29it/s]
train:  32%|███▏      | 19/60 [00:15<00:31,  1.29it/s]
train:  35%|███▌      | 21/60 [00:17<00:30,  1.28it/s]
train:  38%|███▊      | 23/60 [00:21<00:47,  1.27s/it]
train:  42%|████▏     | 25/60 [00:23<00:39,  1.12s/it]
train:  45%|████▌     | 27/60 [00:25<00:34,  1.04s/it]
train:  48%|████▊     | 29/60 [00:26<00:29,  1.04it/s]
train:  52%|█████▏    | 31/60 [00:28<00:26,  1.10it/s]
train:  55%|█████▌    | 33/60 [00:29<00:23,  1.15it/s]
train:  58%|█████▊    | 35/60 [00:31<00:21,  1.16it/s]
train:  62%|██████▏   | 37/60 [00:32<00:19,  1.20it/s]
train:  65%|██████▌   | 39/60 [00:34<00:17,  1.22it/s]
train:  68%|██████▊   | 41/60 [00:36<00:15,  1.26it/s]
train:  72%|███████▏  | 43/60 [00:37<00:13,  1.26it/s]
train:  75%|███████▌  | 45/60 [00:39<00:11,  1.28it/s]
train:  78%|███████▊  | 47/60 [00:40<00:10,  1.30it/s]
train:  82%|████████▏ | 49/60 [00:42<00:08,  1.31it/s]
train:  83%|████████▎ | 50/60 [00:42<00:06,  1.54it/s]
train:  85%|████████▌ | 51/60 [00:43<00:07,  1.26it/s]
train:  87%|████████▋ | 52/60 [00:43<00:05,  1.54it/s]
train:  88%|████████▊ | 53/60 [00:45<00:05,  1.20it/s]
train:  90%|█████████ | 54/60 [00:45<00:03,  1.55it/s]
train:  92%|█████████▏| 55/60 [00:46<00:04,  1.17it/s]
train:  93%|█████████▎| 56/60 [00:46<00:02,  1.53it/s]
train:  95%|█████████▌| 57/60 [00:48<00:02,  1.16it/s]
train:  97%|█████████▋| 58/60 [00:48<00:01,  1.55it/s]
train:  98%|█████████▊| 59/60 [00:49<00:00,  1.11it/s]
                                                      

eval:   0%|          | 0/15 [00:00<?, ?it/s]
eval:   7%|▋         | 1/15 [00:01<00:20,  1.49s/it]
eval:  13%|█▎        | 2/15 [00:01<00:08,  1.48it/s]
eval:  20%|██        | 3/15 [00:03<00:13,  1.16s/it]
eval:  33%|███▎      | 5/15 [00:07<00:17,  1.72s/it]
eval:  40%|████      | 6/15 [00:07<00:11,  1.26s/it]
eval:  47%|████▋     | 7/15 [00:09<00:10,  1.37s/it]
eval:  53%|█████▎    | 8/15 [00:09<00:07,  1.00s/it]
eval:  60%|██████    | 9/15 [00:11<00:06,  1.16s/it]
eval:  73%|███████▎  | 11/15 [00:12<00:03,  1.04it/s]
eval:  87%|████████▋ | 13/15 [00:14<00:01,  1.13it/s]
eval: 100%|██████████| 15/15 [00:15<00:00,  1.24it/s]
                                                     
Epoch 04 | stage - | train loss 0.9132 (cls 0.9132, ctr 0.0000) acc 0.6740 f1 0.6712 | val loss 2.2393 (cls 2.2393, ctr 0.0000) acc 0.4125 f1 0.3842 | lr 8.68e-04

train:   0%|          | 0/60 [00:00<?, ?it/s]
train:   2%|▏         | 1/60 [00:01<01:49,  1.86s/it]
train:   5%|▌         | 3/60 [00:03<00:58,  1.02s/it]
train:   8%|▊         | 5/60 [00:04<00:48,  1.13it/s]
train:  12%|█▏        | 7/60 [00:06<00:44,  1.19it/s]
train:  15%|█▌        | 9/60 [00:07<00:41,  1.23it/s]
train:  18%|█▊        | 11/60 [00:09<00:39,  1.25it/s]
train:  22%|██▏       | 13/60 [00:11<00:37,  1.26it/s]
train:  25%|██▌       | 15/60 [00:12<00:35,  1.28it/s]
train:  28%|██▊       | 17/60 [00:14<00:32,  1.30it/s]
train:  32%|███▏      | 19/60 [00:15<00:30,  1.33it/s]
train:  35%|███▌      | 21/60 [00:16<00:29,  1.32it/s]
train:  37%|███▋      | 22/60 [00:17<00:24,  1.56it/s]
train:  38%|███▊      | 23/60 [00:18<00:29,  1.25it/s]
train:  42%|████▏     | 25/60 [00:20<00:27,  1.26it/s]
train:  45%|████▌     | 27/60 [00:21<00:26,  1.24it/s]
train:  48%|████▊     | 29/60 [00:25<00:35,  1.15s/it]
train:  52%|█████▏    | 31/60 [00:26<00:29,  1.03s/it]
train:  55%|█████▌    | 33/60 [00:28<00:25,  1.06it/s]
train:  58%|█████▊    | 35/60 [00:30<00:22,  1.12it/s]
train:  62%|██████▏   | 37/60 [00:31<00:19,  1.17it/s]
train:  65%|██████▌   | 39/60 [00:33<00:17,  1.21it/s]
train:  68%|██████▊   | 41/60 [00:34<00:15,  1.25it/s]
train:  72%|███████▏  | 43/60 [00:36<00:13,  1.27it/s]
train:  75%|███████▌  | 45/60 [00:37<00:11,  1.29it/s]
train:  78%|███████▊  | 47/60 [00:39<00:10,  1.29it/s]
train:  82%|████████▏ | 49/60 [00:40<00:08,  1.28it/s]
train:  85%|████████▌ | 51/60 [00:42<00:07,  1.28it/s]
train:  88%|████████▊ | 53/60 [00:43<00:05,  1.28it/s]
train:  92%|█████████▏| 55/60 [00:45<00:03,  1.28it/s]
train:  95%|█████████▌| 57/60 [00:46<00:02,  1.28it/s]
train:  98%|█████████▊| 59/60 [00:48<00:00,  1.28it/s]
                                                      

eval:   0%|          | 0/15 [00:00<?, ?it/s]
eval:   7%|▋         | 1/15 [00:01<00:18,  1.34s/it]
eval:  20%|██        | 3/15 [00:02<00:10,  1.10it/s]
eval:  33%|███▎      | 5/15 [00:04<00:08,  1.19it/s]
eval:  47%|████▋     | 7/15 [00:05<00:06,  1.30it/s]
eval:  60%|██████    | 9/15 [00:07<00:04,  1.31it/s]
eval:  73%|███████▎  | 11/15 [00:08<00:03,  1.32it/s]
eval:  80%|████████  | 12/15 [00:08<00:01,  1.60it/s]
eval:  87%|████████▋ | 13/15 [00:13<00:02,  1.42s/it]
eval: 100%|██████████| 15/15 [00:14<00:00,  1.12s/it]
                                                     
Epoch 05 | stage - | train loss 0.6363 (cls 0.6363, ctr 0.0000) acc 0.7667 f1 0.7655 | val loss 3.9608 (cls 3.9608, ctr 0.0000) acc 0.4125 f1 0.3009 | lr 8.15e-04

train:   0%|          | 0/60 [00:00<?, ?it/s]
train:   2%|▏         | 1/60 [00:01<01:48,  1.85s/it]
train:   5%|▌         | 3/60 [00:03<00:55,  1.02it/s]
train:   8%|▊         | 5/60 [00:04<00:48,  1.14it/s]
train:  12%|█▏        | 7/60 [00:06<00:43,  1.21it/s]
train:  15%|█▌        | 9/60 [00:07<00:41,  1.24it/s]
train:  18%|█▊        | 11/60 [00:09<00:38,  1.26it/s]
train:  22%|██▏       | 13/60 [00:10<00:36,  1.28it/s]
train:  25%|██▌       | 15/60 [00:12<00:35,  1.28it/s]
train:  28%|██▊       | 17/60 [00:13<00:32,  1.31it/s]
train:  32%|███▏      | 19/60 [00:15<00:31,  1.30it/s]
train:  35%|███▌      | 21/60 [00:16<00:29,  1.30it/s]
train:  38%|███▊      | 23/60 [00:18<00:28,  1.31it/s]
train:  42%|████▏     | 25/60 [00:20<00:26,  1.30it/s]
train:  45%|████▌     | 27/60 [00:21<00:25,  1.31it/s]
train:  48%|████▊     | 29/60 [00:23<00:23,  1.31it/s]
train:  52%|█████▏    | 31/60 [00:24<00:22,  1.28it/s]
train:  55%|█████▌    | 33/60 [00:26<00:20,  1.29it/s]
train:  58%|█████▊    | 35/60 [00:27<00:19,  1.30it/s]
train:  62%|██████▏   | 37/60 [00:29<00:17,  1.31it/s]
train:  65%|██████▌   | 39/60 [00:33<00:25,  1.21s/it]
train:  68%|██████▊   | 41/60 [00:35<00:20,  1.08s/it]
train:  72%|███████▏  | 43/60 [00:36<00:16,  1.02it/s]
train:  75%|███████▌  | 45/60 [00:38<00:13,  1.09it/s]
train:  77%|███████▋  | 46/60 [00:38<00:10,  1.29it/s]
train:  78%|███████▊  | 47/60 [00:39<00:11,  1.11it/s]
train:  80%|████████  | 48/60 [00:39<00:08,  1.38it/s]
train:  82%|████████▏ | 49/60 [00:41<00:09,  1.12it/s]
train:  83%|████████▎ | 50/60 [00:41<00:06,  1.45it/s]
train:  85%|████████▌ | 51/60 [00:42<00:08,  1.09it/s]
train:  88%|████████▊ | 53/60 [00:44<00:05,  1.17it/s]
train:  92%|█████████▏| 55/60 [00:46<00:04,  1.22it/s]
train:  93%|█████████▎| 56/60 [00:46<00:02,  1.50it/s]
train:  95%|█████████▌| 57/60 [00:47<00:02,  1.21it/s]
train:  97%|█████████▋| 58/60 [00:47<00:01,  1.52it/s]
train:  98%|█████████▊| 59/60 [00:49<00:00,  1.16it/s]
                                                      

eval:   0%|          | 0/15 [00:00<?, ?it/s]
eval:   7%|▋         | 1/15 [00:01<00:18,  1.35s/it]
eval:  20%|██        | 3/15 [00:02<00:11,  1.09it/s]
eval:  33%|███▎      | 5/15 [00:04<00:08,  1.21it/s]
eval:  40%|████      | 6/15 [00:04<00:05,  1.58it/s]
eval:  47%|████▋     | 7/15 [00:05<00:06,  1.24it/s]
eval:  60%|██████    | 9/15 [00:07<00:04,  1.27it/s]
eval:  73%|███████▎  | 11/15 [00:08<00:03,  1.30it/s]
eval:  87%|████████▋ | 13/15 [00:10<00:01,  1.36it/s]
eval: 100%|██████████| 15/15 [00:11<00:00,  1.43it/s]
                                                     
Epoch 06 | stage - | train loss 0.5674 (cls 0.5674, ctr 0.0000) acc 0.8062 f1 0.8078 | val loss 2.1587 (cls 2.1587, ctr 0.0000) acc 0.4875 f1 0.4666 | lr 7.54e-04

train:   0%|          | 0/60 [00:00<?, ?it/s]
train:   2%|▏         | 1/60 [00:01<01:45,  1.79s/it]
train:   5%|▌         | 3/60 [00:03<00:55,  1.03it/s]
train:   8%|▊         | 5/60 [00:04<00:48,  1.14it/s]
train:  12%|█▏        | 7/60 [00:09<01:17,  1.46s/it]
train:  15%|█▌        | 9/60 [00:10<01:01,  1.20s/it]
train:  18%|█▊        | 11/60 [00:12<00:51,  1.05s/it]
train:  22%|██▏       | 13/60 [00:13<00:45,  1.04it/s]
train:  25%|██▌       | 15/60 [00:15<00:40,  1.10it/s]
train:  28%|██▊       | 17/60 [00:17<00:37,  1.16it/s]
train:  32%|███▏      | 19/60 [00:18<00:34,  1.19it/s]
train:  35%|███▌      | 21/60 [00:20<00:31,  1.23it/s]
train:  38%|███▊      | 23/60 [00:21<00:29,  1.24it/s]
train:  42%|████▏     | 25/60 [00:23<00:27,  1.27it/s]
train:  45%|████▌     | 27/60 [00:24<00:25,  1.29it/s]
train:  48%|████▊     | 29/60 [00:26<00:23,  1.29it/s]
train:  52%|█████▏    | 31/60 [00:27<00:22,  1.30it/s]
train:  55%|█████▌    | 33/60 [00:29<00:20,  1.30it/s]
train:  58%|█████▊    | 35/60 [00:30<00:19,  1.29it/s]
train:  62%|██████▏   | 37/60 [00:32<00:17,  1.30it/s]
train:  65%|██████▌   | 39/60 [00:33<00:16,  1.29it/s]
train:  68%|██████▊   | 41/60 [00:35<00:14,  1.29it/s]
train:  72%|███████▏  | 43/60 [00:36<00:13,  1.30it/s]
train:  75%|███████▌  | 45/60 [00:38<00:11,  1.30it/s]
train:  78%|███████▊  | 47/60 [00:40<00:10,  1.29it/s]
train:  82%|████████▏ | 49/60 [00:44<00:13,  1.21s/it]
train:  85%|████████▌ | 51/60 [00:46<00:09,  1.08s/it]
train:  88%|████████▊ | 53/60 [00:47<00:06,  1.02it/s]
train:  92%|█████████▏| 55/60 [00:49<00:04,  1.09it/s]
train:  95%|█████████▌| 57/60 [00:50<00:02,  1.14it/s]
train:  98%|█████████▊| 59/60 [00:52<00:00,  1.20it/s]
                                                      

eval:   0%|          | 0/15 [00:00<?, ?it/s]
eval:   7%|▋         | 1/15 [00:01<00:19,  1.40s/it]
eval:  20%|██        | 3/15 [00:02<00:11,  1.08it/s]
eval:  33%|███▎      | 5/15 [00:04<00:08,  1.20it/s]
eval:  47%|████▋     | 7/15 [00:05<00:06,  1.29it/s]
eval:  60%|██████    | 9/15 [00:07<00:04,  1.31it/s]
eval:  73%|███████▎  | 11/15 [00:08<00:02,  1.36it/s]
eval:  87%|████████▋ | 13/15 [00:10<00:01,  1.36it/s]
eval: 100%|██████████| 15/15 [00:11<00:00,  1.45it/s]
                                                     
Epoch 07 | stage - | train loss 0.3475 (cls 0.3475, ctr 0.0000) acc 0.8875 f1 0.8884 | val loss 3.2187 (cls 3.2187, ctr 0.0000) acc 0.3792 f1 0.3707 | lr 6.89e-04

train:   0%|          | 0/60 [00:00<?, ?it/s]
train:   2%|▏         | 1/60 [00:01<01:43,  1.75s/it]
train:   5%|▌         | 3/60 [00:03<00:56,  1.01it/s]
train:   8%|▊         | 5/60 [00:04<00:48,  1.12it/s]
train:  12%|█▏        | 7/60 [00:06<00:44,  1.18it/s]
train:  15%|█▌        | 9/60 [00:07<00:41,  1.24it/s]
train:  18%|█▊        | 11/60 [00:09<00:39,  1.25it/s]
train:  22%|██▏       | 13/60 [00:10<00:36,  1.28it/s]
train:  25%|██▌       | 15/60 [00:15<00:56,  1.25s/it]
train:  28%|██▊       | 17/60 [00:16<00:47,  1.11s/it]
train:  32%|███▏      | 19/60 [00:18<00:41,  1.00s/it]
train:  35%|███▌      | 21/60 [00:20<00:36,  1.08it/s]
train:  38%|███▊      | 23/60 [00:21<00:32,  1.13it/s]
train:  42%|████▏     | 25/60 [00:23<00:29,  1.18it/s]
train:  45%|████▌     | 27/60 [00:24<00:27,  1.21it/s]
train:  48%|████▊     | 29/60 [00:26<00:24,  1.24it/s]
train:  52%|█████▏    | 31/60 [00:27<00:23,  1.24it/s]
train:  55%|█████▌    | 33/60 [00:29<00:21,  1.26it/s]
train:  58%|█████▊    | 35/60 [00:30<00:19,  1.28it/s]
train:  62%|██████▏   | 37/60 [00:32<00:17,  1.28it/s]
train:  65%|██████▌   | 39/60 [00:33<00:16,  1.28it/s]
train:  68%|██████▊   | 41/60 [00:35<00:14,  1.29it/s]
train:  72%|███████▏  | 43/60 [00:37<00:13,  1.29it/s]
train:  75%|███████▌  | 45/60 [00:38<00:11,  1.30it/s]
train:  78%|███████▊  | 47/60 [00:40<00:10,  1.30it/s]
train:  82%|████████▏ | 49/60 [00:41<00:08,  1.31it/s]
train:  85%|████████▌ | 51/60 [00:43<00:06,  1.30it/s]
train:  88%|████████▊ | 53/60 [00:44<00:05,  1.30it/s]
train:  92%|█████████▏| 55/60 [00:46<00:03,  1.31it/s]
train:  95%|█████████▌| 57/60 [00:47<00:02,  1.31it/s]
train:  98%|█████████▊| 59/60 [00:52<00:01,  1.21s/it]
                                                      

eval:   0%|          | 0/15 [00:00<?, ?it/s]
eval:   7%|▋         | 1/15 [00:01<00:19,  1.37s/it]
eval:  20%|██        | 3/15 [00:02<00:11,  1.08it/s]
eval:  33%|███▎      | 5/15 [00:04<00:08,  1.22it/s]
eval:  47%|████▋     | 7/15 [00:05<00:06,  1.30it/s]
eval:  60%|██████    | 9/15 [00:07<00:04,  1.30it/s]
eval:  67%|██████▋   | 10/15 [00:07<00:03,  1.60it/s]
eval:  73%|███████▎  | 11/15 [00:08<00:03,  1.31it/s]
eval:  87%|████████▋ | 13/15 [00:10<00:01,  1.31it/s]
eval: 100%|██████████| 15/15 [00:11<00:00,  1.42it/s]
                                                     
Epoch 08 | stage - | train loss 0.3149 (cls 0.3149, ctr 0.0000) acc 0.9010 f1 0.8993 | val loss 1.7884 (cls 1.7884, ctr 0.0000) acc 0.5625 f1 0.5583 | lr 6.20e-04

train:   0%|          | 0/60 [00:00<?, ?it/s]
train:   2%|▏         | 1/60 [00:01<01:44,  1.76s/it]
train:   5%|▌         | 3/60 [00:03<00:58,  1.03s/it]
train:   8%|▊         | 5/60 [00:04<00:49,  1.12it/s]
train:  12%|█▏        | 7/60 [00:06<00:41,  1.28it/s]
train:  15%|█▌        | 9/60 [00:07<00:39,  1.30it/s]
train:  18%|█▊        | 11/60 [00:09<00:37,  1.32it/s]
train:  22%|██▏       | 13/60 [00:10<00:35,  1.33it/s]
train:  25%|██▌       | 15/60 [00:12<00:33,  1.33it/s]
train:  27%|██▋       | 16/60 [00:12<00:27,  1.59it/s]
train:  28%|██▊       | 17/60 [00:13<00:34,  1.25it/s]
train:  32%|███▏      | 19/60 [00:15<00:32,  1.28it/s]
train:  35%|███▌      | 21/60 [00:16<00:30,  1.27it/s]
train:  38%|███▊      | 23/60 [00:18<00:28,  1.28it/s]
train:  42%|████▏     | 25/60 [00:22<00:44,  1.26s/it]
train:  45%|████▌     | 27/60 [00:24<00:36,  1.10s/it]
train:  48%|████▊     | 29/60 [00:25<00:30,  1.01it/s]
train:  52%|█████▏    | 31/60 [00:27<00:26,  1.08it/s]
train:  55%|█████▌    | 33/60 [00:28<00:23,  1.13it/s]
train:  58%|█████▊    | 35/60 [00:30<00:21,  1.16it/s]
train:  62%|██████▏   | 37/60 [00:32<00:18,  1.21it/s]
train:  65%|██████▌   | 39/60 [00:33<00:16,  1.25it/s]
train:  68%|██████▊   | 41/60 [00:35<00:14,  1.27it/s]
train:  72%|███████▏  | 43/60 [00:36<00:13,  1.28it/s]
train:  75%|███████▌  | 45/60 [00:38<00:11,  1.29it/s]
train:  78%|███████▊  | 47/60 [00:39<00:09,  1.31it/s]
train:  82%|████████▏ | 49/60 [00:41<00:08,  1.32it/s]
train:  85%|████████▌ | 51/60 [00:42<00:06,  1.33it/s]
train:  88%|████████▊ | 53/60 [00:43<00:05,  1.33it/s]
train:  92%|█████████▏| 55/60 [00:45<00:03,  1.33it/s]
train:  95%|█████████▌| 57/60 [00:47<00:02,  1.32it/s]
train:  98%|█████████▊| 59/60 [00:48<00:00,  1.31it/s]
                                                      

eval:   0%|          | 0/15 [00:00<?, ?it/s]
eval:   7%|▋         | 1/15 [00:01<00:18,  1.34s/it]
eval:  20%|██        | 3/15 [00:02<00:10,  1.10it/s]
eval:  33%|███▎      | 5/15 [00:04<00:08,  1.25it/s]
eval:  47%|████▋     | 7/15 [00:05<00:06,  1.30it/s]
eval:  60%|██████    | 9/15 [00:10<00:07,  1.29s/it]
eval:  73%|███████▎  | 11/15 [00:11<00:04,  1.09s/it]
eval:  87%|████████▋ | 13/15 [00:12<00:01,  1.03it/s]
eval: 100%|██████████| 15/15 [00:14<00:00,  1.17it/s]
                                                     
Epoch 09 | stage - | train loss 0.2140 (cls 0.2140, ctr 0.0000) acc 0.9302 f1 0.9312 | val loss 1.7844 (cls 1.7844, ctr 0.0000) acc 0.5958 f1 0.5533 | lr 5.50e-04

train:   0%|          | 0/60 [00:00<?, ?it/s]
train:   2%|▏         | 1/60 [00:01<01:42,  1.73s/it]
train:   5%|▌         | 3/60 [00:03<00:54,  1.05it/s]
train:   8%|▊         | 5/60 [00:04<00:46,  1.19it/s]
train:  12%|█▏        | 7/60 [00:06<00:42,  1.23it/s]
train:  15%|█▌        | 9/60 [00:07<00:39,  1.28it/s]
train:  18%|█▊        | 11/60 [00:09<00:37,  1.31it/s]
train:  22%|██▏       | 13/60 [00:10<00:35,  1.31it/s]
train:  25%|██▌       | 15/60 [00:12<00:33,  1.33it/s]
train:  28%|██▊       | 17/60 [00:13<00:32,  1.34it/s]
train:  32%|███▏      | 19/60 [00:14<00:30,  1.34it/s]
train:  35%|███▌      | 21/60 [00:16<00:28,  1.36it/s]
train:  38%|███▊      | 23/60 [00:17<00:27,  1.36it/s]
train:  42%|████▏     | 25/60 [00:19<00:25,  1.35it/s]
train:  45%|████▌     | 27/60 [00:20<00:24,  1.36it/s]
train:  48%|████▊     | 29/60 [00:22<00:24,  1.25it/s]
train:  52%|█████▏    | 31/60 [00:24<00:23,  1.21it/s]
train:  55%|█████▌    | 33/60 [00:26<00:22,  1.21it/s]
train:  58%|█████▊    | 35/60 [00:30<00:31,  1.25s/it]
train:  62%|██████▏   | 37/60 [00:32<00:25,  1.09s/it]
train:  65%|██████▌   | 39/60 [00:33<00:20,  1.02it/s]
train:  68%|██████▊   | 41/60 [00:35<00:18,  1.03it/s]
train:  72%|███████▏  | 43/60 [00:37<00:15,  1.07it/s]
train:  75%|███████▌  | 45/60 [00:38<00:13,  1.13it/s]
train:  78%|███████▊  | 47/60 [00:40<00:10,  1.20it/s]
train:  82%|████████▏ | 49/60 [00:41<00:08,  1.25it/s]
train:  85%|████████▌ | 51/60 [00:42<00:07,  1.28it/s]
train:  88%|████████▊ | 53/60 [00:44<00:05,  1.31it/s]
train:  92%|█████████▏| 55/60 [00:45<00:03,  1.33it/s]
train:  95%|█████████▌| 57/60 [00:47<00:02,  1.35it/s]
train:  98%|█████████▊| 59/60 [00:48<00:00,  1.35it/s]
                                                      

eval:   0%|          | 0/15 [00:00<?, ?it/s]
eval:   7%|▋         | 1/15 [00:01<00:18,  1.29s/it]
eval:  20%|██        | 3/15 [00:02<00:10,  1.15it/s]
eval:  33%|███▎      | 5/15 [00:04<00:07,  1.28it/s]
eval:  47%|████▋     | 7/15 [00:05<00:05,  1.40it/s]
eval:  60%|██████    | 9/15 [00:06<00:04,  1.39it/s]
eval:  73%|███████▎  | 11/15 [00:08<00:02,  1.42it/s]
eval:  87%|████████▋ | 13/15 [00:09<00:01,  1.42it/s]
eval: 100%|██████████| 15/15 [00:10<00:00,  1.54it/s]
                                                     
Epoch 10 | stage - | train loss 0.2079 (cls 0.2079, ctr 0.0000) acc 0.9417 f1 0.9414 | val loss 1.7242 (cls 1.7242, ctr 0.0000) acc 0.5833 f1 0.5462 | lr 4.80e-04

train:   0%|          | 0/60 [00:00<?, ?it/s]
train:   2%|▏         | 1/60 [00:01<01:27,  1.49s/it]
train:   5%|▌         | 3/60 [00:03<00:54,  1.04it/s]
train:   8%|▊         | 5/60 [00:07<01:27,  1.60s/it]
train:  12%|█▏        | 7/60 [00:08<01:05,  1.23s/it]
train:  15%|█▌        | 9/60 [00:10<00:53,  1.05s/it]
train:  18%|█▊        | 11/60 [00:11<00:45,  1.07it/s]
train:  22%|██▏       | 13/60 [00:13<00:40,  1.16it/s]
train:  25%|██▌       | 15/60 [00:14<00:37,  1.21it/s]
train:  28%|██▊       | 17/60 [00:16<00:34,  1.25it/s]
train:  32%|███▏      | 19/60 [00:17<00:31,  1.28it/s]
train:  35%|███▌      | 21/60 [00:19<00:30,  1.29it/s]
train:  38%|███▊      | 23/60 [00:20<00:28,  1.32it/s]
train:  42%|████▏     | 25/60 [00:22<00:26,  1.33it/s]
train:  45%|████▌     | 27/60 [00:23<00:24,  1.35it/s]
train:  48%|████▊     | 29/60 [00:25<00:22,  1.36it/s]
train:  52%|█████▏    | 31/60 [00:26<00:21,  1.36it/s]
train:  55%|█████▌    | 33/60 [00:28<00:20,  1.35it/s]
train:  58%|█████▊    | 35/60 [00:29<00:18,  1.36it/s]
train:  62%|██████▏   | 37/60 [00:30<00:16,  1.36it/s]
train:  65%|██████▌   | 39/60 [00:32<00:15,  1.35it/s]
train:  68%|██████▊   | 41/60 [00:33<00:14,  1.35it/s]
train:  72%|███████▏  | 43/60 [00:35<00:12,  1.35it/s]
train:  75%|███████▌  | 45/60 [00:36<00:11,  1.36it/s]
train:  78%|███████▊  | 47/60 [00:38<00:09,  1.36it/s]
train:  82%|████████▏ | 49/60 [00:42<00:12,  1.18s/it]
train:  85%|████████▌ | 51/60 [00:44<00:09,  1.05s/it]
train:  88%|████████▊ | 53/60 [00:45<00:06,  1.05it/s]
train:  92%|█████████▏| 55/60 [00:47<00:04,  1.10it/s]
train:  95%|█████████▌| 57/60 [00:48<00:02,  1.17it/s]
train:  98%|█████████▊| 59/60 [00:50<00:00,  1.21it/s]
                                                      

eval:   0%|          | 0/15 [00:00<?, ?it/s]
eval:   7%|▋         | 1/15 [00:01<00:18,  1.33s/it]
eval:  20%|██        | 3/15 [00:02<00:10,  1.13it/s]
eval:  33%|███▎      | 5/15 [00:04<00:08,  1.24it/s]
eval:  47%|████▋     | 7/15 [00:05<00:06,  1.33it/s]
eval:  53%|█████▎    | 8/15 [00:05<00:04,  1.66it/s]
eval:  60%|██████    | 9/15 [00:07<00:04,  1.28it/s]
eval:  73%|███████▎  | 11/15 [00:08<00:03,  1.30it/s]
eval:  87%|████████▋ | 13/15 [00:10<00:01,  1.28it/s]
eval: 100%|██████████| 15/15 [00:11<00:00,  1.36it/s]
                                                     
Epoch 11 | stage - | train loss 0.1286 (cls 0.1286, ctr 0.0000) acc 0.9615 f1 0.9614 | val loss 2.0480 (cls 2.0480, ctr 0.0000) acc 0.5833 f1 0.5523 | lr 4.11e-04

train:   0%|          | 0/60 [00:00<?, ?it/s]
train:   2%|▏         | 1/60 [00:01<01:46,  1.80s/it]
train:   5%|▌         | 3/60 [00:03<01:00,  1.07s/it]
train:   8%|▊         | 5/60 [00:05<00:52,  1.06it/s]
train:  12%|█▏        | 7/60 [00:06<00:45,  1.17it/s]
train:  15%|█▌        | 9/60 [00:07<00:40,  1.26it/s]
train:  18%|█▊        | 11/60 [00:09<00:37,  1.29it/s]
train:  22%|██▏       | 13/60 [00:10<00:36,  1.28it/s]
train:  25%|██▌       | 15/60 [00:12<00:34,  1.29it/s]
train:  27%|██▋       | 16/60 [00:12<00:28,  1.55it/s]
train:  28%|██▊       | 17/60 [00:17<01:02,  1.45s/it]
train:  32%|███▏      | 19/60 [00:18<00:48,  1.19s/it]
train:  33%|███▎      | 20/60 [00:18<00:38,  1.04it/s]
train:  35%|███▌      | 21/60 [00:20<00:41,  1.08s/it]
train:  37%|███▋      | 22/60 [00:20<00:31,  1.20it/s]
train:  38%|███▊      | 23/60 [00:21<00:36,  1.01it/s]
train:  40%|████      | 24/60 [00:21<00:27,  1.32it/s]
train:  42%|████▏     | 25/60 [00:23<00:36,  1.03s/it]
train:  43%|████▎     | 26/60 [00:23<00:26,  1.27it/s]
train:  45%|████▌     | 27/60 [00:25<00:32,  1.01it/s]
train:  47%|████▋     | 28/60 [00:25<00:23,  1.37it/s]
train:  48%|████▊     | 29/60 [00:26<00:29,  1.07it/s]
train:  50%|█████     | 30/60 [00:26<00:20,  1.44it/s]
train:  52%|█████▏    | 31/60 [00:28<00:26,  1.08it/s]
train:  53%|█████▎    | 32/60 [00:28<00:19,  1.46it/s]
train:  55%|█████▌    | 33/60 [00:29<00:24,  1.10it/s]
train:  58%|█████▊    | 35/60 [00:31<00:20,  1.20it/s]
train:  62%|██████▏   | 37/60 [00:32<00:18,  1.22it/s]
train:  65%|██████▌   | 39/60 [00:34<00:16,  1.25it/s]
train:  68%|██████▊   | 41/60 [00:36<00:15,  1.26it/s]
train:  72%|███████▏  | 43/60 [00:37<00:13,  1.27it/s]
train:  73%|███████▎  | 44/60 [00:37<00:10,  1.51it/s]
train:  75%|███████▌  | 45/60 [00:39<00:12,  1.19it/s]
train:  78%|███████▊  | 47/60 [00:40<00:10,  1.22it/s]
train:  80%|████████  | 48/60 [00:40<00:08,  1.50it/s]
train:  82%|████████▏ | 49/60 [00:42<00:09,  1.17it/s]
train:  85%|████████▌ | 51/60 [00:43<00:07,  1.21it/s]
train:  88%|████████▊ | 53/60 [00:45<00:05,  1.24it/s]
train:  92%|█████████▏| 55/60 [00:47<00:03,  1.25it/s]
train:  93%|█████████▎| 56/60 [00:47<00:02,  1.51it/s]
train:  95%|█████████▌| 57/60 [00:51<00:04,  1.47s/it]
train:  97%|█████████▋| 58/60 [00:51<00:02,  1.15s/it]
train:  98%|█████████▊| 59/60 [00:53<00:01,  1.21s/it]
train: 100%|██████████| 60/60 [00:53<00:00,  1.08it/s]
                                                      

eval:   0%|          | 0/15 [00:00<?, ?it/s]
eval:   7%|▋         | 1/15 [00:01<00:19,  1.40s/it]
eval:  20%|██        | 3/15 [00:02<00:11,  1.08it/s]
eval:  33%|███▎      | 5/15 [00:04<00:08,  1.17it/s]
eval:  47%|████▋     | 7/15 [00:05<00:06,  1.26it/s]
eval:  53%|█████▎    | 8/15 [00:06<00:04,  1.58it/s]
eval:  60%|██████    | 9/15 [00:07<00:04,  1.25it/s]
eval:  73%|███████▎  | 11/15 [00:08<00:03,  1.29it/s]
eval:  87%|████████▋ | 13/15 [00:10<00:01,  1.30it/s]
eval: 100%|██████████| 15/15 [00:11<00:00,  1.42it/s]
                                                     
Epoch 12 | stage - | train loss 0.0779 (cls 0.0779, ctr 0.0000) acc 0.9771 f1 0.9765 | val loss 2.1438 (cls 2.1438, ctr 0.0000) acc 0.5625 f1 0.5292 | lr 3.46e-04

train:   0%|          | 0/60 [00:00<?, ?it/s]
train:   2%|▏         | 1/60 [00:01<01:46,  1.80s/it]
train:   5%|▌         | 3/60 [00:03<00:58,  1.03s/it]
train:   8%|▊         | 5/60 [00:04<00:46,  1.18it/s]
train:  12%|█▏        | 7/60 [00:06<00:43,  1.22it/s]
train:  15%|█▌        | 9/60 [00:07<00:41,  1.24it/s]
train:  18%|█▊        | 11/60 [00:09<00:38,  1.28it/s]
train:  22%|██▏       | 13/60 [00:10<00:36,  1.29it/s]
train:  25%|██▌       | 15/60 [00:12<00:35,  1.27it/s]
train:  28%|██▊       | 17/60 [00:13<00:33,  1.28it/s]
train:  32%|███▏      | 19/60 [00:15<00:32,  1.28it/s]
train:  35%|███▌      | 21/60 [00:17<00:30,  1.29it/s]
train:  38%|███▊      | 23/60 [00:18<00:28,  1.28it/s]
train:  42%|████▏     | 25/60 [00:23<00:43,  1.23s/it]
train:  45%|████▌     | 27/60 [00:24<00:36,  1.10s/it]
train:  48%|████▊     | 29/60 [00:26<00:30,  1.00it/s]
train:  52%|█████▏    | 31/60 [00:27<00:27,  1.07it/s]
train:  55%|█████▌    | 33/60 [00:29<00:23,  1.14it/s]
train:  58%|█████▊    | 35/60 [00:30<00:21,  1.18it/s]
train:  62%|██████▏   | 37/60 [00:32<00:18,  1.22it/s]
train:  65%|██████▌   | 39/60 [00:33<00:16,  1.24it/s]
train:  68%|██████▊   | 41/60 [00:35<00:15,  1.25it/s]
train:  72%|███████▏  | 43/60 [00:37<00:13,  1.26it/s]
train:  75%|███████▌  | 45/60 [00:38<00:11,  1.27it/s]
train:  78%|███████▊  | 47/60 [00:40<00:10,  1.30it/s]
train:  82%|████████▏ | 49/60 [00:41<00:08,  1.30it/s]
train:  85%|████████▌ | 51/60 [00:43<00:06,  1.29it/s]
train:  88%|████████▊ | 53/60 [00:44<00:05,  1.29it/s]
train:  92%|█████████▏| 55/60 [00:46<00:03,  1.28it/s]
train:  95%|█████████▌| 57/60 [00:47<00:02,  1.29it/s]
train:  98%|█████████▊| 59/60 [00:49<00:00,  1.32it/s]
                                                      

eval:   0%|          | 0/15 [00:00<?, ?it/s]
eval:   7%|▋         | 1/15 [00:01<00:19,  1.39s/it]
eval:  20%|██        | 3/15 [00:02<00:11,  1.08it/s]
eval:  33%|███▎      | 5/15 [00:04<00:08,  1.20it/s]
eval:  47%|████▋     | 7/15 [00:08<00:11,  1.40s/it]
eval:  60%|██████    | 9/15 [00:10<00:06,  1.14s/it]
eval:  73%|███████▎  | 11/15 [00:11<00:03,  1.00it/s]
eval:  87%|████████▋ | 13/15 [00:13<00:01,  1.09it/s]
eval: 100%|██████████| 15/15 [00:14<00:00,  1.24it/s]
                                                     
Epoch 13 | stage - | train loss 0.0456 (cls 0.0456, ctr 0.0000) acc 0.9885 f1 0.9878 | val loss 1.4613 (cls 1.4613, ctr 0.0000) acc 0.6375 f1 0.5971 | lr 2.85e-04

train:   0%|          | 0/60 [00:00<?, ?it/s]
train:   2%|▏         | 1/60 [00:01<01:44,  1.76s/it]
train:   5%|▌         | 3/60 [00:03<00:58,  1.02s/it]
train:   8%|▊         | 5/60 [00:04<00:46,  1.17it/s]
train:  12%|█▏        | 7/60 [00:06<00:43,  1.22it/s]
train:  15%|█▌        | 9/60 [00:07<00:40,  1.25it/s]
train:  18%|█▊        | 11/60 [00:09<00:38,  1.27it/s]
train:  22%|██▏       | 13/60 [00:10<00:36,  1.28it/s]
train:  25%|██▌       | 15/60 [00:12<00:34,  1.29it/s]
train:  28%|██▊       | 17/60 [00:13<00:33,  1.28it/s]
train:  32%|███▏      | 19/60 [00:15<00:32,  1.28it/s]
train:  35%|███▌      | 21/60 [00:17<00:30,  1.29it/s]
train:  38%|███▊      | 23/60 [00:18<00:28,  1.31it/s]
train:  42%|████▏     | 25/60 [00:20<00:26,  1.31it/s]
train:  45%|████▌     | 27/60 [00:21<00:25,  1.31it/s]
train:  48%|████▊     | 29/60 [00:23<00:23,  1.30it/s]
train:  52%|█████▏    | 31/60 [00:24<00:21,  1.32it/s]
train:  55%|█████▌    | 33/60 [00:26<00:20,  1.33it/s]
train:  58%|█████▊    | 35/60 [00:30<00:29,  1.19s/it]
train:  62%|██████▏   | 37/60 [00:32<00:24,  1.07s/it]
train:  65%|██████▌   | 39/60 [00:33<00:20,  1.02it/s]
train:  68%|██████▊   | 41/60 [00:35<00:17,  1.09it/s]
train:  72%|███████▏  | 43/60 [00:36<00:14,  1.16it/s]
train:  75%|███████▌  | 45/60 [00:38<00:12,  1.21it/s]
train:  78%|███████▊  | 47/60 [00:39<00:10,  1.25it/s]
train:  82%|████████▏ | 49/60 [00:41<00:08,  1.26it/s]
train:  85%|████████▌ | 51/60 [00:42<00:07,  1.28it/s]
train:  88%|████████▊ | 53/60 [00:44<00:05,  1.29it/s]
train:  92%|█████████▏| 55/60 [00:45<00:03,  1.28it/s]
train:  95%|█████████▌| 57/60 [00:47<00:02,  1.29it/s]
train:  98%|█████████▊| 59/60 [00:48<00:00,  1.32it/s]
                                                      

eval:   0%|          | 0/15 [00:00<?, ?it/s]
eval:   7%|▋         | 1/15 [00:01<00:18,  1.34s/it]
eval:  20%|██        | 3/15 [00:02<00:10,  1.12it/s]
eval:  33%|███▎      | 5/15 [00:04<00:07,  1.26it/s]
eval:  47%|████▋     | 7/15 [00:05<00:06,  1.31it/s]
eval:  60%|██████    | 9/15 [00:07<00:04,  1.37it/s]
eval:  73%|███████▎  | 11/15 [00:08<00:02,  1.38it/s]
eval:  87%|████████▋ | 13/15 [00:09<00:01,  1.37it/s]
eval:  93%|█████████▎| 14/15 [00:10<00:00,  1.64it/s]
eval: 100%|██████████| 15/15 [00:11<00:00,  1.39it/s]
                                                     
Epoch 14 | stage - | train loss 0.0283 (cls 0.0283, ctr 0.0000) acc 0.9927 f1 0.9932 | val loss 1.7975 (cls 1.7975, ctr 0.0000) acc 0.6125 f1 0.5523 | lr 2.32e-04

train:   0%|          | 0/60 [00:00<?, ?it/s]
train:   2%|▏         | 1/60 [00:04<04:34,  4.66s/it]
train:   5%|▌         | 3/60 [00:06<01:40,  1.76s/it]
train:   8%|▊         | 5/60 [00:07<01:08,  1.25s/it]
train:  12%|█▏        | 7/60 [00:09<00:55,  1.05s/it]
train:  15%|█▌        | 9/60 [00:10<00:48,  1.06it/s]
train:  18%|█▊        | 11/60 [00:12<00:43,  1.14it/s]
train:  22%|██▏       | 13/60 [00:13<00:39,  1.19it/s]
train:  25%|██▌       | 15/60 [00:15<00:36,  1.23it/s]
train:  28%|██▊       | 17/60 [00:16<00:34,  1.24it/s]
train:  32%|███▏      | 19/60 [00:18<00:32,  1.27it/s]
train:  35%|███▌      | 21/60 [00:19<00:30,  1.29it/s]
train:  38%|███▊      | 23/60 [00:21<00:28,  1.31it/s]
train:  42%|████▏     | 25/60 [00:22<00:26,  1.31it/s]
train:  45%|████▌     | 27/60 [00:24<00:24,  1.32it/s]
train:  48%|████▊     | 29/60 [00:25<00:23,  1.33it/s]
train:  52%|█████▏    | 31/60 [00:27<00:21,  1.33it/s]
train:  55%|█████▌    | 33/60 [00:28<00:20,  1.32it/s]
train:  58%|█████▊    | 35/60 [00:30<00:18,  1.32it/s]
train:  62%|██████▏   | 37/60 [00:31<00:17,  1.31it/s]
train:  65%|██████▌   | 39/60 [00:33<00:16,  1.31it/s]
train:  68%|██████▊   | 41/60 [00:35<00:14,  1.30it/s]
train:  72%|███████▏  | 43/60 [00:36<00:13,  1.28it/s]
train:  75%|███████▌  | 45/60 [00:41<00:18,  1.22s/it]
train:  78%|███████▊  | 47/60 [00:42<00:14,  1.09s/it]
train:  82%|████████▏ | 49/60 [00:44<00:10,  1.01it/s]
train:  83%|████████▎ | 50/60 [00:44<00:08,  1.20it/s]
train:  85%|████████▌ | 51/60 [00:45<00:08,  1.06it/s]
train:  87%|████████▋ | 52/60 [00:45<00:06,  1.32it/s]
train:  88%|████████▊ | 53/60 [00:47<00:06,  1.08it/s]
train:  92%|█████████▏| 55/60 [00:48<00:04,  1.18it/s]
train:  95%|█████████▌| 57/60 [00:50<00:02,  1.21it/s]
train:  98%|█████████▊| 59/60 [00:51<00:00,  1.22it/s]
                                                      

eval:   0%|          | 0/15 [00:00<?, ?it/s]
eval:   7%|▋         | 1/15 [00:01<00:18,  1.35s/it]
eval:  20%|██        | 3/15 [00:02<00:10,  1.09it/s]
eval:  33%|███▎      | 5/15 [00:04<00:08,  1.23it/s]
eval:  47%|████▋     | 7/15 [00:05<00:06,  1.28it/s]
eval:  60%|██████    | 9/15 [00:07<00:04,  1.32it/s]
eval:  73%|███████▎  | 11/15 [00:08<00:02,  1.35it/s]
eval:  87%|████████▋ | 13/15 [00:10<00:01,  1.34it/s]
eval: 100%|██████████| 15/15 [00:11<00:00,  1.45it/s]
                                                     
Epoch 15 | stage - | train loss 0.0185 (cls 0.0185, ctr 0.0000) acc 0.9979 f1 0.9981 | val loss 2.0601 (cls 2.0601, ctr 0.0000) acc 0.6042 f1 0.5319 | lr 1.86e-04

train:   0%|          | 0/60 [00:00<?, ?it/s]
train:   2%|▏         | 1/60 [00:01<01:37,  1.66s/it]
train:   5%|▌         | 3/60 [00:03<00:54,  1.05it/s]
train:   8%|▊         | 5/60 [00:04<00:47,  1.16it/s]
train:  12%|█▏        | 7/60 [00:06<00:43,  1.21it/s]
train:  15%|█▌        | 9/60 [00:07<00:40,  1.25it/s]
train:  18%|█▊        | 11/60 [00:09<00:38,  1.28it/s]
train:  22%|██▏       | 13/60 [00:13<00:59,  1.27s/it]
train:  23%|██▎       | 14/60 [00:13<00:48,  1.04s/it]
train:  25%|██▌       | 15/60 [00:15<00:50,  1.13s/it]
train:  28%|██▊       | 17/60 [00:16<00:42,  1.01it/s]
train:  32%|███▏      | 19/60 [00:18<00:37,  1.10it/s]
train:  35%|███▌      | 21/60 [00:19<00:33,  1.16it/s]
train:  38%|███▊      | 23/60 [00:21<00:31,  1.19it/s]
train:  42%|████▏     | 25/60 [00:22<00:28,  1.23it/s]
train:  45%|████▌     | 27/60 [00:24<00:26,  1.25it/s]
train:  48%|████▊     | 29/60 [00:25<00:24,  1.26it/s]
train:  52%|█████▏    | 31/60 [00:27<00:23,  1.25it/s]
train:  55%|█████▌    | 33/60 [00:29<00:21,  1.25it/s]
train:  58%|█████▊    | 35/60 [00:30<00:19,  1.25it/s]
train:  62%|██████▏   | 37/60 [00:32<00:18,  1.27it/s]
train:  65%|██████▌   | 39/60 [00:33<00:16,  1.28it/s]
train:  68%|██████▊   | 41/60 [00:35<00:14,  1.29it/s]
train:  72%|███████▏  | 43/60 [00:36<00:12,  1.31it/s]
train:  75%|███████▌  | 45/60 [00:38<00:11,  1.32it/s]
train:  78%|███████▊  | 47/60 [00:39<00:09,  1.34it/s]
train:  82%|████████▏ | 49/60 [00:41<00:08,  1.34it/s]
train:  85%|████████▌ | 51/60 [00:42<00:06,  1.34it/s]
train:  88%|████████▊ | 53/60 [00:44<00:05,  1.35it/s]
train:  92%|█████████▏| 55/60 [00:48<00:05,  1.19s/it]
train:  95%|█████████▌| 57/60 [00:50<00:03,  1.05s/it]
train:  98%|█████████▊| 59/60 [00:51<00:00,  1.05it/s]
                                                      

eval:   0%|          | 0/15 [00:00<?, ?it/s]
eval:   7%|▋         | 1/15 [00:01<00:18,  1.32s/it]
eval:  20%|██        | 3/15 [00:02<00:10,  1.14it/s]
eval:  33%|███▎      | 5/15 [00:04<00:07,  1.26it/s]
eval:  47%|████▋     | 7/15 [00:05<00:05,  1.34it/s]
eval:  53%|█████▎    | 8/15 [00:05<00:04,  1.68it/s]
eval:  60%|██████    | 9/15 [00:07<00:04,  1.27it/s]
eval:  67%|██████▋   | 10/15 [00:07<00:03,  1.65it/s]
eval:  73%|███████▎  | 11/15 [00:08<00:03,  1.31it/s]
eval:  87%|████████▋ | 13/15 [00:09<00:01,  1.36it/s]
eval: 100%|██████████| 15/15 [00:10<00:00,  1.45it/s]
                                                     
Epoch 16 | stage - | train loss 0.0172 (cls 0.0172, ctr 0.0000) acc 0.9979 f1 0.9980 | val loss 1.8907 (cls 1.8907, ctr 0.0000) acc 0.6208 f1 0.5800 | lr 1.49e-04

train:   0%|          | 0/60 [00:00<?, ?it/s]
train:   2%|▏         | 1/60 [00:01<01:41,  1.72s/it]
train:   5%|▌         | 3/60 [00:03<00:52,  1.08it/s]
train:   8%|▊         | 5/60 [00:04<00:46,  1.18it/s]
train:  12%|█▏        | 7/60 [00:06<00:42,  1.25it/s]
train:  15%|█▌        | 9/60 [00:07<00:39,  1.28it/s]
train:  18%|█▊        | 11/60 [00:09<00:37,  1.29it/s]
train:  22%|██▏       | 13/60 [00:10<00:36,  1.30it/s]
train:  25%|██▌       | 15/60 [00:12<00:34,  1.32it/s]
train:  28%|██▊       | 17/60 [00:13<00:31,  1.34it/s]
train:  32%|███▏      | 19/60 [00:14<00:30,  1.33it/s]
train:  35%|███▌      | 21/60 [00:16<00:29,  1.34it/s]
train:  38%|███▊      | 23/60 [00:20<00:44,  1.20s/it]
train:  42%|████▏     | 25/60 [00:22<00:37,  1.06s/it]
train:  45%|████▌     | 27/60 [00:23<00:31,  1.03it/s]
train:  48%|████▊     | 29/60 [00:25<00:27,  1.12it/s]
train:  52%|█████▏    | 31/60 [00:26<00:24,  1.18it/s]
train:  55%|█████▌    | 33/60 [00:28<00:21,  1.23it/s]
train:  58%|█████▊    | 35/60 [00:29<00:19,  1.27it/s]
train:  62%|██████▏   | 37/60 [00:31<00:17,  1.30it/s]
train:  65%|██████▌   | 39/60 [00:32<00:15,  1.31it/s]
train:  68%|██████▊   | 41/60 [00:34<00:14,  1.32it/s]
train:  72%|███████▏  | 43/60 [00:35<00:12,  1.33it/s]
train:  75%|███████▌  | 45/60 [00:37<00:11,  1.33it/s]
train:  78%|███████▊  | 47/60 [00:38<00:09,  1.33it/s]
train:  82%|████████▏ | 49/60 [00:40<00:08,  1.35it/s]
train:  85%|████████▌ | 51/60 [00:41<00:06,  1.35it/s]
train:  88%|████████▊ | 53/60 [00:43<00:05,  1.34it/s]
train:  92%|█████████▏| 55/60 [00:44<00:03,  1.35it/s]
train:  95%|█████████▌| 57/60 [00:45<00:02,  1.36it/s]
train:  98%|█████████▊| 59/60 [00:47<00:00,  1.37it/s]
                                                      

eval:   0%|          | 0/15 [00:00<?, ?it/s]
eval:   7%|▋         | 1/15 [00:01<00:18,  1.31s/it]
eval:  20%|██        | 3/15 [00:02<00:10,  1.15it/s]
eval:  33%|███▎      | 5/15 [00:04<00:07,  1.28it/s]
eval:  47%|████▋     | 7/15 [00:05<00:05,  1.34it/s]
eval:  60%|██████    | 9/15 [00:09<00:07,  1.30s/it]
eval:  73%|███████▎  | 11/15 [00:11<00:04,  1.07s/it]
eval:  87%|████████▋ | 13/15 [00:12<00:01,  1.05it/s]
eval: 100%|██████████| 15/15 [00:13<00:00,  1.20it/s]
                                                     
Epoch 17 | stage - | train loss 0.0157 (cls 0.0157, ctr 0.0000) acc 0.9979 f1 0.9980 | val loss 1.7048 (cls 1.7048, ctr 0.0000) acc 0.6417 f1 0.5810 | lr 1.22e-04

train:   0%|          | 0/60 [00:00<?, ?it/s]
train:   2%|▏         | 1/60 [00:01<01:39,  1.69s/it]
train:   5%|▌         | 3/60 [00:03<00:53,  1.06it/s]
train:   8%|▊         | 5/60 [00:04<00:45,  1.20it/s]
train:  12%|█▏        | 7/60 [00:05<00:41,  1.27it/s]
train:  15%|█▌        | 9/60 [00:07<00:39,  1.30it/s]
train:  18%|█▊        | 11/60 [00:08<00:37,  1.30it/s]
train:  22%|██▏       | 13/60 [00:10<00:36,  1.30it/s]
train:  25%|██▌       | 15/60 [00:11<00:34,  1.32it/s]
train:  28%|██▊       | 17/60 [00:13<00:32,  1.32it/s]
train:  32%|███▏      | 19/60 [00:14<00:30,  1.35it/s]
train:  35%|███▌      | 21/60 [00:16<00:28,  1.35it/s]
train:  38%|███▊      | 23/60 [00:17<00:27,  1.34it/s]
train:  42%|████▏     | 25/60 [00:19<00:25,  1.35it/s]
train:  45%|████▌     | 27/60 [00:20<00:24,  1.35it/s]
train:  48%|████▊     | 29/60 [00:22<00:23,  1.34it/s]
train:  52%|█████▏    | 31/60 [00:23<00:21,  1.34it/s]
train:  55%|█████▌    | 33/60 [00:25<00:20,  1.34it/s]
train:  58%|█████▊    | 35/60 [00:26<00:18,  1.35it/s]
train:  62%|██████▏   | 37/60 [00:31<00:27,  1.18s/it]
train:  65%|██████▌   | 39/60 [00:32<00:21,  1.04s/it]
train:  68%|██████▊   | 41/60 [00:34<00:18,  1.04it/s]
train:  72%|███████▏  | 43/60 [00:35<00:15,  1.12it/s]
train:  75%|███████▌  | 45/60 [00:37<00:12,  1.18it/s]
train:  78%|███████▊  | 47/60 [00:38<00:10,  1.22it/s]
train:  82%|████████▏ | 49/60 [00:40<00:08,  1.26it/s]
train:  85%|████████▌ | 51/60 [00:41<00:07,  1.28it/s]
train:  88%|████████▊ | 53/60 [00:43<00:05,  1.30it/s]
train:  92%|█████████▏| 55/60 [00:44<00:03,  1.32it/s]
train:  95%|█████████▌| 57/60 [00:46<00:02,  1.34it/s]
train:  98%|█████████▊| 59/60 [00:47<00:00,  1.36it/s]
                                                      

eval:   0%|          | 0/15 [00:00<?, ?it/s]
eval:   7%|▋         | 1/15 [00:01<00:18,  1.33s/it]
eval:  20%|██        | 3/15 [00:02<00:10,  1.13it/s]
eval:  33%|███▎      | 5/15 [00:04<00:07,  1.28it/s]
eval:  47%|████▋     | 7/15 [00:05<00:05,  1.34it/s]
eval:  53%|█████▎    | 8/15 [00:05<00:04,  1.67it/s]
eval:  60%|██████    | 9/15 [00:06<00:04,  1.32it/s]
eval:  73%|███████▎  | 11/15 [00:08<00:02,  1.36it/s]
eval:  87%|████████▋ | 13/15 [00:09<00:01,  1.36it/s]
eval:  93%|█████████▎| 14/15 [00:09<00:00,  1.66it/s]
eval: 100%|██████████| 15/15 [00:10<00:00,  1.42it/s]
                                                     
Epoch 18 | stage - | train loss 0.0173 (cls 0.0173, ctr 0.0000) acc 0.9969 f1 0.9971 | val loss 1.5649 (cls 1.5649, ctr 0.0000) acc 0.6250 f1 0.5848 | lr 1.06e-04

train:   0%|          | 0/60 [00:00<?, ?it/s]
train:   2%|▏         | 1/60 [00:01<01:43,  1.76s/it]
train:   5%|▌         | 3/60 [00:03<00:52,  1.08it/s]
train:   8%|▊         | 5/60 [00:07<01:27,  1.58s/it]
train:  12%|█▏        | 7/60 [00:08<01:04,  1.22s/it]
train:  15%|█▌        | 9/60 [00:10<00:53,  1.04s/it]
train:  18%|█▊        | 11/60 [00:11<00:46,  1.06it/s]
train:  22%|██▏       | 13/60 [00:13<00:41,  1.15it/s]
train:  25%|██▌       | 15/60 [00:14<00:37,  1.19it/s]
train:  28%|██▊       | 17/60 [00:16<00:35,  1.20it/s]
train:  32%|███▏      | 19/60 [00:18<00:33,  1.21it/s]
train:  35%|███▌      | 21/60 [00:19<00:31,  1.23it/s]
train:  38%|███▊      | 23/60 [00:21<00:29,  1.25it/s]
train:  42%|████▏     | 25/60 [00:22<00:27,  1.26it/s]
train:  45%|████▌     | 27/60 [00:24<00:26,  1.26it/s]
train:  48%|████▊     | 29/60 [00:25<00:24,  1.27it/s]
train:  52%|█████▏    | 31/60 [00:27<00:22,  1.28it/s]
train:  55%|█████▌    | 33/60 [00:29<00:21,  1.29it/s]
train:  58%|█████▊    | 35/60 [00:30<00:19,  1.28it/s]
train:  62%|██████▏   | 37/60 [00:32<00:18,  1.28it/s]
train:  65%|██████▌   | 39/60 [00:33<00:16,  1.29it/s]
train:  68%|██████▊   | 41/60 [00:35<00:14,  1.30it/s]
train:  72%|███████▏  | 43/60 [00:36<00:12,  1.31it/s]
train:  75%|███████▌  | 45/60 [00:38<00:11,  1.30it/s]
train:  78%|███████▊  | 47/60 [00:39<00:09,  1.31it/s]
train:  80%|████████  | 48/60 [00:42<00:13,  1.15s/it]
train:  82%|████████▏ | 49/60 [00:44<00:13,  1.20s/it]
train:  85%|████████▌ | 51/60 [00:45<00:09,  1.03s/it]
train:  88%|████████▊ | 53/60 [00:47<00:06,  1.08it/s]
train:  92%|█████████▏| 55/60 [00:48<00:04,  1.16it/s]
train:  95%|█████████▌| 57/60 [00:50<00:02,  1.22it/s]
train:  98%|█████████▊| 59/60 [00:51<00:00,  1.24it/s]
                                                      

eval:   0%|          | 0/15 [00:00<?, ?it/s]
eval:   7%|▋         | 1/15 [00:01<00:19,  1.39s/it]
eval:  20%|██        | 3/15 [00:02<00:11,  1.09it/s]
eval:  33%|███▎      | 5/15 [00:04<00:08,  1.21it/s]
eval:  47%|████▋     | 7/15 [00:05<00:06,  1.29it/s]
eval:  60%|██████    | 9/15 [00:07<00:04,  1.29it/s]
eval:  73%|███████▎  | 11/15 [00:08<00:02,  1.36it/s]
eval:  87%|████████▋ | 13/15 [00:10<00:01,  1.35it/s]
eval: 100%|██████████| 15/15 [00:11<00:00,  1.44it/s]
                                                     
Epoch 19 | stage - | train loss 0.0149 (cls 0.0149, ctr 0.0000) acc 0.9969 f1 0.9971 | val loss 1.6108 (cls 1.6108, ctr 0.0000) acc 0.6500 f1 0.6069 | lr 1.00e-04

train:   0%|          | 0/60 [00:00<?, ?it/s]
train:   2%|▏         | 1/60 [00:01<01:41,  1.71s/it]
train:   5%|▌         | 3/60 [00:03<00:59,  1.04s/it]
train:   8%|▊         | 5/60 [00:04<00:48,  1.13it/s]
train:  12%|█▏        | 7/60 [00:06<00:43,  1.22it/s]
train:  15%|█▌        | 9/60 [00:07<00:40,  1.26it/s]
train:  18%|█▊        | 11/60 [00:09<00:38,  1.28it/s]
train:  22%|██▏       | 13/60 [00:10<00:36,  1.29it/s]
train:  25%|██▌       | 15/60 [00:15<00:56,  1.25s/it]
train:  28%|██▊       | 17/60 [00:16<00:47,  1.09s/it]
train:  32%|███▏      | 19/60 [00:18<00:40,  1.01it/s]
train:  35%|███▌      | 21/60 [00:19<00:35,  1.09it/s]
train:  38%|███▊      | 23/60 [00:21<00:31,  1.16it/s]
train:  42%|████▏     | 25/60 [00:22<00:29,  1.20it/s]
train:  45%|████▌     | 27/60 [00:24<00:26,  1.24it/s]
train:  48%|████▊     | 29/60 [00:25<00:24,  1.28it/s]
train:  52%|█████▏    | 31/60 [00:27<00:22,  1.29it/s]
train:  55%|█████▌    | 33/60 [00:28<00:20,  1.29it/s]
train:  58%|█████▊    | 35/60 [00:30<00:19,  1.31it/s]
train:  62%|██████▏   | 37/60 [00:31<00:17,  1.31it/s]
train:  65%|██████▌   | 39/60 [00:33<00:16,  1.29it/s]
train:  68%|██████▊   | 41/60 [00:35<00:14,  1.28it/s]
train:  72%|███████▏  | 43/60 [00:36<00:13,  1.29it/s]
train:  75%|███████▌  | 45/60 [00:38<00:11,  1.29it/s]
train:  78%|███████▊  | 47/60 [00:39<00:10,  1.29it/s]
train:  82%|████████▏ | 49/60 [00:41<00:08,  1.30it/s]
train:  85%|████████▌ | 51/60 [00:42<00:06,  1.30it/s]
train:  88%|████████▊ | 53/60 [00:44<00:05,  1.29it/s]
train:  92%|█████████▏| 55/60 [00:45<00:03,  1.29it/s]
train:  95%|█████████▌| 57/60 [00:47<00:02,  1.28it/s]
train:  97%|█████████▋| 58/60 [00:47<00:01,  1.52it/s]
train:  98%|█████████▊| 59/60 [00:51<00:01,  1.40s/it]
train: 100%|██████████| 60/60 [00:51<00:00,  1.11s/it]
                                                      

eval:   0%|          | 0/15 [00:00<?, ?it/s]
eval:   7%|▋         | 1/15 [00:01<00:19,  1.36s/it]
eval:  20%|██        | 3/15 [00:02<00:11,  1.09it/s]
eval:  33%|███▎      | 5/15 [00:04<00:08,  1.21it/s]
eval:  47%|████▋     | 7/15 [00:05<00:06,  1.30it/s]
eval:  60%|██████    | 9/15 [00:07<00:04,  1.32it/s]
eval:  73%|███████▎  | 11/15 [00:08<00:02,  1.33it/s]
eval:  80%|████████  | 12/15 [00:08<00:01,  1.61it/s]
eval:  87%|████████▋ | 13/15 [00:10<00:01,  1.30it/s]
eval: 100%|██████████| 15/15 [00:11<00:00,  1.40it/s]
                                                     
Epoch 20 | stage - | train loss 0.0173 (cls 0.0173, ctr 0.0000) acc 0.9969 f1 0.9971 | val loss 1.6139 (cls 1.6139, ctr 0.0000) acc 0.6417 f1 0.5958 | lr 1.00e-04
[INFO] Reloaded best validation checkpoint: /home/louis/projects/MultimodalEmotionRecognition/outputs/speaker_independent_tracked_v1/fold_06/video/best.pt (epoch 19)

eval:   0%|          | 0/15 [00:00<?, ?it/s]libEGL warning: DRI3 error: Could not get DRI3 device
libEGL warning: Ensure your X server supports DRI3 to get accelerated rendering
libEGL warning: DRI3 error: Could not get DRI3 device
libEGL warning: Ensure your X server supports DRI3 to get accelerated rendering
WARNING: All log messages before absl::InitializeLog() is called are written to STDERR
WARNING: All log messages before absl::InitializeLog() is called are written to STDERR
I0000 00:00:1791540785.566574  389114 gl_context_egl.cc:85] Successfully initialized EGL. Major : 1 Minor: 5
I0000 00:00:1791540785.566568  389115 gl_context_egl.cc:85] Successfully initialized EGL. Major : 1 Minor: 5
I0000 00:00:1791540785.587091  389340 gl_context.cc:369] GL version: 3.2 (OpenGL ES 3.2 Mesa 25.2.8-0ubuntu0.24.04.2), renderer: llvmpipe (LLVM 20.1.2, 256 bits)
I0000 00:00:1791540785.587098  389339 gl_context.cc:369] GL version: 3.2 (OpenGL ES 3.2 Mesa 25.2.8-0ubuntu0.24.04.2), renderer: llvmpipe (LLVM 20.1.2, 256 bits)
INFO: INFO: Created TensorFlow Lite XNNPACK delegate for CPU.
Created TensorFlow Lite XNNPACK delegate for CPU.
W0000 00:00:1791540785.602067  389232 inference_feedback_manager.cc:114] Feedback manager requires a model with a single signature inference. Disabling support for feedback tensors.
W0000 00:00:1791540785.602262  389233 inference_feedback_manager.cc:114] Feedback manager requires a model with a single signature inference. Disabling support for feedback tensors.

eval:   7%|▋         | 1/15 [00:02<00:34,  2.48s/it]
eval:  20%|██        | 3/15 [00:03<00:14,  1.19s/it]
eval:  33%|███▎      | 5/15 [00:05<00:08,  1.11it/s]
eval:  47%|████▋     | 7/15 [00:06<00:06,  1.18it/s]
eval:  60%|██████    | 9/15 [00:08<00:04,  1.22it/s]
eval:  73%|███████▎  | 11/15 [00:09<00:03,  1.31it/s]
eval:  87%|████████▋ | 13/15 [00:11<00:01,  1.31it/s]
eval: 100%|██████████| 15/15 [00:12<00:00,  1.40it/s]
                                                     
Test | loss 2.0417 (cls 2.0417, ctr 0.0000) acc 0.5250 f1 0.5145
Best val macro-F1: 0.6069 | checkpoint: /home/louis/projects/MultimodalEmotionRecognition/outputs/speaker_independent_tracked_v1/fold_06/video/best.pt
wandb: 
wandb: Run history:
wandb:     best/val_macro_f1 ▁
wandb:                 epoch ▁▁▂▂▂▃▃▄▄▄▅▅▅▆▆▇▇▇██
wandb:            lr/group_0 ███▇▇▇▆▆▅▅▄▃▃▂▂▂▁▁▁▁
wandb:                 stage ▁▁▁▁▁▁▁▁▁▁▁▁▁▁▁▁▁▁▁▁
wandb:              test/acc ▁
wandb:         test/accuracy ▁
wandb:       test/best_epoch ▁
wandb:         test/cls_loss ▁
wandb: test/contrastive_loss ▁
wandb:               test/f1 ▁
wandb:                   +14 ...
wandb: 
wandb: Run summary:
wandb:     best/val_macro_f1 0.60691
wandb:                 epoch 20
wandb:            lr/group_0 0.0001
wandb:                 stage 0
wandb:              test/acc 0.525
wandb:         test/accuracy 0.525
wandb:       test/best_epoch 19
wandb:         test/cls_loss 2.04168
wandb: test/contrastive_loss 0
wandb:               test/f1 0.5145
wandb:                   +14 ...
wandb: 
wandb: You can sync this run to the cloud by running:
wandb: wandb sync /home/louis/projects/MultimodalEmotionRecognition/outputs/speaker_independent_tracked_v1/fold_06/video/wandb/offline-run-20261009_175229-4c82b6f1094f414db2323250ccccf22a
wandb: Find logs at: ./outputs/speaker_independent_tracked_v1/fold_06/video/wandb/offline-run-20261009_175229-4c82b6f1094f414db2323250ccccf22a/logs
[REVISION] fold=6 model=gated smoke=False
[REVISION] profile=spmb2026-gated-v1 resolved={"audio_backbone_lr": 1e-05, "audio_n_mels": 64, "backbone_lr": 3e-05, "batch_size": 8, "cosine_stage2_only": false, "early_stopping_patience": 8, "epochs": 30, "frames": 8, "fusion": "gated", "fusion_align_dim": 256, "fusion_align_mode": "none", "fusion_align_temperature": 0.07, "fusion_align_weight": 0.1, "fusion_unfreeze_audio": true, "fusion_unfreeze_video_blocks": 1, "fusion_unfreeze_wavlm_layers": 2, "label_smoothing": 0.0, "lr": 0.0003, "no_pretrained_video": false, "num_classes": 8, "num_workers": -1, "seed": 42, "smoke": false, "split_mode": "actor", "stage1_epochs": 5, "temporal_dropout": 0.1, "temporal_num_heads": 4, "temporal_num_layers": 1, "temporal_pooling": "mean", "train_ratio": 0.7, "two_stage_training": true, "use_cosine_annealing": true, "use_face_crop": true, "use_resnet_audio": false, "use_wavlm": true, "val_ratio": 0.15, "video_backbone_lr": 1e-05, "wandb": false, "wavlm_stage": 1, "weight_decay": 0.0001, "xattn_attn_dropout": 0.1, "xattn_d_model": 128, "xattn_emotion_prior_dim": 8, "xattn_emotion_prior_dropout": 0.1, "xattn_emotion_prior_hidden_dim": 64, "xattn_head": "concat", "xattn_heads": 4, "xattn_stochastic_depth": 0.1, "xattn_use_emotion_prior": false}
[REVISION] disjoint split={'fold': 6, 'train_actors': [5, 6, 7, 8, 9, 10, 11, 12, 13, 14, 15, 16, 17, 18, 19, 20], 'val_actors': [1, 2, 3, 4], 'test_actors': [21, 22, 23, 24]}
[REVISION] audio_ckpt=/home/louis/projects/MultimodalEmotionRecognition/outputs/speaker_independent_tracked_v1/fold_06/audio/best.pt video_ckpt=/home/louis/projects/MultimodalEmotionRecognition/outputs/speaker_independent_tracked_v1/fold_06/video/best.pt
wandb: WARNING `resume` will be ignored since W&B syncing is set to `offline`. Starting a new run with run id 1db7dadce9744963b23ebbc495360994.
wandb: Tracking run with wandb version 0.24.1
wandb: W&B syncing is set to `offline` in this directory. Run `wandb online` or set WANDB_MODE=online to enable cloud syncing.
wandb: Run data is saved locally in /home/louis/projects/MultimodalEmotionRecognition/outputs/speaker_independent_tracked_v1/fold_06/gated/wandb/offline-run-20261009_181317-1db7dadce9744963b23ebbc495360994
Total pairs: 1440
Sample pair: actor=1 emotion=1 intensity=1 statement=1 repetition=1
Sample pair: actor=2 emotion=1 intensity=1 statement=1 repetition=1
Sample pair: actor=3 emotion=1 intensity=1 statement=1 repetition=1
Using actor-based split
Train pairs: 960 | Val pairs: 240 | Test pairs: 240
Train class distribution: {0: 64, 1: 128, 2: 128, 3: 128, 4: 128, 5: 128, 6: 128, 7: 128}
Val class distribution: {0: 16, 1: 32, 2: 32, 3: 32, 4: 32, 5: 32, 6: 32, 7: 32}
Test class distribution: {0: 16, 1: 32, 2: 32, 3: 32, 4: 32, 5: 32, 6: 32, 7: 32}
DataLoader config: num_workers=2, pin_memory=True, persistent_workers=True

============================================================
CUDA available: True
GPU device: NVIDIA GeForce RTX 5080 Laptop GPU
GPU memory: 17.07 GB
Device: cuda
============================================================

Warning: You are sending unauthenticated requests to the HF Hub. Please set a HF_TOKEN to enable higher rate limits and faster downloads.

Loading weights:   0%|          | 0/248 [00:00<?, ?it/s]
Loading weights:   0%|          | 1/248 [00:00<00:00, 19878.22it/s, Materializing param=encoder.layer_norm.bias]
Loading weights:   0%|          | 1/248 [00:00<00:00, 5391.14it/s, Materializing param=encoder.layer_norm.bias] 
Loading weights:   1%|          | 2/248 [00:00<00:00, 5797.24it/s, Materializing param=encoder.layer_norm.weight]
Loading weights:   1%|          | 2/248 [00:00<00:00, 4920.00it/s, Materializing param=encoder.layer_norm.weight]
Loading weights:   1%|          | 3/248 [00:00<00:00, 5096.36it/s, Materializing param=encoder.layers.0.attention.gru_rel_pos_const]
Loading weights:   1%|          | 3/248 [00:00<00:00, 4261.06it/s, Materializing param=encoder.layers.0.attention.gru_rel_pos_const]
Loading weights:   2%|▏         | 4/248 [00:00<00:00, 4905.62it/s, Materializing param=encoder.layers.0.attention.gru_rel_pos_linear.bias]
Loading weights:   2%|▏         | 4/248 [00:00<00:00, 4551.60it/s, Materializing param=encoder.layers.0.attention.gru_rel_pos_linear.bias]
Loading weights:   2%|▏         | 5/248 [00:00<00:00, 4818.82it/s, Materializing param=encoder.layers.0.attention.gru_rel_pos_linear.weight]
Loading weights:   2%|▏         | 5/248 [00:00<00:00, 4345.53it/s, Materializing param=encoder.layers.0.attention.gru_rel_pos_linear.weight]
Loading weights:   2%|▏         | 6/248 [00:00<00:00, 4595.66it/s, Materializing param=encoder.layers.0.attention.k_proj.bias]              
Loading weights:   2%|▏         | 6/248 [00:00<00:00, 4293.04it/s, Materializing param=encoder.layers.0.attention.k_proj.bias]
Loading weights:   3%|▎         | 7/248 [00:00<00:00, 4672.95it/s, Materializing param=encoder.layers.0.attention.k_proj.weight]
Loading weights:   3%|▎         | 7/248 [00:00<00:00, 4456.61it/s, Materializing param=encoder.layers.0.attention.k_proj.weight]
Loading weights:   3%|▎         | 8/248 [00:00<00:00, 4809.98it/s, Materializing param=encoder.layers.0.attention.out_proj.bias]
Loading weights:   3%|▎         | 8/248 [00:00<00:00, 4565.85it/s, Materializing param=encoder.layers.0.attention.out_proj.bias]
Loading weights:   4%|▎         | 9/248 [00:00<00:00, 3889.62it/s, Materializing param=encoder.layers.0.attention.out_proj.weight]
Loading weights:   4%|▎         | 9/248 [00:00<00:00, 3571.31it/s, Materializing param=encoder.layers.0.attention.out_proj.weight]
Loading weights:   4%|▍         | 10/248 [00:00<00:00, 3775.25it/s, Materializing param=encoder.layers.0.attention.q_proj.bias]   
Loading weights:   4%|▍         | 10/248 [00:00<00:00, 3681.15it/s, Materializing param=encoder.layers.0.attention.q_proj.bias]
Loading weights:   4%|▍         | 11/248 [00:00<00:00, 3632.86it/s, Materializing param=encoder.layers.0.attention.q_proj.weight]
Loading weights:   4%|▍         | 11/248 [00:00<00:00, 3532.99it/s, Materializing param=encoder.layers.0.attention.q_proj.weight]
Loading weights:   5%|▍         | 12/248 [00:00<00:00, 3594.86it/s, Materializing param=encoder.layers.0.attention.rel_attn_embed.weight]
Loading weights:   5%|▍         | 12/248 [00:00<00:00, 3467.56it/s, Materializing param=encoder.layers.0.attention.rel_attn_embed.weight]
Loading weights:   5%|▌         | 13/248 [00:00<00:00, 3493.01it/s, Materializing param=encoder.layers.0.attention.v_proj.bias]          
Loading weights:   5%|▌         | 13/248 [00:00<00:00, 3410.00it/s, Materializing param=encoder.layers.0.attention.v_proj.bias]
Loading weights:   6%|▌         | 14/248 [00:00<00:00, 3581.38it/s, Materializing param=encoder.layers.0.attention.v_proj.weight]
Loading weights:   6%|▌         | 14/248 [00:00<00:00, 3531.83it/s, Materializing param=encoder.layers.0.attention.v_proj.weight]
Loading weights:   6%|▌         | 15/248 [00:00<00:00, 3707.18it/s, Materializing param=encoder.layers.0.feed_forward.intermediate_dense.bias]
Loading weights:   6%|▌         | 15/248 [00:00<00:00, 3652.51it/s, Materializing param=encoder.layers.0.feed_forward.intermediate_dense.bias]
Loading weights:   6%|▋         | 16/248 [00:00<00:00, 3816.69it/s, Materializing param=encoder.layers.0.feed_forward.intermediate_dense.weight]
Loading weights:   6%|▋         | 16/248 [00:00<00:00, 3764.87it/s, Materializing param=encoder.layers.0.feed_forward.intermediate_dense.weight]
Loading weights:   7%|▋         | 17/248 [00:00<00:00, 3926.39it/s, Materializing param=encoder.layers.0.feed_forward.output_dense.bias]        
Loading weights:   7%|▋         | 17/248 [00:00<00:00, 3751.61it/s, Materializing param=encoder.layers.0.feed_forward.output_dense.bias]
Loading weights:   7%|▋         | 18/248 [00:00<00:00, 3840.35it/s, Materializing param=encoder.layers.0.feed_forward.output_dense.weight]
Loading weights:   7%|▋         | 18/248 [00:00<00:00, 3780.36it/s, Materializing param=encoder.layers.0.feed_forward.output_dense.weight]
Loading weights:   8%|▊         | 19/248 [00:00<00:00, 3912.98it/s, Materializing param=encoder.layers.0.final_layer_norm.bias]           
Loading weights:   8%|▊         | 19/248 [00:00<00:00, 3869.66it/s, Materializing param=encoder.layers.0.final_layer_norm.bias]
Loading weights:   8%|▊         | 20/248 [00:00<00:00, 4010.23it/s, Materializing param=encoder.layers.0.final_layer_norm.weight]
Loading weights:   8%|▊         | 20/248 [00:00<00:00, 3969.62it/s, Materializing param=encoder.layers.0.final_layer_norm.weight]
Loading weights:   8%|▊         | 21/248 [00:00<00:00, 4108.80it/s, Materializing param=encoder.layers.0.layer_norm.bias]        
Loading weights:   8%|▊         | 21/248 [00:00<00:00, 4069.13it/s, Materializing param=encoder.layers.0.layer_norm.bias]
Loading weights:   9%|▉         | 22/248 [00:00<00:00, 4203.67it/s, Materializing param=encoder.layers.0.layer_norm.weight]
Loading weights:   9%|▉         | 22/248 [00:00<00:00, 4165.90it/s, Materializing param=encoder.layers.0.layer_norm.weight]
Loading weights:   9%|▉         | 23/248 [00:00<00:00, 4298.59it/s, Materializing param=encoder.layers.1.attention.gru_rel_pos_const]
Loading weights:   9%|▉         | 23/248 [00:00<00:00, 4260.62it/s, Materializing param=encoder.layers.1.attention.gru_rel_pos_const]
Loading weights:  10%|▉         | 24/248 [00:00<00:00, 4192.91it/s, Materializing param=encoder.layers.1.attention.gru_rel_pos_linear.bias]
Loading weights:  10%|▉         | 24/248 [00:00<00:00, 4078.90it/s, Materializing param=encoder.layers.1.attention.gru_rel_pos_linear.bias]
Loading weights:  10%|█         | 25/248 [00:00<00:00, 4163.82it/s, Materializing param=encoder.layers.1.attention.gru_rel_pos_linear.weight]
Loading weights:  10%|█         | 25/248 [00:00<00:00, 4126.95it/s, Materializing param=encoder.layers.1.attention.gru_rel_pos_linear.weight]
Loading weights:  10%|█         | 26/248 [00:00<00:00, 4240.46it/s, Materializing param=encoder.layers.1.attention.k_proj.bias]              
Loading weights:  10%|█         | 26/248 [00:00<00:00, 4206.28it/s, Materializing param=encoder.layers.1.attention.k_proj.bias]
Loading weights:  11%|█         | 27/248 [00:00<00:00, 4314.47it/s, Materializing param=encoder.layers.1.attention.k_proj.weight]
Loading weights:  11%|█         | 27/248 [00:00<00:00, 4264.75it/s, Materializing param=encoder.layers.1.attention.k_proj.weight]
Loading weights:  11%|█▏        | 28/248 [00:00<00:00, 4365.98it/s, Materializing param=encoder.layers.1.attention.out_proj.bias]
Loading weights:  11%|█▏        | 28/248 [00:00<00:00, 4333.92it/s, Materializing param=encoder.layers.1.attention.out_proj.bias]
Loading weights:  12%|█▏        | 29/248 [00:00<00:00, 4359.51it/s, Materializing param=encoder.layers.1.attention.out_proj.weight]
Loading weights:  12%|█▏        | 29/248 [00:00<00:00, 4322.95it/s, Materializing param=encoder.layers.1.attention.out_proj.weight]
Loading weights:  12%|█▏        | 30/248 [00:00<00:00, 4412.58it/s, Materializing param=encoder.layers.1.attention.q_proj.bias]    
Loading weights:  12%|█▏        | 30/248 [00:00<00:00, 4379.41it/s, Materializing param=encoder.layers.1.attention.q_proj.bias]
Loading weights:  12%|█▎        | 31/248 [00:00<00:00, 4474.93it/s, Materializing param=encoder.layers.1.attention.q_proj.weight]
Loading weights:  12%|█▎        | 31/248 [00:00<00:00, 4443.57it/s, Materializing param=encoder.layers.1.attention.q_proj.weight]
Loading weights:  13%|█▎        | 32/248 [00:00<00:00, 4539.75it/s, Materializing param=encoder.layers.1.attention.v_proj.bias]  
Loading weights:  13%|█▎        | 32/248 [00:00<00:00, 4342.77it/s, Materializing param=encoder.layers.1.attention.v_proj.bias]
Loading weights:  13%|█▎        | 33/248 [00:00<00:00, 4397.38it/s, Materializing param=encoder.layers.1.attention.v_proj.weight]
Loading weights:  13%|█▎        | 33/248 [00:00<00:00, 4358.61it/s, Materializing param=encoder.layers.1.attention.v_proj.weight]
Loading weights:  14%|█▎        | 34/248 [00:00<00:00, 4438.97it/s, Materializing param=encoder.layers.1.feed_forward.intermediate_dense.bias]
Loading weights:  14%|█▎        | 34/248 [00:00<00:00, 4405.51it/s, Materializing param=encoder.layers.1.feed_forward.intermediate_dense.bias]
Loading weights:  14%|█▍        | 35/248 [00:00<00:00, 4484.38it/s, Materializing param=encoder.layers.1.feed_forward.intermediate_dense.weight]
Loading weights:  14%|█▍        | 35/248 [00:00<00:00, 4451.20it/s, Materializing param=encoder.layers.1.feed_forward.intermediate_dense.weight]
Loading weights:  15%|█▍        | 36/248 [00:00<00:00, 4531.66it/s, Materializing param=encoder.layers.1.feed_forward.output_dense.bias]        
Loading weights:  15%|█▍        | 36/248 [00:00<00:00, 4502.47it/s, Materializing param=encoder.layers.1.feed_forward.output_dense.bias]
Loading weights:  15%|█▍        | 37/248 [00:00<00:00, 4583.13it/s, Materializing param=encoder.layers.1.feed_forward.output_dense.weight]
Loading weights:  15%|█▍        | 37/248 [00:00<00:00, 4555.41it/s, Materializing param=encoder.layers.1.feed_forward.output_dense.weight]
Loading weights:  15%|█▌        | 38/248 [00:00<00:00, 4635.67it/s, Materializing param=encoder.layers.1.final_layer_norm.bias]           
Loading weights:  15%|█▌        | 38/248 [00:00<00:00, 4606.86it/s, Materializing param=encoder.layers.1.final_layer_norm.bias]
Loading weights:  16%|█▌        | 39/248 [00:00<00:00, 4489.09it/s, Materializing param=encoder.layers.1.final_layer_norm.weight]
Loading weights:  16%|█▌        | 39/248 [00:00<00:00, 4448.19it/s, Materializing param=encoder.layers.1.final_layer_norm.weight]
Loading weights:  16%|█▌        | 40/248 [00:00<00:00, 4512.07it/s, Materializing param=encoder.layers.1.layer_norm.bias]        
Loading weights:  16%|█▌        | 40/248 [00:00<00:00, 4484.93it/s, Materializing param=encoder.layers.1.layer_norm.bias]
Loading weights:  17%|█▋        | 41/248 [00:00<00:00, 4554.80it/s, Materializing param=encoder.layers.1.layer_norm.weight]
Loading weights:  17%|█▋        | 41/248 [00:00<00:00, 4529.25it/s, Materializing param=encoder.layers.1.layer_norm.weight]
Loading weights:  17%|█▋        | 42/248 [00:00<00:00, 4601.06it/s, Materializing param=encoder.layers.2.attention.gru_rel_pos_const]
Loading weights:  17%|█▋        | 42/248 [00:00<00:00, 4576.79it/s, Materializing param=encoder.layers.2.attention.gru_rel_pos_const]
Loading weights:  17%|█▋        | 43/248 [00:00<00:00, 4649.41it/s, Materializing param=encoder.layers.2.attention.gru_rel_pos_linear.bias]
Loading weights:  17%|█▋        | 43/248 [00:00<00:00, 4624.73it/s, Materializing param=encoder.layers.2.attention.gru_rel_pos_linear.bias]
Loading weights:  18%|█▊        | 44/248 [00:00<00:00, 4622.63it/s, Materializing param=encoder.layers.2.attention.gru_rel_pos_linear.weight]
Loading weights:  18%|█▊        | 44/248 [00:00<00:00, 4583.60it/s, Materializing param=encoder.layers.2.attention.gru_rel_pos_linear.weight]
Loading weights:  18%|█▊        | 45/248 [00:00<00:00, 4639.60it/s, Materializing param=encoder.layers.2.attention.k_proj.bias]              
Loading weights:  18%|█▊        | 45/248 [00:00<00:00, 4610.81it/s, Materializing param=encoder.layers.2.attention.k_proj.bias]
Loading weights:  19%|█▊        | 46/248 [00:00<00:00, 4666.88it/s, Materializing param=encoder.layers.2.attention.k_proj.weight]
Loading weights:  19%|█▊        | 46/248 [00:00<00:00, 4640.72it/s, Materializing param=encoder.layers.2.attention.k_proj.weight]
Loading weights:  19%|█▉        | 47/248 [00:00<00:00, 4702.36it/s, Materializing param=encoder.layers.2.attention.out_proj.bias]
Loading weights:  19%|█▉        | 47/248 [00:00<00:00, 4677.48it/s, Materializing param=encoder.layers.2.attention.out_proj.bias]
Loading weights:  19%|█▉        | 48/248 [00:00<00:00, 4739.55it/s, Materializing param=encoder.layers.2.attention.out_proj.weight]
Loading weights:  19%|█▉        | 48/248 [00:00<00:00, 4715.46it/s, Materializing param=encoder.layers.2.attention.out_proj.weight]
Loading weights:  20%|█▉        | 49/248 [00:00<00:00, 4777.67it/s, Materializing param=encoder.layers.2.attention.q_proj.bias]    
Loading weights:  20%|█▉        | 49/248 [00:00<00:00, 4746.33it/s, Materializing param=encoder.layers.2.attention.q_proj.bias]
Loading weights:  20%|██        | 50/248 [00:00<00:00, 4804.91it/s, Materializing param=encoder.layers.2.attention.q_proj.weight]
Loading weights:  20%|██        | 50/248 [00:00<00:00, 4780.38it/s, Materializing param=encoder.layers.2.attention.q_proj.weight]
Loading weights:  21%|██        | 51/248 [00:00<00:00, 4840.68it/s, Materializing param=encoder.layers.2.attention.v_proj.bias]  
Loading weights:  21%|██        | 51/248 [00:00<00:00, 4818.54it/s, Materializing param=encoder.layers.2.attention.v_proj.bias]
Loading weights:  21%|██        | 52/248 [00:00<00:00, 4879.28it/s, Materializing param=encoder.layers.2.attention.v_proj.weight]
Loading weights:  21%|██        | 52/248 [00:00<00:00, 4854.30it/s, Materializing param=encoder.layers.2.attention.v_proj.weight]
Loading weights:  21%|██▏       | 53/248 [00:00<00:00, 4913.32it/s, Materializing param=encoder.layers.2.feed_forward.intermediate_dense.bias]
Loading weights:  21%|██▏       | 53/248 [00:00<00:00, 4888.25it/s, Materializing param=encoder.layers.2.feed_forward.intermediate_dense.bias]
Loading weights:  22%|██▏       | 54/248 [00:00<00:00, 4946.01it/s, Materializing param=encoder.layers.2.feed_forward.intermediate_dense.weight]
Loading weights:  22%|██▏       | 54/248 [00:00<00:00, 4879.72it/s, Materializing param=encoder.layers.2.feed_forward.intermediate_dense.weight]
Loading weights:  22%|██▏       | 55/248 [00:00<00:00, 4935.53it/s, Materializing param=encoder.layers.2.feed_forward.output_dense.bias]        
Loading weights:  22%|██▏       | 55/248 [00:00<00:00, 4913.04it/s, Materializing param=encoder.layers.2.feed_forward.output_dense.bias]
Loading weights:  23%|██▎       | 56/248 [00:00<00:00, 4866.08it/s, Materializing param=encoder.layers.2.feed_forward.output_dense.weight]
Loading weights:  23%|██▎       | 56/248 [00:00<00:00, 4834.04it/s, Materializing param=encoder.layers.2.feed_forward.output_dense.weight]
Loading weights:  23%|██▎       | 57/248 [00:00<00:00, 4884.67it/s, Materializing param=encoder.layers.2.final_layer_norm.bias]           
Loading weights:  23%|██▎       | 57/248 [00:00<00:00, 4863.01it/s, Materializing param=encoder.layers.2.final_layer_norm.bias]
Loading weights:  23%|██▎       | 58/248 [00:00<00:00, 4916.82it/s, Materializing param=encoder.layers.2.final_layer_norm.weight]
Loading weights:  23%|██▎       | 58/248 [00:00<00:00, 4896.34it/s, Materializing param=encoder.layers.2.final_layer_norm.weight]
Loading weights:  24%|██▍       | 59/248 [00:00<00:00, 4951.06it/s, Materializing param=encoder.layers.2.layer_norm.bias]        
Loading weights:  24%|██▍       | 59/248 [00:00<00:00, 4931.53it/s, Materializing param=encoder.layers.2.layer_norm.bias]
Loading weights:  24%|██▍       | 60/248 [00:00<00:00, 4984.52it/s, Materializing param=encoder.layers.2.layer_norm.weight]
Loading weights:  24%|██▍       | 60/248 [00:00<00:00, 4965.24it/s, Materializing param=encoder.layers.2.layer_norm.weight]
Loading weights:  25%|██▍       | 61/248 [00:00<00:00, 5010.63it/s, Materializing param=encoder.layers.3.attention.gru_rel_pos_const]
Loading weights:  25%|██▍       | 61/248 [00:00<00:00, 4990.30it/s, Materializing param=encoder.layers.3.attention.gru_rel_pos_const]
Loading weights:  25%|██▌       | 62/248 [00:00<00:00, 5041.82it/s, Materializing param=encoder.layers.3.attention.gru_rel_pos_linear.bias]
Loading weights:  25%|██▌       | 62/248 [00:00<00:00, 5022.34it/s, Materializing param=encoder.layers.3.attention.gru_rel_pos_linear.bias]
Loading weights:  25%|██▌       | 63/248 [00:00<00:00, 5074.14it/s, Materializing param=encoder.layers.3.attention.gru_rel_pos_linear.weight]
Loading weights:  25%|██▌       | 63/248 [00:00<00:00, 5054.63it/s, Materializing param=encoder.layers.3.attention.gru_rel_pos_linear.weight]
Loading weights:  26%|██▌       | 64/248 [00:00<00:00, 5104.40it/s, Materializing param=encoder.layers.3.attention.k_proj.bias]              
Loading weights:  26%|██▌       | 64/248 [00:00<00:00, 5084.87it/s, Materializing param=encoder.layers.3.attention.k_proj.bias]
Loading weights:  26%|██▌       | 65/248 [00:00<00:00, 5135.53it/s, Materializing param=encoder.layers.3.attention.k_proj.weight]
Loading weights:  26%|██▌       | 65/248 [00:00<00:00, 5116.64it/s, Materializing param=encoder.layers.3.attention.k_proj.weight]
Loading weights:  27%|██▋       | 66/248 [00:00<00:00, 5144.85it/s, Materializing param=encoder.layers.3.attention.out_proj.bias]
Loading weights:  27%|██▋       | 66/248 [00:00<00:00, 5124.19it/s, Materializing param=encoder.layers.3.attention.out_proj.bias]
Loading weights:  27%|██▋       | 67/248 [00:00<00:00, 5172.82it/s, Materializing param=encoder.layers.3.attention.out_proj.weight]
Loading weights:  27%|██▋       | 67/248 [00:00<00:00, 5153.65it/s, Materializing param=encoder.layers.3.attention.out_proj.weight]
Loading weights:  27%|██▋       | 68/248 [00:00<00:00, 4953.76it/s, Materializing param=encoder.layers.3.attention.q_proj.bias]    
Loading weights:  27%|██▋       | 68/248 [00:00<00:00, 4877.60it/s, Materializing param=encoder.layers.3.attention.q_proj.bias]
Loading weights:  28%|██▊       | 69/248 [00:00<00:00, 4902.88it/s, Materializing param=encoder.layers.3.attention.q_proj.weight]
Loading weights:  28%|██▊       | 69/248 [00:00<00:00, 4877.18it/s, Materializing param=encoder.layers.3.attention.q_proj.weight]
Loading weights:  28%|██▊       | 70/248 [00:00<00:00, 4913.34it/s, Materializing param=encoder.layers.3.attention.v_proj.bias]  
Loading weights:  28%|██▊       | 70/248 [00:00<00:00, 4893.93it/s, Materializing param=encoder.layers.3.attention.v_proj.bias]
Loading weights:  29%|██▊       | 71/248 [00:00<00:00, 4934.31it/s, Materializing param=encoder.layers.3.attention.v_proj.weight]
Loading weights:  29%|██▊       | 71/248 [00:00<00:00, 4916.71it/s, Materializing param=encoder.layers.3.attention.v_proj.weight]
Loading weights:  29%|██▉       | 72/248 [00:00<00:00, 4935.20it/s, Materializing param=encoder.layers.3.feed_forward.intermediate_dense.bias]
Loading weights:  29%|██▉       | 72/248 [00:00<00:00, 4916.00it/s, Materializing param=encoder.layers.3.feed_forward.intermediate_dense.bias]
Loading weights:  29%|██▉       | 73/248 [00:00<00:00, 4923.53it/s, Materializing param=encoder.layers.3.feed_forward.intermediate_dense.weight]
Loading weights:  29%|██▉       | 73/248 [00:00<00:00, 4892.14it/s, Materializing param=encoder.layers.3.feed_forward.intermediate_dense.weight]
Loading weights:  30%|██▉       | 74/248 [00:00<00:00, 4927.89it/s, Materializing param=encoder.layers.3.feed_forward.output_dense.bias]        
Loading weights:  30%|██▉       | 74/248 [00:00<00:00, 4910.59it/s, Materializing param=encoder.layers.3.feed_forward.output_dense.bias]
Loading weights:  30%|███       | 75/248 [00:00<00:00, 4847.04it/s, Materializing param=encoder.layers.3.feed_forward.output_dense.weight]
Loading weights:  30%|███       | 75/248 [00:00<00:00, 4813.29it/s, Materializing param=encoder.layers.3.feed_forward.output_dense.weight]
Loading weights:  31%|███       | 76/248 [00:00<00:00, 4848.02it/s, Materializing param=encoder.layers.3.final_layer_norm.bias]           
Loading weights:  31%|███       | 76/248 [00:00<00:00, 4830.39it/s, Materializing param=encoder.layers.3.final_layer_norm.bias]
Loading weights:  31%|███       | 77/248 [00:00<00:00, 4869.89it/s, Materializing param=encoder.layers.3.final_layer_norm.weight]
Loading weights:  31%|███       | 77/248 [00:00<00:00, 4853.64it/s, Materializing param=encoder.layers.3.final_layer_norm.weight]
Loading weights:  31%|███▏      | 78/248 [00:00<00:00, 4821.54it/s, Materializing param=encoder.layers.3.layer_norm.bias]        
Loading weights:  31%|███▏      | 78/248 [00:00<00:00, 4798.90it/s, Materializing param=encoder.layers.3.layer_norm.bias]
Loading weights:  32%|███▏      | 79/248 [00:00<00:00, 4811.03it/s, Materializing param=encoder.layers.3.layer_norm.weight]
Loading weights:  32%|███▏      | 79/248 [00:00<00:00, 4780.90it/s, Materializing param=encoder.layers.3.layer_norm.weight]
Loading weights:  32%|███▏      | 80/248 [00:00<00:00, 4812.88it/s, Materializing param=encoder.layers.4.attention.gru_rel_pos_const]
Loading weights:  32%|███▏      | 80/248 [00:00<00:00, 4795.82it/s, Materializing param=encoder.layers.4.attention.gru_rel_pos_const]
Loading weights:  33%|███▎      | 81/248 [00:00<00:00, 4830.77it/s, Materializing param=encoder.layers.4.attention.gru_rel_pos_linear.bias]
Loading weights:  33%|███▎      | 81/248 [00:00<00:00, 4814.14it/s, Materializing param=encoder.layers.4.attention.gru_rel_pos_linear.bias]
Loading weights:  33%|███▎      | 82/248 [00:00<00:00, 4848.84it/s, Materializing param=encoder.layers.4.attention.gru_rel_pos_linear.weight]
Loading weights:  33%|███▎      | 82/248 [00:00<00:00, 4811.46it/s, Materializing param=encoder.layers.4.attention.gru_rel_pos_linear.weight]
Loading weights:  33%|███▎      | 83/248 [00:00<00:00, 4816.90it/s, Materializing param=encoder.layers.4.attention.k_proj.bias]              
Loading weights:  33%|███▎      | 83/248 [00:00<00:00, 4799.44it/s, Materializing param=encoder.layers.4.attention.k_proj.bias]
Loading weights:  34%|███▍      | 84/248 [00:00<00:00, 4789.45it/s, Materializing param=encoder.layers.4.attention.k_proj.weight]
Loading weights:  34%|███▍      | 84/248 [00:00<00:00, 4762.13it/s, Materializing param=encoder.layers.4.attention.k_proj.weight]
Loading weights:  34%|███▍      | 85/248 [00:00<00:00, 4761.73it/s, Materializing param=encoder.layers.4.attention.out_proj.bias]
Loading weights:  34%|███▍      | 85/248 [00:00<00:00, 4737.44it/s, Materializing param=encoder.layers.4.attention.out_proj.bias]
Loading weights:  35%|███▍      | 86/248 [00:00<00:00, 4769.15it/s, Materializing param=encoder.layers.4.attention.out_proj.weight]
Loading weights:  35%|███▍      | 86/248 [00:00<00:00, 4755.45it/s, Materializing param=encoder.layers.4.attention.out_proj.weight]
Loading weights:  35%|███▌      | 87/248 [00:00<00:00, 4776.24it/s, Materializing param=encoder.layers.4.attention.q_proj.bias]    
Loading weights:  35%|███▌      | 87/248 [00:00<00:00, 4762.40it/s, Materializing param=encoder.layers.4.attention.q_proj.bias]
Loading weights:  35%|███▌      | 88/248 [00:00<00:00, 4796.85it/s, Materializing param=encoder.layers.4.attention.q_proj.weight]
Loading weights:  35%|███▌      | 88/248 [00:00<00:00, 4784.73it/s, Materializing param=encoder.layers.4.attention.q_proj.weight]
Loading weights:  36%|███▌      | 89/248 [00:00<00:00, 4820.54it/s, Materializing param=encoder.layers.4.attention.v_proj.bias]  
Loading weights:  36%|███▌      | 89/248 [00:00<00:00, 4757.20it/s, Materializing param=encoder.layers.4.attention.v_proj.bias]
Loading weights:  36%|███▋      | 90/248 [00:00<00:00, 4774.33it/s, Materializing param=encoder.layers.4.attention.v_proj.weight]
Loading weights:  36%|███▋      | 90/248 [00:00<00:00, 4760.06it/s, Materializing param=encoder.layers.4.attention.v_proj.weight]
Loading weights:  37%|███▋      | 91/248 [00:00<00:00, 4792.29it/s, Materializing param=encoder.layers.4.feed_forward.intermediate_dense.bias]
Loading weights:  37%|███▋      | 91/248 [00:00<00:00, 4778.85it/s, Materializing param=encoder.layers.4.feed_forward.intermediate_dense.bias]
Loading weights:  37%|███▋      | 92/248 [00:00<00:00, 4811.12it/s, Materializing param=encoder.layers.4.feed_forward.intermediate_dense.weight]
Loading weights:  37%|███▋      | 92/248 [00:00<00:00, 4798.32it/s, Materializing param=encoder.layers.4.feed_forward.intermediate_dense.weight]
Loading weights:  38%|███▊      | 93/248 [00:00<00:00, 4831.49it/s, Materializing param=encoder.layers.4.feed_forward.output_dense.bias]        
Loading weights:  38%|███▊      | 93/248 [00:00<00:00, 4818.30it/s, Materializing param=encoder.layers.4.feed_forward.output_dense.bias]
Loading weights:  38%|███▊      | 94/248 [00:00<00:00, 4850.82it/s, Materializing param=encoder.layers.4.feed_forward.output_dense.weight]
Loading weights:  38%|███▊      | 94/248 [00:00<00:00, 4838.49it/s, Materializing param=encoder.layers.4.feed_forward.output_dense.weight]
Loading weights:  38%|███▊      | 95/248 [00:00<00:00, 4871.97it/s, Materializing param=encoder.layers.4.final_layer_norm.bias]           
Loading weights:  38%|███▊      | 95/248 [00:00<00:00, 4859.73it/s, Materializing param=encoder.layers.4.final_layer_norm.bias]
Loading weights:  39%|███▊      | 96/248 [00:00<00:00, 4865.49it/s, Materializing param=encoder.layers.4.final_layer_norm.weight]
Loading weights:  39%|███▊      | 96/248 [00:00<00:00, 4846.40it/s, Materializing param=encoder.layers.4.final_layer_norm.weight]
Loading weights:  39%|███▉      | 97/248 [00:00<00:00, 4873.48it/s, Materializing param=encoder.layers.4.layer_norm.bias]        
Loading weights:  39%|███▉      | 97/248 [00:00<00:00, 4859.33it/s, Materializing param=encoder.layers.4.layer_norm.bias]
Loading weights:  40%|███▉      | 98/248 [00:00<00:00, 4889.45it/s, Materializing param=encoder.layers.4.layer_norm.weight]
Loading weights:  40%|███▉      | 98/248 [00:00<00:00, 4877.04it/s, Materializing param=encoder.layers.4.layer_norm.weight]
Loading weights:  40%|███▉      | 99/248 [00:00<00:00, 4908.17it/s, Materializing param=encoder.layers.5.attention.gru_rel_pos_const]
Loading weights:  40%|███▉      | 99/248 [00:00<00:00, 4896.25it/s, Materializing param=encoder.layers.5.attention.gru_rel_pos_const]
Loading weights:  40%|████      | 100/248 [00:00<00:00, 4874.66it/s, Materializing param=encoder.layers.5.attention.gru_rel_pos_linear.bias]
Loading weights:  40%|████      | 100/248 [00:00<00:00, 4852.27it/s, Materializing param=encoder.layers.5.attention.gru_rel_pos_linear.bias]
Loading weights:  41%|████      | 101/248 [00:00<00:00, 4875.19it/s, Materializing param=encoder.layers.5.attention.gru_rel_pos_linear.weight]
Loading weights:  41%|████      | 101/248 [00:00<00:00, 4858.86it/s, Materializing param=encoder.layers.5.attention.gru_rel_pos_linear.weight]
Loading weights:  41%|████      | 102/248 [00:00<00:00, 4848.36it/s, Materializing param=encoder.layers.5.attention.k_proj.bias]              
Loading weights:  41%|████      | 102/248 [00:00<00:00, 4822.23it/s, Materializing param=encoder.layers.5.attention.k_proj.bias]
Loading weights:  42%|████▏     | 103/248 [00:00<00:00, 4845.05it/s, Materializing param=encoder.layers.5.attention.k_proj.weight]
Loading weights:  42%|████▏     | 103/248 [00:00<00:00, 4827.72it/s, Materializing param=encoder.layers.5.attention.k_proj.weight]
Loading weights:  42%|████▏     | 104/248 [00:00<00:00, 4833.27it/s, Materializing param=encoder.layers.5.attention.out_proj.bias]
Loading weights:  42%|████▏     | 104/248 [00:00<00:00, 4819.81it/s, Materializing param=encoder.layers.5.attention.out_proj.bias]
Loading weights:  42%|████▏     | 105/248 [00:00<00:00, 4847.73it/s, Materializing param=encoder.layers.5.attention.out_proj.weight]
Loading weights:  42%|████▏     | 105/248 [00:00<00:00, 4830.29it/s, Materializing param=encoder.layers.5.attention.out_proj.weight]
Loading weights:  43%|████▎     | 106/248 [00:00<00:00, 4851.76it/s, Materializing param=encoder.layers.5.attention.q_proj.bias]    
Loading weights:  43%|████▎     | 106/248 [00:00<00:00, 4839.35it/s, Materializing param=encoder.layers.5.attention.q_proj.bias]
Loading weights:  43%|████▎     | 107/248 [00:00<00:00, 4866.47it/s, Materializing param=encoder.layers.5.attention.q_proj.weight]
Loading weights:  43%|████▎     | 107/248 [00:00<00:00, 4854.89it/s, Materializing param=encoder.layers.5.attention.q_proj.weight]
Loading weights:  44%|████▎     | 108/248 [00:00<00:00, 4882.14it/s, Materializing param=encoder.layers.5.attention.v_proj.bias]  
Loading weights:  44%|████▎     | 108/248 [00:00<00:00, 4871.07it/s, Materializing param=encoder.layers.5.attention.v_proj.bias]
Loading weights:  44%|████▍     | 109/248 [00:00<00:00, 4898.89it/s, Materializing param=encoder.layers.5.attention.v_proj.weight]
Loading weights:  44%|████▍     | 109/248 [00:00<00:00, 4888.05it/s, Materializing param=encoder.layers.5.attention.v_proj.weight]
Loading weights:  44%|████▍     | 110/248 [00:00<00:00, 4915.97it/s, Materializing param=encoder.layers.5.feed_forward.intermediate_dense.bias]
Loading weights:  44%|████▍     | 110/248 [00:00<00:00, 4904.47it/s, Materializing param=encoder.layers.5.feed_forward.intermediate_dense.bias]
Loading weights:  45%|████▍     | 111/248 [00:00<00:00, 4931.70it/s, Materializing param=encoder.layers.5.feed_forward.intermediate_dense.weight]
Loading weights:  45%|████▍     | 111/248 [00:00<00:00, 4921.33it/s, Materializing param=encoder.layers.5.feed_forward.intermediate_dense.weight]
Loading weights:  45%|████▌     | 112/248 [00:00<00:00, 4947.68it/s, Materializing param=encoder.layers.5.feed_forward.output_dense.bias]        
Loading weights:  45%|████▌     | 112/248 [00:00<00:00, 4935.93it/s, Materializing param=encoder.layers.5.feed_forward.output_dense.bias]
Loading weights:  46%|████▌     | 113/248 [00:00<00:00, 4931.70it/s, Materializing param=encoder.layers.5.feed_forward.output_dense.weight]
Loading weights:  46%|████▌     | 113/248 [00:00<00:00, 4909.63it/s, Materializing param=encoder.layers.5.feed_forward.output_dense.weight]
Loading weights:  46%|████▌     | 114/248 [00:00<00:00, 4933.66it/s, Materializing param=encoder.layers.5.final_layer_norm.bias]           
Loading weights:  46%|████▌     | 114/248 [00:00<00:00, 4922.28it/s, Materializing param=encoder.layers.5.final_layer_norm.bias]
Loading weights:  46%|████▋     | 115/248 [00:00<00:00, 4948.90it/s, Materializing param=encoder.layers.5.final_layer_norm.weight]
Loading weights:  46%|████▋     | 115/248 [00:00<00:00, 4938.31it/s, Materializing param=encoder.layers.5.final_layer_norm.weight]
Loading weights:  47%|████▋     | 116/248 [00:00<00:00, 4947.87it/s, Materializing param=encoder.layers.5.layer_norm.bias]        
Loading weights:  47%|████▋     | 116/248 [00:00<00:00, 4936.38it/s, Materializing param=encoder.layers.5.layer_norm.bias]
Loading weights:  47%|████▋     | 117/248 [00:00<00:00, 4963.52it/s, Materializing param=encoder.layers.5.layer_norm.weight]
Loading weights:  47%|████▋     | 117/248 [00:00<00:00, 4953.05it/s, Materializing param=encoder.layers.5.layer_norm.weight]
Loading weights:  48%|████▊     | 118/248 [00:00<00:00, 4980.26it/s, Materializing param=encoder.layers.6.attention.gru_rel_pos_const]
Loading weights:  48%|████▊     | 118/248 [00:00<00:00, 4969.75it/s, Materializing param=encoder.layers.6.attention.gru_rel_pos_const]
Loading weights:  48%|████▊     | 119/248 [00:00<00:00, 4995.32it/s, Materializing param=encoder.layers.6.attention.gru_rel_pos_linear.bias]
Loading weights:  48%|████▊     | 119/248 [00:00<00:00, 4985.24it/s, Materializing param=encoder.layers.6.attention.gru_rel_pos_linear.bias]
Loading weights:  48%|████▊     | 120/248 [00:00<00:00, 5011.76it/s, Materializing param=encoder.layers.6.attention.gru_rel_pos_linear.weight]
Loading weights:  48%|████▊     | 120/248 [00:00<00:00, 5001.60it/s, Materializing param=encoder.layers.6.attention.gru_rel_pos_linear.weight]
Loading weights:  49%|████▉     | 121/248 [00:00<00:00, 5027.80it/s, Materializing param=encoder.layers.6.attention.k_proj.bias]              
Loading weights:  49%|████▉     | 121/248 [00:00<00:00, 5017.06it/s, Materializing param=encoder.layers.6.attention.k_proj.bias]
Loading weights:  49%|████▉     | 122/248 [00:00<00:00, 5042.47it/s, Materializing param=encoder.layers.6.attention.k_proj.weight]
Loading weights:  49%|████▉     | 122/248 [00:00<00:00, 5010.09it/s, Materializing param=encoder.layers.6.attention.k_proj.weight]
Loading weights:  50%|████▉     | 123/248 [00:00<00:00, 5027.43it/s, Materializing param=encoder.layers.6.attention.out_proj.bias]
Loading weights:  50%|████▉     | 123/248 [00:00<00:00, 5016.96it/s, Materializing param=encoder.layers.6.attention.out_proj.bias]
Loading weights:  50%|█████     | 124/248 [00:00<00:00, 5034.94it/s, Materializing param=encoder.layers.6.attention.out_proj.weight]
Loading weights:  50%|█████     | 124/248 [00:00<00:00, 5023.70it/s, Materializing param=encoder.layers.6.attention.out_proj.weight]
Loading weights:  50%|█████     | 125/248 [00:00<00:00, 5048.56it/s, Materializing param=encoder.layers.6.attention.q_proj.bias]    
Loading weights:  50%|█████     | 125/248 [00:00<00:00, 5038.86it/s, Materializing param=encoder.layers.6.attention.q_proj.bias]
Loading weights:  51%|█████     | 126/248 [00:00<00:00, 5064.03it/s, Materializing param=encoder.layers.6.attention.q_proj.weight]
Loading weights:  51%|█████     | 126/248 [00:00<00:00, 5054.63it/s, Materializing param=encoder.layers.6.attention.q_proj.weight]
Loading weights:  51%|█████     | 127/248 [00:00<00:00, 5080.47it/s, Materializing param=encoder.layers.6.attention.v_proj.bias]  
Loading weights:  51%|█████     | 127/248 [00:00<00:00, 5070.02it/s, Materializing param=encoder.layers.6.attention.v_proj.bias]
Loading weights:  52%|█████▏    | 128/248 [00:00<00:00, 5095.20it/s, Materializing param=encoder.layers.6.attention.v_proj.weight]
Loading weights:  52%|█████▏    | 128/248 [00:00<00:00, 5086.03it/s, Materializing param=encoder.layers.6.attention.v_proj.weight]
Loading weights:  52%|█████▏    | 129/248 [00:00<00:00, 5111.33it/s, Materializing param=encoder.layers.6.feed_forward.intermediate_dense.bias]
Loading weights:  52%|█████▏    | 129/248 [00:00<00:00, 5101.84it/s, Materializing param=encoder.layers.6.feed_forward.intermediate_dense.bias]
Loading weights:  52%|█████▏    | 130/248 [00:00<00:00, 5126.79it/s, Materializing param=encoder.layers.6.feed_forward.intermediate_dense.weight]
Loading weights:  52%|█████▏    | 130/248 [00:00<00:00, 5117.36it/s, Materializing param=encoder.layers.6.feed_forward.intermediate_dense.weight]
Loading weights:  53%|█████▎    | 131/248 [00:00<00:00, 5142.63it/s, Materializing param=encoder.layers.6.feed_forward.output_dense.bias]        
Loading weights:  53%|█████▎    | 131/248 [00:00<00:00, 5129.86it/s, Materializing param=encoder.layers.6.feed_forward.output_dense.bias]
Loading weights:  53%|█████▎    | 132/248 [00:00<00:00, 5153.52it/s, Materializing param=encoder.layers.6.feed_forward.output_dense.weight]
Loading weights:  53%|█████▎    | 132/248 [00:00<00:00, 5142.51it/s, Materializing param=encoder.layers.6.feed_forward.output_dense.weight]
Loading weights:  54%|█████▎    | 133/248 [00:00<00:00, 5156.18it/s, Materializing param=encoder.layers.6.final_layer_norm.bias]           
Loading weights:  54%|█████▎    | 133/248 [00:00<00:00, 5146.01it/s, Materializing param=encoder.layers.6.final_layer_norm.bias]
Loading weights:  54%|█████▍    | 134/248 [00:00<00:00, 5169.25it/s, Materializing param=encoder.layers.6.final_layer_norm.weight]
Loading weights:  54%|█████▍    | 134/248 [00:00<00:00, 5159.76it/s, Materializing param=encoder.layers.6.final_layer_norm.weight]
Loading weights:  54%|█████▍    | 135/248 [00:00<00:00, 5183.94it/s, Materializing param=encoder.layers.6.layer_norm.bias]        
Loading weights:  54%|█████▍    | 135/248 [00:00<00:00, 5174.60it/s, Materializing param=encoder.layers.6.layer_norm.bias]
Loading weights:  55%|█████▍    | 136/248 [00:00<00:00, 5198.02it/s, Materializing param=encoder.layers.6.layer_norm.weight]
Loading weights:  55%|█████▍    | 136/248 [00:00<00:00, 5189.03it/s, Materializing param=encoder.layers.6.layer_norm.weight]
Loading weights:  55%|█████▌    | 137/248 [00:00<00:00, 5213.25it/s, Materializing param=encoder.layers.7.attention.gru_rel_pos_const]
Loading weights:  55%|█████▌    | 137/248 [00:00<00:00, 5204.32it/s, Materializing param=encoder.layers.7.attention.gru_rel_pos_const]
Loading weights:  56%|█████▌    | 138/248 [00:00<00:00, 5224.94it/s, Materializing param=encoder.layers.7.attention.gru_rel_pos_linear.bias]
Loading weights:  56%|█████▌    | 138/248 [00:00<00:00, 5214.73it/s, Materializing param=encoder.layers.7.attention.gru_rel_pos_linear.bias]
Loading weights:  56%|█████▌    | 139/248 [00:00<00:00, 5237.60it/s, Materializing param=encoder.layers.7.attention.gru_rel_pos_linear.weight]
Loading weights:  56%|█████▌    | 139/248 [00:00<00:00, 5228.35it/s, Materializing param=encoder.layers.7.attention.gru_rel_pos_linear.weight]
Loading weights:  56%|█████▋    | 140/248 [00:00<00:00, 5251.37it/s, Materializing param=encoder.layers.7.attention.k_proj.bias]              
Loading weights:  56%|█████▋    | 140/248 [00:00<00:00, 5241.94it/s, Materializing param=encoder.layers.7.attention.k_proj.bias]
Loading weights:  57%|█████▋    | 141/248 [00:00<00:00, 5265.19it/s, Materializing param=encoder.layers.7.attention.k_proj.weight]
Loading weights:  57%|█████▋    | 141/248 [00:00<00:00, 5256.02it/s, Materializing param=encoder.layers.7.attention.k_proj.weight]
Loading weights:  57%|█████▋    | 142/248 [00:00<00:00, 5279.27it/s, Materializing param=encoder.layers.7.attention.out_proj.bias]
Loading weights:  57%|█████▋    | 142/248 [00:00<00:00, 5270.21it/s, Materializing param=encoder.layers.7.attention.out_proj.bias]
Loading weights:  58%|█████▊    | 143/248 [00:00<00:00, 5293.50it/s, Materializing param=encoder.layers.7.attention.out_proj.weight]
Loading weights:  58%|█████▊    | 143/248 [00:00<00:00, 5284.64it/s, Materializing param=encoder.layers.7.attention.out_proj.weight]
Loading weights:  58%|█████▊    | 144/248 [00:00<00:00, 5308.13it/s, Materializing param=encoder.layers.7.attention.q_proj.bias]    
Loading weights:  58%|█████▊    | 144/248 [00:00<00:00, 5299.23it/s, Materializing param=encoder.layers.7.attention.q_proj.bias]
Loading weights:  58%|█████▊    | 145/248 [00:00<00:00, 5322.21it/s, Materializing param=encoder.layers.7.attention.q_proj.weight]
Loading weights:  58%|█████▊    | 145/248 [00:00<00:00, 5313.51it/s, Materializing param=encoder.layers.7.attention.q_proj.weight]
Loading weights:  59%|█████▉    | 146/248 [00:00<00:00, 5336.59it/s, Materializing param=encoder.layers.7.attention.v_proj.bias]  
Loading weights:  59%|█████▉    | 146/248 [00:00<00:00, 5327.54it/s, Materializing param=encoder.layers.7.attention.v_proj.bias]
Loading weights:  59%|█████▉    | 147/248 [00:00<00:00, 5350.16it/s, Materializing param=encoder.layers.7.attention.v_proj.weight]
Loading weights:  59%|█████▉    | 147/248 [00:00<00:00, 5336.08it/s, Materializing param=encoder.layers.7.attention.v_proj.weight]
Loading weights:  60%|█████▉    | 148/248 [00:00<00:00, 5246.38it/s, Materializing param=encoder.layers.7.feed_forward.intermediate_dense.bias]
Loading weights:  60%|█████▉    | 148/248 [00:00<00:00, 5209.88it/s, Materializing param=encoder.layers.7.feed_forward.intermediate_dense.bias]
Loading weights:  60%|██████    | 149/248 [00:00<00:00, 5184.77it/s, Materializing param=encoder.layers.7.feed_forward.intermediate_dense.weight]
Loading weights:  60%|██████    | 149/248 [00:00<00:00, 5167.45it/s, Materializing param=encoder.layers.7.feed_forward.intermediate_dense.weight]
Loading weights:  60%|██████    | 150/248 [00:00<00:00, 5184.81it/s, Materializing param=encoder.layers.7.feed_forward.output_dense.bias]        
Loading weights:  60%|██████    | 150/248 [00:00<00:00, 5175.43it/s, Materializing param=encoder.layers.7.feed_forward.output_dense.bias]
Loading weights:  61%|██████    | 151/248 [00:00<00:00, 5195.91it/s, Materializing param=encoder.layers.7.feed_forward.output_dense.weight]
Loading weights:  61%|██████    | 151/248 [00:00<00:00, 5187.31it/s, Materializing param=encoder.layers.7.feed_forward.output_dense.weight]
Loading weights:  61%|██████▏   | 152/248 [00:00<00:00, 5208.31it/s, Materializing param=encoder.layers.7.final_layer_norm.bias]           
Loading weights:  61%|██████▏   | 152/248 [00:00<00:00, 5199.52it/s, Materializing param=encoder.layers.7.final_layer_norm.bias]
Loading weights:  62%|██████▏   | 153/248 [00:00<00:00, 5206.30it/s, Materializing param=encoder.layers.7.final_layer_norm.weight]
Loading weights:  62%|██████▏   | 153/248 [00:00<00:00, 5197.40it/s, Materializing param=encoder.layers.7.final_layer_norm.weight]
Loading weights:  62%|██████▏   | 154/248 [00:00<00:00, 5198.74it/s, Materializing param=encoder.layers.7.layer_norm.bias]        
Loading weights:  62%|██████▏   | 154/248 [00:00<00:00, 5184.64it/s, Materializing param=encoder.layers.7.layer_norm.bias]
Loading weights:  62%|██████▎   | 155/248 [00:00<00:00, 5201.94it/s, Materializing param=encoder.layers.7.layer_norm.weight]
Loading weights:  62%|██████▎   | 155/248 [00:00<00:00, 5193.38it/s, Materializing param=encoder.layers.7.layer_norm.weight]
Loading weights:  63%|██████▎   | 156/248 [00:00<00:00, 5214.22it/s, Materializing param=encoder.layers.8.attention.gru_rel_pos_const]
Loading weights:  63%|██████▎   | 156/248 [00:00<00:00, 5205.71it/s, Materializing param=encoder.layers.8.attention.gru_rel_pos_const]
Loading weights:  63%|██████▎   | 157/248 [00:00<00:00, 5226.73it/s, Materializing param=encoder.layers.8.attention.gru_rel_pos_linear.bias]
Loading weights:  63%|██████▎   | 157/248 [00:00<00:00, 5218.24it/s, Materializing param=encoder.layers.8.attention.gru_rel_pos_linear.bias]
Loading weights:  64%|██████▎   | 158/248 [00:00<00:00, 5239.15it/s, Materializing param=encoder.layers.8.attention.gru_rel_pos_linear.weight]
Loading weights:  64%|██████▎   | 158/248 [00:00<00:00, 5231.13it/s, Materializing param=encoder.layers.8.attention.gru_rel_pos_linear.weight]
Loading weights:  64%|██████▍   | 159/248 [00:00<00:00, 5251.67it/s, Materializing param=encoder.layers.8.attention.k_proj.bias]              
Loading weights:  64%|██████▍   | 159/248 [00:00<00:00, 5243.58it/s, Materializing param=encoder.layers.8.attention.k_proj.bias]
Loading weights:  65%|██████▍   | 160/248 [00:00<00:00, 5264.14it/s, Materializing param=encoder.layers.8.attention.k_proj.weight]
Loading weights:  65%|██████▍   | 160/248 [00:00<00:00, 5254.54it/s, Materializing param=encoder.layers.8.attention.k_proj.weight]
Loading weights:  65%|██████▍   | 161/248 [00:00<00:00, 5270.54it/s, Materializing param=encoder.layers.8.attention.out_proj.bias]
Loading weights:  65%|██████▍   | 161/248 [00:00<00:00, 5262.25it/s, Materializing param=encoder.layers.8.attention.out_proj.bias]
Loading weights:  65%|██████▌   | 162/248 [00:00<00:00, 5282.42it/s, Materializing param=encoder.layers.8.attention.out_proj.weight]
Loading weights:  65%|██████▌   | 162/248 [00:00<00:00, 5274.30it/s, Materializing param=encoder.layers.8.attention.out_proj.weight]
Loading weights:  66%|██████▌   | 163/248 [00:00<00:00, 5294.12it/s, Materializing param=encoder.layers.8.attention.q_proj.bias]    
Loading weights:  66%|██████▌   | 163/248 [00:00<00:00, 5285.64it/s, Materializing param=encoder.layers.8.attention.q_proj.bias]
Loading weights:  66%|██████▌   | 164/248 [00:00<00:00, 5305.85it/s, Materializing param=encoder.layers.8.attention.q_proj.weight]
Loading weights:  66%|██████▌   | 164/248 [00:00<00:00, 5297.47it/s, Materializing param=encoder.layers.8.attention.q_proj.weight]
Loading weights:  67%|██████▋   | 165/248 [00:00<00:00, 5317.20it/s, Materializing param=encoder.layers.8.attention.v_proj.bias]  
Loading weights:  67%|██████▋   | 165/248 [00:00<00:00, 5309.20it/s, Materializing param=encoder.layers.8.attention.v_proj.bias]
Loading weights:  67%|██████▋   | 166/248 [00:00<00:00, 5329.08it/s, Materializing param=encoder.layers.8.attention.v_proj.weight]
Loading weights:  67%|██████▋   | 166/248 [00:00<00:00, 5321.17it/s, Materializing param=encoder.layers.8.attention.v_proj.weight]
Loading weights:  67%|██████▋   | 167/248 [00:00<00:00, 5341.07it/s, Materializing param=encoder.layers.8.feed_forward.intermediate_dense.bias]
Loading weights:  67%|██████▋   | 167/248 [00:00<00:00, 5333.18it/s, Materializing param=encoder.layers.8.feed_forward.intermediate_dense.bias]
Loading weights:  68%|██████▊   | 168/248 [00:00<00:00, 5350.04it/s, Materializing param=encoder.layers.8.feed_forward.intermediate_dense.weight]
Loading weights:  68%|██████▊   | 168/248 [00:00<00:00, 5336.10it/s, Materializing param=encoder.layers.8.feed_forward.intermediate_dense.weight]
Loading weights:  68%|██████▊   | 169/248 [00:00<00:00, 5354.93it/s, Materializing param=encoder.layers.8.feed_forward.output_dense.bias]        
Loading weights:  68%|██████▊   | 169/248 [00:00<00:00, 5346.89it/s, Materializing param=encoder.layers.8.feed_forward.output_dense.bias]
Loading weights:  69%|██████▊   | 170/248 [00:00<00:00, 5366.39it/s, Materializing param=encoder.layers.8.feed_forward.output_dense.weight]
Loading weights:  69%|██████▊   | 170/248 [00:00<00:00, 5358.16it/s, Materializing param=encoder.layers.8.feed_forward.output_dense.weight]
Loading weights:  69%|██████▉   | 171/248 [00:00<00:00, 5367.49it/s, Materializing param=encoder.layers.8.final_layer_norm.bias]           
Loading weights:  69%|██████▉   | 171/248 [00:00<00:00, 5357.71it/s, Materializing param=encoder.layers.8.final_layer_norm.bias]
Loading weights:  69%|██████▉   | 172/248 [00:00<00:00, 5376.43it/s, Materializing param=encoder.layers.8.final_layer_norm.weight]
Loading weights:  69%|██████▉   | 172/248 [00:00<00:00, 5368.43it/s, Materializing param=encoder.layers.8.final_layer_norm.weight]
Loading weights:  70%|██████▉   | 173/248 [00:00<00:00, 5387.41it/s, Materializing param=encoder.layers.8.layer_norm.bias]        
Loading weights:  70%|██████▉   | 173/248 [00:00<00:00, 5379.82it/s, Materializing param=encoder.layers.8.layer_norm.bias]
Loading weights:  70%|███████   | 174/248 [00:00<00:00, 5394.40it/s, Materializing param=encoder.layers.8.layer_norm.weight]
Loading weights:  70%|███████   | 174/248 [00:00<00:00, 5367.39it/s, Materializing param=encoder.layers.8.layer_norm.weight]
Loading weights:  71%|███████   | 175/248 [00:00<00:00, 5375.38it/s, Materializing param=encoder.layers.9.attention.gru_rel_pos_const]
Loading weights:  71%|███████   | 175/248 [00:00<00:00, 5364.19it/s, Materializing param=encoder.layers.9.attention.gru_rel_pos_const]
Loading weights:  71%|███████   | 176/248 [00:00<00:00, 5346.66it/s, Materializing param=encoder.layers.9.attention.gru_rel_pos_linear.bias]
Loading weights:  71%|███████   | 176/248 [00:00<00:00, 5329.91it/s, Materializing param=encoder.layers.9.attention.gru_rel_pos_linear.bias]
Loading weights:  71%|███████▏  | 177/248 [00:00<00:00, 5325.28it/s, Materializing param=encoder.layers.9.attention.gru_rel_pos_linear.weight]
Loading weights:  71%|███████▏  | 177/248 [00:00<00:00, 5312.74it/s, Materializing param=encoder.layers.9.attention.gru_rel_pos_linear.weight]
Loading weights:  72%|███████▏  | 178/248 [00:00<00:00, 5328.04it/s, Materializing param=encoder.layers.9.attention.k_proj.bias]              
Loading weights:  72%|███████▏  | 178/248 [00:00<00:00, 5318.82it/s, Materializing param=encoder.layers.9.attention.k_proj.bias]
Loading weights:  72%|███████▏  | 179/248 [00:00<00:00, 5335.09it/s, Materializing param=encoder.layers.9.attention.k_proj.weight]
Loading weights:  72%|███████▏  | 179/248 [00:00<00:00, 5288.08it/s, Materializing param=encoder.layers.9.attention.k_proj.weight]
Loading weights:  73%|███████▎  | 180/248 [00:00<00:00, 5291.24it/s, Materializing param=encoder.layers.9.attention.out_proj.bias]
Loading weights:  73%|███████▎  | 180/248 [00:00<00:00, 5280.10it/s, Materializing param=encoder.layers.9.attention.out_proj.bias]
Loading weights:  73%|███████▎  | 181/248 [00:00<00:00, 5293.88it/s, Materializing param=encoder.layers.9.attention.out_proj.weight]
Loading weights:  73%|███████▎  | 181/248 [00:00<00:00, 5285.11it/s, Materializing param=encoder.layers.9.attention.out_proj.weight]
Loading weights:  73%|███████▎  | 182/248 [00:00<00:00, 5301.43it/s, Materializing param=encoder.layers.9.attention.q_proj.bias]    
Loading weights:  73%|███████▎  | 182/248 [00:00<00:00, 5292.86it/s, Materializing param=encoder.layers.9.attention.q_proj.bias]
Loading weights:  74%|███████▍  | 183/248 [00:00<00:00, 5309.65it/s, Materializing param=encoder.layers.9.attention.q_proj.weight]
Loading weights:  74%|███████▍  | 183/248 [00:00<00:00, 5301.80it/s, Materializing param=encoder.layers.9.attention.q_proj.weight]
Loading weights:  74%|███████▍  | 184/248 [00:00<00:00, 5318.54it/s, Materializing param=encoder.layers.9.attention.v_proj.bias]  
Loading weights:  74%|███████▍  | 184/248 [00:00<00:00, 5310.67it/s, Materializing param=encoder.layers.9.attention.v_proj.bias]
Loading weights:  75%|███████▍  | 185/248 [00:00<00:00, 5327.76it/s, Materializing param=encoder.layers.9.attention.v_proj.weight]
Loading weights:  75%|███████▍  | 185/248 [00:00<00:00, 5320.17it/s, Materializing param=encoder.layers.9.attention.v_proj.weight]
Loading weights:  75%|███████▌  | 186/248 [00:00<00:00, 5315.21it/s, Materializing param=encoder.layers.9.feed_forward.intermediate_dense.bias]
Loading weights:  75%|███████▌  | 186/248 [00:00<00:00, 5303.87it/s, Materializing param=encoder.layers.9.feed_forward.intermediate_dense.bias]
Loading weights:  75%|███████▌  | 187/248 [00:00<00:00, 5310.22it/s, Materializing param=encoder.layers.9.feed_forward.intermediate_dense.weight]
Loading weights:  75%|███████▌  | 187/248 [00:00<00:00, 5294.94it/s, Materializing param=encoder.layers.9.feed_forward.intermediate_dense.weight]
Loading weights:  76%|███████▌  | 188/248 [00:00<00:00, 5306.17it/s, Materializing param=encoder.layers.9.feed_forward.output_dense.bias]        
Loading weights:  76%|███████▌  | 188/248 [00:00<00:00, 5297.33it/s, Materializing param=encoder.layers.9.feed_forward.output_dense.bias]
Loading weights:  76%|███████▌  | 189/248 [00:00<00:00, 5289.09it/s, Materializing param=encoder.layers.9.feed_forward.output_dense.weight]
Loading weights:  76%|███████▌  | 189/248 [00:00<00:00, 5279.02it/s, Materializing param=encoder.layers.9.feed_forward.output_dense.weight]
Loading weights:  77%|███████▋  | 190/248 [00:00<00:00, 5292.53it/s, Materializing param=encoder.layers.9.final_layer_norm.bias]           
Loading weights:  77%|███████▋  | 190/248 [00:00<00:00, 5284.95it/s, Materializing param=encoder.layers.9.final_layer_norm.bias]
Loading weights:  77%|███████▋  | 191/248 [00:00<00:00, 5301.66it/s, Materializing param=encoder.layers.9.final_layer_norm.weight]
Loading weights:  77%|███████▋  | 191/248 [00:00<00:00, 5290.56it/s, Materializing param=encoder.layers.9.final_layer_norm.weight]
Loading weights:  77%|███████▋  | 192/248 [00:00<00:00, 5304.11it/s, Materializing param=encoder.layers.9.layer_norm.bias]        
Loading weights:  77%|███████▋  | 192/248 [00:00<00:00, 5296.40it/s, Materializing param=encoder.layers.9.layer_norm.bias]
Loading weights:  78%|███████▊  | 193/248 [00:00<00:00, 5291.23it/s, Materializing param=encoder.layers.9.layer_norm.weight]
Loading weights:  78%|███████▊  | 193/248 [00:00<00:00, 5280.71it/s, Materializing param=encoder.layers.9.layer_norm.weight]
Loading weights:  78%|███████▊  | 194/248 [00:00<00:00, 5257.85it/s, Materializing param=encoder.layers.10.attention.gru_rel_pos_const]
Loading weights:  78%|███████▊  | 194/248 [00:00<00:00, 5242.68it/s, Materializing param=encoder.layers.10.attention.gru_rel_pos_const]
Loading weights:  79%|███████▊  | 195/248 [00:00<00:00, 5254.47it/s, Materializing param=encoder.layers.10.attention.gru_rel_pos_linear.bias]
Loading weights:  79%|███████▊  | 195/248 [00:00<00:00, 5245.64it/s, Materializing param=encoder.layers.10.attention.gru_rel_pos_linear.bias]
Loading weights:  79%|███████▉  | 196/248 [00:00<00:00, 5259.58it/s, Materializing param=encoder.layers.10.attention.gru_rel_pos_linear.weight]
Loading weights:  79%|███████▉  | 196/248 [00:00<00:00, 5251.69it/s, Materializing param=encoder.layers.10.attention.gru_rel_pos_linear.weight]
Loading weights:  79%|███████▉  | 197/248 [00:00<00:00, 5266.57it/s, Materializing param=encoder.layers.10.attention.k_proj.bias]              
Loading weights:  79%|███████▉  | 197/248 [00:00<00:00, 5248.47it/s, Materializing param=encoder.layers.10.attention.k_proj.bias]
Loading weights:  80%|███████▉  | 198/248 [00:00<00:00, 5256.15it/s, Materializing param=encoder.layers.10.attention.k_proj.weight]
Loading weights:  80%|███████▉  | 198/248 [00:00<00:00, 5247.25it/s, Materializing param=encoder.layers.10.attention.k_proj.weight]
Loading weights:  80%|████████  | 199/248 [00:00<00:00, 5260.29it/s, Materializing param=encoder.layers.10.attention.out_proj.bias]
Loading weights:  80%|████████  | 199/248 [00:00<00:00, 5252.65it/s, Materializing param=encoder.layers.10.attention.out_proj.bias]
Loading weights:  81%|████████  | 200/248 [00:00<00:00, 5267.08it/s, Materializing param=encoder.layers.10.attention.out_proj.weight]
Loading weights:  81%|████████  | 200/248 [00:00<00:00, 5260.07it/s, Materializing param=encoder.layers.10.attention.out_proj.weight]
Loading weights:  81%|████████  | 201/248 [00:00<00:00, 5275.06it/s, Materializing param=encoder.layers.10.attention.q_proj.bias]    
Loading weights:  81%|████████  | 201/248 [00:00<00:00, 5268.27it/s, Materializing param=encoder.layers.10.attention.q_proj.bias]
Loading weights:  81%|████████▏ | 202/248 [00:00<00:00, 5283.36it/s, Materializing param=encoder.layers.10.attention.q_proj.weight]
Loading weights:  81%|████████▏ | 202/248 [00:00<00:00, 5276.68it/s, Materializing param=encoder.layers.10.attention.q_proj.weight]
Loading weights:  82%|████████▏ | 203/248 [00:00<00:00, 5292.55it/s, Materializing param=encoder.layers.10.attention.v_proj.bias]  
Loading weights:  82%|████████▏ | 203/248 [00:00<00:00, 5286.04it/s, Materializing param=encoder.layers.10.attention.v_proj.bias]
Loading weights:  82%|████████▏ | 204/248 [00:00<00:00, 5301.78it/s, Materializing param=encoder.layers.10.attention.v_proj.weight]
Loading weights:  82%|████████▏ | 204/248 [00:00<00:00, 5295.28it/s, Materializing param=encoder.layers.10.attention.v_proj.weight]
Loading weights:  83%|████████▎ | 205/248 [00:00<00:00, 5310.33it/s, Materializing param=encoder.layers.10.feed_forward.intermediate_dense.bias]
Loading weights:  83%|████████▎ | 205/248 [00:00<00:00, 5303.65it/s, Materializing param=encoder.layers.10.feed_forward.intermediate_dense.bias]
Loading weights:  83%|████████▎ | 206/248 [00:00<00:00, 5235.00it/s, Materializing param=encoder.layers.10.feed_forward.intermediate_dense.weight]
Loading weights:  83%|████████▎ | 206/248 [00:00<00:00, 5226.52it/s, Materializing param=encoder.layers.10.feed_forward.intermediate_dense.weight]
Loading weights:  83%|████████▎ | 207/248 [00:00<00:00, 5241.46it/s, Materializing param=encoder.layers.10.feed_forward.output_dense.bias]        
Loading weights:  83%|████████▎ | 207/248 [00:00<00:00, 5226.15it/s, Materializing param=encoder.layers.10.feed_forward.output_dense.bias]
Loading weights:  84%|████████▍ | 208/248 [00:00<00:00, 5231.84it/s, Materializing param=encoder.layers.10.feed_forward.output_dense.weight]
Loading weights:  84%|████████▍ | 208/248 [00:00<00:00, 5223.82it/s, Materializing param=encoder.layers.10.feed_forward.output_dense.weight]
Loading weights:  84%|████████▍ | 209/248 [00:00<00:00, 5233.55it/s, Materializing param=encoder.layers.10.final_layer_norm.bias]           
Loading weights:  84%|████████▍ | 209/248 [00:00<00:00, 5226.03it/s, Materializing param=encoder.layers.10.final_layer_norm.bias]
Loading weights:  85%|████████▍ | 210/248 [00:00<00:00, 5240.42it/s, Materializing param=encoder.layers.10.final_layer_norm.weight]
Loading weights:  85%|████████▍ | 210/248 [00:00<00:00, 5233.66it/s, Materializing param=encoder.layers.10.final_layer_norm.weight]
Loading weights:  85%|████████▌ | 211/248 [00:00<00:00, 5249.01it/s, Materializing param=encoder.layers.10.layer_norm.bias]        
Loading weights:  85%|████████▌ | 211/248 [00:00<00:00, 5242.76it/s, Materializing param=encoder.layers.10.layer_norm.bias]
Loading weights:  85%|████████▌ | 212/248 [00:00<00:00, 5257.51it/s, Materializing param=encoder.layers.10.layer_norm.weight]
Loading weights:  85%|████████▌ | 212/248 [00:00<00:00, 5251.18it/s, Materializing param=encoder.layers.10.layer_norm.weight]
Loading weights:  86%|████████▌ | 213/248 [00:00<00:00, 5254.13it/s, Materializing param=encoder.layers.11.attention.gru_rel_pos_const]
Loading weights:  86%|████████▌ | 213/248 [00:00<00:00, 5241.07it/s, Materializing param=encoder.layers.11.attention.gru_rel_pos_const]
Loading weights:  86%|████████▋ | 214/248 [00:00<00:00, 5253.10it/s, Materializing param=encoder.layers.11.attention.gru_rel_pos_linear.bias]
Loading weights:  86%|████████▋ | 214/248 [00:00<00:00, 5246.25it/s, Materializing param=encoder.layers.11.attention.gru_rel_pos_linear.bias]
Loading weights:  87%|████████▋ | 215/248 [00:00<00:00, 5258.01it/s, Materializing param=encoder.layers.11.attention.gru_rel_pos_linear.weight]
Loading weights:  87%|████████▋ | 215/248 [00:00<00:00, 5251.09it/s, Materializing param=encoder.layers.11.attention.gru_rel_pos_linear.weight]
Loading weights:  87%|████████▋ | 216/248 [00:00<00:00, 5265.67it/s, Materializing param=encoder.layers.11.attention.k_proj.bias]              
Loading weights:  87%|████████▋ | 216/248 [00:00<00:00, 5259.04it/s, Materializing param=encoder.layers.11.attention.k_proj.bias]
Loading weights:  88%|████████▊ | 217/248 [00:00<00:00, 5273.44it/s, Materializing param=encoder.layers.11.attention.k_proj.weight]
Loading weights:  88%|████████▊ | 217/248 [00:00<00:00, 5266.51it/s, Materializing param=encoder.layers.11.attention.k_proj.weight]
Loading weights:  88%|████████▊ | 218/248 [00:00<00:00, 5281.00it/s, Materializing param=encoder.layers.11.attention.out_proj.bias]
Loading weights:  88%|████████▊ | 218/248 [00:00<00:00, 5274.42it/s, Materializing param=encoder.layers.11.attention.out_proj.bias]
Loading weights:  88%|████████▊ | 219/248 [00:00<00:00, 5262.46it/s, Materializing param=encoder.layers.11.attention.out_proj.weight]
Loading weights:  88%|████████▊ | 219/248 [00:00<00:00, 5248.99it/s, Materializing param=encoder.layers.11.attention.out_proj.weight]
Loading weights:  89%|████████▊ | 220/248 [00:00<00:00, 5226.81it/s, Materializing param=encoder.layers.11.attention.q_proj.bias]    
Loading weights:  89%|████████▊ | 220/248 [00:00<00:00, 5218.21it/s, Materializing param=encoder.layers.11.attention.q_proj.bias]
Loading weights:  89%|████████▉ | 221/248 [00:00<00:00, 5230.78it/s, Materializing param=encoder.layers.11.attention.q_proj.weight]
Loading weights:  89%|████████▉ | 221/248 [00:00<00:00, 5222.29it/s, Materializing param=encoder.layers.11.attention.q_proj.weight]
Loading weights:  90%|████████▉ | 222/248 [00:00<00:00, 5235.42it/s, Materializing param=encoder.layers.11.attention.v_proj.bias]  
Loading weights:  90%|████████▉ | 222/248 [00:00<00:00, 5201.55it/s, Materializing param=encoder.layers.11.attention.v_proj.bias]
Loading weights:  90%|████████▉ | 223/248 [00:00<00:00, 5210.63it/s, Materializing param=encoder.layers.11.attention.v_proj.weight]
Loading weights:  90%|████████▉ | 223/248 [00:00<00:00, 5204.05it/s, Materializing param=encoder.layers.11.attention.v_proj.weight]
Loading weights:  90%|█████████ | 224/248 [00:00<00:00, 5217.35it/s, Materializing param=encoder.layers.11.feed_forward.intermediate_dense.bias]
Loading weights:  90%|█████████ | 224/248 [00:00<00:00, 5211.04it/s, Materializing param=encoder.layers.11.feed_forward.intermediate_dense.bias]
Loading weights:  91%|█████████ | 225/248 [00:00<00:00, 5212.16it/s, Materializing param=encoder.layers.11.feed_forward.intermediate_dense.weight]
Loading weights:  91%|█████████ | 225/248 [00:00<00:00, 5203.11it/s, Materializing param=encoder.layers.11.feed_forward.intermediate_dense.weight]
Loading weights:  91%|█████████ | 226/248 [00:00<00:00, 5206.11it/s, Materializing param=encoder.layers.11.feed_forward.output_dense.bias]        
Loading weights:  91%|█████████ | 226/248 [00:00<00:00, 5193.56it/s, Materializing param=encoder.layers.11.feed_forward.output_dense.bias]
Loading weights:  92%|█████████▏| 227/248 [00:00<00:00, 5203.65it/s, Materializing param=encoder.layers.11.feed_forward.output_dense.weight]
Loading weights:  92%|█████████▏| 227/248 [00:00<00:00, 5186.67it/s, Materializing param=encoder.layers.11.feed_forward.output_dense.weight]
Loading weights:  92%|█████████▏| 228/248 [00:00<00:00, 5175.63it/s, Materializing param=encoder.layers.11.final_layer_norm.bias]           
Loading weights:  92%|█████████▏| 228/248 [00:00<00:00, 5165.15it/s, Materializing param=encoder.layers.11.final_layer_norm.bias]
Loading weights:  92%|█████████▏| 229/248 [00:00<00:00, 5176.12it/s, Materializing param=encoder.layers.11.final_layer_norm.weight]
Loading weights:  92%|█████████▏| 229/248 [00:00<00:00, 5169.57it/s, Materializing param=encoder.layers.11.final_layer_norm.weight]
Loading weights:  93%|█████████▎| 230/248 [00:00<00:00, 5182.74it/s, Materializing param=encoder.layers.11.layer_norm.bias]        
Loading weights:  93%|█████████▎| 230/248 [00:00<00:00, 5176.76it/s, Materializing param=encoder.layers.11.layer_norm.bias]
Loading weights:  93%|█████████▎| 231/248 [00:00<00:00, 5068.34it/s, Materializing param=encoder.layers.11.layer_norm.weight]
Loading weights:  93%|█████████▎| 231/248 [00:00<00:00, 5058.60it/s, Materializing param=encoder.layers.11.layer_norm.weight]
Loading weights:  94%|█████████▎| 232/248 [00:00<00:00, 5069.81it/s, Materializing param=encoder.pos_conv_embed.conv.bias]   
Loading weights:  94%|█████████▎| 232/248 [00:00<00:00, 5062.63it/s, Materializing param=encoder.pos_conv_embed.conv.bias]
Loading weights:  94%|█████████▍| 233/248 [00:00<00:00, 5075.21it/s, Materializing param=encoder.pos_conv_embed.conv.parametrizations.weight.original0]
Loading weights:  94%|█████████▍| 233/248 [00:00<00:00, 5069.47it/s, Materializing param=encoder.pos_conv_embed.conv.parametrizations.weight.original0]
Loading weights:  94%|█████████▍| 234/248 [00:00<00:00, 5066.50it/s, Materializing param=encoder.pos_conv_embed.conv.parametrizations.weight.original1]
Loading weights:  94%|█████████▍| 234/248 [00:00<00:00, 5058.04it/s, Materializing param=encoder.pos_conv_embed.conv.parametrizations.weight.original1]
Loading weights:  95%|█████████▍| 235/248 [00:00<00:00, 5069.44it/s, Materializing param=feature_extractor.conv_layers.0.conv.weight]                  
Loading weights:  95%|█████████▍| 235/248 [00:00<00:00, 5063.81it/s, Materializing param=feature_extractor.conv_layers.0.conv.weight]
Loading weights:  95%|█████████▌| 236/248 [00:00<00:00, 5075.98it/s, Materializing param=feature_extractor.conv_layers.0.layer_norm.bias]
Loading weights:  95%|█████████▌| 236/248 [00:00<00:00, 5070.67it/s, Materializing param=feature_extractor.conv_layers.0.layer_norm.bias]
Loading weights:  96%|█████████▌| 237/248 [00:00<00:00, 5083.80it/s, Materializing param=feature_extractor.conv_layers.0.layer_norm.weight]
Loading weights:  96%|█████████▌| 237/248 [00:00<00:00, 5078.63it/s, Materializing param=feature_extractor.conv_layers.0.layer_norm.weight]
Loading weights:  96%|█████████▌| 238/248 [00:00<00:00, 5091.99it/s, Materializing param=feature_extractor.conv_layers.1.conv.weight]      
Loading weights:  96%|█████████▌| 238/248 [00:00<00:00, 5086.85it/s, Materializing param=feature_extractor.conv_layers.1.conv.weight]
Loading weights:  96%|█████████▋| 239/248 [00:00<00:00, 5087.77it/s, Materializing param=feature_extractor.conv_layers.2.conv.weight]
Loading weights:  96%|█████████▋| 239/248 [00:00<00:00, 5080.45it/s, Materializing param=feature_extractor.conv_layers.2.conv.weight]
Loading weights:  97%|█████████▋| 240/248 [00:00<00:00, 5093.01it/s, Materializing param=feature_extractor.conv_layers.3.conv.weight]
Loading weights:  97%|█████████▋| 240/248 [00:00<00:00, 5087.76it/s, Materializing param=feature_extractor.conv_layers.3.conv.weight]
Loading weights:  97%|█████████▋| 241/248 [00:00<00:00, 5100.94it/s, Materializing param=feature_extractor.conv_layers.4.conv.weight]
Loading weights:  97%|█████████▋| 241/248 [00:00<00:00, 5095.90it/s, Materializing param=feature_extractor.conv_layers.4.conv.weight]
Loading weights:  98%|█████████▊| 242/248 [00:00<00:00, 5109.11it/s, Materializing param=feature_extractor.conv_layers.5.conv.weight]
Loading weights:  98%|█████████▊| 242/248 [00:00<00:00, 5103.92it/s, Materializing param=feature_extractor.conv_layers.5.conv.weight]
Loading weights:  98%|█████████▊| 243/248 [00:00<00:00, 5117.37it/s, Materializing param=feature_extractor.conv_layers.6.conv.weight]
Loading weights:  98%|█████████▊| 243/248 [00:00<00:00, 5092.18it/s, Materializing param=feature_extractor.conv_layers.6.conv.weight]
Loading weights:  98%|█████████▊| 244/248 [00:00<00:00, 5096.08it/s, Materializing param=feature_projection.layer_norm.bias]         
Loading weights:  98%|█████████▊| 244/248 [00:00<00:00, 5081.53it/s, Materializing param=feature_projection.layer_norm.bias]
Loading weights:  99%|█████████▉| 245/248 [00:00<00:00, 5088.74it/s, Materializing param=feature_projection.layer_norm.weight]
Loading weights:  99%|█████████▉| 245/248 [00:00<00:00, 5082.35it/s, Materializing param=feature_projection.layer_norm.weight]
Loading weights:  99%|█████████▉| 246/248 [00:00<00:00, 5094.85it/s, Materializing param=feature_projection.projection.bias]  
Loading weights:  99%|█████████▉| 246/248 [00:00<00:00, 5078.07it/s, Materializing param=feature_projection.projection.bias]
Loading weights: 100%|█████████▉| 247/248 [00:00<00:00, 5068.31it/s, Materializing param=feature_projection.projection.weight]
Loading weights: 100%|█████████▉| 247/248 [00:00<00:00, 5059.30it/s, Materializing param=feature_projection.projection.weight]
Loading weights: 100%|██████████| 248/248 [00:00<00:00, 5070.33it/s, Materializing param=masked_spec_embed]                   
Loading weights: 100%|██████████| 248/248 [00:00<00:00, 5064.55it/s, Materializing param=masked_spec_embed]
Loading weights: 100%|██████████| 248/248 [00:00<00:00, 5052.13it/s, Materializing param=masked_spec_embed]
[INFO] Loaded audio branch checkpoint: /home/louis/projects/MultimodalEmotionRecognition/outputs/speaker_independent_tracked_v1/fold_06/audio/best.pt (missing=0, unexpected=0)
[INFO] Loaded video branch checkpoint: /home/louis/projects/MultimodalEmotionRecognition/outputs/speaker_independent_tracked_v1/fold_06/video/best.pt (missing=0, unexpected=0)
Model parameters: 106,621,129 (trainable: 12,239,193)

[INFO] Optimizer groups (stage 1): fusion=461,833@3.00e-04
[INFO] Cosine scheduler (group-wise): group0: base_lr=3.00e-04, eta_min=3.00e-05
[INFO] Two-stage fusion enabled: stage1_epochs=5, stage2_epochs=25, video_unfreeze_blocks=1, wavlm_unfreeze_layers=2
[INFO] Trainable parameters after stage setup: 461,833

train:   0%|          | 0/120 [00:00<?, ?it/s]libEGL warning: DRI3 error: Could not get DRI3 device
libEGL warning: DRI3 error: Could not get DRI3 device
libEGL warning: Ensure your X server supports DRI3 to get accelerated rendering
libEGL warning: Ensure your X server supports DRI3 to get accelerated rendering
WARNING: All log messages before absl::InitializeLog() is called are written to STDERR
I0000 00:00:1791540802.218107  393208 gl_context_egl.cc:85] Successfully initialized EGL. Major : 1 Minor: 5
WARNING: All log messages before absl::InitializeLog() is called are written to STDERR
I0000 00:00:1791540802.218129  393207 gl_context_egl.cc:85] Successfully initialized EGL. Major : 1 Minor: 5
I0000 00:00:1791540802.231352  393432 gl_context.cc:369] GL version: 3.2 (OpenGL ES 3.2 Mesa 25.2.8-0ubuntu0.24.04.2), renderer: llvmpipe (LLVM 20.1.2, 256 bits)
I0000 00:00:1791540802.231519  393433 gl_context.cc:369] GL version: 3.2 (OpenGL ES 3.2 Mesa 25.2.8-0ubuntu0.24.04.2), renderer: llvmpipe (LLVM 20.1.2, 256 bits)
INFO: Created TensorFlow Lite XNNPACK delegate for CPU.
INFO: Created TensorFlow Lite XNNPACK delegate for CPU.
W0000 00:00:1791540802.244281  393322 inference_feedback_manager.cc:114] Feedback manager requires a model with a single signature inference. Disabling support for feedback tensors.
W0000 00:00:1791540802.246185  393329 inference_feedback_manager.cc:114] Feedback manager requires a model with a single signature inference. Disabling support for feedback tensors.

train:   1%|          | 1/120 [00:02<04:32,  2.29s/it]
train:   2%|▏         | 2/120 [00:02<02:00,  1.02s/it]
train:   2%|▎         | 3/120 [00:02<01:13,  1.59it/s]
train:   4%|▍         | 5/120 [00:06<02:30,  1.31s/it]
train:   6%|▌         | 7/120 [00:07<01:41,  1.11it/s]
train:   8%|▊         | 9/120 [00:07<01:20,  1.38it/s]
train:   9%|▉         | 11/120 [00:08<01:06,  1.63it/s]
train:  11%|█         | 13/120 [00:09<00:58,  1.84it/s]
train:  12%|█▎        | 15/120 [00:10<00:52,  1.99it/s]
train:  14%|█▍        | 17/120 [00:11<00:48,  2.12it/s]
train:  16%|█▌        | 19/120 [00:12<00:45,  2.20it/s]
train:  18%|█▊        | 21/120 [00:12<00:43,  2.26it/s]
train:  19%|█▉        | 23/120 [00:13<00:42,  2.31it/s]
train:  21%|██        | 25/120 [00:14<00:40,  2.35it/s]
train:  22%|██▎       | 27/120 [00:15<00:38,  2.42it/s]
train:  24%|██▍       | 29/120 [00:16<00:36,  2.47it/s]
train:  26%|██▌       | 31/120 [00:16<00:36,  2.47it/s]
train:  28%|██▊       | 33/120 [00:17<00:34,  2.49it/s]
train:  29%|██▉       | 35/120 [00:18<00:33,  2.50it/s]
train:  31%|███       | 37/120 [00:19<00:33,  2.50it/s]
train:  32%|███▎      | 39/120 [00:20<00:32,  2.50it/s]
train:  34%|███▍      | 41/120 [00:20<00:31,  2.49it/s]
train:  36%|███▌      | 43/120 [00:21<00:31,  2.44it/s]
train:  38%|███▊      | 45/120 [00:22<00:30,  2.44it/s]
train:  39%|███▉      | 47/120 [00:23<00:29,  2.45it/s]
train:  41%|████      | 49/120 [00:24<00:28,  2.48it/s]
train:  42%|████▎     | 51/120 [00:24<00:27,  2.47it/s]
train:  44%|████▍     | 53/120 [00:25<00:27,  2.44it/s]
train:  46%|████▌     | 55/120 [00:26<00:26,  2.47it/s]
train:  48%|████▊     | 57/120 [00:27<00:25,  2.46it/s]
train:  49%|████▉     | 59/120 [00:28<00:24,  2.50it/s]
train:  51%|█████     | 61/120 [00:28<00:23,  2.52it/s]
train:  52%|█████▎    | 63/120 [00:29<00:22,  2.55it/s]
train:  54%|█████▍    | 65/120 [00:30<00:21,  2.54it/s]
train:  56%|█████▌    | 67/120 [00:31<00:21,  2.49it/s]
train:  57%|█████▊    | 69/120 [00:32<00:20,  2.49it/s]
train:  59%|█████▉    | 71/120 [00:32<00:19,  2.47it/s]
train:  61%|██████    | 73/120 [00:33<00:18,  2.48it/s]
train:  62%|██████▎   | 75/120 [00:34<00:18,  2.47it/s]
train:  64%|██████▍   | 77/120 [00:35<00:17,  2.47it/s]
train:  66%|██████▌   | 79/120 [00:36<00:16,  2.49it/s]
train:  68%|██████▊   | 81/120 [00:36<00:15,  2.50it/s]
train:  69%|██████▉   | 83/120 [00:37<00:14,  2.52it/s]
train:  71%|███████   | 85/120 [00:38<00:13,  2.51it/s]
train:  72%|███████▏  | 86/120 [00:41<00:29,  1.16it/s]
train:  72%|███████▎  | 87/120 [00:42<00:27,  1.20it/s]
train:  74%|███████▍  | 89/120 [00:43<00:20,  1.50it/s]
train:  76%|███████▌  | 91/120 [00:43<00:16,  1.75it/s]
train:  78%|███████▊  | 93/120 [00:44<00:13,  1.95it/s]
train:  79%|███████▉  | 95/120 [00:45<00:11,  2.10it/s]
train:  81%|████████  | 97/120 [00:46<00:10,  2.22it/s]
train:  82%|████████▎ | 99/120 [00:46<00:09,  2.32it/s]
train:  84%|████████▍ | 101/120 [00:47<00:07,  2.39it/s]
train:  86%|████████▌ | 103/120 [00:48<00:07,  2.38it/s]
train:  88%|████████▊ | 105/120 [00:49<00:06,  2.43it/s]
train:  89%|████████▉ | 107/120 [00:50<00:05,  2.46it/s]
train:  91%|█████████ | 109/120 [00:50<00:04,  2.47it/s]
train:  92%|█████████▎| 111/120 [00:51<00:03,  2.46it/s]
train:  94%|█████████▍| 113/120 [00:52<00:02,  2.43it/s]
train:  96%|█████████▌| 115/120 [00:53<00:02,  2.45it/s]
train:  98%|█████████▊| 117/120 [00:54<00:01,  2.48it/s]
train:  99%|█████████▉| 119/120 [00:54<00:00,  2.58it/s]
                                                        

eval:   0%|          | 0/30 [00:00<?, ?it/s]libEGL warning: DRI3 error: Could not get DRI3 device
libEGL warning: Ensure your X server supports DRI3 to get accelerated rendering
WARNING: All log messages before absl::InitializeLog() is called are written to STDERR
I0000 00:00:1791540857.259173  408801 gl_context_egl.cc:85] Successfully initialized EGL. Major : 1 Minor: 5
libEGL warning: DRI3 error: Could not get DRI3 device
libEGL warning: Ensure your X server supports DRI3 to get accelerated rendering
WARNING: All log messages before absl::InitializeLog() is called are written to STDERR
I0000 00:00:1791540857.262449  408802 gl_context_egl.cc:85] Successfully initialized EGL. Major : 1 Minor: 5
I0000 00:00:1791540857.272421  409026 gl_context.cc:369] GL version: 3.2 (OpenGL ES 3.2 Mesa 25.2.8-0ubuntu0.24.04.2), renderer: llvmpipe (LLVM 20.1.2, 256 bits)
INFO: Created TensorFlow Lite XNNPACK delegate for CPU.
I0000 00:00:1791540857.275831  409027 gl_context.cc:369] GL version: 3.2 (OpenGL ES 3.2 Mesa 25.2.8-0ubuntu0.24.04.2), renderer: llvmpipe (LLVM 20.1.2, 256 bits)
INFO: Created TensorFlow Lite XNNPACK delegate for CPU.
W0000 00:00:1791540857.287668  408891 inference_feedback_manager.cc:114] Feedback manager requires a model with a single signature inference. Disabling support for feedback tensors.
W0000 00:00:1791540857.291036  408924 inference_feedback_manager.cc:114] Feedback manager requires a model with a single signature inference. Disabling support for feedback tensors.

eval:   3%|▎         | 1/30 [00:01<00:49,  1.69s/it]
eval:  10%|█         | 3/30 [00:02<00:18,  1.42it/s]
eval:  17%|█▋        | 5/30 [00:03<00:12,  1.96it/s]
eval:  23%|██▎       | 7/30 [00:03<00:10,  2.25it/s]
eval:  30%|███       | 9/30 [00:04<00:08,  2.38it/s]
eval:  37%|███▋      | 11/30 [00:05<00:07,  2.50it/s]
eval:  43%|████▎     | 13/30 [00:05<00:06,  2.57it/s]
eval:  50%|█████     | 15/30 [00:06<00:05,  2.63it/s]
eval:  57%|█████▋    | 17/30 [00:07<00:04,  2.62it/s]
eval:  63%|██████▎   | 19/30 [00:08<00:04,  2.70it/s]
eval:  70%|███████   | 21/30 [00:08<00:03,  2.71it/s]
eval:  77%|███████▋  | 23/30 [00:09<00:02,  2.70it/s]
eval:  83%|████████▎ | 25/30 [00:10<00:01,  2.65it/s]
eval:  90%|█████████ | 27/30 [00:11<00:01,  2.73it/s]
eval:  97%|█████████▋| 29/30 [00:11<00:00,  2.78it/s]
                                                     
Epoch 01 | stage 1 | train loss 0.7714 (cls 0.7714, ctr 0.0000) acc 0.7750 f1 0.7772 | val loss 1.1943 (cls 1.1943, ctr 0.0000) acc 0.6458 f1 0.6201 | lr 2.07e-04

train:   0%|          | 0/120 [00:00<?, ?it/s]
train:   1%|          | 1/120 [00:00<01:47,  1.10it/s]
train:   2%|▎         | 3/120 [00:01<01:02,  1.87it/s]
train:   4%|▍         | 5/120 [00:02<00:54,  2.13it/s]
train:   6%|▌         | 7/120 [00:03<00:49,  2.27it/s]
train:   8%|▊         | 9/120 [00:04<00:47,  2.35it/s]
train:   9%|▉         | 11/120 [00:04<00:45,  2.41it/s]
train:  11%|█         | 13/120 [00:05<00:44,  2.43it/s]
train:  12%|█▎        | 15/120 [00:06<00:43,  2.42it/s]
train:  14%|█▍        | 17/120 [00:10<01:29,  1.14it/s]
train:  16%|█▌        | 19/120 [00:11<01:13,  1.38it/s]
train:  18%|█▊        | 21/120 [00:11<01:02,  1.58it/s]
train:  19%|█▉        | 23/120 [00:12<00:54,  1.77it/s]
train:  21%|██        | 25/120 [00:13<00:49,  1.92it/s]
train:  22%|██▎       | 27/120 [00:14<00:44,  2.07it/s]
train:  24%|██▍       | 29/120 [00:15<00:41,  2.19it/s]
train:  26%|██▌       | 31/120 [00:15<00:38,  2.28it/s]
train:  28%|██▊       | 33/120 [00:16<00:37,  2.35it/s]
train:  29%|██▉       | 35/120 [00:17<00:35,  2.40it/s]
train:  31%|███       | 37/120 [00:18<00:33,  2.46it/s]
train:  32%|███▎      | 39/120 [00:19<00:32,  2.51it/s]
train:  34%|███▍      | 41/120 [00:19<00:31,  2.50it/s]
train:  36%|███▌      | 43/120 [00:20<00:30,  2.49it/s]
train:  38%|███▊      | 45/120 [00:21<00:30,  2.45it/s]
train:  39%|███▉      | 47/120 [00:22<00:29,  2.44it/s]
train:  41%|████      | 49/120 [00:23<00:29,  2.40it/s]
train:  42%|████▎     | 51/120 [00:24<00:29,  2.36it/s]
train:  44%|████▍     | 53/120 [00:24<00:27,  2.41it/s]
train:  46%|████▌     | 55/120 [00:25<00:26,  2.48it/s]
train:  48%|████▊     | 57/120 [00:26<00:25,  2.50it/s]
train:  49%|████▉     | 59/120 [00:27<00:24,  2.48it/s]
train:  51%|█████     | 61/120 [00:28<00:23,  2.49it/s]
train:  52%|█████▎    | 63/120 [00:28<00:23,  2.46it/s]
train:  54%|█████▍    | 65/120 [00:29<00:22,  2.49it/s]
train:  56%|█████▌    | 67/120 [00:30<00:21,  2.48it/s]
train:  57%|█████▊    | 69/120 [00:31<00:20,  2.46it/s]
train:  59%|█████▉    | 71/120 [00:32<00:19,  2.47it/s]
train:  61%|██████    | 73/120 [00:32<00:18,  2.48it/s]
train:  62%|██████▎   | 75/120 [00:33<00:18,  2.46it/s]
train:  64%|██████▍   | 77/120 [00:34<00:17,  2.50it/s]
train:  66%|██████▌   | 79/120 [00:35<00:16,  2.50it/s]
train:  68%|██████▊   | 81/120 [00:36<00:15,  2.46it/s]
train:  69%|██████▉   | 83/120 [00:36<00:14,  2.49it/s]
train:  71%|███████   | 85/120 [00:37<00:13,  2.51it/s]
train:  72%|███████▎  | 87/120 [00:38<00:13,  2.52it/s]
train:  74%|███████▍  | 89/120 [00:39<00:12,  2.55it/s]
train:  76%|███████▌  | 91/120 [00:40<00:11,  2.59it/s]
train:  78%|███████▊  | 93/120 [00:40<00:10,  2.54it/s]
train:  79%|███████▉  | 95/120 [00:41<00:09,  2.56it/s]
train:  81%|████████  | 97/120 [00:45<00:19,  1.20it/s]
train:  82%|████████▎ | 99/120 [00:46<00:14,  1.42it/s]
train:  84%|████████▍ | 101/120 [00:46<00:11,  1.64it/s]
train:  86%|████████▌ | 103/120 [00:47<00:09,  1.84it/s]
train:  88%|████████▊ | 105/120 [00:48<00:07,  2.01it/s]
train:  89%|████████▉ | 107/120 [00:49<00:06,  2.14it/s]
train:  91%|█████████ | 109/120 [00:50<00:04,  2.24it/s]
train:  92%|█████████▎| 111/120 [00:50<00:03,  2.34it/s]
train:  94%|█████████▍| 113/120 [00:51<00:02,  2.37it/s]
train:  96%|█████████▌| 115/120 [00:52<00:02,  2.38it/s]
train:  98%|█████████▊| 117/120 [00:53<00:01,  2.44it/s]
train:  99%|█████████▉| 119/120 [00:54<00:00,  2.46it/s]
                                                        

eval:   0%|          | 0/30 [00:00<?, ?it/s]
eval:   3%|▎         | 1/30 [00:00<00:21,  1.32it/s]
eval:  10%|█         | 3/30 [00:01<00:12,  2.13it/s]
eval:  17%|█▋        | 5/30 [00:02<00:10,  2.41it/s]
eval:  23%|██▎       | 7/30 [00:02<00:08,  2.57it/s]
eval:  30%|███       | 9/30 [00:03<00:08,  2.62it/s]
eval:  37%|███▋      | 11/30 [00:04<00:07,  2.70it/s]
eval:  43%|████▎     | 13/30 [00:05<00:06,  2.72it/s]
eval:  50%|█████     | 15/30 [00:05<00:05,  2.72it/s]
eval:  57%|█████▋    | 17/30 [00:06<00:04,  2.69it/s]
eval:  63%|██████▎   | 19/30 [00:07<00:04,  2.74it/s]
eval:  70%|███████   | 21/30 [00:08<00:03,  2.73it/s]
eval:  77%|███████▋  | 23/30 [00:08<00:02,  2.74it/s]
eval:  83%|████████▎ | 25/30 [00:09<00:01,  2.69it/s]
eval:  90%|█████████ | 27/30 [00:10<00:01,  2.78it/s]
eval:  97%|█████████▋| 29/30 [00:10<00:00,  2.84it/s]
                                                     
Epoch 02 | stage 1 | train loss 0.5029 (cls 0.5029, ctr 0.0000) acc 0.8667 f1 0.8698 | val loss 1.3007 (cls 1.3007, ctr 0.0000) acc 0.6667 f1 0.6305 | lr 1.23e-04

train:   0%|          | 0/120 [00:00<?, ?it/s]
train:   1%|          | 1/120 [00:01<01:59,  1.00s/it]
train:   2%|▎         | 3/120 [00:01<01:02,  1.86it/s]
train:   4%|▍         | 5/120 [00:02<00:53,  2.13it/s]
train:   6%|▌         | 7/120 [00:03<00:49,  2.30it/s]
train:   8%|▊         | 9/120 [00:04<00:47,  2.33it/s]
train:   9%|▉         | 11/120 [00:04<00:45,  2.40it/s]
train:  11%|█         | 13/120 [00:05<00:43,  2.44it/s]
train:  12%|█▎        | 15/120 [00:06<00:43,  2.44it/s]
train:  14%|█▍        | 17/120 [00:07<00:41,  2.47it/s]
train:  16%|█▌        | 19/120 [00:08<00:40,  2.51it/s]
train:  18%|█▊        | 21/120 [00:08<00:39,  2.53it/s]
train:  19%|█▉        | 23/120 [00:09<00:37,  2.57it/s]
train:  21%|██        | 25/120 [00:10<00:36,  2.58it/s]
train:  22%|██▎       | 27/120 [00:11<00:35,  2.60it/s]
train:  24%|██▍       | 29/120 [00:11<00:35,  2.58it/s]
train:  26%|██▌       | 31/120 [00:15<01:14,  1.20it/s]
train:  28%|██▊       | 33/120 [00:16<01:01,  1.43it/s]
train:  29%|██▉       | 35/120 [00:17<00:51,  1.65it/s]
train:  31%|███       | 37/120 [00:18<00:45,  1.84it/s]
train:  32%|███▎      | 39/120 [00:18<00:40,  2.00it/s]
train:  34%|███▍      | 41/120 [00:19<00:37,  2.11it/s]
train:  36%|███▌      | 43/120 [00:20<00:34,  2.22it/s]
train:  38%|███▊      | 45/120 [00:21<00:32,  2.28it/s]
train:  39%|███▉      | 47/120 [00:22<00:31,  2.33it/s]
train:  41%|████      | 49/120 [00:22<00:29,  2.40it/s]
train:  42%|████▎     | 51/120 [00:23<00:28,  2.44it/s]
train:  44%|████▍     | 53/120 [00:24<00:27,  2.48it/s]
train:  46%|████▌     | 55/120 [00:25<00:26,  2.49it/s]
train:  48%|████▊     | 57/120 [00:26<00:25,  2.46it/s]
train:  49%|████▉     | 59/120 [00:26<00:25,  2.42it/s]
train:  51%|█████     | 61/120 [00:27<00:24,  2.46it/s]
train:  52%|█████▎    | 63/120 [00:28<00:23,  2.45it/s]
train:  54%|█████▍    | 65/120 [00:29<00:22,  2.42it/s]
train:  56%|█████▌    | 67/120 [00:30<00:21,  2.47it/s]
train:  57%|█████▊    | 69/120 [00:30<00:20,  2.48it/s]
train:  59%|█████▉    | 71/120 [00:31<00:19,  2.49it/s]
train:  61%|██████    | 73/120 [00:32<00:18,  2.49it/s]
train:  62%|██████▎   | 75/120 [00:33<00:17,  2.52it/s]
train:  64%|██████▍   | 77/120 [00:34<00:17,  2.49it/s]
train:  66%|██████▌   | 79/120 [00:34<00:16,  2.47it/s]
train:  68%|██████▊   | 81/120 [00:35<00:15,  2.45it/s]
train:  69%|██████▉   | 83/120 [00:36<00:15,  2.45it/s]
train:  71%|███████   | 85/120 [00:37<00:13,  2.51it/s]
train:  72%|███████▎  | 87/120 [00:38<00:13,  2.49it/s]
train:  74%|███████▍  | 89/120 [00:39<00:12,  2.48it/s]
train:  76%|███████▌  | 91/120 [00:39<00:11,  2.49it/s]
train:  78%|███████▊  | 93/120 [00:40<00:10,  2.49it/s]
train:  79%|███████▉  | 95/120 [00:41<00:10,  2.48it/s]
train:  81%|████████  | 97/120 [00:42<00:09,  2.49it/s]
train:  82%|████████▎ | 99/120 [00:43<00:08,  2.47it/s]
train:  84%|████████▍ | 101/120 [00:43<00:07,  2.47it/s]
train:  86%|████████▌ | 103/120 [00:44<00:06,  2.47it/s]
train:  88%|████████▊ | 105/120 [00:45<00:06,  2.48it/s]
train:  89%|████████▉ | 107/120 [00:46<00:05,  2.44it/s]
train:  91%|█████████ | 109/120 [00:47<00:04,  2.48it/s]
train:  92%|█████████▎| 111/120 [00:50<00:07,  1.18it/s]
train:  94%|█████████▍| 113/120 [00:51<00:05,  1.39it/s]
train:  96%|█████████▌| 115/120 [00:52<00:03,  1.59it/s]
train:  98%|█████████▊| 117/120 [00:53<00:01,  1.79it/s]
train:  99%|█████████▉| 119/120 [00:54<00:00,  1.98it/s]
                                                        

eval:   0%|          | 0/30 [00:00<?, ?it/s]
eval:   3%|▎         | 1/30 [00:00<00:22,  1.29it/s]
eval:  10%|█         | 3/30 [00:01<00:12,  2.12it/s]
eval:  17%|█▋        | 5/30 [00:02<00:10,  2.35it/s]
eval:  23%|██▎       | 7/30 [00:03<00:09,  2.49it/s]
eval:  30%|███       | 9/30 [00:03<00:08,  2.54it/s]
eval:  37%|███▋      | 11/30 [00:04<00:07,  2.62it/s]
eval:  43%|████▎     | 13/30 [00:05<00:06,  2.65it/s]
eval:  50%|█████     | 15/30 [00:05<00:05,  2.67it/s]
eval:  57%|█████▋    | 17/30 [00:06<00:04,  2.65it/s]
eval:  63%|██████▎   | 19/30 [00:07<00:04,  2.67it/s]
eval:  70%|███████   | 21/30 [00:08<00:03,  2.67it/s]
eval:  77%|███████▋  | 23/30 [00:08<00:02,  2.69it/s]
eval:  83%|████████▎ | 25/30 [00:09<00:01,  2.65it/s]
eval:  90%|█████████ | 27/30 [00:10<00:01,  2.72it/s]
eval:  97%|█████████▋| 29/30 [00:11<00:00,  2.77it/s]
                                                     
Epoch 03 | stage 1 | train loss 0.3701 (cls 0.3701, ctr 0.0000) acc 0.9042 f1 0.9044 | val loss 1.4793 (cls 1.4793, ctr 0.0000) acc 0.6500 f1 0.6184 | lr 5.58e-05

train:   0%|          | 0/120 [00:00<?, ?it/s]
train:   1%|          | 1/120 [00:00<01:47,  1.10it/s]
train:   2%|▎         | 3/120 [00:01<01:02,  1.86it/s]
train:   4%|▍         | 5/120 [00:02<00:55,  2.05it/s]
train:   6%|▌         | 7/120 [00:03<00:51,  2.21it/s]
train:   8%|▊         | 9/120 [00:04<00:48,  2.30it/s]
train:   9%|▉         | 11/120 [00:05<00:46,  2.36it/s]
train:  11%|█         | 13/120 [00:05<00:43,  2.46it/s]
train:  12%|█▎        | 15/120 [00:06<00:43,  2.43it/s]
train:  14%|█▍        | 17/120 [00:07<00:42,  2.43it/s]
train:  16%|█▌        | 19/120 [00:08<00:41,  2.43it/s]
train:  18%|█▊        | 21/120 [00:09<00:40,  2.46it/s]
train:  19%|█▉        | 23/120 [00:09<00:39,  2.48it/s]
train:  21%|██        | 25/120 [00:10<00:38,  2.45it/s]
train:  22%|██▎       | 27/120 [00:11<00:37,  2.47it/s]
train:  24%|██▍       | 29/120 [00:12<00:37,  2.45it/s]
train:  26%|██▌       | 31/120 [00:13<00:35,  2.48it/s]
train:  28%|██▊       | 33/120 [00:13<00:35,  2.46it/s]
train:  29%|██▉       | 35/120 [00:14<00:34,  2.46it/s]
train:  31%|███       | 37/120 [00:15<00:33,  2.46it/s]
train:  32%|███▎      | 39/120 [00:16<00:32,  2.46it/s]
train:  34%|███▍      | 41/120 [00:17<00:32,  2.46it/s]
train:  36%|███▌      | 43/120 [00:20<01:05,  1.18it/s]
train:  38%|███▊      | 45/120 [00:21<00:53,  1.41it/s]
train:  39%|███▉      | 47/120 [00:22<00:45,  1.62it/s]
train:  41%|████      | 49/120 [00:23<00:39,  1.81it/s]
train:  42%|████▎     | 51/120 [00:24<00:34,  1.99it/s]
train:  44%|████▍     | 53/120 [00:24<00:31,  2.13it/s]
train:  46%|████▌     | 55/120 [00:25<00:29,  2.24it/s]
train:  48%|████▊     | 57/120 [00:26<00:26,  2.35it/s]
train:  49%|████▉     | 59/120 [00:27<00:25,  2.39it/s]
train:  51%|█████     | 61/120 [00:28<00:24,  2.41it/s]
train:  52%|█████▎    | 63/120 [00:28<00:23,  2.42it/s]
train:  54%|█████▍    | 65/120 [00:29<00:22,  2.44it/s]
train:  56%|█████▌    | 67/120 [00:30<00:21,  2.48it/s]
train:  57%|█████▊    | 69/120 [00:31<00:20,  2.52it/s]
train:  59%|█████▉    | 71/120 [00:31<00:19,  2.50it/s]
train:  61%|██████    | 73/120 [00:32<00:18,  2.50it/s]
train:  62%|██████▎   | 75/120 [00:33<00:18,  2.46it/s]
train:  64%|██████▍   | 77/120 [00:34<00:17,  2.48it/s]
train:  66%|██████▌   | 79/120 [00:35<00:16,  2.45it/s]
train:  68%|██████▊   | 81/120 [00:36<00:15,  2.45it/s]
train:  69%|██████▉   | 83/120 [00:36<00:14,  2.49it/s]
train:  71%|███████   | 85/120 [00:37<00:13,  2.52it/s]
train:  72%|███████▎  | 87/120 [00:38<00:13,  2.52it/s]
train:  74%|███████▍  | 89/120 [00:39<00:12,  2.52it/s]
train:  76%|███████▌  | 91/120 [00:39<00:11,  2.57it/s]
train:  78%|███████▊  | 93/120 [00:40<00:10,  2.55it/s]
train:  79%|███████▉  | 95/120 [00:41<00:09,  2.55it/s]
train:  81%|████████  | 97/120 [00:42<00:09,  2.49it/s]
train:  82%|████████▎ | 99/120 [00:43<00:08,  2.49it/s]
train:  84%|████████▍ | 101/120 [00:43<00:07,  2.51it/s]
train:  86%|████████▌ | 103/120 [00:44<00:06,  2.51it/s]
train:  88%|████████▊ | 105/120 [00:45<00:06,  2.46it/s]
train:  89%|████████▉ | 107/120 [00:46<00:05,  2.47it/s]
train:  91%|█████████ | 109/120 [00:47<00:04,  2.47it/s]
train:  92%|█████████▎| 111/120 [00:48<00:03,  2.47it/s]
train:  94%|█████████▍| 113/120 [00:48<00:02,  2.47it/s]
train:  96%|█████████▌| 115/120 [00:49<00:02,  2.45it/s]
train:  98%|█████████▊| 117/120 [00:50<00:01,  2.48it/s]
train:  99%|█████████▉| 119/120 [00:51<00:00,  2.51it/s]
                                                        

eval:   0%|          | 0/30 [00:00<?, ?it/s]
eval:   3%|▎         | 1/30 [00:00<00:22,  1.32it/s]
eval:  10%|█         | 3/30 [00:01<00:12,  2.11it/s]
eval:  17%|█▋        | 5/30 [00:05<00:29,  1.19s/it]
eval:  23%|██▎       | 7/30 [00:05<00:19,  1.19it/s]
eval:  30%|███       | 9/30 [00:06<00:13,  1.51it/s]
eval:  37%|███▋      | 11/30 [00:07<00:10,  1.79it/s]
eval:  43%|████▎     | 13/30 [00:08<00:08,  2.02it/s]
eval:  50%|█████     | 15/30 [00:08<00:06,  2.18it/s]
eval:  57%|█████▋    | 17/30 [00:09<00:05,  2.29it/s]
eval:  63%|██████▎   | 19/30 [00:10<00:04,  2.41it/s]
eval:  70%|███████   | 21/30 [00:11<00:03,  2.48it/s]
eval:  77%|███████▋  | 23/30 [00:11<00:02,  2.53it/s]
eval:  83%|████████▎ | 25/30 [00:12<00:01,  2.55it/s]
eval:  90%|█████████ | 27/30 [00:13<00:01,  2.64it/s]
eval:  97%|█████████▋| 29/30 [00:14<00:00,  2.70it/s]
                                                     
Epoch 04 | stage 1 | train loss 0.3596 (cls 0.3596, ctr 0.0000) acc 0.9073 f1 0.9081 | val loss 1.4375 (cls 1.4375, ctr 0.0000) acc 0.6458 f1 0.6173 | lr 3.00e-05

train:   0%|          | 0/120 [00:00<?, ?it/s]
train:   1%|          | 1/120 [00:00<01:41,  1.18it/s]
train:   2%|▎         | 3/120 [00:01<01:01,  1.91it/s]
train:   4%|▍         | 5/120 [00:02<00:53,  2.14it/s]
train:   6%|▌         | 7/120 [00:03<00:48,  2.33it/s]
train:   8%|▊         | 9/120 [00:04<00:47,  2.36it/s]
train:   9%|▉         | 11/120 [00:04<00:45,  2.42it/s]
train:  11%|█         | 13/120 [00:05<00:43,  2.46it/s]
train:  12%|█▎        | 15/120 [00:06<00:42,  2.47it/s]
train:  14%|█▍        | 17/120 [00:07<00:41,  2.45it/s]
train:  16%|█▌        | 19/120 [00:08<00:40,  2.47it/s]
train:  18%|█▊        | 21/120 [00:08<00:39,  2.48it/s]
train:  19%|█▉        | 23/120 [00:09<00:38,  2.49it/s]
train:  21%|██        | 25/120 [00:10<00:37,  2.52it/s]
train:  22%|██▎       | 27/120 [00:11<00:36,  2.53it/s]
train:  24%|██▍       | 29/120 [00:12<00:36,  2.52it/s]
train:  26%|██▌       | 31/120 [00:12<00:35,  2.54it/s]
train:  28%|██▊       | 33/120 [00:13<00:34,  2.52it/s]
train:  29%|██▉       | 35/120 [00:14<00:34,  2.46it/s]
train:  31%|███       | 37/120 [00:15<00:33,  2.46it/s]
train:  32%|███▎      | 39/120 [00:16<00:32,  2.47it/s]
train:  34%|███▍      | 41/120 [00:16<00:31,  2.49it/s]
train:  36%|███▌      | 43/120 [00:17<00:31,  2.48it/s]
train:  38%|███▊      | 45/120 [00:18<00:30,  2.49it/s]
train:  39%|███▉      | 47/120 [00:19<00:29,  2.50it/s]
train:  41%|████      | 49/120 [00:20<00:28,  2.49it/s]
train:  42%|████▎     | 51/120 [00:20<00:27,  2.55it/s]
train:  44%|████▍     | 53/120 [00:21<00:26,  2.48it/s]
train:  46%|████▌     | 55/120 [00:22<00:26,  2.48it/s]
train:  48%|████▊     | 57/120 [00:26<00:53,  1.18it/s]
train:  49%|████▉     | 59/120 [00:27<00:43,  1.39it/s]
train:  51%|█████     | 61/120 [00:27<00:36,  1.61it/s]
train:  52%|█████▎    | 63/120 [00:28<00:31,  1.82it/s]
train:  54%|█████▍    | 65/120 [00:29<00:28,  1.95it/s]
train:  56%|█████▌    | 67/120 [00:30<00:25,  2.09it/s]
train:  57%|█████▊    | 69/120 [00:31<00:23,  2.20it/s]
train:  59%|█████▉    | 71/120 [00:31<00:21,  2.28it/s]
train:  61%|██████    | 73/120 [00:32<00:20,  2.31it/s]
train:  62%|██████▎   | 75/120 [00:33<00:18,  2.38it/s]
train:  64%|██████▍   | 77/120 [00:34<00:18,  2.37it/s]
train:  66%|██████▌   | 79/120 [00:35<00:16,  2.41it/s]
train:  68%|██████▊   | 81/120 [00:35<00:15,  2.45it/s]
train:  69%|██████▉   | 83/120 [00:36<00:15,  2.41it/s]
train:  71%|███████   | 85/120 [00:37<00:14,  2.42it/s]
train:  72%|███████▎  | 87/120 [00:38<00:13,  2.42it/s]
train:  74%|███████▍  | 89/120 [00:39<00:12,  2.47it/s]
train:  76%|███████▌  | 91/120 [00:40<00:11,  2.47it/s]
train:  78%|███████▊  | 93/120 [00:40<00:10,  2.47it/s]
train:  79%|███████▉  | 95/120 [00:41<00:10,  2.47it/s]
train:  81%|████████  | 97/120 [00:42<00:09,  2.54it/s]
train:  82%|████████▎ | 99/120 [00:43<00:08,  2.54it/s]
train:  84%|████████▍ | 101/120 [00:44<00:07,  2.49it/s]
train:  86%|████████▌ | 103/120 [00:44<00:06,  2.51it/s]
train:  88%|████████▊ | 105/120 [00:45<00:05,  2.53it/s]
train:  89%|████████▉ | 107/120 [00:46<00:05,  2.54it/s]
train:  91%|█████████ | 109/120 [00:47<00:04,  2.55it/s]
train:  92%|█████████▎| 111/120 [00:47<00:03,  2.54it/s]
train:  94%|█████████▍| 113/120 [00:48<00:02,  2.55it/s]
train:  96%|█████████▌| 115/120 [00:49<00:01,  2.58it/s]
train:  98%|█████████▊| 117/120 [00:50<00:01,  2.58it/s]
train:  99%|█████████▉| 119/120 [00:51<00:00,  2.54it/s]
                                                        

eval:   0%|          | 0/30 [00:00<?, ?it/s]
eval:   3%|▎         | 1/30 [00:00<00:22,  1.30it/s]
eval:  10%|█         | 3/30 [00:01<00:12,  2.12it/s]
eval:  17%|█▋        | 5/30 [00:02<00:10,  2.33it/s]
eval:  23%|██▎       | 7/30 [00:03<00:09,  2.50it/s]
eval:  30%|███       | 9/30 [00:03<00:08,  2.54it/s]
eval:  37%|███▋      | 11/30 [00:04<00:07,  2.63it/s]
eval:  43%|████▎     | 13/30 [00:05<00:06,  2.67it/s]
eval:  50%|█████     | 15/30 [00:05<00:05,  2.66it/s]
eval:  57%|█████▋    | 17/30 [00:06<00:04,  2.60it/s]
eval:  63%|██████▎   | 19/30 [00:07<00:04,  2.69it/s]
eval:  70%|███████   | 21/30 [00:11<00:07,  1.21it/s]
eval:  77%|███████▋  | 23/30 [00:11<00:04,  1.45it/s]
eval:  83%|████████▎ | 25/30 [00:12<00:02,  1.67it/s]
eval:  90%|█████████ | 27/30 [00:13<00:01,  1.92it/s]
eval:  97%|█████████▋| 29/30 [00:14<00:00,  2.13it/s]
                                                     
Epoch 05 | stage 1 | train loss 0.4238 (cls 0.4238, ctr 0.0000) acc 0.8729 f1 0.8707 | val loss 1.5513 (cls 1.5513, ctr 0.0000) acc 0.6542 f1 0.6118 | lr 3.00e-05
[INFO] Optimizer groups (stage 2): fusion=461,833@3.00e-04, audio=14,773,552@1.00e-05, video=8,397,832@1.00e-05
[INFO] Cosine scheduler (group-wise): group0: base_lr=3.00e-04, eta_min=3.00e-05, group1: base_lr=1.00e-05, eta_min=1.00e-06, group2: base_lr=1.00e-05, eta_min=1.00e-06
[INFO] Switched to stage-2 at epoch 6.

train:   0%|          | 0/120 [00:00<?, ?it/s]
train:   1%|          | 1/120 [00:00<01:49,  1.09it/s]
train:   2%|▏         | 2/120 [00:01<00:52,  2.24it/s]
train:   2%|▎         | 3/120 [00:01<01:05,  1.79it/s]
train:   3%|▎         | 4/120 [00:01<00:44,  2.62it/s]
train:   4%|▍         | 5/120 [00:02<00:55,  2.07it/s]
train:   5%|▌         | 6/120 [00:02<00:40,  2.80it/s]
train:   6%|▌         | 7/120 [00:03<00:53,  2.11it/s]
train:   8%|▊         | 9/120 [00:04<00:49,  2.26it/s]
train:   8%|▊         | 10/120 [00:04<00:39,  2.81it/s]
train:   9%|▉         | 11/120 [00:04<00:49,  2.20it/s]
train:  11%|█         | 13/120 [00:05<00:47,  2.26it/s]
train:  12%|█▏        | 14/120 [00:05<00:38,  2.75it/s]
train:  12%|█▎        | 15/120 [00:06<00:47,  2.22it/s]
train:  13%|█▎        | 16/120 [00:06<00:37,  2.80it/s]
train:  14%|█▍        | 17/120 [00:07<00:45,  2.24it/s]
train:  15%|█▌        | 18/120 [00:07<00:35,  2.86it/s]
train:  16%|█▌        | 19/120 [00:08<00:46,  2.16it/s]
train:  17%|█▋        | 20/120 [00:08<00:36,  2.77it/s]
train:  18%|█▊        | 21/120 [00:09<00:45,  2.20it/s]
train:  18%|█▊        | 22/120 [00:09<00:34,  2.84it/s]
train:  19%|█▉        | 23/120 [00:09<00:46,  2.08it/s]
train:  21%|██        | 25/120 [00:10<00:42,  2.24it/s]
train:  22%|██▏       | 26/120 [00:10<00:33,  2.77it/s]
train:  22%|██▎       | 27/120 [00:11<00:42,  2.20it/s]
train:  24%|██▍       | 29/120 [00:12<00:39,  2.29it/s]
train:  26%|██▌       | 31/120 [00:13<00:37,  2.35it/s]
train:  28%|██▊       | 33/120 [00:13<00:35,  2.45it/s]
train:  28%|██▊       | 34/120 [00:14<00:29,  2.87it/s]
train:  29%|██▉       | 35/120 [00:14<00:37,  2.24it/s]
train:  30%|███       | 36/120 [00:14<00:30,  2.74it/s]
train:  31%|███       | 37/120 [00:15<00:37,  2.21it/s]
train:  32%|███▎      | 39/120 [00:16<00:33,  2.38it/s]
train:  33%|███▎      | 40/120 [00:16<00:27,  2.88it/s]
train:  34%|███▍      | 41/120 [00:17<00:34,  2.28it/s]
train:  36%|███▌      | 43/120 [00:18<00:32,  2.39it/s]
train:  37%|███▋      | 44/120 [00:18<00:26,  2.87it/s]
train:  38%|███▊      | 45/120 [00:18<00:32,  2.31it/s]
train:  38%|███▊      | 46/120 [00:18<00:25,  2.87it/s]
train:  39%|███▉      | 47/120 [00:19<00:32,  2.26it/s]
train:  40%|████      | 48/120 [00:19<00:25,  2.87it/s]
train:  41%|████      | 49/120 [00:20<00:31,  2.23it/s]
train:  42%|████▎     | 51/120 [00:21<00:29,  2.37it/s]
train:  43%|████▎     | 52/120 [00:21<00:23,  2.90it/s]
train:  44%|████▍     | 53/120 [00:22<00:29,  2.25it/s]
train:  45%|████▌     | 54/120 [00:22<00:23,  2.82it/s]
train:  46%|████▌     | 55/120 [00:22<00:29,  2.20it/s]
train:  47%|████▋     | 56/120 [00:23<00:22,  2.82it/s]
train:  48%|████▊     | 57/120 [00:23<00:28,  2.23it/s]
train:  48%|████▊     | 58/120 [00:23<00:21,  2.88it/s]
train:  49%|████▉     | 59/120 [00:24<00:27,  2.25it/s]
train:  50%|█████     | 60/120 [00:24<00:20,  2.91it/s]
train:  51%|█████     | 61/120 [00:25<00:25,  2.28it/s]
train:  52%|█████▎    | 63/120 [00:26<00:23,  2.38it/s]
train:  53%|█████▎    | 64/120 [00:26<00:19,  2.81it/s]
train:  54%|█████▍    | 65/120 [00:26<00:25,  2.18it/s]
train:  56%|█████▌    | 67/120 [00:27<00:22,  2.31it/s]
train:  57%|█████▋    | 68/120 [00:27<00:18,  2.82it/s]
train:  57%|█████▊    | 69/120 [00:28<00:22,  2.28it/s]
train:  58%|█████▊    | 70/120 [00:28<00:17,  2.81it/s]
train:  59%|█████▉    | 71/120 [00:32<01:01,  1.25s/it]
train:  60%|██████    | 72/120 [00:32<00:44,  1.07it/s]
train:  61%|██████    | 73/120 [00:33<00:41,  1.13it/s]
train:  62%|██████▏   | 74/120 [00:33<00:30,  1.51it/s]
train:  62%|██████▎   | 75/120 [00:33<00:30,  1.49it/s]
train:  64%|██████▍   | 77/120 [00:34<00:23,  1.81it/s]
train:  65%|██████▌   | 78/120 [00:34<00:18,  2.25it/s]
train:  66%|██████▌   | 79/120 [00:35<00:21,  1.92it/s]
train:  67%|██████▋   | 80/120 [00:35<00:16,  2.44it/s]
train:  68%|██████▊   | 81/120 [00:36<00:19,  2.02it/s]
train:  68%|██████▊   | 82/120 [00:36<00:14,  2.59it/s]
train:  69%|██████▉   | 83/120 [00:37<00:17,  2.08it/s]
train:  70%|███████   | 84/120 [00:37<00:13,  2.70it/s]
train:  71%|███████   | 85/120 [00:38<00:16,  2.11it/s]
train:  72%|███████▏  | 86/120 [00:38<00:12,  2.73it/s]
train:  72%|███████▎  | 87/120 [00:38<00:15,  2.14it/s]
train:  73%|███████▎  | 88/120 [00:39<00:11,  2.78it/s]
train:  74%|███████▍  | 89/120 [00:39<00:14,  2.18it/s]
train:  75%|███████▌  | 90/120 [00:39<00:10,  2.82it/s]
train:  76%|███████▌  | 91/120 [00:40<00:12,  2.25it/s]
train:  77%|███████▋  | 92/120 [00:40<00:09,  2.92it/s]
train:  78%|███████▊  | 93/120 [00:41<00:12,  2.18it/s]
train:  78%|███████▊  | 94/120 [00:41<00:09,  2.84it/s]
train:  79%|███████▉  | 95/120 [00:42<00:11,  2.14it/s]
train:  80%|████████  | 96/120 [00:42<00:08,  2.79it/s]
train:  81%|████████  | 97/120 [00:42<00:10,  2.24it/s]
train:  82%|████████▏ | 98/120 [00:43<00:07,  2.92it/s]
train:  82%|████████▎ | 99/120 [00:43<00:09,  2.23it/s]
train:  83%|████████▎ | 100/120 [00:43<00:06,  2.91it/s]
train:  84%|████████▍ | 101/120 [00:44<00:08,  2.13it/s]
train:  85%|████████▌ | 102/120 [00:44<00:06,  2.78it/s]
train:  86%|████████▌ | 103/120 [00:45<00:08,  2.12it/s]
train:  87%|████████▋ | 104/120 [00:45<00:05,  2.77it/s]
train:  88%|████████▊ | 105/120 [00:46<00:07,  2.09it/s]
train:  88%|████████▊ | 106/120 [00:46<00:05,  2.72it/s]
train:  89%|████████▉ | 107/120 [00:47<00:06,  2.09it/s]
train:  90%|█████████ | 108/120 [00:47<00:04,  2.72it/s]
train:  91%|█████████ | 109/120 [00:47<00:05,  2.18it/s]
train:  92%|█████████▏| 110/120 [00:48<00:03,  2.84it/s]
train:  92%|█████████▎| 111/120 [00:48<00:04,  2.21it/s]
train:  93%|█████████▎| 112/120 [00:48<00:02,  2.86it/s]
train:  94%|█████████▍| 113/120 [00:49<00:03,  2.21it/s]
train:  96%|█████████▌| 115/120 [00:50<00:02,  2.31it/s]
train:  97%|█████████▋| 116/120 [00:50<00:01,  2.84it/s]
train:  98%|█████████▊| 117/120 [00:51<00:01,  2.36it/s]
train:  98%|█████████▊| 118/120 [00:51<00:00,  2.97it/s]
train:  99%|█████████▉| 119/120 [00:51<00:00,  2.32it/s]
train: 100%|██████████| 120/120 [00:51<00:00,  2.95it/s]
                                                        

eval:   0%|          | 0/30 [00:00<?, ?it/s]
eval:   3%|▎         | 1/30 [00:00<00:22,  1.30it/s]
eval:  10%|█         | 3/30 [00:01<00:12,  2.09it/s]
eval:  17%|█▋        | 5/30 [00:02<00:10,  2.33it/s]
eval:  23%|██▎       | 7/30 [00:03<00:09,  2.50it/s]
eval:  30%|███       | 9/30 [00:03<00:08,  2.55it/s]
eval:  37%|███▋      | 11/30 [00:04<00:07,  2.61it/s]
eval:  43%|████▎     | 13/30 [00:05<00:06,  2.65it/s]
eval:  50%|█████     | 15/30 [00:05<00:05,  2.68it/s]
eval:  57%|█████▋    | 17/30 [00:06<00:04,  2.65it/s]
eval:  63%|██████▎   | 19/30 [00:07<00:04,  2.69it/s]
eval:  70%|███████   | 21/30 [00:08<00:03,  2.68it/s]
eval:  77%|███████▋  | 23/30 [00:08<00:02,  2.66it/s]
eval:  83%|████████▎ | 25/30 [00:09<00:01,  2.62it/s]
eval:  90%|█████████ | 27/30 [00:10<00:01,  2.69it/s]
eval:  97%|█████████▋| 29/30 [00:11<00:00,  2.75it/s]
                                                     
Epoch 06 | stage 2 | train loss 0.3863 (cls 0.3863, ctr 0.0000) acc 0.8750 f1 0.8772 | val loss 1.7905 (cls 1.7905, ctr 0.0000) acc 0.6500 f1 0.6247 | lr [2.96e-04, 9.86e-06, 9.86e-06]

train:   0%|          | 0/120 [00:00<?, ?it/s]
train:   1%|          | 1/120 [00:00<01:47,  1.11it/s]
train:   2%|▏         | 2/120 [00:01<00:51,  2.30it/s]
train:   2%|▎         | 3/120 [00:04<03:44,  1.92s/it]
train:   3%|▎         | 4/120 [00:04<02:19,  1.20s/it]
train:   4%|▍         | 5/120 [00:05<01:55,  1.01s/it]
train:   5%|▌         | 6/120 [00:05<01:19,  1.43it/s]
train:   6%|▌         | 7/120 [00:06<01:23,  1.36it/s]
train:   7%|▋         | 8/120 [00:06<00:59,  1.87it/s]
train:   8%|▊         | 9/120 [00:07<01:04,  1.72it/s]
train:   8%|▊         | 10/120 [00:07<00:47,  2.30it/s]
train:   9%|▉         | 11/120 [00:08<00:57,  1.88it/s]
train:  11%|█         | 13/120 [00:08<00:50,  2.14it/s]
train:  12%|█▏        | 14/120 [00:08<00:40,  2.64it/s]
train:  12%|█▎        | 15/120 [00:09<00:48,  2.19it/s]
train:  13%|█▎        | 16/120 [00:09<00:37,  2.78it/s]
train:  14%|█▍        | 17/120 [00:10<00:46,  2.19it/s]
train:  16%|█▌        | 19/120 [00:11<00:43,  2.31it/s]
train:  17%|█▋        | 20/120 [00:11<00:35,  2.81it/s]
train:  18%|█▊        | 21/120 [00:12<00:44,  2.23it/s]
train:  19%|█▉        | 23/120 [00:12<00:40,  2.40it/s]
train:  21%|██        | 25/120 [00:13<00:40,  2.35it/s]
train:  22%|██▏       | 26/120 [00:13<00:33,  2.80it/s]
train:  22%|██▎       | 27/120 [00:14<00:40,  2.29it/s]
train:  24%|██▍       | 29/120 [00:15<00:38,  2.39it/s]
train:  26%|██▌       | 31/120 [00:16<00:37,  2.39it/s]
train:  27%|██▋       | 32/120 [00:16<00:31,  2.81it/s]
train:  28%|██▊       | 33/120 [00:16<00:37,  2.32it/s]
train:  29%|██▉       | 35/120 [00:17<00:35,  2.37it/s]
train:  31%|███       | 37/120 [00:18<00:34,  2.41it/s]
train:  32%|███▏      | 38/120 [00:18<00:28,  2.86it/s]
train:  32%|███▎      | 39/120 [00:19<00:35,  2.30it/s]
train:  33%|███▎      | 40/120 [00:19<00:28,  2.82it/s]
train:  34%|███▍      | 41/120 [00:20<00:35,  2.22it/s]
train:  36%|███▌      | 43/120 [00:20<00:32,  2.37it/s]
train:  38%|███▊      | 45/120 [00:21<00:31,  2.37it/s]
train:  38%|███▊      | 46/120 [00:21<00:26,  2.81it/s]
train:  39%|███▉      | 47/120 [00:22<00:31,  2.28it/s]
train:  41%|████      | 49/120 [00:23<00:30,  2.33it/s]
train:  42%|████▎     | 51/120 [00:24<00:29,  2.34it/s]
train:  44%|████▍     | 53/120 [00:25<00:27,  2.42it/s]
train:  46%|████▌     | 55/120 [00:25<00:26,  2.49it/s]
train:  47%|████▋     | 56/120 [00:25<00:22,  2.90it/s]
train:  48%|████▊     | 57/120 [00:26<00:26,  2.40it/s]
train:  49%|████▉     | 59/120 [00:27<00:25,  2.37it/s]
train:  50%|█████     | 60/120 [00:27<00:21,  2.81it/s]
train:  51%|█████     | 61/120 [00:28<00:26,  2.22it/s]
train:  52%|█████▎    | 63/120 [00:29<00:24,  2.29it/s]
train:  54%|█████▍    | 65/120 [00:29<00:23,  2.34it/s]
train:  55%|█████▌    | 66/120 [00:30<00:19,  2.77it/s]
train:  56%|█████▌    | 67/120 [00:30<00:23,  2.24it/s]
train:  57%|█████▊    | 69/120 [00:31<00:21,  2.37it/s]
train:  58%|█████▊    | 70/120 [00:31<00:17,  2.84it/s]
train:  59%|█████▉    | 71/120 [00:32<00:21,  2.31it/s]
train:  61%|██████    | 73/120 [00:33<00:19,  2.40it/s]
train:  62%|██████▎   | 75/120 [00:33<00:18,  2.48it/s]
train:  64%|██████▍   | 77/120 [00:34<00:17,  2.52it/s]
train:  65%|██████▌   | 78/120 [00:34<00:14,  2.94it/s]
train:  66%|██████▌   | 79/120 [00:35<00:17,  2.30it/s]
train:  67%|██████▋   | 80/120 [00:35<00:14,  2.80it/s]
train:  68%|██████▊   | 81/120 [00:36<00:16,  2.33it/s]
train:  69%|██████▉   | 83/120 [00:40<00:38,  1.03s/it]
train:  71%|███████   | 85/120 [00:40<00:27,  1.25it/s]
train:  72%|███████▎  | 87/120 [00:41<00:21,  1.52it/s]
train:  74%|███████▍  | 89/120 [00:42<00:17,  1.74it/s]
train:  75%|███████▌  | 90/120 [00:42<00:14,  2.06it/s]
train:  76%|███████▌  | 91/120 [00:43<00:15,  1.90it/s]
train:  77%|███████▋  | 92/120 [00:43<00:12,  2.33it/s]
train:  78%|███████▊  | 93/120 [00:44<00:13,  2.07it/s]
train:  78%|███████▊  | 94/120 [00:44<00:10,  2.59it/s]
train:  79%|███████▉  | 95/120 [00:44<00:12,  2.06it/s]
train:  81%|████████  | 97/120 [00:45<00:10,  2.29it/s]
train:  82%|████████▎ | 99/120 [00:46<00:09,  2.33it/s]
train:  83%|████████▎ | 100/120 [00:46<00:07,  2.77it/s]
train:  84%|████████▍ | 101/120 [00:47<00:08,  2.32it/s]
train:  86%|████████▌ | 103/120 [00:48<00:07,  2.38it/s]
train:  88%|████████▊ | 105/120 [00:48<00:05,  2.51it/s]
train:  89%|████████▉ | 107/120 [00:49<00:05,  2.48it/s]
train:  91%|█████████ | 109/120 [00:50<00:04,  2.50it/s]
train:  92%|█████████▎| 111/120 [00:51<00:03,  2.52it/s]
train:  93%|█████████▎| 112/120 [00:51<00:02,  2.91it/s]
train:  94%|█████████▍| 113/120 [00:51<00:02,  2.39it/s]
train:  96%|█████████▌| 115/120 [00:52<00:02,  2.50it/s]
train:  98%|█████████▊| 117/120 [00:53<00:01,  2.50it/s]
train:  99%|█████████▉| 119/120 [00:54<00:00,  2.59it/s]
train: 100%|██████████| 120/120 [00:54<00:00,  3.00it/s]
                                                        

eval:   0%|          | 0/30 [00:00<?, ?it/s]
eval:   3%|▎         | 1/30 [00:00<00:22,  1.29it/s]
eval:  10%|█         | 3/30 [00:01<00:12,  2.21it/s]
eval:  17%|█▋        | 5/30 [00:02<00:10,  2.48it/s]
eval:  23%|██▎       | 7/30 [00:02<00:08,  2.66it/s]
eval:  30%|███       | 9/30 [00:03<00:07,  2.71it/s]
eval:  37%|███▋      | 11/30 [00:04<00:06,  2.76it/s]
eval:  43%|████▎     | 13/30 [00:04<00:06,  2.80it/s]
eval:  50%|█████     | 15/30 [00:05<00:05,  2.82it/s]
eval:  57%|█████▋    | 17/30 [00:06<00:04,  2.77it/s]
eval:  63%|██████▎   | 19/30 [00:07<00:03,  2.83it/s]
eval:  70%|███████   | 21/30 [00:07<00:03,  2.83it/s]
eval:  77%|███████▋  | 23/30 [00:08<00:02,  2.80it/s]
eval:  83%|████████▎ | 25/30 [00:09<00:01,  2.75it/s]
eval:  90%|█████████ | 27/30 [00:09<00:01,  2.86it/s]
eval:  97%|█████████▋| 29/30 [00:10<00:00,  2.91it/s]
                                                     
Epoch 07 | stage 2 | train loss 0.4836 (cls 0.4836, ctr 0.0000) acc 0.8313 f1 0.8333 | val loss 2.1189 (cls 2.1189, ctr 0.0000) acc 0.6375 f1 0.5972 | lr [2.91e-04, 9.68e-06, 9.68e-06]

train:   0%|          | 0/120 [00:00<?, ?it/s]
train:   1%|          | 1/120 [00:00<01:48,  1.09it/s]
train:   2%|▏         | 2/120 [00:01<00:51,  2.27it/s]
train:   2%|▎         | 3/120 [00:01<01:01,  1.89it/s]
train:   3%|▎         | 4/120 [00:01<00:41,  2.77it/s]
train:   4%|▍         | 5/120 [00:02<00:53,  2.14it/s]
train:   5%|▌         | 6/120 [00:02<00:39,  2.91it/s]
train:   6%|▌         | 7/120 [00:03<00:50,  2.24it/s]
train:   7%|▋         | 8/120 [00:03<00:37,  2.95it/s]
train:   8%|▊         | 9/120 [00:03<00:48,  2.29it/s]
train:   8%|▊         | 10/120 [00:04<00:37,  2.97it/s]
train:   9%|▉         | 11/120 [00:04<00:47,  2.31it/s]
train:  10%|█         | 12/120 [00:04<00:36,  2.93it/s]
train:  11%|█         | 13/120 [00:05<00:44,  2.42it/s]
train:  12%|█▏        | 14/120 [00:05<00:35,  3.00it/s]
train:  12%|█▎        | 15/120 [00:06<00:45,  2.30it/s]
train:  13%|█▎        | 16/120 [00:06<00:34,  2.99it/s]
train:  14%|█▍        | 17/120 [00:06<00:44,  2.32it/s]
train:  15%|█▌        | 18/120 [00:10<02:05,  1.23s/it]
train:  16%|█▌        | 19/120 [00:10<01:48,  1.07s/it]
train:  17%|█▋        | 20/120 [00:10<01:19,  1.27it/s]
train:  18%|█▊        | 21/120 [00:11<01:13,  1.35it/s]
train:  18%|█▊        | 22/120 [00:11<00:53,  1.82it/s]
train:  19%|█▉        | 23/120 [00:12<00:56,  1.73it/s]
train:  20%|██        | 24/120 [00:12<00:42,  2.27it/s]
train:  21%|██        | 25/120 [00:13<00:50,  1.89it/s]
train:  22%|██▏       | 26/120 [00:13<00:37,  2.47it/s]
train:  22%|██▎       | 27/120 [00:13<00:45,  2.02it/s]
train:  24%|██▍       | 29/120 [00:14<00:41,  2.19it/s]
train:  25%|██▌       | 30/120 [00:14<00:33,  2.69it/s]
train:  26%|██▌       | 31/120 [00:15<00:41,  2.13it/s]
train:  27%|██▋       | 32/120 [00:15<00:32,  2.71it/s]
train:  28%|██▊       | 33/120 [00:16<00:39,  2.18it/s]
train:  29%|██▉       | 35/120 [00:17<00:36,  2.34it/s]
train:  30%|███       | 36/120 [00:17<00:29,  2.87it/s]
train:  31%|███       | 37/120 [00:18<00:37,  2.24it/s]
train:  32%|███▏      | 38/120 [00:18<00:29,  2.79it/s]
train:  32%|███▎      | 39/120 [00:18<00:36,  2.21it/s]
train:  33%|███▎      | 40/120 [00:18<00:28,  2.81it/s]
train:  34%|███▍      | 41/120 [00:19<00:35,  2.20it/s]
train:  35%|███▌      | 42/120 [00:19<00:27,  2.83it/s]
train:  36%|███▌      | 43/120 [00:20<00:35,  2.19it/s]
train:  37%|███▋      | 44/120 [00:20<00:26,  2.84it/s]
train:  38%|███▊      | 45/120 [00:21<00:33,  2.25it/s]
train:  38%|███▊      | 46/120 [00:21<00:25,  2.90it/s]
train:  39%|███▉      | 47/120 [00:22<00:32,  2.23it/s]
train:  40%|████      | 48/120 [00:22<00:24,  2.89it/s]
train:  41%|████      | 49/120 [00:22<00:32,  2.19it/s]
train:  42%|████▏     | 50/120 [00:22<00:24,  2.83it/s]
train:  42%|████▎     | 51/120 [00:23<00:31,  2.20it/s]
train:  43%|████▎     | 52/120 [00:23<00:23,  2.84it/s]
train:  44%|████▍     | 53/120 [00:24<00:30,  2.23it/s]
train:  45%|████▌     | 54/120 [00:24<00:22,  2.87it/s]
train:  46%|████▌     | 55/120 [00:25<00:28,  2.28it/s]
train:  47%|████▋     | 56/120 [00:25<00:21,  2.95it/s]
train:  48%|████▊     | 57/120 [00:26<00:27,  2.28it/s]
train:  48%|████▊     | 58/120 [00:26<00:20,  2.96it/s]
train:  49%|████▉     | 59/120 [00:26<00:26,  2.27it/s]
train:  50%|█████     | 60/120 [00:26<00:20,  2.94it/s]
train:  51%|█████     | 61/120 [00:27<00:26,  2.23it/s]
train:  52%|█████▎    | 63/120 [00:28<00:24,  2.34it/s]
train:  54%|█████▍    | 65/120 [00:29<00:22,  2.40it/s]
train:  55%|█████▌    | 66/120 [00:29<00:18,  2.87it/s]
train:  56%|█████▌    | 67/120 [00:29<00:21,  2.45it/s]
train:  57%|█████▊    | 69/120 [00:30<00:20,  2.45it/s]
train:  58%|█████▊    | 70/120 [00:30<00:16,  2.94it/s]
train:  59%|█████▉    | 71/120 [00:31<00:20,  2.44it/s]
train:  60%|██████    | 72/120 [00:31<00:15,  3.02it/s]
train:  61%|██████    | 73/120 [00:32<00:19,  2.40it/s]
train:  62%|██████▏   | 74/120 [00:32<00:15,  3.03it/s]
train:  62%|██████▎   | 75/120 [00:33<00:20,  2.24it/s]
train:  63%|██████▎   | 76/120 [00:33<00:15,  2.87it/s]
train:  64%|██████▍   | 77/120 [00:33<00:19,  2.17it/s]
train:  65%|██████▌   | 78/120 [00:33<00:14,  2.81it/s]
train:  66%|██████▌   | 79/120 [00:34<00:18,  2.23it/s]
train:  67%|██████▋   | 80/120 [00:34<00:13,  2.88it/s]
train:  68%|██████▊   | 81/120 [00:35<00:17,  2.19it/s]
train:  68%|██████▊   | 82/120 [00:35<00:13,  2.82it/s]
train:  69%|██████▉   | 83/120 [00:36<00:17,  2.14it/s]
train:  70%|███████   | 84/120 [00:36<00:12,  2.79it/s]
train:  71%|███████   | 85/120 [00:37<00:15,  2.28it/s]
train:  72%|███████▏  | 86/120 [00:37<00:11,  2.94it/s]
train:  72%|███████▎  | 87/120 [00:37<00:14,  2.30it/s]
train:  74%|███████▍  | 89/120 [00:38<00:12,  2.43it/s]
train:  75%|███████▌  | 90/120 [00:38<00:10,  2.87it/s]
train:  76%|███████▌  | 91/120 [00:39<00:12,  2.30it/s]
train:  77%|███████▋  | 92/120 [00:39<00:09,  2.90it/s]
train:  78%|███████▊  | 93/120 [00:40<00:12,  2.24it/s]
train:  78%|███████▊  | 94/120 [00:40<00:09,  2.85it/s]
train:  79%|███████▉  | 95/120 [00:41<00:11,  2.24it/s]
train:  81%|████████  | 97/120 [00:41<00:09,  2.42it/s]
train:  82%|████████▏ | 98/120 [00:41<00:07,  2.93it/s]
train:  82%|████████▎ | 99/120 [00:45<00:25,  1.20s/it]
train:  83%|████████▎ | 100/120 [00:45<00:18,  1.10it/s]
train:  84%|████████▍ | 101/120 [00:46<00:16,  1.18it/s]
train:  86%|████████▌ | 103/120 [00:47<00:11,  1.53it/s]
train:  88%|████████▊ | 105/120 [00:47<00:08,  1.80it/s]
train:  88%|████████▊ | 106/120 [00:48<00:06,  2.18it/s]
train:  89%|████████▉ | 107/120 [00:48<00:06,  1.99it/s]
train:  90%|█████████ | 108/120 [00:48<00:04,  2.45it/s]
train:  91%|█████████ | 109/120 [00:49<00:05,  2.13it/s]
train:  92%|█████████▎| 111/120 [00:50<00:03,  2.26it/s]
train:  93%|█████████▎| 112/120 [00:50<00:02,  2.75it/s]
train:  94%|█████████▍| 113/120 [00:51<00:03,  2.27it/s]
train:  95%|█████████▌| 114/120 [00:51<00:02,  2.82it/s]
train:  96%|█████████▌| 115/120 [00:51<00:02,  2.34it/s]
train:  97%|█████████▋| 116/120 [00:51<00:01,  2.88it/s]
train:  98%|█████████▊| 117/120 [00:52<00:01,  2.19it/s]
train:  98%|█████████▊| 118/120 [00:52<00:00,  2.82it/s]
train:  99%|█████████▉| 119/120 [00:53<00:00,  2.17it/s]
                                                        

eval:   0%|          | 0/30 [00:00<?, ?it/s]
eval:   3%|▎         | 1/30 [00:00<00:21,  1.33it/s]
eval:  10%|█         | 3/30 [00:01<00:12,  2.17it/s]
eval:  17%|█▋        | 5/30 [00:02<00:10,  2.41it/s]
eval:  23%|██▎       | 7/30 [00:02<00:08,  2.60it/s]
eval:  30%|███       | 9/30 [00:03<00:08,  2.62it/s]
eval:  37%|███▋      | 11/30 [00:04<00:07,  2.65it/s]
eval:  43%|████▎     | 13/30 [00:05<00:06,  2.65it/s]
eval:  50%|█████     | 15/30 [00:05<00:05,  2.69it/s]
eval:  57%|█████▋    | 17/30 [00:06<00:04,  2.67it/s]
eval:  63%|██████▎   | 19/30 [00:07<00:04,  2.71it/s]
eval:  70%|███████   | 21/30 [00:08<00:03,  2.72it/s]
eval:  77%|███████▋  | 23/30 [00:08<00:02,  2.73it/s]
eval:  83%|████████▎ | 25/30 [00:09<00:01,  2.71it/s]
eval:  90%|█████████ | 27/30 [00:10<00:01,  2.77it/s]
eval:  97%|█████████▋| 29/30 [00:10<00:00,  2.84it/s]
                                                     
Epoch 08 | stage 2 | train loss 0.2458 (cls 0.2458, ctr 0.0000) acc 0.9104 f1 0.9112 | val loss 1.7669 (cls 1.7669, ctr 0.0000) acc 0.7042 f1 0.6651 | lr [2.83e-04, 9.44e-06, 9.44e-06]

train:   0%|          | 0/120 [00:00<?, ?it/s]
train:   1%|          | 1/120 [00:00<01:51,  1.07it/s]
train:   2%|▏         | 2/120 [00:01<00:52,  2.24it/s]
train:   2%|▎         | 3/120 [00:01<01:03,  1.84it/s]
train:   3%|▎         | 4/120 [00:01<00:43,  2.69it/s]
train:   4%|▍         | 5/120 [00:02<00:58,  1.98it/s]
train:   5%|▌         | 6/120 [00:02<00:42,  2.70it/s]
train:   6%|▌         | 7/120 [00:03<00:53,  2.11it/s]
train:   7%|▋         | 8/120 [00:03<00:40,  2.79it/s]
train:   8%|▊         | 9/120 [00:04<00:50,  2.21it/s]
train:   8%|▊         | 10/120 [00:04<00:38,  2.88it/s]
train:   9%|▉         | 11/120 [00:04<00:50,  2.17it/s]
train:  11%|█         | 13/120 [00:05<00:45,  2.34it/s]
train:  12%|█▏        | 14/120 [00:05<00:36,  2.89it/s]
train:  12%|█▎        | 15/120 [00:06<00:45,  2.29it/s]
train:  13%|█▎        | 16/120 [00:06<00:36,  2.88it/s]
train:  14%|█▍        | 17/120 [00:07<00:43,  2.37it/s]
train:  15%|█▌        | 18/120 [00:07<00:33,  3.01it/s]
train:  16%|█▌        | 19/120 [00:08<00:44,  2.25it/s]
train:  17%|█▋        | 20/120 [00:08<00:34,  2.89it/s]
train:  18%|█▊        | 21/120 [00:08<00:42,  2.31it/s]
train:  18%|█▊        | 22/120 [00:08<00:32,  2.97it/s]
train:  19%|█▉        | 23/120 [00:09<00:42,  2.30it/s]
train:  20%|██        | 24/120 [00:09<00:32,  2.98it/s]
train:  21%|██        | 25/120 [00:10<00:40,  2.35it/s]
train:  22%|██▏       | 26/120 [00:10<00:31,  3.01it/s]
train:  22%|██▎       | 27/120 [00:11<00:41,  2.27it/s]
train:  23%|██▎       | 28/120 [00:11<00:31,  2.93it/s]
train:  24%|██▍       | 29/120 [00:11<00:40,  2.24it/s]
train:  26%|██▌       | 31/120 [00:12<00:37,  2.40it/s]
train:  27%|██▋       | 32/120 [00:12<00:29,  2.94it/s]
train:  28%|██▊       | 33/120 [00:16<01:44,  1.20s/it]
train:  29%|██▉       | 35/120 [00:17<01:12,  1.18it/s]
train:  30%|███       | 36/120 [00:17<00:56,  1.48it/s]
train:  31%|███       | 37/120 [00:17<00:55,  1.48it/s]
train:  32%|███▏      | 38/120 [00:18<00:43,  1.90it/s]
train:  32%|███▎      | 39/120 [00:18<00:46,  1.74it/s]
train:  33%|███▎      | 40/120 [00:18<00:35,  2.27it/s]
train:  34%|███▍      | 41/120 [00:19<00:41,  1.90it/s]
train:  36%|███▌      | 43/120 [00:20<00:37,  2.08it/s]
train:  37%|███▋      | 44/120 [00:20<00:29,  2.56it/s]
train:  38%|███▊      | 45/120 [00:21<00:34,  2.15it/s]
train:  38%|███▊      | 46/120 [00:21<00:27,  2.72it/s]
train:  39%|███▉      | 47/120 [00:22<00:33,  2.16it/s]
train:  40%|████      | 48/120 [00:22<00:26,  2.77it/s]
train:  41%|████      | 49/120 [00:22<00:32,  2.15it/s]
train:  42%|████▏     | 50/120 [00:23<00:25,  2.79it/s]
train:  42%|████▎     | 51/120 [00:23<00:32,  2.14it/s]
train:  44%|████▍     | 53/120 [00:24<00:28,  2.32it/s]
train:  46%|████▌     | 55/120 [00:25<00:26,  2.46it/s]
train:  47%|████▋     | 56/120 [00:25<00:21,  2.93it/s]
train:  48%|████▊     | 57/120 [00:26<00:26,  2.35it/s]
train:  48%|████▊     | 58/120 [00:26<00:21,  2.90it/s]
train:  49%|████▉     | 59/120 [00:26<00:26,  2.32it/s]
train:  50%|█████     | 60/120 [00:26<00:20,  2.94it/s]
train:  51%|█████     | 61/120 [00:27<00:25,  2.27it/s]
train:  52%|█████▏    | 62/120 [00:27<00:19,  2.91it/s]
train:  52%|█████▎    | 63/120 [00:28<00:25,  2.26it/s]
train:  54%|█████▍    | 65/120 [00:29<00:23,  2.39it/s]
train:  55%|█████▌    | 66/120 [00:29<00:18,  2.92it/s]
train:  56%|█████▌    | 67/120 [00:29<00:22,  2.36it/s]
train:  57%|█████▋    | 68/120 [00:30<00:17,  2.96it/s]
train:  57%|█████▊    | 69/120 [00:30<00:23,  2.17it/s]
train:  58%|█████▊    | 70/120 [00:30<00:18,  2.77it/s]
train:  59%|█████▉    | 71/120 [00:31<00:22,  2.17it/s]
train:  61%|██████    | 73/120 [00:32<00:20,  2.27it/s]
train:  62%|██████▎   | 75/120 [00:33<00:19,  2.30it/s]
train:  64%|██████▍   | 77/120 [00:34<00:18,  2.38it/s]
train:  65%|██████▌   | 78/120 [00:34<00:14,  2.82it/s]
train:  66%|██████▌   | 79/120 [00:34<00:17,  2.34it/s]
train:  67%|██████▋   | 80/120 [00:35<00:13,  2.87it/s]
train:  68%|██████▊   | 81/120 [00:35<00:17,  2.23it/s]
train:  68%|██████▊   | 82/120 [00:35<00:13,  2.81it/s]
train:  69%|██████▉   | 83/120 [00:36<00:16,  2.25it/s]
train:  70%|███████   | 84/120 [00:36<00:12,  2.88it/s]
train:  71%|███████   | 85/120 [00:37<00:15,  2.25it/s]
train:  72%|███████▏  | 86/120 [00:37<00:11,  2.88it/s]
train:  72%|███████▎  | 87/120 [00:38<00:14,  2.24it/s]
train:  74%|███████▍  | 89/120 [00:38<00:12,  2.39it/s]
train:  76%|███████▌  | 91/120 [00:39<00:11,  2.47it/s]
train:  77%|███████▋  | 92/120 [00:39<00:09,  2.95it/s]
train:  78%|███████▊  | 93/120 [00:40<00:11,  2.42it/s]
train:  78%|███████▊  | 94/120 [00:40<00:08,  2.99it/s]
train:  79%|███████▉  | 95/120 [00:41<00:10,  2.36it/s]
train:  80%|████████  | 96/120 [00:41<00:08,  2.97it/s]
train:  81%|████████  | 97/120 [00:41<00:09,  2.36it/s]
train:  82%|████████▎ | 99/120 [00:42<00:08,  2.44it/s]
train:  83%|████████▎ | 100/120 [00:42<00:06,  2.98it/s]
train:  84%|████████▍ | 101/120 [00:43<00:08,  2.37it/s]
train:  86%|████████▌ | 103/120 [00:44<00:06,  2.50it/s]
train:  88%|████████▊ | 105/120 [00:44<00:05,  2.55it/s]
train:  88%|████████▊ | 106/120 [00:45<00:04,  3.01it/s]
train:  89%|████████▉ | 107/120 [00:45<00:05,  2.42it/s]
train:  91%|█████████ | 109/120 [00:46<00:04,  2.50it/s]
train:  92%|█████████▏| 110/120 [00:46<00:03,  3.00it/s]
train:  92%|█████████▎| 111/120 [00:47<00:03,  2.47it/s]
train:  93%|█████████▎| 112/120 [00:47<00:02,  3.04it/s]
train:  94%|█████████▍| 113/120 [00:48<00:02,  2.43it/s]
train:  96%|█████████▌| 115/120 [00:51<00:05,  1.03s/it]
train:  98%|█████████▊| 117/120 [00:52<00:02,  1.28it/s]
train:  98%|█████████▊| 118/120 [00:52<00:01,  1.57it/s]
train:  99%|█████████▉| 119/120 [00:53<00:00,  1.55it/s]
train: 100%|██████████| 120/120 [00:53<00:00,  1.97it/s]
                                                        

eval:   0%|          | 0/30 [00:00<?, ?it/s]
eval:   3%|▎         | 1/30 [00:00<00:21,  1.36it/s]
eval:  10%|█         | 3/30 [00:01<00:12,  2.20it/s]
eval:  17%|█▋        | 5/30 [00:02<00:10,  2.48it/s]
eval:  23%|██▎       | 7/30 [00:02<00:08,  2.68it/s]
eval:  30%|███       | 9/30 [00:03<00:07,  2.73it/s]
eval:  37%|███▋      | 11/30 [00:04<00:06,  2.77it/s]
eval:  43%|████▎     | 13/30 [00:04<00:06,  2.82it/s]
eval:  50%|█████     | 15/30 [00:05<00:05,  2.82it/s]
eval:  57%|█████▋    | 17/30 [00:06<00:04,  2.78it/s]
eval:  63%|██████▎   | 19/30 [00:07<00:03,  2.83it/s]
eval:  70%|███████   | 21/30 [00:07<00:03,  2.82it/s]
eval:  77%|███████▋  | 23/30 [00:08<00:02,  2.82it/s]
eval:  83%|████████▎ | 25/30 [00:09<00:01,  2.78it/s]
eval:  90%|█████████ | 27/30 [00:09<00:01,  2.89it/s]
eval:  97%|█████████▋| 29/30 [00:10<00:00,  2.92it/s]
                                                     
Epoch 09 | stage 2 | train loss 0.2935 (cls 0.2935, ctr 0.0000) acc 0.9010 f1 0.8982 | val loss 2.1156 (cls 2.1156, ctr 0.0000) acc 0.6542 f1 0.6316 | lr [2.74e-04, 9.14e-06, 9.14e-06]

train:   0%|          | 0/120 [00:00<?, ?it/s]
train:   1%|          | 1/120 [00:00<01:42,  1.16it/s]
train:   2%|▏         | 2/120 [00:00<00:49,  2.39it/s]
train:   2%|▎         | 3/120 [00:01<01:06,  1.77it/s]
train:   3%|▎         | 4/120 [00:01<00:44,  2.60it/s]
train:   4%|▍         | 5/120 [00:02<00:58,  1.98it/s]
train:   6%|▌         | 7/120 [00:03<00:50,  2.24it/s]
train:   8%|▊         | 9/120 [00:04<00:46,  2.40it/s]
train:   8%|▊         | 10/120 [00:04<00:37,  2.91it/s]
train:   9%|▉         | 11/120 [00:04<00:44,  2.43it/s]
train:  10%|█         | 12/120 [00:04<00:35,  3.02it/s]
train:  11%|█         | 13/120 [00:05<00:47,  2.27it/s]
train:  12%|█▏        | 14/120 [00:05<00:37,  2.86it/s]
train:  12%|█▎        | 15/120 [00:06<00:44,  2.34it/s]
train:  13%|█▎        | 16/120 [00:06<00:34,  3.00it/s]
train:  14%|█▍        | 17/120 [00:07<00:45,  2.24it/s]
train:  15%|█▌        | 18/120 [00:07<00:35,  2.89it/s]
train:  16%|█▌        | 19/120 [00:07<00:43,  2.30it/s]
train:  17%|█▋        | 20/120 [00:08<00:33,  2.98it/s]
train:  18%|█▊        | 21/120 [00:08<00:43,  2.30it/s]
train:  18%|█▊        | 22/120 [00:08<00:32,  2.97it/s]
train:  19%|█▉        | 23/120 [00:09<00:43,  2.25it/s]
train:  20%|██        | 24/120 [00:09<00:32,  2.93it/s]
train:  21%|██        | 25/120 [00:10<00:41,  2.30it/s]
train:  22%|██▏       | 26/120 [00:10<00:31,  2.97it/s]
train:  22%|██▎       | 27/120 [00:10<00:39,  2.36it/s]
train:  24%|██▍       | 29/120 [00:11<00:36,  2.52it/s]
train:  25%|██▌       | 30/120 [00:11<00:29,  3.07it/s]
train:  26%|██▌       | 31/120 [00:12<00:37,  2.40it/s]
train:  27%|██▋       | 32/120 [00:12<00:29,  3.01it/s]
train:  28%|██▊       | 33/120 [00:13<00:35,  2.44it/s]
train:  28%|██▊       | 34/120 [00:13<00:27,  3.10it/s]
train:  29%|██▉       | 35/120 [00:14<00:38,  2.19it/s]
train:  30%|███       | 36/120 [00:14<00:29,  2.81it/s]
train:  31%|███       | 37/120 [00:14<00:36,  2.26it/s]
train:  32%|███▎      | 39/120 [00:15<00:33,  2.41it/s]
train:  33%|███▎      | 40/120 [00:15<00:27,  2.94it/s]
train:  34%|███▍      | 41/120 [00:16<00:32,  2.40it/s]
train:  36%|███▌      | 43/120 [00:17<00:31,  2.48it/s]
train:  37%|███▋      | 44/120 [00:17<00:25,  2.99it/s]
train:  38%|███▊      | 45/120 [00:17<00:31,  2.41it/s]
train:  39%|███▉      | 47/120 [00:18<00:29,  2.46it/s]
train:  41%|████      | 49/120 [00:19<00:28,  2.51it/s]
train:  42%|████▏     | 50/120 [00:19<00:23,  2.97it/s]
train:  42%|████▎     | 51/120 [00:23<01:15,  1.10s/it]
train:  43%|████▎     | 52/120 [00:23<00:58,  1.17it/s]
train:  44%|████▍     | 53/120 [00:24<00:54,  1.24it/s]
train:  45%|████▌     | 54/120 [00:24<00:40,  1.61it/s]
train:  46%|████▌     | 55/120 [00:24<00:41,  1.58it/s]
train:  47%|████▋     | 56/120 [00:24<00:31,  2.06it/s]
train:  48%|████▊     | 57/120 [00:25<00:33,  1.87it/s]
train:  48%|████▊     | 58/120 [00:25<00:25,  2.45it/s]
train:  49%|████▉     | 59/120 [00:26<00:30,  2.00it/s]
train:  50%|█████     | 60/120 [00:26<00:23,  2.61it/s]
train:  51%|█████     | 61/120 [00:27<00:27,  2.15it/s]
train:  52%|█████▏    | 62/120 [00:27<00:20,  2.80it/s]
train:  52%|█████▎    | 63/120 [00:27<00:25,  2.23it/s]
train:  53%|█████▎    | 64/120 [00:28<00:19,  2.87it/s]
train:  54%|█████▍    | 65/120 [00:28<00:23,  2.36it/s]
train:  56%|█████▌    | 67/120 [00:29<00:21,  2.43it/s]
train:  57%|█████▋    | 68/120 [00:29<00:17,  2.96it/s]
train:  57%|█████▊    | 69/120 [00:30<00:21,  2.32it/s]
train:  58%|█████▊    | 70/120 [00:30<00:17,  2.92it/s]
train:  59%|█████▉    | 71/120 [00:31<00:21,  2.31it/s]
train:  61%|██████    | 73/120 [00:31<00:18,  2.47it/s]
train:  62%|██████▏   | 74/120 [00:31<00:15,  3.02it/s]
train:  62%|██████▎   | 75/120 [00:32<00:19,  2.35it/s]
train:  63%|██████▎   | 76/120 [00:32<00:14,  2.95it/s]
train:  64%|██████▍   | 77/120 [00:33<00:18,  2.31it/s]
train:  66%|██████▌   | 79/120 [00:34<00:17,  2.39it/s]
train:  67%|██████▋   | 80/120 [00:34<00:13,  2.90it/s]
train:  68%|██████▊   | 81/120 [00:34<00:16,  2.40it/s]
train:  68%|██████▊   | 82/120 [00:34<00:12,  2.99it/s]
train:  69%|██████▉   | 83/120 [00:35<00:15,  2.38it/s]
train:  70%|███████   | 84/120 [00:35<00:11,  3.02it/s]
train:  71%|███████   | 85/120 [00:36<00:15,  2.32it/s]
train:  72%|███████▏  | 86/120 [00:36<00:11,  2.95it/s]
train:  72%|███████▎  | 87/120 [00:37<00:13,  2.38it/s]
train:  73%|███████▎  | 88/120 [00:37<00:10,  3.05it/s]
train:  74%|███████▍  | 89/120 [00:37<00:13,  2.33it/s]
train:  75%|███████▌  | 90/120 [00:38<00:10,  2.99it/s]
train:  76%|███████▌  | 91/120 [00:38<00:12,  2.34it/s]
train:  77%|███████▋  | 92/120 [00:38<00:09,  3.03it/s]
train:  78%|███████▊  | 93/120 [00:39<00:12,  2.22it/s]
train:  78%|███████▊  | 94/120 [00:39<00:09,  2.89it/s]
train:  79%|███████▉  | 95/120 [00:40<00:10,  2.35it/s]
train:  80%|████████  | 96/120 [00:40<00:07,  3.05it/s]
train:  81%|████████  | 97/120 [00:40<00:09,  2.35it/s]
train:  82%|████████▏ | 98/120 [00:41<00:07,  3.04it/s]
train:  82%|████████▎ | 99/120 [00:41<00:09,  2.28it/s]
train:  83%|████████▎ | 100/120 [00:41<00:06,  2.94it/s]
train:  84%|████████▍ | 101/120 [00:42<00:08,  2.31it/s]
train:  85%|████████▌ | 102/120 [00:42<00:06,  2.99it/s]
train:  86%|████████▌ | 103/120 [00:43<00:07,  2.23it/s]
train:  87%|████████▋ | 104/120 [00:43<00:05,  2.89it/s]
train:  88%|████████▊ | 105/120 [00:44<00:06,  2.29it/s]
train:  89%|████████▉ | 107/120 [00:44<00:05,  2.47it/s]
train:  90%|█████████ | 108/120 [00:44<00:03,  3.04it/s]
train:  91%|█████████ | 109/120 [00:45<00:04,  2.34it/s]
train:  92%|█████████▎| 111/120 [00:46<00:03,  2.48it/s]
train:  93%|█████████▎| 112/120 [00:46<00:02,  3.00it/s]
train:  94%|█████████▍| 113/120 [00:47<00:02,  2.43it/s]
train:  95%|█████████▌| 114/120 [00:47<00:01,  3.03it/s]
train:  96%|█████████▌| 115/120 [00:47<00:02,  2.46it/s]
train:  97%|█████████▋| 116/120 [00:47<00:01,  3.11it/s]
train:  98%|█████████▊| 117/120 [00:48<00:01,  2.35it/s]
train:  98%|█████████▊| 118/120 [00:48<00:00,  3.02it/s]
train:  99%|█████████▉| 119/120 [00:49<00:00,  2.43it/s]
train: 100%|██████████| 120/120 [00:49<00:00,  3.10it/s]
                                                        

eval:   0%|          | 0/30 [00:00<?, ?it/s]
eval:   3%|▎         | 1/30 [00:00<00:22,  1.29it/s]
eval:  10%|█         | 3/30 [00:01<00:12,  2.23it/s]
eval:  17%|█▋        | 5/30 [00:02<00:10,  2.49it/s]
eval:  23%|██▎       | 7/30 [00:02<00:08,  2.66it/s]
eval:  30%|███       | 9/30 [00:03<00:07,  2.73it/s]
eval:  37%|███▋      | 11/30 [00:04<00:06,  2.79it/s]
eval:  43%|████▎     | 13/30 [00:04<00:06,  2.82it/s]
eval:  50%|█████     | 15/30 [00:05<00:05,  2.84it/s]
eval:  57%|█████▋    | 17/30 [00:09<00:10,  1.21it/s]
eval:  63%|██████▎   | 19/30 [00:10<00:07,  1.48it/s]
eval:  70%|███████   | 21/30 [00:10<00:05,  1.74it/s]
eval:  77%|███████▋  | 23/30 [00:11<00:03,  1.96it/s]
eval:  83%|████████▎ | 25/30 [00:12<00:02,  2.14it/s]
eval:  90%|█████████ | 27/30 [00:12<00:01,  2.36it/s]
eval:  97%|█████████▋| 29/30 [00:13<00:00,  2.55it/s]
                                                     
Epoch 10 | stage 2 | train loss 0.3805 (cls 0.3805, ctr 0.0000) acc 0.8604 f1 0.8654 | val loss 1.7748 (cls 1.7748, ctr 0.0000) acc 0.6917 f1 0.6477 | lr [2.63e-04, 8.78e-06, 8.78e-06]

train:   0%|          | 0/120 [00:00<?, ?it/s]
train:   1%|          | 1/120 [00:00<01:44,  1.14it/s]
train:   2%|▎         | 3/120 [00:01<01:00,  1.94it/s]
train:   3%|▎         | 4/120 [00:01<00:43,  2.69it/s]
train:   4%|▍         | 5/120 [00:02<00:54,  2.13it/s]
train:   5%|▌         | 6/120 [00:02<00:40,  2.84it/s]
train:   6%|▌         | 7/120 [00:03<00:51,  2.19it/s]
train:   8%|▊         | 9/120 [00:03<00:47,  2.35it/s]
train:   8%|▊         | 10/120 [00:04<00:37,  2.90it/s]
train:   9%|▉         | 11/120 [00:04<00:47,  2.30it/s]
train:  10%|█         | 12/120 [00:04<00:37,  2.89it/s]
train:  11%|█         | 13/120 [00:05<00:47,  2.27it/s]
train:  12%|█▏        | 14/120 [00:05<00:36,  2.91it/s]
train:  12%|█▎        | 15/120 [00:06<00:45,  2.31it/s]
train:  13%|█▎        | 16/120 [00:06<00:35,  2.96it/s]
train:  14%|█▍        | 17/120 [00:07<00:45,  2.24it/s]
train:  15%|█▌        | 18/120 [00:07<00:35,  2.90it/s]
train:  16%|█▌        | 19/120 [00:07<00:43,  2.31it/s]
train:  17%|█▋        | 20/120 [00:07<00:33,  2.99it/s]
train:  18%|█▊        | 21/120 [00:08<00:43,  2.29it/s]
train:  19%|█▉        | 23/120 [00:09<00:39,  2.44it/s]
train:  21%|██        | 25/120 [00:10<00:37,  2.51it/s]
train:  22%|██▎       | 27/120 [00:10<00:36,  2.57it/s]
train:  23%|██▎       | 28/120 [00:11<00:30,  3.02it/s]
train:  24%|██▍       | 29/120 [00:11<00:36,  2.48it/s]
train:  25%|██▌       | 30/120 [00:11<00:29,  3.02it/s]
train:  26%|██▌       | 31/120 [00:12<00:37,  2.37it/s]
train:  27%|██▋       | 32/120 [00:12<00:29,  2.98it/s]
train:  28%|██▊       | 33/120 [00:13<00:35,  2.43it/s]
train:  29%|██▉       | 35/120 [00:14<00:34,  2.43it/s]
train:  30%|███       | 36/120 [00:14<00:28,  2.94it/s]
train:  31%|███       | 37/120 [00:14<00:34,  2.38it/s]
train:  32%|███▏      | 38/120 [00:14<00:27,  2.97it/s]
train:  32%|███▎      | 39/120 [00:15<00:33,  2.41it/s]
train:  33%|███▎      | 40/120 [00:15<00:26,  3.04it/s]
train:  34%|███▍      | 41/120 [00:16<00:33,  2.36it/s]
train:  35%|███▌      | 42/120 [00:16<00:25,  3.00it/s]
train:  36%|███▌      | 43/120 [00:17<00:32,  2.35it/s]
train:  37%|███▋      | 44/120 [00:17<00:25,  3.03it/s]
train:  38%|███▊      | 45/120 [00:17<00:33,  2.22it/s]
train:  38%|███▊      | 46/120 [00:17<00:25,  2.86it/s]
train:  39%|███▉      | 47/120 [00:18<00:31,  2.32it/s]
train:  40%|████      | 48/120 [00:18<00:24,  2.98it/s]
train:  41%|████      | 49/120 [00:19<00:31,  2.29it/s]
train:  42%|████▎     | 51/120 [00:20<00:28,  2.38it/s]
train:  44%|████▍     | 53/120 [00:20<00:26,  2.48it/s]
train:  45%|████▌     | 54/120 [00:21<00:22,  2.97it/s]
train:  46%|████▌     | 55/120 [00:21<00:26,  2.47it/s]
train:  48%|████▊     | 57/120 [00:22<00:25,  2.47it/s]
train:  49%|████▉     | 59/120 [00:23<00:24,  2.50it/s]
train:  51%|█████     | 61/120 [00:24<00:23,  2.54it/s]
train:  52%|█████▏    | 62/120 [00:24<00:19,  2.97it/s]
train:  52%|█████▎    | 63/120 [00:24<00:23,  2.45it/s]
train:  54%|█████▍    | 65/120 [00:25<00:22,  2.46it/s]
train:  55%|█████▌    | 66/120 [00:25<00:18,  2.93it/s]
train:  56%|█████▌    | 67/120 [00:26<00:21,  2.47it/s]
train:  57%|█████▋    | 68/120 [00:26<00:17,  3.05it/s]
train:  57%|█████▊    | 69/120 [00:27<00:22,  2.29it/s]
train:  58%|█████▊    | 70/120 [00:27<00:17,  2.88it/s]
train:  59%|█████▉    | 71/120 [00:27<00:21,  2.33it/s]
train:  61%|██████    | 73/120 [00:31<00:50,  1.07s/it]
train:  62%|██████▏   | 74/120 [00:31<00:38,  1.19it/s]
train:  62%|██████▎   | 75/120 [00:32<00:35,  1.27it/s]
train:  63%|██████▎   | 76/120 [00:32<00:26,  1.65it/s]
train:  64%|██████▍   | 77/120 [00:33<00:26,  1.61it/s]
train:  65%|██████▌   | 78/120 [00:33<00:19,  2.11it/s]
train:  66%|██████▌   | 79/120 [00:33<00:22,  1.86it/s]
train:  67%|██████▋   | 80/120 [00:34<00:16,  2.43it/s]
train:  68%|██████▊   | 81/120 [00:34<00:18,  2.06it/s]
train:  68%|██████▊   | 82/120 [00:34<00:14,  2.68it/s]
train:  69%|██████▉   | 83/120 [00:35<00:18,  2.05it/s]
train:  71%|███████   | 85/120 [00:36<00:16,  2.16it/s]
train:  72%|███████▎  | 87/120 [00:37<00:14,  2.28it/s]
train:  73%|███████▎  | 88/120 [00:37<00:11,  2.74it/s]
train:  74%|███████▍  | 89/120 [00:37<00:13,  2.36it/s]
train:  75%|███████▌  | 90/120 [00:38<00:10,  2.91it/s]
train:  76%|███████▌  | 91/120 [00:38<00:12,  2.40it/s]
train:  78%|███████▊  | 93/120 [00:39<00:10,  2.46it/s]
train:  78%|███████▊  | 94/120 [00:39<00:08,  2.97it/s]
train:  79%|███████▉  | 95/120 [00:40<00:10,  2.41it/s]
train:  80%|████████  | 96/120 [00:40<00:07,  3.02it/s]
train:  81%|████████  | 97/120 [00:41<00:09,  2.38it/s]
train:  82%|████████▏ | 98/120 [00:41<00:07,  3.00it/s]
train:  82%|████████▎ | 99/120 [00:41<00:08,  2.41it/s]
train:  83%|████████▎ | 100/120 [00:41<00:06,  3.09it/s]
train:  84%|████████▍ | 101/120 [00:42<00:08,  2.34it/s]
train:  85%|████████▌ | 102/120 [00:42<00:05,  3.02it/s]
train:  86%|████████▌ | 103/120 [00:43<00:07,  2.36it/s]
train:  87%|████████▋ | 104/120 [00:43<00:05,  3.03it/s]
train:  88%|████████▊ | 105/120 [00:43<00:06,  2.44it/s]
train:  88%|████████▊ | 106/120 [00:44<00:04,  3.14it/s]
train:  89%|████████▉ | 107/120 [00:44<00:05,  2.33it/s]
train:  91%|█████████ | 109/120 [00:45<00:04,  2.44it/s]
train:  92%|█████████▏| 110/120 [00:45<00:03,  2.98it/s]
train:  92%|█████████▎| 111/120 [00:46<00:03,  2.53it/s]
train:  93%|█████████▎| 112/120 [00:46<00:02,  3.16it/s]
train:  94%|█████████▍| 113/120 [00:47<00:02,  2.37it/s]
train:  95%|█████████▌| 114/120 [00:47<00:02,  3.00it/s]
train:  96%|█████████▌| 115/120 [00:47<00:02,  2.30it/s]
train:  97%|█████████▋| 116/120 [00:47<00:01,  2.96it/s]
train:  98%|█████████▊| 117/120 [00:48<00:01,  2.24it/s]
train:  98%|█████████▊| 118/120 [00:48<00:00,  2.91it/s]
train:  99%|█████████▉| 119/120 [00:49<00:00,  2.27it/s]
                                                        

eval:   0%|          | 0/30 [00:00<?, ?it/s]
eval:   3%|▎         | 1/30 [00:00<00:21,  1.37it/s]
eval:  10%|█         | 3/30 [00:01<00:11,  2.25it/s]
eval:  17%|█▋        | 5/30 [00:02<00:10,  2.50it/s]
eval:  23%|██▎       | 7/30 [00:02<00:08,  2.68it/s]
eval:  30%|███       | 9/30 [00:03<00:07,  2.72it/s]
eval:  37%|███▋      | 11/30 [00:04<00:06,  2.80it/s]
eval:  43%|████▎     | 13/30 [00:04<00:06,  2.82it/s]
eval:  50%|█████     | 15/30 [00:05<00:05,  2.82it/s]
eval:  57%|█████▋    | 17/30 [00:06<00:04,  2.80it/s]
eval:  63%|██████▎   | 19/30 [00:07<00:03,  2.84it/s]
eval:  70%|███████   | 21/30 [00:07<00:03,  2.83it/s]
eval:  77%|███████▋  | 23/30 [00:08<00:02,  2.84it/s]
eval:  83%|████████▎ | 25/30 [00:09<00:01,  2.80it/s]
eval:  90%|█████████ | 27/30 [00:09<00:01,  2.88it/s]
eval:  97%|█████████▋| 29/30 [00:10<00:00,  2.92it/s]
                                                     
Epoch 11 | stage 2 | train loss 0.2982 (cls 0.2982, ctr 0.0000) acc 0.8917 f1 0.8897 | val loss 1.5942 (cls 1.5942, ctr 0.0000) acc 0.7292 f1 0.7037 | lr [2.51e-04, 8.37e-06, 8.37e-06]

train:   0%|          | 0/120 [00:00<?, ?it/s]
train:   1%|          | 1/120 [00:00<01:57,  1.01it/s]
train:   2%|▎         | 3/120 [00:01<00:57,  2.02it/s]
train:   4%|▍         | 5/120 [00:02<00:49,  2.31it/s]
train:   6%|▌         | 7/120 [00:06<01:56,  1.03s/it]
train:   7%|▋         | 8/120 [00:06<01:31,  1.23it/s]
train:   8%|▊         | 9/120 [00:06<01:27,  1.27it/s]
train:   9%|▉         | 11/120 [00:07<01:07,  1.62it/s]
train:  10%|█         | 12/120 [00:07<00:54,  2.00it/s]
train:  11%|█         | 13/120 [00:08<00:57,  1.87it/s]
train:  12%|█▎        | 15/120 [00:09<00:48,  2.16it/s]
train:  14%|█▍        | 17/120 [00:09<00:44,  2.30it/s]
train:  15%|█▌        | 18/120 [00:09<00:37,  2.73it/s]
train:  16%|█▌        | 19/120 [00:10<00:44,  2.29it/s]
train:  18%|█▊        | 21/120 [00:11<00:40,  2.43it/s]
train:  18%|█▊        | 22/120 [00:11<00:33,  2.90it/s]
train:  19%|█▉        | 23/120 [00:12<00:40,  2.39it/s]
train:  20%|██        | 24/120 [00:12<00:32,  2.93it/s]
train:  21%|██        | 25/120 [00:12<00:38,  2.44it/s]
train:  22%|██▏       | 26/120 [00:13<00:31,  2.94it/s]
train:  22%|██▎       | 27/120 [00:13<00:39,  2.37it/s]
train:  23%|██▎       | 28/120 [00:13<00:30,  3.00it/s]
train:  24%|██▍       | 29/120 [00:14<00:38,  2.36it/s]
train:  25%|██▌       | 30/120 [00:14<00:29,  3.01it/s]
train:  26%|██▌       | 31/120 [00:15<00:39,  2.28it/s]
train:  27%|██▋       | 32/120 [00:15<00:30,  2.92it/s]
train:  28%|██▊       | 33/120 [00:15<00:36,  2.37it/s]
train:  28%|██▊       | 34/120 [00:16<00:29,  2.90it/s]
train:  29%|██▉       | 35/120 [00:16<00:38,  2.20it/s]
train:  30%|███       | 36/120 [00:16<00:29,  2.82it/s]
train:  31%|███       | 37/120 [00:17<00:36,  2.30it/s]
train:  32%|███▎      | 39/120 [00:18<00:32,  2.47it/s]
train:  34%|███▍      | 41/120 [00:19<00:31,  2.48it/s]
train:  36%|███▌      | 43/120 [00:19<00:31,  2.48it/s]
train:  37%|███▋      | 44/120 [00:20<00:26,  2.91it/s]
train:  38%|███▊      | 45/120 [00:20<00:30,  2.43it/s]
train:  38%|███▊      | 46/120 [00:20<00:24,  2.97it/s]
train:  39%|███▉      | 47/120 [00:21<00:30,  2.41it/s]
train:  40%|████      | 48/120 [00:21<00:23,  3.01it/s]
train:  41%|████      | 49/120 [00:22<00:29,  2.43it/s]
train:  42%|████▏     | 50/120 [00:22<00:22,  3.08it/s]
train:  42%|████▎     | 51/120 [00:22<00:30,  2.27it/s]
train:  43%|████▎     | 52/120 [00:23<00:23,  2.93it/s]
train:  44%|████▍     | 53/120 [00:23<00:29,  2.28it/s]
train:  45%|████▌     | 54/120 [00:23<00:22,  2.95it/s]
train:  46%|████▌     | 55/120 [00:24<00:29,  2.23it/s]
train:  48%|████▊     | 57/120 [00:25<00:26,  2.39it/s]
train:  48%|████▊     | 58/120 [00:25<00:21,  2.92it/s]
train:  49%|████▉     | 59/120 [00:26<00:25,  2.42it/s]
train:  50%|█████     | 60/120 [00:26<00:19,  3.04it/s]
train:  51%|█████     | 61/120 [00:26<00:26,  2.25it/s]
train:  52%|█████▏    | 62/120 [00:26<00:20,  2.89it/s]
train:  52%|█████▎    | 63/120 [00:27<00:24,  2.29it/s]
train:  53%|█████▎    | 64/120 [00:27<00:19,  2.94it/s]
train:  54%|█████▍    | 65/120 [00:28<00:23,  2.30it/s]
train:  55%|█████▌    | 66/120 [00:28<00:18,  2.96it/s]
train:  56%|█████▌    | 67/120 [00:29<00:23,  2.25it/s]
train:  57%|█████▋    | 68/120 [00:29<00:17,  2.92it/s]
train:  57%|█████▊    | 69/120 [00:29<00:21,  2.35it/s]
train:  59%|█████▉    | 71/120 [00:30<00:19,  2.47it/s]
train:  60%|██████    | 72/120 [00:30<00:15,  3.02it/s]
train:  61%|██████    | 73/120 [00:31<00:18,  2.51it/s]
train:  62%|██████▏   | 74/120 [00:31<00:14,  3.14it/s]
train:  62%|██████▎   | 75/120 [00:32<00:19,  2.35it/s]
train:  64%|██████▍   | 77/120 [00:33<00:17,  2.42it/s]
train:  66%|██████▌   | 79/120 [00:33<00:16,  2.48it/s]
train:  67%|██████▋   | 80/120 [00:33<00:13,  2.96it/s]
train:  68%|██████▊   | 81/120 [00:34<00:16,  2.41it/s]
train:  69%|██████▉   | 83/120 [00:35<00:14,  2.51it/s]
train:  70%|███████   | 84/120 [00:35<00:11,  3.00it/s]
train:  71%|███████   | 85/120 [00:36<00:14,  2.35it/s]
train:  72%|███████▏  | 86/120 [00:36<00:11,  2.92it/s]
train:  72%|███████▎  | 87/120 [00:36<00:14,  2.34it/s]
train:  73%|███████▎  | 88/120 [00:36<00:10,  2.95it/s]
train:  74%|███████▍  | 89/120 [00:37<00:13,  2.38it/s]
train:  76%|███████▌  | 91/120 [00:38<00:11,  2.51it/s]
train:  78%|███████▊  | 93/120 [00:42<00:26,  1.03it/s]
train:  78%|███████▊  | 94/120 [00:42<00:20,  1.28it/s]
train:  79%|███████▉  | 95/120 [00:42<00:18,  1.32it/s]
train:  80%|████████  | 96/120 [00:42<00:14,  1.69it/s]
train:  81%|████████  | 97/120 [00:43<00:13,  1.65it/s]
train:  82%|████████▏ | 98/120 [00:43<00:10,  2.12it/s]
train:  82%|████████▎ | 99/120 [00:44<00:10,  1.91it/s]
train:  84%|████████▍ | 101/120 [00:45<00:08,  2.19it/s]
train:  85%|████████▌ | 102/120 [00:45<00:06,  2.70it/s]
train:  86%|████████▌ | 103/120 [00:45<00:07,  2.16it/s]
train:  88%|████████▊ | 105/120 [00:46<00:06,  2.41it/s]
train:  88%|████████▊ | 106/120 [00:46<00:04,  2.90it/s]
train:  89%|████████▉ | 107/120 [00:47<00:05,  2.24it/s]
train:  91%|█████████ | 109/120 [00:48<00:04,  2.46it/s]
train:  92%|█████████▏| 110/120 [00:48<00:03,  2.98it/s]
train:  92%|█████████▎| 111/120 [00:48<00:03,  2.43it/s]
train:  93%|█████████▎| 112/120 [00:49<00:02,  2.99it/s]
train:  94%|█████████▍| 113/120 [00:49<00:02,  2.35it/s]
train:  96%|█████████▌| 115/120 [00:50<00:01,  2.55it/s]
train:  98%|█████████▊| 117/120 [00:51<00:01,  2.55it/s]
train:  99%|█████████▉| 119/120 [00:51<00:00,  2.60it/s]
train: 100%|██████████| 120/120 [00:52<00:00,  3.05it/s]
                                                        

eval:   0%|          | 0/30 [00:00<?, ?it/s]
eval:   3%|▎         | 1/30 [00:00<00:20,  1.38it/s]
eval:  10%|█         | 3/30 [00:01<00:11,  2.26it/s]
eval:  17%|█▋        | 5/30 [00:02<00:09,  2.51it/s]
eval:  23%|██▎       | 7/30 [00:02<00:08,  2.68it/s]
eval:  30%|███       | 9/30 [00:03<00:07,  2.74it/s]
eval:  37%|███▋      | 11/30 [00:04<00:06,  2.83it/s]
eval:  43%|████▎     | 13/30 [00:04<00:05,  2.85it/s]
eval:  50%|█████     | 15/30 [00:05<00:05,  2.85it/s]
eval:  57%|█████▋    | 17/30 [00:06<00:04,  2.82it/s]
eval:  63%|██████▎   | 19/30 [00:06<00:03,  2.87it/s]
eval:  70%|███████   | 21/30 [00:07<00:03,  2.86it/s]
eval:  77%|███████▋  | 23/30 [00:08<00:02,  2.86it/s]
eval:  83%|████████▎ | 25/30 [00:09<00:01,  2.80it/s]
eval:  90%|█████████ | 27/30 [00:09<00:01,  2.90it/s]
eval:  97%|█████████▋| 29/30 [00:10<00:00,  2.94it/s]
                                                     
Epoch 12 | stage 2 | train loss 0.3570 (cls 0.3570, ctr 0.0000) acc 0.8594 f1 0.8589 | val loss 1.6326 (cls 1.6326, ctr 0.0000) acc 0.7167 f1 0.6811 | lr [2.37e-04, 7.91e-06, 7.91e-06]

train:   0%|          | 0/120 [00:00<?, ?it/s]
train:   1%|          | 1/120 [00:00<01:44,  1.14it/s]
train:   2%|▏         | 2/120 [00:00<00:50,  2.33it/s]
train:   2%|▎         | 3/120 [00:01<00:59,  1.95it/s]
train:   4%|▍         | 5/120 [00:02<00:50,  2.29it/s]
train:   5%|▌         | 6/120 [00:02<00:39,  2.92it/s]
train:   6%|▌         | 7/120 [00:03<00:47,  2.40it/s]
train:   8%|▊         | 9/120 [00:03<00:44,  2.48it/s]
train:   8%|▊         | 10/120 [00:03<00:36,  3.01it/s]
train:   9%|▉         | 11/120 [00:04<00:44,  2.43it/s]
train:  11%|█         | 13/120 [00:05<00:43,  2.49it/s]
train:  12%|█▏        | 14/120 [00:05<00:35,  3.01it/s]
train:  12%|█▎        | 15/120 [00:06<00:44,  2.37it/s]
train:  14%|█▍        | 17/120 [00:06<00:41,  2.49it/s]
train:  16%|█▌        | 19/120 [00:07<00:39,  2.56it/s]
train:  18%|█▊        | 21/120 [00:08<00:38,  2.57it/s]
train:  19%|█▉        | 23/120 [00:09<00:37,  2.58it/s]
train:  20%|██        | 24/120 [00:09<00:31,  3.00it/s]
train:  21%|██        | 25/120 [00:09<00:39,  2.43it/s]
train:  22%|██▏       | 26/120 [00:10<00:31,  2.95it/s]
train:  22%|██▎       | 27/120 [00:10<00:38,  2.39it/s]
train:  24%|██▍       | 29/120 [00:14<01:34,  1.03s/it]
train:  26%|██▌       | 31/120 [00:15<01:10,  1.26it/s]
train:  27%|██▋       | 32/120 [00:15<00:57,  1.54it/s]
train:  28%|██▊       | 33/120 [00:16<00:56,  1.55it/s]
train:  28%|██▊       | 34/120 [00:16<00:43,  1.96it/s]
train:  29%|██▉       | 35/120 [00:16<00:47,  1.80it/s]
train:  30%|███       | 36/120 [00:16<00:36,  2.31it/s]
train:  31%|███       | 37/120 [00:17<00:41,  2.00it/s]
train:  32%|███▏      | 38/120 [00:17<00:31,  2.58it/s]
train:  32%|███▎      | 39/120 [00:18<00:39,  2.07it/s]
train:  34%|███▍      | 41/120 [00:19<00:34,  2.29it/s]
train:  36%|███▌      | 43/120 [00:19<00:31,  2.46it/s]
train:  37%|███▋      | 44/120 [00:20<00:25,  2.94it/s]
train:  38%|███▊      | 45/120 [00:20<00:31,  2.35it/s]
train:  38%|███▊      | 46/120 [00:20<00:25,  2.90it/s]
train:  39%|███▉      | 47/120 [00:21<00:30,  2.36it/s]
train:  41%|████      | 49/120 [00:22<00:28,  2.53it/s]
train:  42%|████▎     | 51/120 [00:23<00:27,  2.50it/s]
train:  43%|████▎     | 52/120 [00:23<00:23,  2.95it/s]
train:  44%|████▍     | 53/120 [00:23<00:27,  2.48it/s]
train:  46%|████▌     | 55/120 [00:24<00:26,  2.47it/s]
train:  47%|████▋     | 56/120 [00:24<00:21,  2.96it/s]
train:  48%|████▊     | 57/120 [00:25<00:26,  2.38it/s]
train:  48%|████▊     | 58/120 [00:25<00:21,  2.92it/s]
train:  49%|████▉     | 59/120 [00:26<00:25,  2.35it/s]
train:  51%|█████     | 61/120 [00:26<00:23,  2.46it/s]
train:  52%|█████▎    | 63/120 [00:27<00:22,  2.53it/s]
train:  54%|█████▍    | 65/120 [00:28<00:21,  2.59it/s]
train:  55%|█████▌    | 66/120 [00:28<00:17,  3.03it/s]
train:  56%|█████▌    | 67/120 [00:29<00:20,  2.52it/s]
train:  57%|█████▋    | 68/120 [00:29<00:16,  3.07it/s]
train:  57%|█████▊    | 69/120 [00:29<00:20,  2.44it/s]
train:  59%|█████▉    | 71/120 [00:30<00:19,  2.56it/s]
train:  60%|██████    | 72/120 [00:30<00:15,  3.09it/s]
train:  61%|██████    | 73/120 [00:31<00:19,  2.40it/s]
train:  62%|██████▏   | 74/120 [00:31<00:15,  2.98it/s]
train:  62%|██████▎   | 75/120 [00:32<00:19,  2.32it/s]
train:  63%|██████▎   | 76/120 [00:32<00:14,  2.95it/s]
train:  64%|██████▍   | 77/120 [00:32<00:18,  2.31it/s]
train:  65%|██████▌   | 78/120 [00:33<00:14,  2.94it/s]
train:  66%|██████▌   | 79/120 [00:33<00:17,  2.35it/s]
train:  68%|██████▊   | 81/120 [00:34<00:15,  2.48it/s]
train:  68%|██████▊   | 82/120 [00:34<00:12,  3.03it/s]
train:  69%|██████▉   | 83/120 [00:35<00:15,  2.41it/s]
train:  71%|███████   | 85/120 [00:35<00:13,  2.55it/s]
train:  72%|███████▎  | 87/120 [00:36<00:12,  2.59it/s]
train:  73%|███████▎  | 88/120 [00:36<00:10,  3.06it/s]
train:  74%|███████▍  | 89/120 [00:37<00:11,  2.59it/s]
train:  76%|███████▌  | 91/120 [00:38<00:11,  2.56it/s]
train:  77%|███████▋  | 92/120 [00:38<00:09,  3.04it/s]
train:  78%|███████▊  | 93/120 [00:38<00:11,  2.44it/s]
train:  78%|███████▊  | 94/120 [00:39<00:08,  3.00it/s]
train:  79%|███████▉  | 95/120 [00:39<00:10,  2.44it/s]
train:  80%|████████  | 96/120 [00:39<00:07,  3.06it/s]
train:  81%|████████  | 97/120 [00:40<00:09,  2.33it/s]
train:  82%|████████▏ | 98/120 [00:40<00:07,  2.98it/s]
train:  82%|████████▎ | 99/120 [00:41<00:09,  2.27it/s]
train:  84%|████████▍ | 101/120 [00:42<00:07,  2.40it/s]
train:  85%|████████▌ | 102/120 [00:42<00:06,  2.93it/s]
train:  86%|████████▌ | 103/120 [00:42<00:07,  2.38it/s]
train:  88%|████████▊ | 105/120 [00:43<00:06,  2.44it/s]
train:  88%|████████▊ | 106/120 [00:43<00:04,  2.93it/s]
train:  89%|████████▉ | 107/120 [00:44<00:05,  2.36it/s]
train:  90%|█████████ | 108/120 [00:44<00:04,  2.93it/s]
train:  91%|█████████ | 109/120 [00:45<00:04,  2.31it/s]
train:  92%|█████████▎| 111/120 [00:45<00:03,  2.48it/s]
train:  94%|█████████▍| 113/120 [00:46<00:02,  2.57it/s]
train:  95%|█████████▌| 114/120 [00:46<00:01,  3.04it/s]
train:  96%|█████████▌| 115/120 [00:50<00:05,  1.10s/it]
train:  98%|█████████▊| 117/120 [00:51<00:02,  1.22it/s]
train:  98%|█████████▊| 118/120 [00:51<00:01,  1.52it/s]
train:  99%|█████████▉| 119/120 [00:51<00:00,  1.54it/s]
                                                        

eval:   0%|          | 0/30 [00:00<?, ?it/s]
eval:   3%|▎         | 1/30 [00:00<00:22,  1.32it/s]
eval:  10%|█         | 3/30 [00:01<00:12,  2.19it/s]
eval:  17%|█▋        | 5/30 [00:02<00:10,  2.47it/s]
eval:  23%|██▎       | 7/30 [00:02<00:08,  2.67it/s]
eval:  30%|███       | 9/30 [00:03<00:07,  2.74it/s]
eval:  37%|███▋      | 11/30 [00:04<00:06,  2.80it/s]
eval:  43%|████▎     | 13/30 [00:04<00:06,  2.83it/s]
eval:  50%|█████     | 15/30 [00:05<00:05,  2.83it/s]
eval:  57%|█████▋    | 17/30 [00:06<00:04,  2.82it/s]
eval:  63%|██████▎   | 19/30 [00:07<00:03,  2.86it/s]
eval:  70%|███████   | 21/30 [00:07<00:03,  2.87it/s]
eval:  77%|███████▋  | 23/30 [00:08<00:02,  2.86it/s]
eval:  83%|████████▎ | 25/30 [00:09<00:01,  2.83it/s]
eval:  90%|█████████ | 27/30 [00:09<00:01,  2.90it/s]
eval:  97%|█████████▋| 29/30 [00:10<00:00,  2.94it/s]
                                                     
Epoch 13 | stage 2 | train loss 0.2915 (cls 0.2915, ctr 0.0000) acc 0.8854 f1 0.8869 | val loss 2.0386 (cls 2.0386, ctr 0.0000) acc 0.6833 f1 0.6326 | lr [2.22e-04, 7.42e-06, 7.42e-06]

train:   0%|          | 0/120 [00:00<?, ?it/s]
train:   1%|          | 1/120 [00:00<01:42,  1.16it/s]
train:   2%|▎         | 3/120 [00:01<00:56,  2.06it/s]
train:   3%|▎         | 4/120 [00:01<00:40,  2.84it/s]
train:   4%|▍         | 5/120 [00:02<00:55,  2.07it/s]
train:   6%|▌         | 7/120 [00:03<00:47,  2.40it/s]
train:   7%|▋         | 8/120 [00:03<00:37,  2.98it/s]
train:   8%|▊         | 9/120 [00:03<00:46,  2.37it/s]
train:   8%|▊         | 10/120 [00:03<00:36,  2.98it/s]
train:   9%|▉         | 11/120 [00:04<00:45,  2.41it/s]
train:  10%|█         | 12/120 [00:04<00:35,  3.07it/s]
train:  11%|█         | 13/120 [00:05<00:45,  2.34it/s]
train:  12%|█▎        | 15/120 [00:06<00:42,  2.48it/s]
train:  13%|█▎        | 16/120 [00:06<00:34,  3.02it/s]
train:  14%|█▍        | 17/120 [00:06<00:42,  2.43it/s]
train:  15%|█▌        | 18/120 [00:06<00:33,  3.04it/s]
train:  16%|█▌        | 19/120 [00:07<00:43,  2.34it/s]
train:  17%|█▋        | 20/120 [00:07<00:33,  2.98it/s]
train:  18%|█▊        | 21/120 [00:08<00:42,  2.34it/s]
train:  19%|█▉        | 23/120 [00:09<00:38,  2.51it/s]
train:  20%|██        | 24/120 [00:09<00:31,  3.07it/s]
train:  21%|██        | 25/120 [00:09<00:39,  2.39it/s]
train:  22%|██▎       | 27/120 [00:10<00:38,  2.43it/s]
train:  24%|██▍       | 29/120 [00:11<00:36,  2.49it/s]
train:  25%|██▌       | 30/120 [00:11<00:30,  2.94it/s]
train:  26%|██▌       | 31/120 [00:12<00:37,  2.40it/s]
train:  27%|██▋       | 32/120 [00:12<00:29,  2.96it/s]
train:  28%|██▊       | 33/120 [00:13<00:35,  2.42it/s]
train:  28%|██▊       | 34/120 [00:13<00:28,  3.01it/s]
train:  29%|██▉       | 35/120 [00:13<00:37,  2.30it/s]
train:  30%|███       | 36/120 [00:13<00:28,  2.92it/s]
train:  31%|███       | 37/120 [00:14<00:35,  2.36it/s]
train:  32%|███▏      | 38/120 [00:14<00:27,  3.04it/s]
train:  32%|███▎      | 39/120 [00:15<00:32,  2.51it/s]
train:  34%|███▍      | 41/120 [00:15<00:30,  2.59it/s]
train:  36%|███▌      | 43/120 [00:16<00:30,  2.54it/s]
train:  38%|███▊      | 45/120 [00:17<00:29,  2.59it/s]
train:  38%|███▊      | 46/120 [00:17<00:24,  3.04it/s]
train:  39%|███▉      | 47/120 [00:18<00:29,  2.46it/s]
train:  40%|████      | 48/120 [00:18<00:23,  3.00it/s]
train:  41%|████      | 49/120 [00:19<00:29,  2.39it/s]
train:  42%|████▏     | 50/120 [00:19<00:23,  2.97it/s]
train:  42%|████▎     | 51/120 [00:19<00:28,  2.43it/s]
train:  43%|████▎     | 52/120 [00:22<01:19,  1.16s/it]
train:  44%|████▍     | 53/120 [00:23<01:08,  1.03s/it]
train:  46%|████▌     | 55/120 [00:24<00:48,  1.34it/s]
train:  48%|████▊     | 57/120 [00:25<00:38,  1.65it/s]
train:  48%|████▊     | 58/120 [00:25<00:30,  2.01it/s]
train:  49%|████▉     | 59/120 [00:25<00:33,  1.82it/s]
train:  50%|█████     | 60/120 [00:26<00:26,  2.28it/s]
train:  51%|█████     | 61/120 [00:26<00:28,  2.05it/s]
train:  52%|█████▎    | 63/120 [00:27<00:25,  2.25it/s]
train:  53%|█████▎    | 64/120 [00:27<00:20,  2.73it/s]
train:  54%|█████▍    | 65/120 [00:28<00:24,  2.22it/s]
train:  55%|█████▌    | 66/120 [00:28<00:19,  2.78it/s]
train:  56%|█████▌    | 67/120 [00:29<00:24,  2.20it/s]
train:  57%|█████▋    | 68/120 [00:29<00:18,  2.81it/s]
train:  57%|█████▊    | 69/120 [00:29<00:22,  2.30it/s]
train:  58%|█████▊    | 70/120 [00:29<00:16,  2.96it/s]
train:  59%|█████▉    | 71/120 [00:30<00:21,  2.29it/s]
train:  61%|██████    | 73/120 [00:31<00:19,  2.36it/s]
train:  62%|██████▎   | 75/120 [00:32<00:17,  2.52it/s]
train:  64%|██████▍   | 77/120 [00:33<00:17,  2.44it/s]
train:  65%|██████▌   | 78/120 [00:33<00:14,  2.87it/s]
train:  66%|██████▌   | 79/120 [00:33<00:17,  2.39it/s]
train:  68%|██████▊   | 81/120 [00:34<00:15,  2.49it/s]
train:  69%|██████▉   | 83/120 [00:35<00:14,  2.49it/s]
train:  71%|███████   | 85/120 [00:36<00:13,  2.54it/s]
train:  72%|███████▎  | 87/120 [00:36<00:12,  2.60it/s]
train:  74%|███████▍  | 89/120 [00:37<00:11,  2.59it/s]
train:  76%|███████▌  | 91/120 [00:38<00:11,  2.60it/s]
train:  78%|███████▊  | 93/120 [00:39<00:10,  2.62it/s]
train:  78%|███████▊  | 94/120 [00:39<00:08,  3.01it/s]
train:  79%|███████▉  | 95/120 [00:39<00:09,  2.51it/s]
train:  80%|████████  | 96/120 [00:39<00:07,  3.02it/s]
train:  81%|████████  | 97/120 [00:40<00:09,  2.42it/s]
train:  82%|████████▏ | 98/120 [00:40<00:07,  3.01it/s]
train:  82%|████████▎ | 99/120 [00:41<00:08,  2.37it/s]
train:  83%|████████▎ | 100/120 [00:41<00:06,  3.01it/s]
train:  84%|████████▍ | 101/120 [00:42<00:08,  2.34it/s]
train:  85%|████████▌ | 102/120 [00:42<00:05,  3.01it/s]
train:  86%|████████▌ | 103/120 [00:42<00:07,  2.31it/s]
train:  87%|████████▋ | 104/120 [00:43<00:05,  2.97it/s]
train:  88%|████████▊ | 105/120 [00:43<00:06,  2.34it/s]
train:  88%|████████▊ | 106/120 [00:43<00:04,  3.02it/s]
train:  89%|████████▉ | 107/120 [00:44<00:05,  2.38it/s]
train:  90%|█████████ | 108/120 [00:44<00:03,  3.05it/s]
train:  91%|█████████ | 109/120 [00:45<00:04,  2.30it/s]
train:  92%|█████████▎| 111/120 [00:45<00:03,  2.46it/s]
train:  94%|█████████▍| 113/120 [00:46<00:02,  2.53it/s]
train:  95%|█████████▌| 114/120 [00:46<00:01,  3.03it/s]
train:  96%|█████████▌| 115/120 [00:47<00:02,  2.42it/s]
train:  97%|█████████▋| 116/120 [00:47<00:01,  2.99it/s]
train:  98%|█████████▊| 117/120 [00:48<00:01,  2.41it/s]
train:  99%|█████████▉| 119/120 [00:48<00:00,  2.54it/s]
train: 100%|██████████| 120/120 [00:49<00:00,  3.07it/s]
                                                        

eval:   0%|          | 0/30 [00:00<?, ?it/s]
eval:   3%|▎         | 1/30 [00:00<00:21,  1.36it/s]
eval:  10%|█         | 3/30 [00:01<00:11,  2.25it/s]
eval:  17%|█▋        | 5/30 [00:02<00:10,  2.48it/s]
eval:  23%|██▎       | 7/30 [00:02<00:08,  2.65it/s]
eval:  30%|███       | 9/30 [00:03<00:07,  2.72it/s]
eval:  37%|███▋      | 11/30 [00:04<00:06,  2.77it/s]
eval:  43%|████▎     | 13/30 [00:04<00:06,  2.81it/s]
eval:  50%|█████     | 15/30 [00:05<00:05,  2.81it/s]
eval:  57%|█████▋    | 17/30 [00:09<00:10,  1.21it/s]
eval:  63%|██████▎   | 19/30 [00:10<00:07,  1.47it/s]
eval:  70%|███████   | 21/30 [00:10<00:05,  1.72it/s]
eval:  77%|███████▋  | 23/30 [00:11<00:03,  1.97it/s]
eval:  83%|████████▎ | 25/30 [00:12<00:02,  2.15it/s]
eval:  90%|█████████ | 27/30 [00:12<00:01,  2.35it/s]
eval:  97%|█████████▋| 29/30 [00:13<00:00,  2.54it/s]
                                                     
Epoch 14 | stage 2 | train loss 0.2822 (cls 0.2822, ctr 0.0000) acc 0.9000 f1 0.8999 | val loss 1.8821 (cls 1.8821, ctr 0.0000) acc 0.7167 f1 0.6608 | lr [2.07e-04, 6.89e-06, 6.89e-06]

train:   0%|          | 0/120 [00:00<?, ?it/s]
train:   1%|          | 1/120 [00:00<01:44,  1.14it/s]
train:   2%|▏         | 2/120 [00:00<00:50,  2.33it/s]
train:   2%|▎         | 3/120 [00:01<01:01,  1.90it/s]
train:   3%|▎         | 4/120 [00:01<00:41,  2.80it/s]
train:   4%|▍         | 5/120 [00:02<00:51,  2.25it/s]
train:   5%|▌         | 6/120 [00:02<00:37,  3.03it/s]
train:   6%|▌         | 7/120 [00:03<00:51,  2.19it/s]
train:   7%|▋         | 8/120 [00:03<00:38,  2.90it/s]
train:   8%|▊         | 9/120 [00:03<00:48,  2.28it/s]
train:   9%|▉         | 11/120 [00:04<00:42,  2.54it/s]
train:  10%|█         | 12/120 [00:04<00:34,  3.11it/s]
train:  11%|█         | 13/120 [00:05<00:44,  2.38it/s]
train:  12%|█▏        | 14/120 [00:05<00:35,  2.98it/s]
train:  12%|█▎        | 15/120 [00:06<00:42,  2.48it/s]
train:  14%|█▍        | 17/120 [00:06<00:41,  2.47it/s]
train:  15%|█▌        | 18/120 [00:07<00:34,  2.99it/s]
train:  16%|█▌        | 19/120 [00:07<00:42,  2.37it/s]
train:  18%|█▊        | 21/120 [00:08<00:40,  2.46it/s]
train:  19%|█▉        | 23/120 [00:09<00:38,  2.50it/s]
train:  20%|██        | 24/120 [00:09<00:32,  2.95it/s]
train:  21%|██        | 25/120 [00:10<00:39,  2.39it/s]
train:  22%|██▎       | 27/120 [00:10<00:37,  2.50it/s]
train:  23%|██▎       | 28/120 [00:10<00:30,  2.98it/s]
train:  24%|██▍       | 29/120 [00:11<00:37,  2.43it/s]
train:  25%|██▌       | 30/120 [00:11<00:29,  3.01it/s]
train:  26%|██▌       | 31/120 [00:12<00:36,  2.41it/s]
train:  28%|██▊       | 33/120 [00:13<00:34,  2.50it/s]
train:  28%|██▊       | 34/120 [00:13<00:28,  3.03it/s]
train:  29%|██▉       | 35/120 [00:13<00:34,  2.46it/s]
train:  31%|███       | 37/120 [00:14<00:33,  2.48it/s]
train:  32%|███▏      | 38/120 [00:14<00:27,  2.98it/s]
train:  32%|███▎      | 39/120 [00:15<00:33,  2.40it/s]
train:  33%|███▎      | 40/120 [00:15<00:26,  2.99it/s]
train:  34%|███▍      | 41/120 [00:16<00:32,  2.44it/s]
train:  36%|███▌      | 43/120 [00:16<00:31,  2.45it/s]
train:  37%|███▋      | 44/120 [00:16<00:25,  2.97it/s]
train:  38%|███▊      | 45/120 [00:17<00:30,  2.48it/s]
train:  39%|███▉      | 47/120 [00:18<00:29,  2.47it/s]
train:  40%|████      | 48/120 [00:18<00:24,  2.99it/s]
train:  41%|████      | 49/120 [00:19<00:30,  2.35it/s]
train:  42%|████▎     | 51/120 [00:19<00:28,  2.45it/s]
train:  44%|████▍     | 53/120 [00:20<00:26,  2.51it/s]
train:  46%|████▌     | 55/120 [00:21<00:25,  2.53it/s]
train:  48%|████▊     | 57/120 [00:22<00:24,  2.58it/s]
train:  48%|████▊     | 58/120 [00:22<00:20,  3.01it/s]
train:  49%|████▉     | 59/120 [00:23<00:25,  2.40it/s]
train:  50%|█████     | 60/120 [00:23<00:20,  2.92it/s]
train:  51%|█████     | 61/120 [00:23<00:24,  2.38it/s]
train:  52%|█████▎    | 63/120 [00:24<00:22,  2.50it/s]
train:  53%|█████▎    | 64/120 [00:24<00:18,  3.01it/s]
train:  54%|█████▍    | 65/120 [00:25<00:22,  2.45it/s]
train:  55%|█████▌    | 66/120 [00:25<00:18,  2.99it/s]
train:  56%|█████▌    | 67/120 [00:26<00:22,  2.34it/s]
train:  57%|█████▊    | 69/120 [00:26<00:20,  2.47it/s]
train:  58%|█████▊    | 70/120 [00:26<00:16,  2.99it/s]
train:  59%|█████▉    | 71/120 [00:27<00:20,  2.44it/s]
train:  61%|██████    | 73/120 [00:31<00:47,  1.02s/it]
train:  62%|██████▏   | 74/120 [00:31<00:37,  1.23it/s]
train:  62%|██████▎   | 75/120 [00:32<00:34,  1.29it/s]
train:  63%|██████▎   | 76/120 [00:32<00:26,  1.67it/s]
train:  64%|██████▍   | 77/120 [00:32<00:26,  1.60it/s]
train:  66%|██████▌   | 79/120 [00:33<00:21,  1.95it/s]
train:  68%|██████▊   | 81/120 [00:34<00:18,  2.13it/s]
train:  68%|██████▊   | 82/120 [00:34<00:14,  2.55it/s]
train:  69%|██████▉   | 83/120 [00:35<00:17,  2.16it/s]
train:  70%|███████   | 84/120 [00:35<00:13,  2.68it/s]
train:  71%|███████   | 85/120 [00:35<00:15,  2.30it/s]
train:  72%|███████▏  | 86/120 [00:36<00:11,  2.90it/s]
train:  72%|███████▎  | 87/120 [00:36<00:14,  2.31it/s]
train:  73%|███████▎  | 88/120 [00:36<00:10,  2.95it/s]
train:  74%|███████▍  | 89/120 [00:37<00:13,  2.28it/s]
train:  76%|███████▌  | 91/120 [00:38<00:11,  2.42it/s]
train:  77%|███████▋  | 92/120 [00:38<00:09,  2.96it/s]
train:  78%|███████▊  | 93/120 [00:39<00:11,  2.39it/s]
train:  78%|███████▊  | 94/120 [00:39<00:08,  2.99it/s]
train:  79%|███████▉  | 95/120 [00:39<00:10,  2.33it/s]
train:  80%|████████  | 96/120 [00:39<00:08,  2.95it/s]
train:  81%|████████  | 97/120 [00:40<00:10,  2.23it/s]
train:  82%|████████▏ | 98/120 [00:40<00:07,  2.88it/s]
train:  82%|████████▎ | 99/120 [00:41<00:08,  2.34it/s]
train:  83%|████████▎ | 100/120 [00:41<00:06,  2.99it/s]
train:  84%|████████▍ | 101/120 [00:42<00:08,  2.34it/s]
train:  85%|████████▌ | 102/120 [00:42<00:05,  3.03it/s]
train:  86%|████████▌ | 103/120 [00:42<00:07,  2.30it/s]
train:  88%|████████▊ | 105/120 [00:43<00:06,  2.37it/s]
train:  88%|████████▊ | 106/120 [00:43<00:04,  2.91it/s]
train:  89%|████████▉ | 107/120 [00:44<00:05,  2.37it/s]
train:  90%|█████████ | 108/120 [00:44<00:04,  2.97it/s]
train:  91%|█████████ | 109/120 [00:45<00:04,  2.37it/s]
train:  92%|█████████▏| 110/120 [00:45<00:03,  3.00it/s]
train:  92%|█████████▎| 111/120 [00:45<00:03,  2.38it/s]
train:  93%|█████████▎| 112/120 [00:46<00:02,  3.04it/s]
train:  94%|█████████▍| 113/120 [00:46<00:02,  2.35it/s]
train:  95%|█████████▌| 114/120 [00:46<00:01,  3.03it/s]
train:  96%|█████████▌| 115/120 [00:47<00:02,  2.28it/s]
train:  98%|█████████▊| 117/120 [00:48<00:01,  2.39it/s]
train:  99%|█████████▉| 119/120 [00:49<00:00,  2.48it/s]
train: 100%|██████████| 120/120 [00:49<00:00,  2.95it/s]
                                                        

eval:   0%|          | 0/30 [00:00<?, ?it/s]
eval:   3%|▎         | 1/30 [00:00<00:21,  1.34it/s]
eval:  10%|█         | 3/30 [00:01<00:12,  2.24it/s]
eval:  17%|█▋        | 5/30 [00:02<00:10,  2.49it/s]
eval:  23%|██▎       | 7/30 [00:02<00:08,  2.66it/s]
eval:  30%|███       | 9/30 [00:03<00:07,  2.71it/s]
eval:  37%|███▋      | 11/30 [00:04<00:06,  2.78it/s]
eval:  43%|████▎     | 13/30 [00:04<00:06,  2.83it/s]
eval:  50%|█████     | 15/30 [00:05<00:05,  2.83it/s]
eval:  57%|█████▋    | 17/30 [00:06<00:04,  2.80it/s]
eval:  63%|██████▎   | 19/30 [00:07<00:03,  2.85it/s]
eval:  70%|███████   | 21/30 [00:07<00:03,  2.82it/s]
eval:  77%|███████▋  | 23/30 [00:08<00:02,  2.83it/s]
eval:  83%|████████▎ | 25/30 [00:09<00:01,  2.80it/s]
eval:  90%|█████████ | 27/30 [00:09<00:01,  2.86it/s]
eval:  97%|█████████▋| 29/30 [00:10<00:00,  2.93it/s]
                                                     
Epoch 15 | stage 2 | train loss 0.2049 (cls 0.2049, ctr 0.0000) acc 0.9229 f1 0.9256 | val loss 1.7559 (cls 1.7559, ctr 0.0000) acc 0.7167 f1 0.6770 | lr [1.90e-04, 6.34e-06, 6.34e-06]

train:   0%|          | 0/120 [00:00<?, ?it/s]
train:   1%|          | 1/120 [00:00<01:41,  1.17it/s]
train:   2%|▏         | 2/120 [00:00<00:48,  2.43it/s]
train:   2%|▎         | 3/120 [00:01<01:03,  1.86it/s]
train:   3%|▎         | 4/120 [00:01<00:42,  2.73it/s]
train:   4%|▍         | 5/120 [00:02<00:53,  2.17it/s]
train:   5%|▌         | 6/120 [00:02<00:38,  2.93it/s]
train:   6%|▌         | 7/120 [00:03<00:50,  2.23it/s]
train:   7%|▋         | 8/120 [00:03<00:38,  2.94it/s]
train:   8%|▊         | 9/120 [00:06<02:30,  1.36s/it]
train:   8%|▊         | 10/120 [00:06<01:47,  1.03it/s]
train:   9%|▉         | 11/120 [00:07<01:35,  1.14it/s]
train:  10%|█         | 12/120 [00:07<01:09,  1.56it/s]
train:  11%|█         | 13/120 [00:08<01:10,  1.53it/s]
train:  12%|█▎        | 15/120 [00:09<00:56,  1.84it/s]
train:  13%|█▎        | 16/120 [00:09<00:45,  2.31it/s]
train:  14%|█▍        | 17/120 [00:10<00:50,  2.04it/s]
train:  16%|█▌        | 19/120 [00:10<00:44,  2.26it/s]
train:  17%|█▋        | 20/120 [00:10<00:36,  2.74it/s]
train:  18%|█▊        | 21/120 [00:11<00:45,  2.20it/s]
train:  18%|█▊        | 22/120 [00:11<00:35,  2.76it/s]
train:  19%|█▉        | 23/120 [00:12<00:43,  2.21it/s]
train:  21%|██        | 25/120 [00:13<00:40,  2.35it/s]
train:  22%|██▎       | 27/120 [00:13<00:38,  2.44it/s]
train:  23%|██▎       | 28/120 [00:14<00:31,  2.91it/s]
train:  24%|██▍       | 29/120 [00:14<00:38,  2.37it/s]
train:  25%|██▌       | 30/120 [00:14<00:30,  2.91it/s]
train:  26%|██▌       | 31/120 [00:15<00:37,  2.35it/s]
train:  27%|██▋       | 32/120 [00:15<00:29,  2.96it/s]
train:  28%|██▊       | 33/120 [00:16<00:37,  2.34it/s]
train:  28%|██▊       | 34/120 [00:16<00:28,  2.99it/s]
train:  29%|██▉       | 35/120 [00:16<00:35,  2.37it/s]
train:  30%|███       | 36/120 [00:17<00:27,  3.04it/s]
train:  31%|███       | 37/120 [00:17<00:34,  2.39it/s]
train:  32%|███▎      | 39/120 [00:18<00:32,  2.51it/s]
train:  33%|███▎      | 40/120 [00:18<00:26,  3.07it/s]
train:  34%|███▍      | 41/120 [00:19<00:33,  2.39it/s]
train:  35%|███▌      | 42/120 [00:19<00:26,  3.00it/s]
train:  36%|███▌      | 43/120 [00:20<00:32,  2.37it/s]
train:  38%|███▊      | 45/120 [00:20<00:30,  2.44it/s]
train:  39%|███▉      | 47/120 [00:21<00:29,  2.51it/s]
train:  41%|████      | 49/120 [00:22<00:27,  2.59it/s]
train:  42%|████▏     | 50/120 [00:22<00:23,  3.03it/s]
train:  42%|████▎     | 51/120 [00:23<00:27,  2.48it/s]
train:  44%|████▍     | 53/120 [00:23<00:26,  2.55it/s]
train:  45%|████▌     | 54/120 [00:23<00:21,  3.04it/s]
train:  46%|████▌     | 55/120 [00:24<00:26,  2.46it/s]
train:  47%|████▋     | 56/120 [00:24<00:21,  3.04it/s]
train:  48%|████▊     | 57/120 [00:25<00:26,  2.39it/s]
train:  49%|████▉     | 59/120 [00:26<00:24,  2.49it/s]
train:  50%|█████     | 60/120 [00:26<00:19,  3.01it/s]
train:  51%|█████     | 61/120 [00:26<00:24,  2.40it/s]
train:  52%|█████▏    | 62/120 [00:26<00:19,  3.00it/s]
train:  52%|█████▎    | 63/120 [00:27<00:24,  2.31it/s]
train:  54%|█████▍    | 65/120 [00:28<00:22,  2.47it/s]
train:  55%|█████▌    | 66/120 [00:28<00:18,  3.00it/s]
train:  56%|█████▌    | 67/120 [00:29<00:21,  2.45it/s]
train:  57%|█████▋    | 68/120 [00:29<00:17,  3.03it/s]
train:  57%|█████▊    | 69/120 [00:29<00:21,  2.41it/s]
train:  58%|█████▊    | 70/120 [00:29<00:16,  3.04it/s]
train:  59%|█████▉    | 71/120 [00:30<00:21,  2.33it/s]
train:  61%|██████    | 73/120 [00:31<00:18,  2.48it/s]
train:  62%|██████▎   | 75/120 [00:32<00:18,  2.50it/s]
train:  64%|██████▍   | 77/120 [00:32<00:17,  2.52it/s]
train:  65%|██████▌   | 78/120 [00:33<00:14,  2.97it/s]
train:  66%|██████▌   | 79/120 [00:33<00:16,  2.51it/s]
train:  68%|██████▊   | 81/120 [00:34<00:15,  2.53it/s]
train:  69%|██████▉   | 83/120 [00:35<00:14,  2.56it/s]
train:  71%|███████   | 85/120 [00:36<00:13,  2.56it/s]
train:  72%|███████▎  | 87/120 [00:36<00:13,  2.54it/s]
train:  73%|███████▎  | 88/120 [00:36<00:10,  2.94it/s]
train:  74%|███████▍  | 89/120 [00:37<00:12,  2.46it/s]
train:  75%|███████▌  | 90/120 [00:37<00:10,  2.96it/s]
train:  76%|███████▌  | 91/120 [00:38<00:12,  2.28it/s]
train:  77%|███████▋  | 92/120 [00:38<00:09,  2.87it/s]
train:  78%|███████▊  | 93/120 [00:39<00:11,  2.30it/s]
train:  78%|███████▊  | 94/120 [00:39<00:08,  2.92it/s]
train:  79%|███████▉  | 95/120 [00:42<00:31,  1.28s/it]
train:  80%|████████  | 96/120 [00:43<00:22,  1.07it/s]
train:  81%|████████  | 97/120 [00:43<00:19,  1.19it/s]
train:  82%|████████▏ | 98/120 [00:43<00:13,  1.60it/s]
train:  82%|████████▎ | 99/120 [00:44<00:13,  1.55it/s]
train:  84%|████████▍ | 101/120 [00:45<00:10,  1.90it/s]
train:  85%|████████▌ | 102/120 [00:45<00:07,  2.36it/s]
train:  86%|████████▌ | 103/120 [00:46<00:08,  2.04it/s]
train:  87%|████████▋ | 104/120 [00:46<00:06,  2.59it/s]
train:  88%|████████▊ | 105/120 [00:46<00:06,  2.22it/s]
train:  89%|████████▉ | 107/120 [00:47<00:05,  2.35it/s]
train:  91%|█████████ | 109/120 [00:48<00:04,  2.47it/s]
train:  92%|█████████▏| 110/120 [00:48<00:03,  2.93it/s]
train:  92%|█████████▎| 111/120 [00:49<00:03,  2.43it/s]
train:  94%|█████████▍| 113/120 [00:49<00:02,  2.54it/s]
train:  95%|█████████▌| 114/120 [00:49<00:01,  3.03it/s]
train:  96%|█████████▌| 115/120 [00:50<00:02,  2.43it/s]
train:  98%|█████████▊| 117/120 [00:51<00:01,  2.45it/s]
train:  98%|█████████▊| 118/120 [00:51<00:00,  2.95it/s]
train:  99%|█████████▉| 119/120 [00:52<00:00,  2.42it/s]
                                                        

eval:   0%|          | 0/30 [00:00<?, ?it/s]
eval:   3%|▎         | 1/30 [00:00<00:21,  1.38it/s]
eval:  10%|█         | 3/30 [00:01<00:11,  2.26it/s]
eval:  17%|█▋        | 5/30 [00:02<00:10,  2.49it/s]
eval:  23%|██▎       | 7/30 [00:02<00:08,  2.66it/s]
eval:  30%|███       | 9/30 [00:03<00:07,  2.73it/s]
eval:  37%|███▋      | 11/30 [00:04<00:06,  2.78it/s]
eval:  43%|████▎     | 13/30 [00:04<00:06,  2.82it/s]
eval:  50%|█████     | 15/30 [00:05<00:05,  2.82it/s]
eval:  57%|█████▋    | 17/30 [00:06<00:04,  2.79it/s]
eval:  63%|██████▎   | 19/30 [00:07<00:03,  2.84it/s]
eval:  70%|███████   | 21/30 [00:07<00:03,  2.83it/s]
eval:  77%|███████▋  | 23/30 [00:08<00:02,  2.83it/s]
eval:  83%|████████▎ | 25/30 [00:09<00:01,  2.79it/s]
eval:  90%|█████████ | 27/30 [00:09<00:01,  2.88it/s]
eval:  97%|█████████▋| 29/30 [00:10<00:00,  2.92it/s]
                                                     
Epoch 16 | stage 2 | train loss 0.2283 (cls 0.2283, ctr 0.0000) acc 0.9187 f1 0.9183 | val loss 1.8455 (cls 1.8455, ctr 0.0000) acc 0.7000 f1 0.6577 | lr [1.73e-04, 5.78e-06, 5.78e-06]

train:   0%|          | 0/120 [00:00<?, ?it/s]
train:   1%|          | 1/120 [00:00<01:44,  1.14it/s]
train:   2%|▏         | 2/120 [00:00<00:50,  2.36it/s]
train:   2%|▎         | 3/120 [00:01<01:03,  1.85it/s]
train:   3%|▎         | 4/120 [00:01<00:42,  2.71it/s]
train:   4%|▍         | 5/120 [00:02<00:55,  2.08it/s]
train:   5%|▌         | 6/120 [00:02<00:40,  2.84it/s]
train:   6%|▌         | 7/120 [00:03<00:50,  2.24it/s]
train:   7%|▋         | 8/120 [00:03<00:38,  2.94it/s]
train:   8%|▊         | 9/120 [00:03<00:49,  2.26it/s]
train:   9%|▉         | 11/120 [00:04<00:45,  2.39it/s]
train:  10%|█         | 12/120 [00:04<00:36,  2.94it/s]
train:  11%|█         | 13/120 [00:05<00:45,  2.36it/s]
train:  12%|█▏        | 14/120 [00:05<00:35,  2.98it/s]
train:  12%|█▎        | 15/120 [00:06<00:44,  2.35it/s]
train:  13%|█▎        | 16/120 [00:06<00:34,  3.01it/s]
train:  14%|█▍        | 17/120 [00:07<00:42,  2.40it/s]
train:  15%|█▌        | 18/120 [00:07<00:33,  3.07it/s]
train:  16%|█▌        | 19/120 [00:07<00:43,  2.33it/s]
train:  18%|█▊        | 21/120 [00:08<00:41,  2.40it/s]
train:  18%|█▊        | 22/120 [00:08<00:33,  2.95it/s]
train:  19%|█▉        | 23/120 [00:09<00:41,  2.33it/s]
train:  21%|██        | 25/120 [00:10<00:39,  2.41it/s]
train:  22%|██▏       | 26/120 [00:10<00:32,  2.91it/s]
train:  22%|██▎       | 27/120 [00:10<00:38,  2.39it/s]
train:  23%|██▎       | 28/120 [00:11<00:30,  2.99it/s]
train:  24%|██▍       | 29/120 [00:11<00:39,  2.32it/s]
train:  25%|██▌       | 30/120 [00:11<00:30,  2.93it/s]
train:  26%|██▌       | 31/120 [00:15<01:52,  1.27s/it]
train:  28%|██▊       | 33/120 [00:16<01:15,  1.15it/s]
train:  28%|██▊       | 34/120 [00:16<00:59,  1.46it/s]
train:  29%|██▉       | 35/120 [00:16<00:57,  1.49it/s]
train:  30%|███       | 36/120 [00:17<00:43,  1.92it/s]
train:  31%|███       | 37/120 [00:17<00:46,  1.79it/s]
train:  32%|███▎      | 39/120 [00:18<00:39,  2.06it/s]
train:  33%|███▎      | 40/120 [00:18<00:31,  2.55it/s]
train:  34%|███▍      | 41/120 [00:19<00:36,  2.16it/s]
train:  35%|███▌      | 42/120 [00:19<00:28,  2.73it/s]
train:  36%|███▌      | 43/120 [00:19<00:34,  2.26it/s]
train:  37%|███▋      | 44/120 [00:20<00:26,  2.88it/s]
train:  38%|███▊      | 45/120 [00:20<00:32,  2.31it/s]
train:  38%|███▊      | 46/120 [00:20<00:25,  2.96it/s]
train:  39%|███▉      | 47/120 [00:21<00:31,  2.33it/s]
train:  41%|████      | 49/120 [00:22<00:29,  2.43it/s]
train:  42%|████▏     | 50/120 [00:22<00:23,  2.96it/s]
train:  42%|████▎     | 51/120 [00:23<00:29,  2.34it/s]
train:  43%|████▎     | 52/120 [00:23<00:23,  2.94it/s]
train:  44%|████▍     | 53/120 [00:23<00:28,  2.35it/s]
train:  45%|████▌     | 54/120 [00:23<00:22,  2.99it/s]
train:  46%|████▌     | 55/120 [00:24<00:27,  2.33it/s]
train:  47%|████▋     | 56/120 [00:24<00:21,  2.99it/s]
train:  48%|████▊     | 57/120 [00:25<00:27,  2.25it/s]
train:  49%|████▉     | 59/120 [00:26<00:25,  2.35it/s]
train:  51%|█████     | 61/120 [00:26<00:23,  2.52it/s]
train:  52%|█████▎    | 63/120 [00:27<00:21,  2.59it/s]
train:  54%|█████▍    | 65/120 [00:28<00:20,  2.67it/s]
train:  56%|█████▌    | 67/120 [00:29<00:20,  2.64it/s]
train:  57%|█████▋    | 68/120 [00:29<00:17,  3.04it/s]
train:  57%|█████▊    | 69/120 [00:29<00:20,  2.54it/s]
train:  59%|█████▉    | 71/120 [00:30<00:19,  2.51it/s]
train:  60%|██████    | 72/120 [00:30<00:16,  2.97it/s]
train:  61%|██████    | 73/120 [00:31<00:19,  2.47it/s]
train:  62%|██████▏   | 74/120 [00:31<00:15,  3.02it/s]
train:  62%|██████▎   | 75/120 [00:32<00:18,  2.39it/s]
train:  63%|██████▎   | 76/120 [00:32<00:14,  2.97it/s]
train:  64%|██████▍   | 77/120 [00:32<00:17,  2.40it/s]
train:  65%|██████▌   | 78/120 [00:33<00:13,  3.04it/s]
train:  66%|██████▌   | 79/120 [00:33<00:17,  2.38it/s]
train:  67%|██████▋   | 80/120 [00:33<00:13,  2.87it/s]
train:  68%|██████▊   | 81/120 [00:34<00:16,  2.40it/s]
train:  68%|██████▊   | 82/120 [00:34<00:13,  2.86it/s]
train:  69%|██████▉   | 83/120 [00:35<00:15,  2.39it/s]
train:  70%|███████   | 84/120 [00:35<00:12,  2.81it/s]
train:  71%|███████   | 85/120 [00:35<00:14,  2.49it/s]
train:  72%|███████▏  | 86/120 [00:36<00:12,  2.82it/s]
train:  72%|███████▎  | 87/120 [00:36<00:13,  2.37it/s]
train:  73%|███████▎  | 88/120 [00:36<00:11,  2.73it/s]
train:  74%|███████▍  | 89/120 [00:37<00:12,  2.42it/s]
train:  75%|███████▌  | 90/120 [00:37<00:10,  2.77it/s]
train:  76%|███████▌  | 91/120 [00:38<00:11,  2.45it/s]
train:  77%|███████▋  | 92/120 [00:38<00:10,  2.75it/s]
train:  78%|███████▊  | 93/120 [00:39<00:10,  2.51it/s]
train:  78%|███████▊  | 94/120 [00:39<00:09,  2.75it/s]
train:  79%|███████▉  | 95/120 [00:39<00:10,  2.42it/s]
train:  80%|████████  | 96/120 [00:39<00:08,  2.91it/s]
train:  81%|████████  | 97/120 [00:40<00:09,  2.50it/s]
train:  82%|████████▏ | 98/120 [00:40<00:07,  2.84it/s]
train:  82%|████████▎ | 99/120 [00:41<00:08,  2.42it/s]
train:  83%|████████▎ | 100/120 [00:41<00:06,  2.87it/s]
train:  84%|████████▍ | 101/120 [00:42<00:07,  2.45it/s]
train:  85%|████████▌ | 102/120 [00:42<00:06,  2.92it/s]
train:  86%|████████▌ | 103/120 [00:42<00:07,  2.38it/s]
train:  87%|████████▋ | 104/120 [00:43<00:05,  2.87it/s]
train:  88%|████████▊ | 105/120 [00:43<00:06,  2.40it/s]
train:  88%|████████▊ | 106/120 [00:43<00:04,  2.81it/s]
train:  89%|████████▉ | 107/120 [00:44<00:05,  2.48it/s]
train:  90%|█████████ | 108/120 [00:44<00:04,  2.79it/s]
train:  91%|█████████ | 109/120 [00:45<00:04,  2.38it/s]
train:  92%|█████████▏| 110/120 [00:45<00:03,  2.81it/s]
train:  92%|█████████▎| 111/120 [00:45<00:03,  2.36it/s]
train:  93%|█████████▎| 112/120 [00:46<00:02,  2.92it/s]
train:  94%|█████████▍| 113/120 [00:46<00:02,  2.35it/s]
train:  96%|█████████▌| 115/120 [00:47<00:01,  2.51it/s]
train:  97%|█████████▋| 116/120 [00:50<00:04,  1.08s/it]
train:  98%|█████████▊| 117/120 [00:51<00:02,  1.04it/s]
train:  98%|█████████▊| 118/120 [00:51<00:01,  1.34it/s]
train:  99%|█████████▉| 119/120 [00:52<00:00,  1.38it/s]
train: 100%|██████████| 120/120 [00:52<00:00,  1.80it/s]
                                                        

eval:   0%|          | 0/30 [00:00<?, ?it/s]
eval:   3%|▎         | 1/30 [00:00<00:20,  1.38it/s]
eval:  10%|█         | 3/30 [00:01<00:11,  2.29it/s]
eval:  17%|█▋        | 5/30 [00:02<00:09,  2.54it/s]
eval:  23%|██▎       | 7/30 [00:02<00:08,  2.72it/s]
eval:  30%|███       | 9/30 [00:03<00:07,  2.75it/s]
eval:  37%|███▋      | 11/30 [00:04<00:06,  2.80it/s]
eval:  43%|████▎     | 13/30 [00:04<00:05,  2.84it/s]
eval:  50%|█████     | 15/30 [00:05<00:05,  2.85it/s]
eval:  57%|█████▋    | 17/30 [00:06<00:04,  2.80it/s]
eval:  63%|██████▎   | 19/30 [00:06<00:03,  2.87it/s]
eval:  70%|███████   | 21/30 [00:07<00:03,  2.85it/s]
eval:  77%|███████▋  | 23/30 [00:08<00:02,  2.85it/s]
eval:  83%|████████▎ | 25/30 [00:09<00:01,  2.81it/s]
eval:  90%|█████████ | 27/30 [00:09<00:01,  2.90it/s]
eval:  97%|█████████▋| 29/30 [00:10<00:00,  2.95it/s]
                                                     
Epoch 17 | stage 2 | train loss 0.2702 (cls 0.2702, ctr 0.0000) acc 0.8969 f1 0.8998 | val loss 2.0196 (cls 2.0196, ctr 0.0000) acc 0.6875 f1 0.6532 | lr [1.57e-04, 5.22e-06, 5.22e-06]

train:   0%|          | 0/120 [00:00<?, ?it/s]
train:   1%|          | 1/120 [00:00<01:42,  1.16it/s]
train:   2%|▏         | 2/120 [00:00<00:48,  2.41it/s]
train:   2%|▎         | 3/120 [00:01<01:02,  1.88it/s]
train:   3%|▎         | 4/120 [00:01<00:42,  2.74it/s]
train:   4%|▍         | 5/120 [00:02<00:53,  2.15it/s]
train:   6%|▌         | 7/120 [00:03<00:48,  2.34it/s]
train:   7%|▋         | 8/120 [00:03<00:38,  2.93it/s]
train:   8%|▊         | 9/120 [00:03<00:47,  2.34it/s]
train:   9%|▉         | 11/120 [00:04<00:43,  2.51it/s]
train:  10%|█         | 12/120 [00:04<00:35,  3.04it/s]
train:  11%|█         | 13/120 [00:05<00:44,  2.40it/s]
train:  12%|█▎        | 15/120 [00:06<00:42,  2.46it/s]
train:  13%|█▎        | 16/120 [00:06<00:34,  2.97it/s]
train:  14%|█▍        | 17/120 [00:07<00:43,  2.35it/s]
train:  16%|█▌        | 19/120 [00:07<00:41,  2.46it/s]
train:  18%|█▊        | 21/120 [00:08<00:38,  2.55it/s]
train:  19%|█▉        | 23/120 [00:09<00:37,  2.57it/s]
train:  20%|██        | 24/120 [00:09<00:32,  3.00it/s]
train:  21%|██        | 25/120 [00:10<00:38,  2.48it/s]
train:  22%|██▎       | 27/120 [00:10<00:36,  2.54it/s]
train:  24%|██▍       | 29/120 [00:11<00:37,  2.46it/s]
train:  26%|██▌       | 31/120 [00:12<00:35,  2.54it/s]
train:  27%|██▋       | 32/120 [00:12<00:29,  2.96it/s]
train:  28%|██▊       | 33/120 [00:13<00:35,  2.43it/s]
train:  28%|██▊       | 34/120 [00:13<00:29,  2.94it/s]
train:  29%|██▉       | 35/120 [00:13<00:35,  2.39it/s]
train:  30%|███       | 36/120 [00:14<00:28,  2.97it/s]
train:  31%|███       | 37/120 [00:14<00:35,  2.35it/s]
train:  32%|███▏      | 38/120 [00:14<00:27,  2.98it/s]
train:  32%|███▎      | 39/120 [00:15<00:34,  2.34it/s]
train:  33%|███▎      | 40/120 [00:15<00:26,  3.01it/s]
train:  34%|███▍      | 41/120 [00:16<00:32,  2.43it/s]
train:  35%|███▌      | 42/120 [00:16<00:25,  3.11it/s]
train:  36%|███▌      | 43/120 [00:16<00:33,  2.27it/s]
train:  38%|███▊      | 45/120 [00:17<00:30,  2.44it/s]
train:  39%|███▉      | 47/120 [00:18<00:28,  2.54it/s]
train:  41%|████      | 49/120 [00:19<00:27,  2.57it/s]
train:  42%|████▏     | 50/120 [00:19<00:23,  3.02it/s]
train:  42%|████▎     | 51/120 [00:19<00:27,  2.49it/s]
train:  43%|████▎     | 52/120 [00:20<00:22,  3.02it/s]
train:  44%|████▍     | 53/120 [00:23<01:18,  1.17s/it]
train:  45%|████▌     | 54/120 [00:23<00:58,  1.13it/s]
train:  46%|████▌     | 55/120 [00:24<00:55,  1.17it/s]
train:  48%|████▊     | 57/120 [00:25<00:40,  1.55it/s]
train:  48%|████▊     | 58/120 [00:25<00:31,  1.94it/s]
train:  49%|████▉     | 59/120 [00:26<00:33,  1.84it/s]
train:  50%|█████     | 60/120 [00:26<00:25,  2.34it/s]
train:  51%|█████     | 61/120 [00:26<00:29,  2.01it/s]
train:  52%|█████▏    | 62/120 [00:26<00:22,  2.57it/s]
train:  52%|█████▎    | 63/120 [00:27<00:25,  2.20it/s]
train:  53%|█████▎    | 64/120 [00:27<00:19,  2.83it/s]
train:  54%|█████▍    | 65/120 [00:28<00:24,  2.26it/s]
train:  56%|█████▌    | 67/120 [00:29<00:22,  2.31it/s]
train:  57%|█████▊    | 69/120 [00:29<00:20,  2.49it/s]
train:  59%|█████▉    | 71/120 [00:30<00:19,  2.48it/s]
train:  60%|██████    | 72/120 [00:30<00:16,  2.92it/s]
train:  61%|██████    | 73/120 [00:31<00:19,  2.46it/s]
train:  62%|██████▏   | 74/120 [00:31<00:15,  3.00it/s]
train:  62%|██████▎   | 75/120 [00:32<00:17,  2.52it/s]
train:  63%|██████▎   | 76/120 [00:32<00:14,  3.13it/s]
train:  64%|██████▍   | 77/120 [00:32<00:17,  2.40it/s]
train:  66%|██████▌   | 79/120 [00:33<00:16,  2.49it/s]
train:  67%|██████▋   | 80/120 [00:33<00:13,  3.03it/s]
train:  68%|██████▊   | 81/120 [00:34<00:16,  2.38it/s]
train:  68%|██████▊   | 82/120 [00:34<00:12,  2.98it/s]
train:  69%|██████▉   | 83/120 [00:35<00:16,  2.30it/s]
train:  71%|███████   | 85/120 [00:36<00:14,  2.37it/s]
train:  72%|███████▎  | 87/120 [00:36<00:13,  2.43it/s]
train:  73%|███████▎  | 88/120 [00:36<00:11,  2.89it/s]
train:  74%|███████▍  | 89/120 [00:37<00:13,  2.38it/s]
train:  75%|███████▌  | 90/120 [00:37<00:10,  2.93it/s]
train:  76%|███████▌  | 91/120 [00:38<00:12,  2.32it/s]
train:  78%|███████▊  | 93/120 [00:39<00:11,  2.40it/s]
train:  79%|███████▉  | 95/120 [00:39<00:10,  2.46it/s]
train:  80%|████████  | 96/120 [00:40<00:08,  2.92it/s]
train:  81%|████████  | 97/120 [00:40<00:09,  2.47it/s]
train:  82%|████████▎ | 99/120 [00:41<00:08,  2.43it/s]
train:  83%|████████▎ | 100/120 [00:41<00:06,  2.92it/s]
train:  84%|████████▍ | 101/120 [00:42<00:08,  2.35it/s]
train:  85%|████████▌ | 102/120 [00:42<00:06,  2.92it/s]
train:  86%|████████▌ | 103/120 [00:43<00:07,  2.36it/s]
train:  87%|████████▋ | 104/120 [00:43<00:05,  2.98it/s]
train:  88%|████████▊ | 105/120 [00:43<00:06,  2.33it/s]
train:  88%|████████▊ | 106/120 [00:43<00:04,  2.96it/s]
train:  89%|████████▉ | 107/120 [00:44<00:05,  2.38it/s]
train:  90%|█████████ | 108/120 [00:44<00:03,  3.06it/s]
train:  91%|█████████ | 109/120 [00:45<00:04,  2.26it/s]
train:  92%|█████████▎| 111/120 [00:46<00:03,  2.49it/s]
train:  93%|█████████▎| 112/120 [00:46<00:02,  3.04it/s]
train:  94%|█████████▍| 113/120 [00:46<00:02,  2.43it/s]
train:  95%|█████████▌| 114/120 [00:46<00:01,  3.05it/s]
train:  96%|█████████▌| 115/120 [00:47<00:02,  2.34it/s]
train:  97%|█████████▋| 116/120 [00:47<00:01,  2.99it/s]
train:  98%|█████████▊| 117/120 [00:48<00:01,  2.30it/s]
train:  98%|█████████▊| 118/120 [00:48<00:00,  2.95it/s]
train:  99%|█████████▉| 119/120 [00:49<00:00,  2.39it/s]
                                                        

eval:   0%|          | 0/30 [00:00<?, ?it/s]
eval:   3%|▎         | 1/30 [00:00<00:21,  1.32it/s]
eval:  10%|█         | 3/30 [00:01<00:12,  2.23it/s]
eval:  17%|█▋        | 5/30 [00:02<00:10,  2.46it/s]
eval:  23%|██▎       | 7/30 [00:02<00:08,  2.65it/s]
eval:  30%|███       | 9/30 [00:03<00:07,  2.72it/s]
eval:  37%|███▋      | 11/30 [00:04<00:06,  2.80it/s]
eval:  43%|████▎     | 13/30 [00:04<00:06,  2.82it/s]
eval:  50%|█████     | 15/30 [00:05<00:05,  2.83it/s]
eval:  57%|█████▋    | 17/30 [00:06<00:04,  2.83it/s]
eval:  63%|██████▎   | 19/30 [00:09<00:08,  1.23it/s]
eval:  70%|███████   | 21/30 [00:10<00:06,  1.50it/s]
eval:  77%|███████▋  | 23/30 [00:11<00:04,  1.75it/s]
eval:  83%|████████▎ | 25/30 [00:12<00:02,  1.96it/s]
eval:  90%|█████████ | 27/30 [00:12<00:01,  2.21it/s]
eval:  97%|█████████▋| 29/30 [00:13<00:00,  2.42it/s]
                                                     
Epoch 18 | stage 2 | train loss 0.3186 (cls 0.3186, ctr 0.0000) acc 0.8813 f1 0.8836 | val loss 1.8944 (cls 1.8944, ctr 0.0000) acc 0.7042 f1 0.6717 | lr [1.40e-04, 4.66e-06, 4.66e-06]

train:   0%|          | 0/120 [00:00<?, ?it/s]
train:   1%|          | 1/120 [00:00<01:45,  1.12it/s]
train:   2%|▏         | 2/120 [00:01<00:51,  2.30it/s]
train:   2%|▎         | 3/120 [00:01<01:04,  1.81it/s]
train:   4%|▍         | 5/120 [00:02<00:53,  2.15it/s]
train:   6%|▌         | 7/120 [00:03<00:48,  2.33it/s]
train:   8%|▊         | 9/120 [00:04<00:45,  2.45it/s]
train:   8%|▊         | 10/120 [00:04<00:37,  2.93it/s]
train:   9%|▉         | 11/120 [00:04<00:45,  2.42it/s]
train:  11%|█         | 13/120 [00:05<00:42,  2.53it/s]
train:  12%|█▏        | 14/120 [00:05<00:34,  3.03it/s]
train:  12%|█▎        | 15/120 [00:06<00:43,  2.42it/s]
train:  14%|█▍        | 17/120 [00:07<00:41,  2.50it/s]
train:  15%|█▌        | 18/120 [00:07<00:34,  3.00it/s]
train:  16%|█▌        | 19/120 [00:07<00:41,  2.43it/s]
train:  17%|█▋        | 20/120 [00:07<00:33,  3.02it/s]
train:  18%|█▊        | 21/120 [00:08<00:42,  2.35it/s]
train:  18%|█▊        | 22/120 [00:08<00:33,  2.96it/s]
train:  19%|█▉        | 23/120 [00:09<00:41,  2.32it/s]
train:  20%|██        | 24/120 [00:09<00:32,  2.96it/s]
train:  21%|██        | 25/120 [00:10<00:42,  2.23it/s]
train:  22%|██▏       | 26/120 [00:10<00:32,  2.88it/s]
train:  22%|██▎       | 27/120 [00:10<00:40,  2.30it/s]
train:  24%|██▍       | 29/120 [00:11<00:37,  2.45it/s]
train:  25%|██▌       | 30/120 [00:11<00:29,  3.00it/s]
train:  26%|██▌       | 31/120 [00:12<00:36,  2.41it/s]
train:  27%|██▋       | 32/120 [00:12<00:29,  3.02it/s]
train:  28%|██▊       | 33/120 [00:13<00:36,  2.39it/s]
train:  29%|██▉       | 35/120 [00:13<00:34,  2.48it/s]
train:  30%|███       | 36/120 [00:14<00:27,  3.00it/s]
train:  31%|███       | 37/120 [00:14<00:34,  2.39it/s]
train:  32%|███▎      | 39/120 [00:15<00:33,  2.45it/s]
train:  33%|███▎      | 40/120 [00:15<00:27,  2.94it/s]
train:  34%|███▍      | 41/120 [00:16<00:32,  2.40it/s]
train:  35%|███▌      | 42/120 [00:16<00:26,  2.99it/s]
train:  36%|███▌      | 43/120 [00:17<00:33,  2.31it/s]
train:  38%|███▊      | 45/120 [00:17<00:30,  2.48it/s]
train:  38%|███▊      | 46/120 [00:17<00:24,  3.00it/s]
train:  39%|███▉      | 47/120 [00:18<00:30,  2.39it/s]
train:  40%|████      | 48/120 [00:18<00:24,  2.98it/s]
train:  41%|████      | 49/120 [00:19<00:29,  2.37it/s]
train:  42%|████▏     | 50/120 [00:19<00:23,  3.00it/s]
train:  42%|████▎     | 51/120 [00:20<00:29,  2.35it/s]
train:  43%|████▎     | 52/120 [00:20<00:22,  3.01it/s]
train:  44%|████▍     | 53/120 [00:20<00:29,  2.24it/s]
train:  45%|████▌     | 54/120 [00:21<00:22,  2.90it/s]
train:  46%|████▌     | 55/120 [00:21<00:28,  2.27it/s]
train:  47%|████▋     | 56/120 [00:21<00:21,  2.94it/s]
train:  48%|████▊     | 57/120 [00:22<00:28,  2.23it/s]
train:  48%|████▊     | 58/120 [00:22<00:21,  2.90it/s]
train:  49%|████▉     | 59/120 [00:23<00:26,  2.34it/s]
train:  51%|█████     | 61/120 [00:23<00:23,  2.48it/s]
train:  52%|█████▎    | 63/120 [00:24<00:22,  2.55it/s]
train:  53%|█████▎    | 64/120 [00:24<00:18,  3.04it/s]
train:  54%|█████▍    | 65/120 [00:25<00:21,  2.54it/s]
train:  56%|█████▌    | 67/120 [00:26<00:21,  2.47it/s]
train:  57%|█████▋    | 68/120 [00:26<00:17,  2.97it/s]
train:  57%|█████▊    | 69/120 [00:27<00:21,  2.37it/s]
train:  58%|█████▊    | 70/120 [00:27<00:17,  2.94it/s]
train:  59%|█████▉    | 71/120 [00:27<00:20,  2.36it/s]
train:  61%|██████    | 73/120 [00:31<00:48,  1.03s/it]
train:  62%|██████▏   | 74/120 [00:31<00:37,  1.23it/s]
train:  62%|██████▎   | 75/120 [00:32<00:35,  1.27it/s]
train:  63%|██████▎   | 76/120 [00:32<00:26,  1.65it/s]
train:  64%|██████▍   | 77/120 [00:33<00:26,  1.60it/s]
train:  66%|██████▌   | 79/120 [00:33<00:21,  1.93it/s]
train:  68%|██████▊   | 81/120 [00:34<00:18,  2.12it/s]
train:  68%|██████▊   | 82/120 [00:34<00:14,  2.54it/s]
train:  69%|██████▉   | 83/120 [00:35<00:16,  2.21it/s]
train:  70%|███████   | 84/120 [00:35<00:13,  2.73it/s]
train:  71%|███████   | 85/120 [00:36<00:15,  2.21it/s]
train:  72%|███████▏  | 86/120 [00:36<00:12,  2.81it/s]
train:  72%|███████▎  | 87/120 [00:36<00:14,  2.26it/s]
train:  73%|███████▎  | 88/120 [00:37<00:11,  2.89it/s]
train:  74%|███████▍  | 89/120 [00:37<00:13,  2.31it/s]
train:  76%|███████▌  | 91/120 [00:38<00:11,  2.46it/s]
train:  77%|███████▋  | 92/120 [00:38<00:09,  3.01it/s]
train:  78%|███████▊  | 93/120 [00:39<00:11,  2.38it/s]
train:  78%|███████▊  | 94/120 [00:39<00:08,  2.98it/s]
train:  79%|███████▉  | 95/120 [00:39<00:10,  2.37it/s]
train:  80%|████████  | 96/120 [00:40<00:07,  3.02it/s]
train:  81%|████████  | 97/120 [00:40<00:10,  2.29it/s]
train:  82%|████████▎ | 99/120 [00:41<00:08,  2.39it/s]
train:  84%|████████▍ | 101/120 [00:42<00:07,  2.43it/s]
train:  86%|████████▌ | 103/120 [00:43<00:07,  2.42it/s]
train:  87%|████████▋ | 104/120 [00:43<00:05,  2.85it/s]
train:  88%|████████▊ | 105/120 [00:43<00:06,  2.38it/s]
train:  88%|████████▊ | 106/120 [00:44<00:04,  2.92it/s]
train:  89%|████████▉ | 107/120 [00:44<00:05,  2.32it/s]
train:  91%|█████████ | 109/120 [00:45<00:04,  2.49it/s]
train:  92%|█████████▏| 110/120 [00:45<00:03,  3.02it/s]
train:  92%|█████████▎| 111/120 [00:46<00:03,  2.37it/s]
train:  93%|█████████▎| 112/120 [00:46<00:02,  2.96it/s]
train:  94%|█████████▍| 113/120 [00:47<00:03,  2.30it/s]
train:  95%|█████████▌| 114/120 [00:47<00:02,  2.93it/s]
train:  96%|█████████▌| 115/120 [00:47<00:02,  2.25it/s]
train:  97%|█████████▋| 116/120 [00:47<00:01,  2.89it/s]
train:  98%|█████████▊| 117/120 [00:48<00:01,  2.25it/s]
train:  98%|█████████▊| 118/120 [00:48<00:00,  2.91it/s]
train:  99%|█████████▉| 119/120 [00:49<00:00,  2.28it/s]
train: 100%|██████████| 120/120 [00:49<00:00,  2.95it/s]
                                                        

eval:   0%|          | 0/30 [00:00<?, ?it/s]
eval:   3%|▎         | 1/30 [00:00<00:21,  1.36it/s]
eval:  10%|█         | 3/30 [00:01<00:11,  2.27it/s]
eval:  17%|█▋        | 5/30 [00:02<00:10,  2.48it/s]
eval:  23%|██▎       | 7/30 [00:02<00:08,  2.65it/s]
eval:  30%|███       | 9/30 [00:03<00:07,  2.73it/s]
eval:  37%|███▋      | 11/30 [00:04<00:06,  2.81it/s]
eval:  43%|████▎     | 13/30 [00:04<00:06,  2.82it/s]
eval:  50%|█████     | 15/30 [00:05<00:05,  2.84it/s]
eval:  57%|█████▋    | 17/30 [00:06<00:04,  2.81it/s]
eval:  63%|██████▎   | 19/30 [00:07<00:03,  2.85it/s]
eval:  70%|███████   | 21/30 [00:07<00:03,  2.84it/s]
eval:  77%|███████▋  | 23/30 [00:08<00:02,  2.85it/s]
eval:  83%|████████▎ | 25/30 [00:09<00:01,  2.81it/s]
eval:  90%|█████████ | 27/30 [00:09<00:01,  2.88it/s]
eval:  97%|█████████▋| 29/30 [00:10<00:00,  2.94it/s]
                                                     
Epoch 19 | stage 2 | train loss 0.2898 (cls 0.2898, ctr 0.0000) acc 0.8927 f1 0.8906 | val loss 1.8114 (cls 1.8114, ctr 0.0000) acc 0.7417 f1 0.7017 | lr [1.23e-04, 4.11e-06, 4.11e-06]

Early stopping triggered! No improvement for 8 epochs.
Best val F1: 0.7037
[INFO] Reloaded best validation checkpoint: /home/louis/projects/MultimodalEmotionRecognition/outputs/speaker_independent_tracked_v1/fold_06/gated/best.pt (epoch 11)

eval:   0%|          | 0/30 [00:00<?, ?it/s]libEGL warning: DRI3 error: Could not get DRI3 device
libEGL warning: Ensure your X server supports DRI3 to get accelerated rendering
WARNING: All log messages before absl::InitializeLog() is called are written to STDERR
I0000 00:00:1791542007.214732  759069 gl_context_egl.cc:85] Successfully initialized EGL. Major : 1 Minor: 5
libEGL warning: DRI3 error: Could not get DRI3 device
libEGL warning: Ensure your X server supports DRI3 to get accelerated rendering
WARNING: All log messages before absl::InitializeLog() is called are written to STDERR
I0000 00:00:1791542007.216864  759070 gl_context_egl.cc:85] Successfully initialized EGL. Major : 1 Minor: 5
I0000 00:00:1791542007.241500  759294 gl_context.cc:369] GL version: 3.2 (OpenGL ES 3.2 Mesa 25.2.8-0ubuntu0.24.04.2), renderer: llvmpipe (LLVM 20.1.2, 256 bits)
I0000 00:00:1791542007.244279  759295 gl_context.cc:369] GL version: 3.2 (OpenGL ES 3.2 Mesa 25.2.8-0ubuntu0.24.04.2), renderer: llvmpipe (LLVM 20.1.2, 256 bits)
INFO: Created TensorFlow Lite XNNPACK delegate for CPU.
INFO: Created TensorFlow Lite XNNPACK delegate for CPU.
W0000 00:00:1791542007.276247  759162 inference_feedback_manager.cc:114] Feedback manager requires a model with a single signature inference. Disabling support for feedback tensors.
W0000 00:00:1791542007.277444  759191 inference_feedback_manager.cc:114] Feedback manager requires a model with a single signature inference. Disabling support for feedback tensors.

eval:   3%|▎         | 1/30 [00:01<00:56,  1.95s/it]
eval:  10%|█         | 3/30 [00:02<00:19,  1.35it/s]
eval:  17%|█▋        | 5/30 [00:03<00:13,  1.85it/s]
eval:  23%|██▎       | 7/30 [00:06<00:24,  1.08s/it]
eval:  30%|███       | 9/30 [00:07<00:16,  1.26it/s]
eval:  37%|███▋      | 11/30 [00:08<00:12,  1.58it/s]
eval:  43%|████▎     | 13/30 [00:08<00:09,  1.85it/s]
eval:  50%|█████     | 15/30 [00:09<00:07,  2.11it/s]
eval:  57%|█████▋    | 17/30 [00:10<00:05,  2.30it/s]
eval:  63%|██████▎   | 19/30 [00:10<00:04,  2.51it/s]
eval:  70%|███████   | 21/30 [00:11<00:03,  2.65it/s]
eval:  77%|███████▋  | 23/30 [00:12<00:02,  2.75it/s]
eval:  83%|████████▎ | 25/30 [00:12<00:01,  2.79it/s]
eval:  90%|█████████ | 27/30 [00:13<00:01,  2.89it/s]
eval:  97%|█████████▋| 29/30 [00:14<00:00,  2.95it/s]
                                                     
Test | loss 2.2690 (cls 2.2690, ctr 0.0000) acc 0.6292 f1 0.6233
Best val macro-F1: 0.7037 | checkpoint: /home/louis/projects/MultimodalEmotionRecognition/outputs/speaker_independent_tracked_v1/fold_06/gated/best.pt
wandb: 
wandb: Run history:
wandb: best/val_macro_f1 ▁
wandb:             epoch ▁▁▂▂▃▃▃▄▄▅▅▅▆▆▆▇▇██
wandb:        lr/group_0 ▇▆▃▂▁████▇▇▇▆▆▆▅▅▄▄
wandb:        lr/group_1 ███▇▇▆▆▅▅▄▃▂▂▁
wandb:        lr/group_2 ███▇▇▆▆▅▅▄▃▂▂▁
wandb:             stage ▁▁▁▁▁██████████████
wandb:          test/acc ▁
wandb:     test/accuracy ▁
wandb:   test/best_epoch ▁
wandb:     test/cls_loss ▁
wandb:               +16 ...
wandb: 
wandb: Run summary:
wandb: best/val_macro_f1 0.70372
wandb:             epoch 19
wandb:        lr/group_0 0.00014
wandb:        lr/group_1 0.0
wandb:        lr/group_2 0.0
wandb:             stage 2
wandb:          test/acc 0.62917
wandb:     test/accuracy 0.62917
wandb:   test/best_epoch 11
wandb:     test/cls_loss 2.26903
wandb:               +16 ...
wandb: 
wandb: You can sync this run to the cloud by running:
wandb: wandb sync /home/louis/projects/MultimodalEmotionRecognition/outputs/speaker_independent_tracked_v1/fold_06/gated/wandb/offline-run-20261009_181317-1db7dadce9744963b23ebbc495360994
wandb: Find logs at: ./outputs/speaker_independent_tracked_v1/fold_06/gated/wandb/offline-run-20261009_181317-1db7dadce9744963b23ebbc495360994/logs
