{"test/f1":0.7699087342420986,"val/loss":0.6276812510831016,"_wandb":{"runtime":1541},"_timestamp":1.7707283398966112e+09,"train/acc":0.9960198998451233,"_runtime":1541,"test/loss":0.575997264749474,"val/f1":0.794752087783411,"_step":21,"test/acc":0.7777777910232544,"train/f1":0.9958038558053711,"train/loss":0.03077418161602459,"test/confusion_matrix":{"format":"png","width":800,"height":800,"_type":"image-file","sha256":"ef6df7382f959db09db41a401e2c0b3f4f098f797b5043c9fc7b6182dc54603f","size":26011,"path":"media/images/test/confusion_matrix_20_ef6df7382f959db09db4.png"},"lr":1e-05,"val/acc":0.7904762029647827,"epoch":20}