{"test/confusion_matrix":{"size":26385,"path":"media/images/test/confusion_matrix_20_e04a2bd2764c47a7bc2d.png","format":"png","width":800,"height":800,"_type":"image-file","sha256":"e04a2bd2764c47a7bc2d032d5363b8b1cc40c46914d67d6f9a710421aa9985cc"},"stage":2,"test/acc":0.9200000166893005,"test/f1":0.9212703581696717,"val/loss":0.4778013331549508,"epoch":20,"train/loss":0.32417317982073185,"train/acc":0.9935185313224792,"val/f1":0.9137648683181441,"_runtime":1692,"val/acc":0.9142857193946838,"_wandb":{"runtime":1692},"_timestamp":1.770752850921164e+09,"lr":0.00011014319631561469,"test/loss":0.5196346080303192,"train/f1":0.9939083724107777,"_step":21}